Gfx mario_mario_overallsbutton_ci8_aligner[] = {gsSPEndDisplayList()};
u8 mario_mario_overallsbutton_ci8[] = {
	0x00, 0x00, 0x00, 0x00, 0x00, 0x00, 0x00, 0x00, 
	0x00, 0x00, 0x00, 0x00, 0x00, 0x00, 0x00, 0x00, 
	0x00, 0x00, 0x00, 0x00, 0x00, 0x01, 0x02, 0x03, 
	0x04, 0x05, 0x05, 0x06, 0x06, 0x06, 0x06, 0x06, 
	0x00, 0x00, 0x00, 0x00, 0x00, 0x00, 0x00, 0x00, 
	0x00, 0x00, 0x00, 0x00, 0x00, 0x00, 0x00, 0x00, 
	0x00, 0x00, 0x07, 0x08, 0x04, 0x03, 0x03, 0x04, 
	0x04, 0x05, 0x05, 0x05, 0x09, 0x09, 0x09, 0x09, 
	0x00, 0x00, 0x00, 0x00, 0x00, 0x00, 0x00, 0x00, 
	0x00, 0x00, 0x00, 0x00, 0x00, 0x00, 0x00, 0x00, 
	0x0a, 0x08, 0x05, 0x05, 0x04, 0x03, 0x04, 0x0b, 
	0x0c, 0x0d, 0x0c, 0x0c, 0x0c, 0x09, 0x09, 0x09, 
	0x00, 0x00, 0x00, 0x00, 0x00, 0x00, 0x00, 0x00, 
	0x00, 0x00, 0x00, 0x00, 0x00, 0x00, 0x0e, 0x0f, 
	0x05, 0x06, 0x06, 0x06, 0x0c, 0x0b, 0x0d, 0x0c, 
	0x0c, 0x0c, 0x0c, 0x0c, 0x0c, 0x0c, 0x0c, 0x0c, 
	0x00, 0x00, 0x00, 0x00, 0x00, 0x00, 0x00, 0x00, 
	0x00, 0x00, 0x00, 0x00, 0x00, 0x0a, 0x08, 0x05, 
	0x05, 0x05, 0x09, 0x09, 0x09, 0x0c, 0x0c, 0x0c, 
	0x0c, 0x0c, 0x0c, 0x0c, 0x0c, 0x0c, 0x0c, 0x0c, 
	0x00, 0x00, 0x00, 0x00, 0x00, 0x00, 0x00, 0x00, 
	0x00, 0x00, 0x00, 0x0e, 0x10, 0x03, 0x04, 0x05, 
	0x0c, 0x0c, 0x0c, 0x09, 0x0c, 0x0c, 0x0c, 0x0c, 
	0x0c, 0x0c, 0x0c, 0x0c, 0x0c, 0x0c, 0x0c, 0x0c, 
	0x00, 0x00, 0x00, 0x00, 0x00, 0x00, 0x00, 0x00, 
	0x00, 0x00, 0x07, 0x02, 0x03, 0x03, 0x04, 0x0d, 
	0x0c, 0x0c, 0x0d, 0x0c, 0x0c, 0x0c, 0x0c, 0x0c, 
	0x0c, 0x0c, 0x0c, 0x0c, 0x0c, 0x0c, 0x0c, 0x0c, 
	0x00, 0x00, 0x00, 0x00, 0x00, 0x00, 0x00, 0x00, 
	0x00, 0x0a, 0x08, 0x04, 0x04, 0x0b, 0x0d, 0x0c, 
	0x0c, 0x0c, 0x0d, 0x0c, 0x0c, 0x0c, 0x0c, 0x0c, 
	0x0c, 0x0c, 0x0c, 0x0c, 0x0c, 0x0c, 0x0c, 0x0c, 
	0x00, 0x00, 0x00, 0x00, 0x00, 0x00, 0x00, 0x00, 
	0x11, 0x12, 0x05, 0x05, 0x0c, 0x0c, 0x0c, 0x0c, 
	0x0c, 0x0c, 0x0d, 0x0c, 0x0c, 0x0c, 0x0c, 0x0c, 
	0x0c, 0x0c, 0x0c, 0x0c, 0x0c, 0x0c, 0x0c, 0x0c, 
	0x00, 0x00, 0x00, 0x00, 0x00, 0x00, 0x00, 0x0a, 
	0x12, 0x05, 0x05, 0x0c, 0x0c, 0x0d, 0x0d, 0x0d, 
	0x0d, 0x0c, 0x0c, 0x0c, 0x0c, 0x0c, 0x0c, 0x0c, 
	0x0c, 0x0c, 0x0c, 0x0c, 0x0c, 0x0c, 0x0c, 0x0c, 
	0x00, 0x00, 0x00, 0x00, 0x00, 0x00, 0x07, 0x12, 
	0x05, 0x05, 0x0c, 0x0c, 0x0d, 0x0d, 0x0c, 0x0c, 
	0x0c, 0x0c, 0x0c, 0x0c, 0x0c, 0x0c, 0x0c, 0x0c, 
	0x0c, 0x0c, 0x0c, 0x0c, 0x0c, 0x0c, 0x0c, 0x0c, 
	0x00, 0x00, 0x00, 0x00, 0x00, 0x0e, 0x08, 0x05, 
	0x05, 0x0c, 0x0c, 0x0c, 0x0c, 0x0c, 0x0c, 0x0c, 
	0x0c, 0x0c, 0x0c, 0x0c, 0x0c, 0x0c, 0x0c, 0x0c, 
	0x0c, 0x0c, 0x0c, 0x0c, 0x0c, 0x0c, 0x0c, 0x0c, 
	0x00, 0x00, 0x00, 0x00, 0x13, 0x14, 0x04, 0x04, 
	0x0c, 0x0c, 0x0c, 0x0d, 0x0c, 0x0c, 0x0c, 0x0c, 
	0x0c, 0x0c, 0x0c, 0x0c, 0x0c, 0x0c, 0x0c, 0x0c, 
	0x0c, 0x0c, 0x0c, 0x0c, 0x0c, 0x0c, 0x0c, 0x0c, 
	0x00, 0x00, 0x00, 0x00, 0x10, 0x03, 0x03, 0x0d, 
	0x0c, 0x0c, 0x0c, 0x0c, 0x0c, 0x0c, 0x0c, 0x0c, 
	0x0c, 0x0c, 0x0c, 0x0c, 0x0c, 0x0c, 0x0c, 0x0c, 
	0x0c, 0x0c, 0x0c, 0x0c, 0x0c, 0x0c, 0x0c, 0x0c, 
	0x00, 0x00, 0x00, 0x15, 0x03, 0x03, 0x0b, 0x0d, 
	0x0c, 0x0c, 0x0c, 0x0c, 0x0c, 0x0c, 0x0c, 0x0c, 
	0x0c, 0x0c, 0x0c, 0x0c, 0x0c, 0x0c, 0x0c, 0x0c, 
	0x0c, 0x0c, 0x0c, 0x0c, 0x0c, 0x0c, 0x0c, 0x0c, 
	0x00, 0x00, 0x00, 0x08, 0x04, 0x04, 0x0d, 0x0c, 
	0x0c, 0x0d, 0x0c, 0x0c, 0x0c, 0x0c, 0x0c, 0x0c, 
	0x0c, 0x0c, 0x0c, 0x0c, 0x0c, 0x0c, 0x0c, 0x0c, 
	0x0c, 0x0c, 0x0c, 0x0c, 0x0c, 0x0c, 0x0c, 0x0c, 
	0x00, 0x00, 0x07, 0x04, 0x04, 0x0d, 0x0c, 0x0c, 
	0x0c, 0x0d, 0x0c, 0x0c, 0x0c, 0x0c, 0x0c, 0x0c, 
	0x0c, 0x0c, 0x0c, 0x0c, 0x0c, 0x0c, 0x0c, 0x0c, 
	0x0c, 0x0c, 0x0c, 0x0c, 0x0c, 0x0c, 0x0c, 0x0c, 
	0x00, 0x00, 0x16, 0x06, 0x06, 0x09, 0x09, 0x0c, 
	0x0c, 0x0c, 0x0c, 0x0c, 0x0c, 0x0c, 0x0c, 0x0c, 
	0x0c, 0x0c, 0x0c, 0x0c, 0x0c, 0x0c, 0x0c, 0x0c, 
	0x0c, 0x0c, 0x0c, 0x0c, 0x0c, 0x0c, 0x0c, 0x0c, 
	0x00, 0x07, 0x17, 0x17, 0x18, 0x09, 0x19, 0x19, 
	0x0c, 0x0c, 0x0c, 0x0c, 0x0c, 0x0c, 0x0c, 0x0c, 
	0x0c, 0x0c, 0x0c, 0x0c, 0x0c, 0x0c, 0x0c, 0x0c, 
	0x0c, 0x0c, 0x0c, 0x0c, 0x0c, 0x0c, 0x0c, 0x0c, 
	0x00, 0x16, 0x1a, 0x17, 0x18, 0x18, 0x09, 0x19, 
	0x0c, 0x0c, 0x0c, 0x0c, 0x0c, 0x0c, 0x0c, 0x0c, 
	0x0c, 0x0c, 0x0c, 0x0c, 0x0c, 0x0c, 0x0c, 0x0c, 
	0x0c, 0x0c, 0x0c, 0x0c, 0x0c, 0x0c, 0x0c, 0x0c, 
	0x00, 0x1a, 0x1a, 0x1b, 0x18, 0x18, 0x19, 0x19, 
	0x0c, 0x0c, 0x0c, 0x0c, 0x0c, 0x0c, 0x0c, 0x0c, 
	0x0c, 0x0c, 0x0c, 0x0c, 0x0c, 0x0c, 0x0c, 0x0c, 
	0x0c, 0x0c, 0x0c, 0x0c, 0x0c, 0x0c, 0x0c, 0x0c, 
	0x13, 0x1c, 0x1c, 0x1d, 0x18, 0x18, 0x09, 0x09, 
	0x0c, 0x0c, 0x0c, 0x0c, 0x0c, 0x0c, 0x0c, 0x0c, 
	0x0c, 0x0c, 0x0c, 0x0c, 0x0c, 0x0c, 0x0c, 0x0c, 
	0x0c, 0x0c, 0x0c, 0x0c, 0x0c, 0x0c, 0x0c, 0x0c, 
	0x1e, 0x1f, 0x1c, 0x1d, 0x18, 0x18, 0x09, 0x09, 
	0x0d, 0x0c, 0x0c, 0x0c, 0x0c, 0x0c, 0x0c, 0x0c, 
	0x0c, 0x0c, 0x0c, 0x0c, 0x0c, 0x0c, 0x0c, 0x0c, 
	0x0c, 0x0c, 0x0c, 0x0c, 0x0c, 0x0c, 0x0c, 0x0c, 
	0x1f, 0x1c, 0x20, 0x1b, 0x21, 0x18, 0x09, 0x09, 
	0x0c, 0x0c, 0x0c, 0x0c, 0x0c, 0x0c, 0x0c, 0x0c, 
	0x0c, 0x0c, 0x0c, 0x0c, 0x0c, 0x0c, 0x0c, 0x0c, 
	0x0c, 0x0c, 0x0c, 0x0c, 0x0c, 0x0c, 0x0c, 0x0c, 
	0x22, 0x22, 0x21, 0x21, 0x21, 0x18, 0x09, 0x09, 
	0x0c, 0x0c, 0x0c, 0x0c, 0x0c, 0x0c, 0x0c, 0x0c, 
	0x0c, 0x0c, 0x0c, 0x0c, 0x0c, 0x0c, 0x0c, 0x0c, 
	0x0c, 0x0c, 0x0c, 0x0c, 0x0c, 0x0c, 0x0c, 0x0c, 
	0x23, 0x24, 0x25, 0x26, 0x21, 0x21, 0x18, 0x09, 
	0x0c, 0x0c, 0x0c, 0x0c, 0x0c, 0x0c, 0x0c, 0x0c, 
	0x0c, 0x0c, 0x0c, 0x0c, 0x0c, 0x0c, 0x0c, 0x0c, 
	0x0c, 0x0c, 0x0c, 0x0c, 0x0c, 0x0c, 0x0c, 0x0c, 
	0x27, 0x27, 0x28, 0x26, 0x26, 0x21, 0x18, 0x09, 
	0x0c, 0x0c, 0x0c, 0x0c, 0x0c, 0x0c, 0x0c, 0x0c, 
	0x0c, 0x0c, 0x0c, 0x0c, 0x0c, 0x0c, 0x0c, 0x0c, 
	0x0c, 0x0c, 0x0c, 0x0c, 0x0c, 0x0c, 0x0c, 0x0c, 
	0x29, 0x27, 0x28, 0x28, 0x28, 0x26, 0x18, 0x09, 
	0x0c, 0x0c, 0x0c, 0x0c, 0x0c, 0x0c, 0x0c, 0x0c, 
	0x0c, 0x0c, 0x0c, 0x0c, 0x0c, 0x0c, 0x0c, 0x0c, 
	0x0c, 0x0c, 0x0c, 0x0c, 0x0c, 0x0c, 0x0c, 0x0c, 
	0x29, 0x2a, 0x2a, 0x2a, 0x28, 0x26, 0x21, 0x09, 
	0x0c, 0x0c, 0x0c, 0x0c, 0x0c, 0x0c, 0x0c, 0x0c, 
	0x0c, 0x0c, 0x0c, 0x0c, 0x0c, 0x0c, 0x0c, 0x0c, 
	0x0c, 0x0c, 0x0c, 0x0c, 0x0c, 0x0c, 0x0c, 0x0c, 
	0x2b, 0x2c, 0x2a, 0x2a, 0x2a, 0x28, 0x21, 0x18, 
	0x09, 0x0c, 0x0c, 0x0c, 0x0c, 0x0c, 0x0c, 0x0c, 
	0x0c, 0x0c, 0x0c, 0x0c, 0x0c, 0x0c, 0x0c, 0x0c, 
	0x0c, 0x0c, 0x0c, 0x0c, 0x0c, 0x0c, 0x0c, 0x0c, 
	0x2d, 0x2e, 0x2c, 0x2c, 0x2c, 0x2a, 0x28, 0x21, 
	0x09, 0x09, 0x0c, 0x0c, 0x0c, 0x0c, 0x0c, 0x0c, 
	0x0c, 0x0c, 0x0c, 0x0c, 0x0c, 0x0c, 0x0c, 0x0c, 
	0x0c, 0x0c, 0x0c, 0x0c, 0x0c, 0x0c, 0x0c, 0x0c, 
	0x2f, 0x30, 0x31, 0x31, 0x31, 0x2e, 0x2a, 0x26, 
	0x18, 0x09, 0x0c, 0x0c, 0x0c, 0x0c, 0x0c, 0x0c, 
	0x0c, 0x0c, 0x0c, 0x0c, 0x0c, 0x0c, 0x0c, 0x0c, 
	0x0c, 0x0c, 0x0c, 0x0c, 0x0c, 0x0c, 0x0c, 0x0c, 
	0x2f, 0x30, 0x30, 0x30, 0x30, 0x30, 0x32, 0x28, 
	0x21, 0x09, 0x0c, 0x0c, 0x0c, 0x0c, 0x0c, 0x0c, 
	0x0c, 0x0c, 0x0c, 0x0c, 0x0c, 0x0c, 0x0c, 0x0c, 
	0x0c, 0x0c, 0x0c, 0x0c, 0x0c, 0x0c, 0x0c, 0x0c, 
	0x33, 0x34, 0x34, 0x34, 0x34, 0x34, 0x30, 0x2c, 
	0x26, 0x18, 0x09, 0x0c, 0x0c, 0x0c, 0x0c, 0x0c, 
	0x0c, 0x0c, 0x0c, 0x0c, 0x0c, 0x0c, 0x0c, 0x0c, 
	0x0c, 0x0c, 0x0c, 0x0c, 0x0c, 0x0c, 0x0c, 0x0c, 
	0x33, 0x34, 0x34, 0x34, 0x35, 0x35, 0x34, 0x31, 
	0x28, 0x18, 0x09, 0x0c, 0x0c, 0x0c, 0x0c, 0x0c, 
	0x36, 0x0c, 0x0c, 0x0c, 0x0c, 0x0c, 0x0c, 0x0c, 
	0x0c, 0x0c, 0x0c, 0x0c, 0x0c, 0x0c, 0x0c, 0x0c, 
	0x33, 0x34, 0x34, 0x35, 0x37, 0x37, 0x34, 0x30, 
	0x32, 0x26, 0x09, 0x0c, 0x0c, 0x0c, 0x0c, 0x0c, 
	0x0c, 0x0c, 0x0c, 0x0c, 0x0c, 0x0c, 0x0c, 0x0c, 
	0x0c, 0x0c, 0x0c, 0x0c, 0x0c, 0x0c, 0x0c, 0x0c, 
	0x33, 0x33, 0x34, 0x34, 0x37, 0x37, 0x38, 0x34, 
	0x31, 0x39, 0x18, 0x09, 0x09, 0x0c, 0x0c, 0x0c, 
	0x3a, 0x0c, 0x36, 0x0c, 0x0c, 0x0c, 0x0c, 0x0c, 
	0x0c, 0x0c, 0x0c, 0x0c, 0x0c, 0x0c, 0x0c, 0x0c, 
	0x33, 0x33, 0x34, 0x34, 0x35, 0x37, 0x37, 0x37, 
	0x38, 0x3b, 0x3c, 0x18, 0x09, 0x0c, 0x0c, 0x0c, 
	0x0c, 0x0c, 0x0c, 0x0c, 0x0c, 0x0c, 0x0c, 0x0c, 
	0x0c, 0x0c, 0x0c, 0x0c, 0x0c, 0x0c, 0x0c, 0x0c, 
	0x2f, 0x3d, 0x3b, 0x34, 0x34, 0x37, 0x37, 0x37, 
	0x37, 0x37, 0x3b, 0x39, 0x3e, 0x0c, 0x0c, 0x0c, 
	0x0c, 0x0c, 0x0c, 0x0c, 0x0c, 0x0c, 0x0c, 0x0c, 
	0x0c, 0x0c, 0x0c, 0x0c, 0x0c, 0x0c, 0x0c, 0x0c, 
	0x2f, 0x2f, 0x30, 0x34, 0x34, 0x35, 0x37, 0x3f, 
	0x40, 0x40, 0x37, 0x41, 0x3c, 0x09, 0x09, 0x09, 
	0x0c, 0x0c, 0x0c, 0x0c, 0x0c, 0x36, 0x0c, 0x0c, 
	0x0c, 0x0c, 0x0c, 0x0c, 0x0c, 0x0c, 0x0c, 0x0c, 
	0x2f, 0x2f, 0x30, 0x30, 0x34, 0x34, 0x37, 0x40, 
	0x42, 0x42, 0x42, 0x40, 0x41, 0x3c, 0x3e, 0x0c, 
	0x0c, 0x09, 0x0c, 0x0c, 0x0c, 0x0c, 0x0c, 0x0c, 
	0x0c, 0x0c, 0x0c, 0x0c, 0x0c, 0x0c, 0x0c, 0x0c, 
	0x43, 0x2f, 0x2f, 0x30, 0x30, 0x34, 0x34, 0x44, 
	0x45, 0x42, 0x46, 0x42, 0x40, 0x41, 0x47, 0x3e, 
	0x09, 0x09, 0x0c, 0x0c, 0x0c, 0x0c, 0x0c, 0x3a, 
	0x3a, 0x48, 0x0c, 0x36, 0x0c, 0x0c, 0x0c, 0x0c, 
	0x15, 0x2f, 0x2f, 0x30, 0x30, 0x34, 0x34, 0x37, 
	0x49, 0x40, 0x46, 0x4a, 0x4a, 0x42, 0x38, 0x4b, 
	0x4c, 0x09, 0x0c, 0x0c, 0x0c, 0x0c, 0x0c, 0x0c, 
	0x0c, 0x0c, 0x0c, 0x0c, 0x0c, 0x0c, 0x0c, 0x0c, 
	0x00, 0x2f, 0x2f, 0x30, 0x30, 0x34, 0x34, 0x35, 
	0x44, 0x40, 0x42, 0x4a, 0x4d, 0x4a, 0x4e, 0x40, 
	0x41, 0x3c, 0x3e, 0x4f, 0x09, 0x09, 0x0c, 0x0c, 
	0x0c, 0x0c, 0x0c, 0x0c, 0x0c, 0x0c, 0x0c, 0x0c, 
	0x00, 0x43, 0x2f, 0x2f, 0x30, 0x50, 0x34, 0x34, 
	0x37, 0x49, 0x40, 0x42, 0x4a, 0x4d, 0x51, 0x52, 
	0x4e, 0x38, 0x53, 0x4c, 0x3e, 0x09, 0x09, 0x0c, 
	0x0c, 0x0c, 0x0c, 0x0c, 0x0c, 0x0c, 0x0c, 0x0c, 
	0x00, 0x07, 0x2f, 0x2f, 0x30, 0x50, 0x50, 0x34, 
	0x35, 0x49, 0x49, 0x40, 0x4e, 0x4d, 0x51, 0x51, 
	0x51, 0x4a, 0x42, 0x38, 0x53, 0x3c, 0x3e, 0x09, 
	0x09, 0x0c, 0x0c, 0x0c, 0x0c, 0x0c, 0x0c, 0x0c, 
	0x00, 0x00, 0x43, 0x2f, 0x2f, 0x50, 0x50, 0x50, 
	0x35, 0x35, 0x37, 0x49, 0x40, 0x4a, 0x4d, 0x54, 
	0x54, 0x51, 0x51, 0x4e, 0x40, 0x38, 0x53, 0x3c, 
	0x55, 0x3e, 0x09, 0x09, 0x09, 0x09, 0x0c, 0x09, 
	0x00, 0x00, 0x07, 0x2f, 0x2f, 0x30, 0x30, 0x50, 
	0x50, 0x35, 0x35, 0x49, 0x49, 0x56, 0x4a, 0x51, 
	0x51, 0x51, 0x51, 0x51, 0x51, 0x52, 0x4e, 0x40, 
	0x37, 0x41, 0x57, 0x58, 0x59, 0x5a, 0x5a, 0x5a, 
	0x00, 0x00, 0x00, 0x5b, 0x2f, 0x43, 0x5c, 0x30, 
	0x50, 0x50, 0x35, 0x35, 0x5d, 0x49, 0x40, 0x4e, 
	0x4d, 0x51, 0x51, 0x54, 0x54, 0x54, 0x51, 0x51, 
	0x51, 0x4a, 0x4a, 0x4e, 0x4e, 0x4e, 0x42, 0x42, 
	0x00, 0x00, 0x00, 0x15, 0x43, 0x43, 0x5e, 0x30, 
	0x30, 0x50, 0x50, 0x35, 0x35, 0x49, 0x49, 0x40, 
	0x4e, 0x4a, 0x51, 0x51, 0x54, 0x54, 0x5f, 0x5f, 
	0x5f, 0x54, 0x5f, 0x60, 0x60, 0x51, 0x51, 0x60, 
	0x00, 0x00, 0x00, 0x00, 0x61, 0x62, 0x43, 0x5c, 
	0x30, 0x50, 0x50, 0x34, 0x35, 0x35, 0x37, 0x49, 
	0x40, 0x42, 0x4a, 0x4a, 0x51, 0x51, 0x54, 0x5f, 
	0x5f, 0x5f, 0x5f, 0x5f, 0x5f, 0x5f, 0x5f, 0x5f, 
	0x00, 0x00, 0x00, 0x00, 0x01, 0x63, 0x43, 0x2f, 
	0x30, 0x50, 0x50, 0x34, 0x64, 0x35, 0x35, 0x35, 
	0x37, 0x40, 0x40, 0x42, 0x4e, 0x4a, 0x52, 0x51, 
	0x51, 0x54, 0x54, 0x5f, 0x54, 0x54, 0x54, 0x54, 
	0x00, 0x00, 0x00, 0x00, 0x00, 0x07, 0x43, 0x2f, 
	0x2f, 0x50, 0x50, 0x50, 0x64, 0x65, 0x35, 0x34, 
	0x35, 0x37, 0x37, 0x49, 0x40, 0x40, 0x42, 0x4e, 
	0x4a, 0x4a, 0x4d, 0x4d, 0x4d, 0x4d, 0x4d, 0x4d, 
	0x00, 0x00, 0x00, 0x00, 0x00, 0x00, 0x07, 0x2f, 
	0x66, 0x66, 0x30, 0x50, 0x50, 0x50, 0x50, 0x34, 
	0x34, 0x34, 0x35, 0x37, 0x37, 0x37, 0x40, 0x40, 
	0x40, 0x42, 0x42, 0x42, 0x42, 0x46, 0x46, 0x42, 
	0x00, 0x00, 0x00, 0x00, 0x00, 0x00, 0x00, 0x0a, 
	0x2f, 0x2f, 0x2f, 0x30, 0x50, 0x50, 0x50, 0x67, 
	0x34, 0x34, 0x34, 0x35, 0x35, 0x35, 0x37, 0x37, 
	0x37, 0x37, 0x37, 0x37, 0x37, 0x37, 0x37, 0x37, 
	0x00, 0x00, 0x00, 0x00, 0x00, 0x00, 0x00, 0x00, 
	0x0a, 0x2f, 0x2f, 0x2f, 0x5c, 0x30, 0x50, 0x50, 
	0x34, 0x34, 0x34, 0x34, 0x64, 0x34, 0x35, 0x35, 
	0x34, 0x34, 0x35, 0x34, 0x34, 0x34, 0x34, 0x34, 
	0x00, 0x00, 0x00, 0x00, 0x00, 0x00, 0x00, 0x00, 
	0x00, 0x0a, 0x43, 0x43, 0x43, 0x5c, 0x5c, 0x50, 
	0x50, 0x34, 0x34, 0x34, 0x34, 0x34, 0x34, 0x34, 
	0x34, 0x34, 0x34, 0x34, 0x34, 0x34, 0x50, 0x50, 
	0x00, 0x00, 0x00, 0x00, 0x00, 0x00, 0x00, 0x00, 
	0x00, 0x00, 0x07, 0x43, 0x43, 0x43, 0x5e, 0x30, 
	0x50, 0x50, 0x34, 0x34, 0x34, 0x34, 0x34, 0x34, 
	0x34, 0x34, 0x34, 0x34, 0x34, 0x34, 0x50, 0x50, 
	0x00, 0x00, 0x00, 0x00, 0x00, 0x00, 0x00, 0x00, 
	0x00, 0x00, 0x00, 0x07, 0x62, 0x62, 0x43, 0x2f, 
	0x30, 0x50, 0x50, 0x34, 0x34, 0x34, 0x34, 0x34, 
	0x34, 0x34, 0x34, 0x34, 0x34, 0x50, 0x50, 0x50, 
	0x00, 0x00, 0x00, 0x00, 0x00, 0x00, 0x00, 0x00, 
	0x00, 0x00, 0x00, 0x00, 0x13, 0x62, 0x43, 0x2f, 
	0x2f, 0x66, 0x50, 0x50, 0x34, 0x34, 0x34, 0x34, 
	0x64, 0x34, 0x34, 0x34, 0x34, 0x50, 0x50, 0x50, 
	0x00, 0x00, 0x00, 0x00, 0x00, 0x00, 0x00, 0x00, 
	0x00, 0x00, 0x00, 0x00, 0x00, 0x00, 0x07, 0x43, 
	0x2f, 0x66, 0x66, 0x66, 0x34, 0x64, 0x68, 0x64, 
	0x34, 0x34, 0x34, 0x34, 0x50, 0x50, 0x50, 0x50, 
	0x00, 0x00, 0x00, 0x00, 0x00, 0x00, 0x00, 0x00, 
	0x00, 0x00, 0x00, 0x00, 0x00, 0x00, 0x00, 0x00, 
	0x0a, 0x43, 0x66, 0x33, 0x33, 0x69, 0x6a, 0x68, 
	0x34, 0x34, 0x34, 0x34, 0x50, 0x30, 0x30, 0x30, 
	0x00, 0x00, 0x00, 0x00, 0x00, 0x00, 0x00, 0x00, 
	0x00, 0x00, 0x00, 0x00, 0x00, 0x00, 0x00, 0x00, 
	0x00, 0x00, 0x07, 0x43, 0x6b, 0x43, 0x6a, 0x6a, 
	0x33, 0x33, 0x33, 0x33, 0x50, 0x50, 0x50, 0x50, 
	0x00, 0x00, 0x00, 0x00, 0x00, 0x00, 0x00, 0x00, 
	0x00, 0x00, 0x00, 0x00, 0x00, 0x00, 0x00, 0x00, 
	0x00, 0x00, 0x00, 0x00, 0x00, 0x6c, 0x43, 0x43, 
	0x33, 0x33, 0x66, 0x66, 0x66, 0x66, 0x66, 0x66, 
	
};

Gfx mario_mario_overallsbutton_pal_rgba16_aligner[] = {gsSPEndDisplayList()};
u8 mario_mario_overallsbutton_pal_rgba16[] = {
	0xff, 0xfe, 0xff, 0xf6, 0xff, 0x84, 0xf7, 0x84, 
	0xf7, 0x82, 0xf7, 0x80, 0xf7, 0x40, 0xff, 0xee, 
	0xff, 0x82, 0xf7, 0x41, 0xff, 0xec, 0xf7, 0x85, 
	0xf7, 0x81, 0xf7, 0x83, 0xff, 0xf0, 0xff, 0xc2, 
	0xff, 0xc6, 0xff, 0xea, 0xff, 0x80, 0xff, 0xf8, 
	0xff, 0xc4, 0xff, 0xf2, 0xff, 0x42, 0xf7, 0x00, 
	0xf7, 0x01, 0xf7, 0x43, 0xf7, 0x02, 0xf7, 0x03, 
	0xf7, 0x04, 0xf7, 0x05, 0xff, 0x48, 0xf7, 0x06, 
	0xf7, 0x07, 0xf6, 0xc1, 0xf6, 0xc2, 0xf6, 0x82, 
	0xf6, 0x80, 0xf6, 0x83, 0xf6, 0x81, 0xf6, 0x40, 
	0xf6, 0x41, 0xf6, 0x00, 0xf6, 0x01, 0xf5, 0xc0, 
	0xf5, 0xc1, 0xf5, 0x80, 0xf5, 0x81, 0xed, 0x40, 
	0xed, 0x41, 0xed, 0x81, 0xed, 0xc1, 0xe5, 0x00, 
	0xe5, 0x01, 0xe4, 0xc1, 0xf7, 0xc1, 0xdc, 0xc1, 
	0xdd, 0x01, 0xee, 0x01, 0xff, 0x81, 0xe5, 0x41, 
	0xee, 0x41, 0xe5, 0x40, 0xef, 0x01, 0xd4, 0xc1, 
	0xd4, 0x81, 0xdd, 0x41, 0xcc, 0x81, 0xed, 0x42, 
	0xdc, 0xc3, 0xd4, 0x83, 0xc4, 0x81, 0xe6, 0x01, 
	0xff, 0xc1, 0xdc, 0x81, 0xc4, 0x41, 0xe5, 0xc1, 
	0xee, 0x81, 0xbc, 0x41, 0xcc, 0x41, 0xef, 0x41, 
	0xed, 0x01, 0xbc, 0x01, 0xc4, 0x01, 0xe5, 0x81, 
	0xb4, 0x01, 0xee, 0xc1, 0xd4, 0x41, 0xdd, 0xc1, 
	0xde, 0x01, 0xe6, 0x41, 0xe6, 0x81, 0xed, 0x82, 
	0xed, 0x43, 0xe4, 0x81, 0xed, 0x45, 0xb3, 0xc1, 
	0xbb, 0xc1, 0xf5, 0x84, 0xed, 0x44, 0xed, 0x84, 
	0xe5, 0x03, 0xe4, 0xc3, 0xed, 0x00, 0xed, 0x03, 
	0xe5, 0x43, 0xe5, 0x02, 0xe5, 0x42, 0xed, 0x02, 
	0xff, 0xf4, 
};

Gfx mario_mario_logo_rgba16_ci4_aligner[] = {gsSPEndDisplayList()};
u8 mario_mario_logo_rgba16_ci4[] = {
	0x00, 0x00, 0x00, 0x00, 0x00, 0x00, 0x00, 0x00, 
	0x00, 0x00, 0x00, 0x00, 0x00, 0x00, 0x00, 0x00, 
	0x00, 0x00, 0x00, 0x00, 0x00, 0x00, 0x00, 0x00, 
	0x00, 0x00, 0x00, 0x00, 0x00, 0x00, 0x00, 0x00, 
	0x00, 0x00, 0x00, 0x00, 0x00, 0x00, 0x00, 0x00, 
	0x00, 0x00, 0x00, 0x00, 0x00, 0x00, 0x00, 0x00, 
	0x00, 0x00, 0x00, 0x00, 0x00, 0x00, 0x00, 0x00, 
	0x00, 0x00, 0x00, 0x00, 0x00, 0x00, 0x00, 0x00, 
	0x00, 0x00, 0x00, 0x00, 0x00, 0x00, 0x00, 0x00, 
	0x00, 0x00, 0x00, 0x00, 0x00, 0x00, 0x00, 0x00, 
	0x00, 0x00, 0x00, 0x00, 0x00, 0x00, 0x00, 0x00, 
	0x00, 0x00, 0x00, 0x00, 0x11, 0x22, 0x33, 0x44, 
	0x00, 0x00, 0x00, 0x00, 0x00, 0x00, 0x00, 0x00, 
	0x00, 0x00, 0x00, 0x00, 0x00, 0x00, 0x00, 0x00, 
	0x00, 0x00, 0x00, 0x00, 0x00, 0x00, 0x00, 0x00, 
	0x00, 0x12, 0x56, 0x78, 0x99, 0xaa, 0xaa, 0xaa, 
	0x00, 0x00, 0x00, 0x00, 0x00, 0x00, 0x00, 0x00, 
	0x00, 0x00, 0x00, 0x00, 0x00, 0x00, 0x00, 0x00, 
	0x00, 0x00, 0x00, 0x00, 0x00, 0x00, 0x00, 0x13, 
	0x58, 0x9a, 0xaa, 0xaa, 0xaa, 0xaa, 0xaa, 0xaa, 
	0x00, 0x00, 0x00, 0x00, 0x00, 0x00, 0x00, 0x00, 
	0x00, 0x00, 0x00, 0x00, 0x00, 0x00, 0x00, 0x00, 
	0x00, 0x00, 0x00, 0x00, 0x00, 0x02, 0x57, 0x9a, 
	0xaa, 0xaa, 0xaa, 0xaa, 0xaa, 0xaa, 0xaa, 0xaa, 
	0x00, 0x00, 0x00, 0x00, 0x00, 0x00, 0x00, 0x00, 
	0x00, 0x00, 0x00, 0x00, 0x00, 0x00, 0x00, 0x00, 
	0x00, 0x00, 0x00, 0x00, 0x14, 0x7a, 0xaa, 0xaa, 
	0xaa, 0xaa, 0xaa, 0xaa, 0xaa, 0xaa, 0xaa, 0xaa, 
	0x00, 0x00, 0x00, 0x00, 0x00, 0x00, 0x00, 0x00, 
	0x00, 0x00, 0x00, 0x00, 0x00, 0x00, 0x00, 0x00, 
	0x00, 0x00, 0x00, 0x26, 0x9a, 0xaa, 0xaa, 0xaa, 
	0xaa, 0xaa, 0xaa, 0xaa, 0xaa, 0xaa, 0xaa, 0xaa, 
	0x00, 0x00, 0x00, 0x00, 0x00, 0x00, 0x00, 0x00, 
	0x00, 0x00, 0x00, 0x00, 0x00, 0x00, 0x00, 0x00, 
	0x00, 0x00, 0x27, 0xaa, 0xaa, 0xaa, 0xaa, 0xaa, 
	0xaa, 0xaa, 0xaa, 0xaa, 0xaa, 0xaa, 0xaa, 0xaa, 
	0x00, 0x00, 0x00, 0x00, 0x00, 0x00, 0x00, 0x00, 
	0x00, 0x00, 0x00, 0x00, 0x00, 0x00, 0x00, 0x00, 
	0x00, 0x27, 0xaa, 0xaa, 0xaa, 0xaa, 0xaa, 0xaa, 
	0xaa, 0xaa, 0xaa, 0xaa, 0xaa, 0xaa, 0xaa, 0xaa, 
	0x00, 0x00, 0x00, 0x00, 0x00, 0x00, 0x00, 0x00, 
	0x00, 0x00, 0x00, 0x00, 0x00, 0x00, 0x00, 0x00, 
	0x16, 0xaa, 0xaa, 0xaa, 0xaa, 0xaa, 0xaa, 0xaa, 
	0xaa, 0xaa, 0xaa, 0xaa, 0xaa, 0xaa, 0xaa, 0xaa, 
	0x00, 0x00, 0x00, 0x00, 0x00, 0x00, 0x00, 0x00, 
	0x00, 0x00, 0x00, 0x00, 0x00, 0x00, 0x00, 0x04, 
	0x9a, 0xaa, 0xaa, 0xaa, 0xaa, 0xaa, 0xaa, 0xaa, 
	0xaa, 0xaa, 0xaa, 0xaa, 0xaa, 0xaa, 0xaa, 0xaa, 
	0x00, 0x00, 0x00, 0x00, 0x00, 0x00, 0x00, 0x00, 
	0x00, 0x00, 0x00, 0x00, 0x00, 0x00, 0x01, 0x7a, 
	0xaa, 0xaa, 0xaa, 0xaa, 0xaa, 0xaa, 0xaa, 0xaa, 
	0xaa, 0xaa, 0xaa, 0xaa, 0xaa, 0xaa, 0xaa, 0xaa, 
	0x00, 0x00, 0x00, 0x00, 0x00, 0x00, 0x00, 0x00, 
	0x00, 0x00, 0x00, 0x00, 0x00, 0x00, 0x39, 0xaa, 
	0xaa, 0xaa, 0xaa, 0xaa, 0xaa, 0xaa, 0xaa, 0xaa, 
	0xa5, 0x49, 0xaa, 0xaa, 0xaa, 0xaa, 0xaa, 0xaa, 
	0x00, 0x00, 0x00, 0x00, 0x00, 0x00, 0x00, 0x00, 
	0x00, 0x00, 0x00, 0x00, 0x00, 0x05, 0xaa, 0xaa, 
	0xaa, 0xaa, 0xaa, 0xaa, 0xaa, 0xaa, 0xaa, 0xaa, 
	0x6b, 0xb3, 0x9a, 0xaa, 0xaa, 0xaa, 0xaa, 0xaa, 
	0x00, 0x00, 0x00, 0x00, 0x00, 0x00, 0x00, 0x00, 
	0x00, 0x00, 0x00, 0x00, 0x00, 0x6a, 0xaa, 0xaa, 
	0xaa, 0xaa, 0xaa, 0xaa, 0xaa, 0xaa, 0xaa, 0xa8, 
	0xcb, 0xbb, 0x18, 0xaa, 0xaa, 0xaa, 0xaa, 0xaa, 
	0x00, 0x00, 0x00, 0x00, 0x00, 0x00, 0x00, 0x00, 
	0x00, 0x00, 0x00, 0x00, 0x07, 0xaa, 0xaa, 0xaa, 
	0xaa, 0xaa, 0xaa, 0xaa, 0xaa, 0xaa, 0xaa, 0x92, 
	0xbb, 0xbb, 0xbc, 0x7a, 0xaa, 0xaa, 0xaa, 0xaa, 
	0x00, 0x00, 0x00, 0x00, 0x00, 0x00, 0x00, 0x00, 
	0x00, 0x00, 0x00, 0x01, 0x8a, 0xaa, 0xaa, 0xaa, 
	0xaa, 0xaa, 0xaa, 0xaa, 0xaa, 0xaa, 0xaa, 0x3b, 
	0xbb, 0xbb, 0xbb, 0xd5, 0xaa, 0xaa, 0xaa, 0xaa, 
	0x00, 0x00, 0x00, 0x00, 0x00, 0x00, 0x00, 0x00, 
	0x00, 0x00, 0x00, 0x07, 0xaa, 0xaa, 0xaa, 0xaa, 
	0xaa, 0xaa, 0xaa, 0xaa, 0xaa, 0xaa, 0xa5, 0xbb, 
	0xbb, 0xbb, 0xbb, 0xbb, 0x49, 0xaa, 0xaa, 0xaa, 
	0x00, 0x00, 0x00, 0x00, 0x00, 0x00, 0x00, 0x00, 
	0x00, 0x00, 0x00, 0x7a, 0xaa, 0xaa, 0xaa, 0xaa, 
	0xaa, 0xaa, 0xaa, 0xaa, 0xaa, 0xaa, 0x7d, 0xbb, 
	0xbb, 0xbb, 0xbb, 0xbb, 0xb2, 0x8a, 0xaa, 0xaa, 
	0x00, 0x00, 0x00, 0x00, 0x00, 0x00, 0x00, 0x00, 
	0x00, 0x00, 0x06, 0xaa, 0xaa, 0xaa, 0xaa, 0xaa, 
	0xaa, 0xaa, 0xaa, 0xaa, 0xaa, 0xae, 0x1b, 0xbb, 
	0xbb, 0xbb, 0xbb, 0xbb, 0xbb, 0xc7, 0xaa, 0xaa, 
	0x00, 0x00, 0x00, 0x00, 0x00, 0x00, 0x00, 0x00, 
	0x00, 0x00, 0x4a, 0xaa, 0xaa, 0xaa, 0xaa, 0xaa, 
	0xaa, 0xaa, 0xaa, 0xaa, 0xaa, 0x92, 0xbb, 0xbb, 
	0xbb, 0xbb, 0xbb, 0xbb, 0xbb, 0xbd, 0x5a, 0xaa, 
	0x00, 0x00, 0x00, 0x00, 0x00, 0x00, 0x00, 0x00, 
	0x00, 0x02, 0x9a, 0xaa, 0xaa, 0xaa, 0xaa, 0xaa, 
	0xaa, 0xaa, 0xaa, 0xaa, 0xaa, 0x4b, 0xbb, 0xbb, 
	0xbb, 0xbb, 0xbb, 0xbb, 0xbb, 0xbb, 0xb4, 0x9a, 
	0x00, 0x00, 0x00, 0x00, 0x00, 0x00, 0x00, 0x00, 
	0x00, 0x07, 0xaa, 0xaa, 0xaa, 0xaa, 0xaa, 0xaa, 
	0xaa, 0xaa, 0xaa, 0xaa, 0xa6, 0xbb, 0xbb, 0xbb, 
	0xbb, 0xbb, 0xbb, 0xbb, 0xbb, 0xbb, 0xbb, 0x28, 
	0x00, 0x00, 0x00, 0x00, 0x00, 0x00, 0x00, 0x00, 
	0x00, 0x4a, 0xaa, 0xaa, 0xaa, 0xaa, 0xaa, 0xaa, 
	0xaa, 0xaa, 0xaa, 0xaa, 0x8c, 0xbb, 0xbb, 0xbb, 
	0xbb, 0xbb, 0xbb, 0xbb, 0xbb, 0xbb, 0xbb, 0xb1, 
	0x00, 0x00, 0x00, 0x00, 0x00, 0x00, 0x00, 0x00, 
	0x01, 0xea, 0xaa, 0xaa, 0xaa, 0xaa, 0xaa, 0xaa, 
	0xaa, 0xaa, 0xaa, 0xae, 0x1b, 0xbb, 0xbb, 0xbb, 
	0xbb, 0xbb, 0xbb, 0xbb, 0xbb, 0xbb, 0xbb, 0xbb, 
	0x00, 0x00, 0x00, 0x00, 0x00, 0x00, 0x00, 0x00, 
	0x05, 0xaa, 0xaa, 0xaa, 0xaa, 0xaa, 0xaa, 0xaa, 
	0xaa, 0xaa, 0xaa, 0xa3, 0xbb, 0xbb, 0xbb, 0xbb, 
	0xbb, 0xbb, 0xbb, 0xbb, 0xbb, 0xbb, 0xbb, 0xbb, 
	0x00, 0x00, 0x00, 0x00, 0x00, 0x00, 0x00, 0x00, 
	0x19, 0xaa, 0xaa, 0xaa, 0xaa, 0xaa, 0xaa, 0xaa, 
	0xaa, 0xaa, 0xaa, 0x5b, 0xbb, 0xbb, 0xbb, 0xbb, 
	0xbb, 0xbb, 0xbb, 0xbb, 0xbb, 0xbb, 0xbb, 0xbb, 
	0x00, 0x00, 0x00, 0x00, 0x00, 0x00, 0x00, 0x00, 
	0x5a, 0xaa, 0xaa, 0xaa, 0xaa, 0xaa, 0xaa, 0xaa, 
	0xaa, 0xaa, 0xa7, 0xdb, 0xbb, 0xbb, 0xbb, 0xbb, 
	0xbb, 0xbb, 0xb1, 0x4b, 0xbb, 0xbb, 0xbb, 0xbb, 
	0x00, 0x00, 0x00, 0x00, 0x00, 0x00, 0x00, 0x00, 
	0xea, 0xaa, 0xaa, 0xaa, 0xaa, 0xaa, 0xaa, 0xaa, 
	0xaa, 0xaa, 0x81, 0xbb, 0xbb, 0xbb, 0xbb, 0xbb, 
	0xbb, 0xbb, 0xb5, 0xa5, 0xbb, 0xbb, 0xbb, 0xbb, 
	0x00, 0x00, 0x00, 0x00, 0x00, 0x00, 0x00, 0x03, 
	0xaa, 0xaa, 0xaa, 0xaa, 0xaa, 0xaa, 0xaa, 0xaa, 
	0xaa, 0xa9, 0x2b, 0xbb, 0xbb, 0xbb, 0xbb, 0xbb, 
	0xbb, 0xbb, 0xc8, 0xaa, 0x5b, 0xbb, 0xbb, 0xbb, 
	0x00, 0x00, 0x00, 0x00, 0x00, 0x00, 0x00, 0x06, 
	0xaa, 0xaa, 0xaa, 0xaa, 0xaa, 0xaa, 0xaa, 0xaa, 
	0xaa, 0xa4, 0xbb, 0xbb, 0xbb, 0xbb, 0xbb, 0xbb, 
	0xbb, 0xbb, 0x4a, 0xaa, 0xa5, 0xbb, 0xbb, 0xbb, 
	0x00, 0x00, 0x00, 0x00, 0x00, 0x00, 0x00, 0x08, 
	0xaa, 0xaa, 0xaa, 0xaa, 0xaa, 0xaa, 0xaa, 0xaa, 
	0xaa, 0x6b, 0xbb, 0xbb, 0xbb, 0xbb, 0xbb, 0xbb, 
	0xbb, 0xbd, 0x8a, 0xaa, 0xaa, 0x5b, 0xbb, 0xbb, 
	0x00, 0x00, 0x00, 0x00, 0x00, 0x00, 0x00, 0x2a, 
	0xaa, 0xaa, 0xaa, 0xaa, 0xaa, 0xaa, 0xaa, 0xaa, 
	0xa7, 0xdb, 0xbb, 0xbb, 0xbb, 0xbb, 0xbb, 0xbb, 
	0xbb, 0xb3, 0xaa, 0xaa, 0xaa, 0xa5, 0xdb, 0xbb, 
	0x00, 0x00, 0x00, 0x00, 0x00, 0x00, 0x00, 0x4a, 
	0xaa, 0xaa, 0xaa, 0xaa, 0xaa, 0xaa, 0xaa, 0xaa, 
	0xe1, 0xbb, 0xbb, 0xbb, 0xbb, 0xbb, 0xbb, 0xbb, 
	0xbb, 0xb7, 0xaa, 0xaa, 0xaa, 0xaa, 0x5b, 0xbb, 
	0x00, 0x00, 0x00, 0x00, 0x00, 0x00, 0x00, 0x5a, 
	0xaa, 0xaa, 0xaa, 0xaa, 0xaa, 0xaa, 0xaa, 0xaa, 
	0x3b, 0xbb, 0xbb, 0xbb, 0xbb, 0xbb, 0xbb, 0xbb, 
	0xbb, 0x2a, 0xaa, 0xaa, 0xaa, 0xaa, 0xa6, 0xdb, 
	0x00, 0x00, 0x00, 0x00, 0x00, 0x00, 0x00, 0x7a, 
	0xaa, 0xaa, 0xaa, 0xaa, 0xaa, 0xaa, 0xaa, 0xa5, 
	0xbb, 0xbb, 0xbb, 0xbb, 0xbb, 0xbb, 0xbb, 0xbb, 
	0xbb, 0x6a, 0xaa, 0xaa, 0xaa, 0xaa, 0xaa, 0x6d, 
	0x00, 0x00, 0x00, 0x00, 0x00, 0x00, 0x00, 0x8a, 
	0xaa, 0xaa, 0xaa, 0xaa, 0xaa, 0xaa, 0xaa, 0x6d, 
	0xbb, 0xbb, 0xbb, 0xbb, 0xbb, 0xbb, 0xbb, 0xbb, 
	0xb1, 0x9a, 0xaa, 0xaa, 0xaa, 0xaa, 0xaa, 0xa7, 
	0x00, 0x00, 0x00, 0x00, 0x00, 0x00, 0x00, 0x8a, 
	0xaa, 0xaa, 0xaa, 0xaa, 0xaa, 0xaa, 0xa8, 0x1b, 
	0xbb, 0xbb, 0xbb, 0xbb, 0xbb, 0xbb, 0xbb, 0xbb, 
	0xb5, 0xaa, 0xaa, 0xaa, 0xaa, 0xaa, 0xaa, 0xaa, 
	0x00, 0x00, 0x00, 0x00, 0x00, 0x00, 0x00, 0x7a, 
	0xaa, 0xaa, 0xaa, 0xaa, 0xaa, 0xaa, 0x92, 0xbb, 
	0xbb, 0xbb, 0xbb, 0xbb, 0xbb, 0xbb, 0xbb, 0xbb, 
	0xce, 0xaa, 0xaa, 0xaa, 0xaa, 0xaa, 0xaa, 0xaa, 
	0x00, 0x00, 0x00, 0x00, 0x00, 0x00, 0x00, 0x6a, 
	0xaa, 0xaa, 0xaa, 0xaa, 0xaa, 0xaa, 0x4b, 0xbb, 
	0xbb, 0xbb, 0xbb, 0xbb, 0xbb, 0xbb, 0xbb, 0xbb, 
	0x4a, 0xaa, 0xaa, 0xaa, 0xaa, 0xaa, 0xaa, 0xaa, 
	0x00, 0x00, 0x00, 0x00, 0x00, 0x00, 0x00, 0x4a, 
	0xaa, 0xaa, 0xaa, 0xaa, 0xaa, 0xa5, 0xbb, 0xbb, 
	0xbb, 0xbb, 0xbb, 0xbb, 0xbb, 0xbb, 0xbb, 0xbd, 
	0x8a, 0xaa, 0xaa, 0xaa, 0xaa, 0xaa, 0xaa, 0xaa, 
	0x00, 0x00, 0x00, 0x00, 0x00, 0x00, 0x00, 0x19, 
	0xaa, 0xaa, 0xaa, 0xaa, 0xaa, 0x7d, 0xbb, 0xbb, 
	0xbb, 0xbb, 0xbb, 0xbb, 0xbb, 0xbb, 0xbb, 0xb3, 
	0xaa, 0xaa, 0xaa, 0xaa, 0xaa, 0xaa, 0xaa, 0xaa, 
	0x00, 0x00, 0x00, 0x00, 0x00, 0x00, 0x00, 0x06, 
	0xaa, 0xaa, 0xaa, 0xaa, 0xa8, 0x1b, 0xbb, 0xbb, 
	0xbb, 0xbb, 0xbb, 0xbb, 0xbb, 0xbb, 0xbb, 0xb7, 
	0xaa, 0xaa, 0xaa, 0xaa, 0xaa, 0xaa, 0xaa, 0xaa, 
	0x00, 0x00, 0x00, 0x00, 0x00, 0x00, 0x00, 0x02, 
	0xaa, 0xaa, 0xaa, 0xaa, 0xa7, 0x2c, 0xbb, 0xbb, 
	0xbb, 0xbb, 0xbb, 0xbb, 0xbb, 0xbb, 0xbb, 0x2a, 
	0xaa, 0xaa, 0xaa, 0xaa, 0xaa, 0xaa, 0xaa, 0xaa, 
	0x00, 0x00, 0x00, 0x00, 0x00, 0x00, 0x00, 0x00, 
	0x6a, 0xaa, 0xaa, 0xaa, 0xaa, 0xae, 0x64, 0x1b, 
	0xbb, 0xbb, 0xbb, 0xbb, 0xbb, 0xbb, 0xbb, 0x6a, 
	0xaa, 0xaa, 0xaa, 0xaa, 0xaa, 0xaa, 0xaa, 0xaa, 
	0x00, 0x00, 0x00, 0x00, 0x00, 0x00, 0x00, 0x00, 
	0x1e, 0xaa, 0xaa, 0xaa, 0xaa, 0xaa, 0xaa, 0x96, 
	0x41, 0xdb, 0xbb, 0xbb, 0xbb, 0xbb, 0xb1, 0x9a, 
	0xaa, 0xaa, 0xaa, 0xaa, 0xaa, 0xaa, 0xaa, 0xaa, 
	0x00, 0x00, 0x00, 0x00, 0x00, 0x00, 0x00, 0x00, 
	0x03, 0xaa, 0xaa, 0xaa, 0xaa, 0xaa, 0xaa, 0xaa, 
	0xa9, 0x75, 0x2d, 0xbb, 0xbb, 0xbb, 0xb5, 0xaa, 
	0xaa, 0xaa, 0xaa, 0xaa, 0xaa, 0xaa, 0xaa, 0xaa, 
	0x00, 0x00, 0x00, 0x00, 0x00, 0x00, 0x00, 0x00, 
	0x00, 0x5a, 0xaa, 0xaa, 0xaa, 0xaa, 0xaa, 0xaa, 
	0xaa, 0xaa, 0xa8, 0x52, 0xdb, 0xbb, 0x1e, 0xaa, 
	0xaa, 0xaa, 0xaa, 0xaa, 0xaa, 0xaa, 0xaa, 0xaa, 
	0x00, 0x00, 0x00, 0x00, 0x00, 0x00, 0x00, 0x00, 
	0x00, 0x05, 0xaa, 0xaa, 0xaa, 0xaa, 0xaa, 0xaa, 
	0xaa, 0xaa, 0xaa, 0xaa, 0x86, 0x3b, 0x4a, 0xaa, 
	0xaa, 0xaa, 0xaa, 0xaa, 0xaa, 0xaa, 0xaa, 0xaa, 
	0x00, 0x00, 0x00, 0x00, 0x00, 0x00, 0x00, 0x00, 
	0x00, 0x00, 0x5a, 0xaa, 0xaa, 0xaa, 0xaa, 0xaa, 
	0xaa, 0xaa, 0xaa, 0xaa, 0xaa, 0xa8, 0xea, 0xaa, 
	0xaa, 0xaa, 0xaa, 0xaa, 0xaa, 0xaa, 0xaa, 0xaa, 
	0x00, 0x00, 0x00, 0x00, 0x00, 0x00, 0x00, 0x00, 
	0x00, 0x00, 0x04, 0x9a, 0xaa, 0xaa, 0xaa, 0xaa, 
	0xaa, 0xaa, 0xaa, 0xaa, 0xaa, 0xaa, 0xaa, 0xaa, 
	0xaa, 0xaa, 0xaa, 0xaa, 0xaa, 0xaa, 0xaa, 0xaa, 
	0x00, 0x00, 0x00, 0x00, 0x00, 0x00, 0x00, 0x00, 
	0x00, 0x00, 0x00, 0x3e, 0xaa, 0xaa, 0xaa, 0xaa, 
	0xaa, 0xaa, 0xaa, 0xaa, 0xaa, 0xaa, 0xaa, 0xaa, 
	0xaa, 0xaa, 0xaa, 0xaa, 0xaa, 0xaa, 0xaa, 0xaa, 
	0x00, 0x00, 0x00, 0x00, 0x00, 0x00, 0x00, 0x00, 
	0x00, 0x00, 0x00, 0x01, 0x6a, 0xaa, 0xaa, 0xaa, 
	0xaa, 0xaa, 0xaa, 0xaa, 0xaa, 0xaa, 0xaa, 0xaa, 
	0xaa, 0xaa, 0xaa, 0xaa, 0xaa, 0xaa, 0xaa, 0xaa, 
	0x00, 0x00, 0x00, 0x00, 0x00, 0x00, 0x00, 0x00, 
	0x00, 0x00, 0x00, 0x00, 0x03, 0x8a, 0xaa, 0xaa, 
	0xaa, 0xaa, 0xaa, 0xaa, 0xaa, 0xaa, 0xaa, 0xaa, 
	0xaa, 0xaa, 0xaa, 0xaa, 0xaa, 0xaa, 0xaa, 0xaa, 
	0x00, 0x00, 0x00, 0x00, 0x00, 0x00, 0x00, 0x00, 
	0x00, 0x00, 0x00, 0x00, 0x00, 0x04, 0x8a, 0xaa, 
	0xaa, 0xaa, 0xaa, 0xaa, 0xaa, 0xaa, 0xaa, 0xaa, 
	0xaa, 0xaa, 0xaa, 0xaa, 0xaa, 0xaa, 0xaa, 0xaa, 
	0x00, 0x00, 0x00, 0x00, 0x00, 0x00, 0x00, 0x00, 
	0x00, 0x00, 0x00, 0x00, 0x00, 0x00, 0x04, 0x8a, 
	0xaa, 0xaa, 0xaa, 0xaa, 0xaa, 0xaa, 0xaa, 0xaa, 
	0xaa, 0xaa, 0xaa, 0xaa, 0xaa, 0xaa, 0xaa, 0xaa, 
	0x00, 0x00, 0x00, 0x00, 0x00, 0x00, 0x00, 0x00, 
	0x00, 0x00, 0x00, 0x00, 0x00, 0x00, 0x00, 0x03, 
	0x69, 0xaa, 0xaa, 0xaa, 0xaa, 0xaa, 0xaa, 0xaa, 
	0xaa, 0xaa, 0xaa, 0xaa, 0xaa, 0xaa, 0xaa, 0xaa, 
	0x00, 0x00, 0x00, 0x00, 0x00, 0x00, 0x00, 0x00, 
	0x00, 0x00, 0x00, 0x00, 0x00, 0x00, 0x00, 0x00, 
	0x01, 0x46, 0xea, 0xaa, 0xaa, 0xaa, 0xaa, 0xaa, 
	0xaa, 0xaa, 0xaa, 0xaa, 0xaa, 0xaa, 0xaa, 0xaa, 
	0x00, 0x00, 0x00, 0x00, 0x00, 0x00, 0x00, 0x00, 
	0x00, 0x00, 0x00, 0x00, 0x00, 0x00, 0x00, 0x00, 
	0x00, 0x00, 0x02, 0x46, 0x89, 0xaa, 0xaa, 0xaa, 
	0xaa, 0xaa, 0xaa, 0xaa, 0xaa, 0xaa, 0xaa, 0xaa, 
	0x00, 0x00, 0x00, 0x00, 0x00, 0x00, 0x00, 0x00, 
	0x00, 0x00, 0x00, 0x00, 0x00, 0x00, 0x00, 0x00, 
	0x00, 0x00, 0x00, 0x00, 0x00, 0x24, 0x56, 0x67, 
	0x88, 0xee, 0xee, 0xee, 0xee, 0xee, 0xee, 0xee, 
	0x00, 0x00, 0x00, 0x00, 0x00, 0x00, 0x00, 0x00, 
	0x00, 0x00, 0x00, 0x00, 0x00, 0x00, 0x00, 0x00, 
	0x00, 0x00, 0x00, 0x00, 0x00, 0x00, 0x00, 0x00, 
	0x00, 0x00, 0x00, 0x00, 0x00, 0x00, 0x00, 0x00, 
	0x00, 0x00, 0x00, 0x00, 0x00, 0x00, 0x00, 0x00, 
	0x00, 0x00, 0x00, 0x00, 0x00, 0x00, 0x00, 0x00, 
	0x00, 0x00, 0x00, 0x00, 0x00, 0x00, 0x00, 0x00, 
	0x00, 0x00, 0x00, 0x00, 0x00, 0x00, 0x00, 0x00, 
	0x00, 0x00, 0x00, 0x00, 0x00, 0x00, 0x00, 0x00, 
	0x00, 0x00, 0x00, 0x00, 0x00, 0x00, 0x00, 0x00, 
	0x00, 0x00, 0x00, 0x00, 0x00, 0x00, 0x00, 0x00, 
	0x00, 0x00, 0x00, 0x00, 0x00, 0x00, 0x00, 0x00, 
	
};

Gfx mario_mario_logo_rgba16_pal_rgba16_aligner[] = {gsSPEndDisplayList()};
u8 mario_mario_logo_rgba16_pal_rgba16[] = {
	0x00, 0x00, 0xf9, 0x09, 0xfa, 0x11, 0xfa, 0x97, 
	0xfb, 0x9d, 0xfc, 0xa3, 0xfd, 0x6b, 0xfe, 0x31, 
	0xfe, 0xf7, 0xff, 0xbd, 0xff, 0xff, 0xf8, 0x01, 
	0xf8, 0x45, 0xf8, 0x03, 0xff, 0x7b, 
};

Gfx mario_lila_eye0_2_rgba16_aligner[] = {gsSPEndDisplayList()};
u8 mario_lila_eye0_2_rgba16[] = {
	0xfd, 0x9f, 0xfd, 0x9f, 0xfd, 0x9f, 0xfd, 0x9f, 
	0xfd, 0x9f, 0xfd, 0x9f, 0xfd, 0x9f, 0xfd, 0x9f, 
	0xfd, 0x9f, 0xfd, 0x9f, 0xfd, 0x9f, 0xfd, 0x9f, 
	0xfd, 0x9f, 0xfd, 0x9f, 0xfd, 0x9f, 0xfd, 0x9f, 
	0xfd, 0x9f, 0xfd, 0x9f, 0xfd, 0x9f, 0xfd, 0x9f, 
	0xfd, 0x9f, 0xfd, 0x9f, 0xfd, 0x9f, 0xfd, 0x9f, 
	0xfd, 0x9f, 0xfd, 0x9f, 0xfd, 0x9f, 0xfd, 0x9f, 
	0xfd, 0x9f, 0xfd, 0x9f, 0xfd, 0x9f, 0xfd, 0x9f, 
	0xfd, 0x9f, 0xfd, 0x9f, 0xfd, 0x9f, 0xfd, 0x9f, 
	0xfd, 0x9f, 0xfd, 0x9f, 0xfd, 0x9f, 0xfd, 0x9f, 
	0xfd, 0x9f, 0xfd, 0x9f, 0xe5, 0x1d, 0x9b, 0x53, 
	0x7a, 0xcf, 0x72, 0x8f, 0x72, 0x8f, 0x82, 0xd1, 
	0xab, 0xd5, 0xf5, 0x9f, 0xfd, 0x9f, 0xfd, 0x9f, 
	0xfd, 0x9f, 0xfd, 0x9f, 0xfd, 0x9f, 0xfd, 0x9f, 
	0xfd, 0x9f, 0xfd, 0x9f, 0xfd, 0x9f, 0xfd, 0x9f, 
	0xfd, 0x9f, 0xfd, 0x9f, 0xfd, 0x9f, 0xfd, 0x9f, 
	0xfd, 0x9f, 0xfd, 0x9f, 0xfd, 0x9f, 0xfd, 0x9f, 
	0xfd, 0x9f, 0xfd, 0x9f, 0xfd, 0x9f, 0xfd, 0x9f, 
	0xfd, 0x9f, 0xbc, 0x17, 0x31, 0x07, 0x08, 0x41, 
	0x00, 0x01, 0x00, 0x01, 0x00, 0x01, 0x00, 0x01, 
	0x08, 0x43, 0x49, 0x89, 0xd4, 0x99, 0xfd, 0x9f, 
	0xfd, 0x9f, 0xfd, 0x9f, 0xfd, 0x9f, 0xfd, 0x9f, 
	0xfd, 0x9f, 0xfd, 0x9f, 0xfd, 0x9f, 0xfd, 0x9f, 
	0xfd, 0x9f, 0xfd, 0x9f, 0xfd, 0x9f, 0xfd, 0x9f, 
	0xfd, 0x9f, 0xfd, 0x9f, 0xfd, 0x9f, 0xfd, 0x9f, 
	0xfd, 0x9f, 0xfd, 0x9f, 0xfd, 0x9f, 0xf5, 0x9f, 
	0x9b, 0x53, 0x28, 0xc5, 0x00, 0x01, 0x00, 0x01, 
	0x00, 0x01, 0x00, 0x01, 0x00, 0x01, 0x00, 0x01, 
	0x00, 0x01, 0x00, 0x01, 0x31, 0x07, 0xcc, 0x59, 
	0xfd, 0x9f, 0xfd, 0x9f, 0xfd, 0x9f, 0xfd, 0x9f, 
	0xfd, 0x9f, 0xfd, 0x9f, 0xfd, 0x9f, 0xfd, 0x9f, 
	0xfd, 0x9f, 0xfd, 0x9f, 0xfd, 0x9f, 0xfd, 0x9f, 
	0xfd, 0x9f, 0xfd, 0x9f, 0xfd, 0x9f, 0xfd, 0x9f, 
	0xfd, 0x9f, 0xfd, 0x9f, 0xfd, 0x9f, 0x93, 0x53, 
	0x08, 0x41, 0x00, 0x01, 0x08, 0x41, 0x10, 0x43, 
	0x18, 0x83, 0x18, 0x83, 0x18, 0x85, 0x18, 0x83, 
	0x10, 0x43, 0x08, 0x41, 0x00, 0x01, 0x29, 0x07, 
	0xcc, 0x59, 0xfd, 0x9f, 0xfd, 0x9f, 0xfd, 0x9f, 
	0xfd, 0x9f, 0xfd, 0x9f, 0xfd, 0x9f, 0xfd, 0x9f, 
	0xfd, 0x9f, 0xfd, 0x9f, 0xfd, 0x9f, 0xfd, 0x9f, 
	0xfd, 0x9f, 0xfd, 0x9f, 0xfd, 0x9f, 0xfd, 0x9f, 
	0xfd, 0x9f, 0xfd, 0x9f, 0xb3, 0xd5, 0x20, 0xc5, 
	0x08, 0x43, 0x39, 0x47, 0x9b, 0x53, 0xb4, 0x17, 
	0xcc, 0x9b, 0xdd, 0x1f, 0xdd, 0x1f, 0xd4, 0x9b, 
	0xb3, 0xd7, 0x93, 0x53, 0x31, 0x07, 0x08, 0x43, 
	0x31, 0x07, 0xdc, 0xdb, 0xfd, 0x9f, 0xfd, 0x9f, 
	0xfd, 0x9f, 0xfd, 0x9f, 0xfd, 0x9f, 0xfd, 0x9f, 
	0xfd, 0x9f, 0xfd, 0x9f, 0xfd, 0x9f, 0xfd, 0x9f, 
	0xfd, 0x9f, 0xfd, 0x9f, 0xfd, 0x9f, 0xfd, 0x9f, 
	0xfd, 0x9f, 0xc4, 0x59, 0x29, 0x07, 0x39, 0x49, 
	0xab, 0xd5, 0xed, 0x5f, 0xfd, 0x9f, 0xfd, 0x9f, 
	0xfd, 0x9f, 0xfd, 0x9f, 0xfd, 0x9f, 0xfd, 0x9f, 
	0xfd, 0x9f, 0xfd, 0x9f, 0xe5, 0x1d, 0xa3, 0x95, 
	0x31, 0x07, 0x49, 0x89, 0xf5, 0x9f, 0xfd, 0x9f, 
	0xfd, 0x9f, 0xfd, 0x9f, 0xfd, 0x9f, 0xfd, 0x9f, 
	0xfd, 0x9f, 0xfd, 0x9f, 0xfd, 0x9f, 0xfd, 0x9f, 
	0xfd, 0x9f, 0xfd, 0x9f, 0xfd, 0x9f, 0xfd, 0x9f, 
	0xed, 0x5f, 0x5a, 0x0b, 0x9b, 0x53, 0xed, 0x5f, 
	0xfd, 0x9f, 0xfd, 0x9f, 0xfd, 0x9f, 0xfd, 0x9f, 
	0xfd, 0x9f, 0xfd, 0x9f, 0xfd, 0x9f, 0xfd, 0x9f, 
	0xfd, 0x9f, 0xfd, 0x9f, 0xfd, 0x9f, 0xfd, 0x9f, 
	0xdd, 0x1d, 0x51, 0xcb, 0xa3, 0x95, 0xfd, 0x9f, 
	0xfd, 0x9f, 0xfd, 0x9f, 0xfd, 0x9f, 0xfd, 0x9f, 
	0xfd, 0x9f, 0xfd, 0x9f, 0xfd, 0x9f, 0xfd, 0x9f, 
	0xfd, 0x9f, 0xfd, 0x9f, 0xfd, 0x9f, 0xfd, 0x9f, 
	0xab, 0xd5, 0xc4, 0x59, 0xfd, 0x9f, 0xfd, 0x9f, 
	0xfd, 0x9f, 0xfd, 0x9f, 0xfd, 0x9f, 0xfd, 0x9f, 
	0xfd, 0x9f, 0xfd, 0x9f, 0xfd, 0x9f, 0xfd, 0x9f, 
	0xfd, 0x9f, 0xfd, 0x9f, 0xfd, 0x9f, 0xfd, 0x9f, 
	0xfd, 0x9f, 0xf5, 0x9f, 0xb3, 0xd7, 0xe5, 0x1d, 
	0xfd, 0x9f, 0xfd, 0x9f, 0xfd, 0x9f, 0xfd, 0x9f, 
	0xfd, 0x9f, 0xfd, 0x9f, 0xfd, 0x9f, 0xfd, 0x9f, 
	0xfd, 0x9f, 0xfd, 0x9f, 0xfd, 0x9f, 0xed, 0x5d, 
	0xd4, 0xdb, 0xfd, 0x9f, 0xfd, 0x9f, 0xfd, 0x9f, 
	0xfd, 0x9f, 0xfd, 0x9f, 0xfd, 0x9f, 0xfd, 0x9f, 
	0xfd, 0x9f, 0xfd, 0x9f, 0xfd, 0x9f, 0xfd, 0x9f, 
	0xfd, 0x9f, 0xfd, 0x9f, 0xfd, 0x9f, 0xfd, 0x9f, 
	0xfd, 0x9f, 0xfd, 0x9f, 0xfd, 0x9f, 0xdc, 0xdd, 
	0xfd, 0x9f, 0xfd, 0x9f, 0xfd, 0x9f, 0xfd, 0x9f, 
	0xfd, 0x9f, 0xfd, 0x9f, 0xfd, 0x9f, 0xfd, 0x9f, 
	0xfd, 0x9f, 0xfd, 0x9f, 0xfd, 0x9f, 0xfd, 0x9f, 
	0xfd, 0x9f, 0xfd, 0x9f, 0xfd, 0x9f, 0xfd, 0x9f, 
	0xfd, 0x9f, 0xfd, 0x9f, 0xfd, 0x9f, 0xfd, 0x9f, 
	0xfd, 0x9f, 0xfd, 0x9f, 0xfd, 0x9f, 0xfd, 0x9f, 
	0xfd, 0x9f, 0xfd, 0x9f, 0xfd, 0x9f, 0xfd, 0x9f, 
	0xfd, 0x9f, 0xfd, 0x9f, 0xfd, 0x9f, 0xfd, 0x9f, 
	0xfd, 0x9f, 0xfd, 0x9f, 0xfd, 0x9f, 0xfd, 0x9f, 
	0xfd, 0x9f, 0xfd, 0x9f, 0xfd, 0x9f, 0xfd, 0x9f, 
	0xfd, 0x9f, 0xfd, 0x9f, 0xfd, 0x9f, 0xfd, 0x9f, 
	0xfd, 0x9f, 0xfd, 0x9f, 0xfd, 0x9f, 0xfd, 0x9f, 
	0xfd, 0x9f, 0xfd, 0x9f, 0xfd, 0x9f, 0xfd, 0x9f, 
	0xfd, 0x9f, 0xfd, 0x9f, 0xfd, 0x9f, 0xfd, 0x9f, 
	0xfd, 0x9f, 0xfd, 0x9f, 0xfd, 0x9f, 0xfd, 0x9f, 
	0xfd, 0x9f, 0xfd, 0x9f, 0xfd, 0x9f, 0xfd, 0x9f, 
	0xfd, 0x9f, 0xfd, 0x9f, 0xfd, 0x9f, 0xfd, 0x9f, 
	0xfd, 0x9f, 0xfd, 0x9f, 0xfd, 0x9f, 0xfd, 0x9f, 
	0xfd, 0x9f, 0xfd, 0x9f, 0xfd, 0x9f, 0xfd, 0x9f, 
	0xfd, 0x9f, 0xfd, 0x9f, 0xfd, 0x9f, 0xfd, 0x9f, 
	0xfd, 0x9f, 0xfd, 0x9f, 0xfd, 0x9f, 0xfd, 0x9f, 
	0xfd, 0x9f, 0xfd, 0x9f, 0xfd, 0x9f, 0xfd, 0x9f, 
	0xfd, 0x9f, 0xfd, 0x9f, 0xfd, 0x9f, 0xfd, 0x9f, 
	0xfd, 0x9f, 0xfd, 0x9f, 0xfd, 0x9f, 0xfd, 0x9f, 
	0xfd, 0x9f, 0xfd, 0x9f, 0xfd, 0x9f, 0xfd, 0x9f, 
	0xfd, 0x9f, 0xfd, 0x9f, 0xfd, 0x9f, 0xfd, 0x9f, 
	0xfd, 0x9f, 0xfd, 0x9f, 0xfd, 0x9f, 0xfd, 0x9f, 
	0xfd, 0x9f, 0xfd, 0x9f, 0xfd, 0x9f, 0xfd, 0x9f, 
	0xfd, 0x9f, 0xfd, 0x9f, 0xfd, 0x9f, 0xfd, 0x9f, 
	0xfd, 0x9f, 0xfe, 0x27, 0xfe, 0xaf, 0xfe, 0xef, 
	0xfe, 0xef, 0xfe, 0xaf, 0xfe, 0x25, 0xfd, 0x9f, 
	0xfd, 0x9f, 0xfd, 0x9f, 0xfd, 0x9f, 0xfd, 0x9f, 
	0xfd, 0x9f, 0xfd, 0x9f, 0xfd, 0x9f, 0xfd, 0x9f, 
	0xfd, 0x9f, 0xfd, 0x9f, 0xfd, 0x9f, 0xfd, 0x9f, 
	0xfd, 0x9f, 0xfd, 0x9f, 0xfd, 0x9f, 0xfd, 0x9f, 
	0xfd, 0x9f, 0xfd, 0x9f, 0xfd, 0x9f, 0xfd, 0x9f, 
	0xfd, 0x9f, 0xfd, 0x9f, 0xfd, 0x9f, 0xfe, 0x69, 
	0xfe, 0xf1, 0xff, 0xbb, 0xff, 0xff, 0xff, 0xff, 
	0xff, 0xff, 0xff, 0xff, 0xff, 0xb9, 0xfe, 0xf1, 
	0xfe, 0x27, 0xfd, 0x9f, 0xfd, 0x9f, 0xfd, 0x9f, 
	0xfd, 0x9f, 0xfd, 0x9f, 0xfd, 0x9f, 0xfd, 0x9f, 
	0xfd, 0x9f, 0xfd, 0x9f, 0xfd, 0x9f, 0xfd, 0x9f, 
	0xfd, 0x9f, 0xfd, 0x9f, 0xfd, 0x9f, 0xfd, 0x9f, 
	0xfd, 0x9f, 0xfd, 0x9f, 0xfd, 0x9f, 0xfd, 0x9f, 
	0xfd, 0x9f, 0xfd, 0xe3, 0xfe, 0xf1, 0xff, 0xbb, 
	0xff, 0xff, 0xff, 0xff, 0xff, 0xff, 0xff, 0xff, 
	0xff, 0xff, 0xff, 0xff, 0xff, 0xff, 0xff, 0xff, 
	0xff, 0xbb, 0xfe, 0xad, 0xfd, 0x9f, 0xfd, 0x9f, 
	0xfd, 0x9f, 0xfd, 0x9f, 0xfd, 0x9f, 0xfd, 0x9f, 
	0xfd, 0x9f, 0xfd, 0x9f, 0xfd, 0x9f, 0xfd, 0x9f, 
	0xfd, 0x9f, 0xfd, 0x9f, 0xfd, 0x9f, 0xfd, 0x9f, 
	0xfd, 0x9f, 0xfd, 0x9f, 0xfd, 0x9f, 0xfd, 0x9f, 
	0xfd, 0xe5, 0xff, 0x79, 0xff, 0xff, 0xff, 0xff, 
	0xff, 0xff, 0xff, 0xff, 0xff, 0xff, 0xff, 0xff, 
	0xff, 0xff, 0xff, 0xff, 0xff, 0xff, 0xff, 0xff, 
	0xf7, 0xff, 0xf7, 0x7b, 0xf6, 0xf1, 0xfd, 0xa1, 
	0xfd, 0x9f, 0xfd, 0x9f, 0xfd, 0x9f, 0xfd, 0x9f, 
	0xfd, 0x9f, 0xfd, 0x9f, 0xfd, 0x9f, 0xfd, 0x9f, 
	0xfd, 0x9f, 0xfd, 0x9f, 0xfd, 0x9f, 0xfd, 0x9f, 
	0xfd, 0x9f, 0xfd, 0x9f, 0xfd, 0x9f, 0xfd, 0xe3, 
	0xff, 0x79, 0xff, 0xff, 0xff, 0xff, 0xff, 0xff, 
	0xff, 0xff, 0xff, 0xff, 0xff, 0xff, 0xff, 0xff, 
	0xff, 0xff, 0xff, 0xff, 0xef, 0xbf, 0xcf, 0x7f, 
	0xae, 0xfd, 0xa6, 0xfd, 0xbf, 0x3d, 0xee, 0xaf, 
	0xfd, 0x9f, 0xfd, 0x9f, 0xfd, 0x9f, 0xfd, 0x9f, 
	0xfd, 0x9f, 0xfd, 0x9f, 0xfd, 0x9f, 0xfd, 0x9f, 
	0xfd, 0x9f, 0xfd, 0x9f, 0xfd, 0x9f, 0xfd, 0x9f, 
	0xfd, 0x9f, 0xfd, 0x9f, 0xfd, 0x9f, 0xfe, 0xf1, 
	0xff, 0xff, 0xff, 0xff, 0xff, 0xff, 0xff, 0xff, 
	0xff, 0xff, 0xff, 0xff, 0xff, 0xff, 0xff, 0xff, 
	0xff, 0xff, 0xdf, 0xbf, 0x9e, 0xbd, 0x55, 0x7d, 
	0x3c, 0xbb, 0x34, 0xbb, 0x3c, 0xfb, 0x7d, 0xb9, 
	0xdd, 0xe9, 0xfd, 0x9f, 0xfd, 0x9f, 0xfd, 0x9f, 
	0xfd, 0x9f, 0xfd, 0x9f, 0xfd, 0x9f, 0xfd, 0x9f, 
	0xfd, 0x9f, 0xfd, 0x9f, 0xfd, 0x9f, 0xfd, 0x9f, 
	0xfd, 0x9f, 0xfd, 0x9f, 0xfe, 0x6b, 0xff, 0xbb, 
	0xff, 0xff, 0xff, 0xff, 0xff, 0xff, 0xff, 0xff, 
	0xff, 0xff, 0xff, 0xff, 0xff, 0xff, 0xff, 0xff, 
	0xdf, 0xbf, 0x86, 0x3d, 0x3c, 0xbb, 0x2b, 0xfb, 
	0x2b, 0xfb, 0x2b, 0xbb, 0x2b, 0xfb, 0x2c, 0x3b, 
	0x5c, 0xf7, 0xdd, 0xa7, 0xfd, 0x9f, 0xfd, 0x9f, 
	0xfd, 0x9f, 0xfd, 0x9f, 0xfd, 0x9f, 0xfd, 0x9f, 
	0xfd, 0x9f, 0xfd, 0x9f, 0xfd, 0x9f, 0xfd, 0x9f, 
	0xfd, 0x9f, 0xfe, 0x25, 0xff, 0xbb, 0xff, 0xff, 
	0xff, 0xff, 0xff, 0xff, 0xff, 0xff, 0xff, 0xff, 
	0xff, 0xff, 0xff, 0xff, 0xff, 0xff, 0xf7, 0xff, 
	0x96, 0x7d, 0x34, 0xbb, 0x2b, 0xfb, 0x2b, 0xbb, 
	0x2b, 0xbb, 0x2b, 0xbb, 0x2b, 0xbb, 0x2b, 0xbb, 
	0x23, 0xfb, 0x54, 0xf7, 0xed, 0xa3, 0xfd, 0x9f, 
	0xfd, 0x9f, 0xfd, 0x9f, 0xfd, 0x9f, 0xfd, 0x9f, 
	0xfd, 0x9f, 0xfd, 0x9f, 0xfd, 0x9f, 0xfd, 0x9f, 
	0xfd, 0x9f, 0xfe, 0xf1, 0xff, 0xff, 0xff, 0xff, 
	0xff, 0xff, 0xff, 0xff, 0xff, 0xff, 0xff, 0xff, 
	0xff, 0xff, 0xff, 0xff, 0xff, 0xff, 0xcf, 0x3f, 
	0x3c, 0xfb, 0x23, 0xfb, 0x2b, 0xbb, 0x2b, 0xbb, 
	0x2b, 0xbb, 0x2b, 0xbb, 0x2b, 0xbb, 0x2b, 0xbb, 
	0x2b, 0xbb, 0x24, 0x3b, 0xa5, 0x2b, 0xfd, 0x9f, 
	0xfd, 0x9f, 0xfd, 0x9f, 0xfd, 0x9f, 0xfd, 0x9f, 
	0xfd, 0x9f, 0xfd, 0x9f, 0xfd, 0x9f, 0xfd, 0x9f, 
	0xfe, 0x25, 0xff, 0xbb, 0xff, 0xff, 0xff, 0xff, 
	0xff, 0xff, 0xff, 0xff, 0xff, 0xff, 0xff, 0xff, 
	0xff, 0xff, 0xff, 0xff, 0xf7, 0xff, 0x8e, 0x3d, 
	0x23, 0xfb, 0x2b, 0xbb, 0x2b, 0xbb, 0x2b, 0xbb, 
	0x2b, 0xbb, 0x2b, 0xbb, 0x2b, 0xbb, 0x2b, 0xbb, 
	0x2b, 0xbb, 0x2b, 0xbb, 0x44, 0x77, 0xd5, 0x65, 
	0xfd, 0x9f, 0xfd, 0x9f, 0xfd, 0x9f, 0xfd, 0x9f, 
	0xfd, 0x9f, 0xfd, 0x9f, 0xfd, 0x9f, 0xfd, 0x9f, 
	0xfe, 0xf1, 0xff, 0xff, 0xff, 0xff, 0xff, 0xff, 
	0xff, 0xff, 0xff, 0xff, 0xff, 0xff, 0xff, 0xff, 
	0xff, 0xff, 0xff, 0xff, 0xdf, 0xbf, 0x4d, 0x3b, 
	0x2b, 0xbb, 0x2b, 0xbb, 0x2b, 0xbb, 0x2b, 0xbb, 
	0x2b, 0xbb, 0x2b, 0xbb, 0x2b, 0xb9, 0x2b, 0xb9, 
	0x2b, 0xb9, 0x2b, 0xb9, 0x23, 0xfb, 0x95, 0x2d, 
	0xfd, 0x9f, 0xfd, 0x9f, 0xfd, 0x9f, 0xfd, 0x9f, 
	0xfd, 0x9f, 0xfd, 0x9f, 0xfd, 0x9f, 0xfd, 0xe3, 
	0xff, 0xbb, 0xff, 0xff, 0xff, 0xff, 0xff, 0xff, 
	0xff, 0xff, 0xff, 0xff, 0xff, 0xff, 0xff, 0xff, 
	0xff, 0xff, 0xff, 0xff, 0xb6, 0xfd, 0x2c, 0x7b, 
	0x2b, 0xbb, 0x2b, 0xbb, 0x2b, 0xbb, 0x2b, 0xbb, 
	0x2b, 0xbb, 0x2b, 0x79, 0x2b, 0x35, 0x23, 0x33, 
	0x23, 0x33, 0x2b, 0x35, 0x2b, 0xb7, 0x44, 0x75, 
	0xdd, 0xa5, 0xfd, 0x9f, 0xfd, 0x9f, 0xfd, 0x9f, 
	0xfd, 0x9f, 0xfd, 0x9f, 0xfd, 0x9f, 0xfe, 0xaf, 
	0xff, 0xff, 0xff, 0xff, 0xff, 0xff, 0xff, 0xff, 
	0xff, 0xff, 0xff, 0xff, 0xff, 0xff, 0xff, 0xff, 
	0xff, 0xff, 0xef, 0xbf, 0x75, 0xfd, 0x23, 0xfb, 
	0x2b, 0xbb, 0x2b, 0xbb, 0x2b, 0xbb, 0x2b, 0xbb, 
	0x2b, 0x77, 0x22, 0xf1, 0x1a, 0x69, 0x19, 0xe5, 
	0x19, 0xe3, 0x1a, 0x69, 0x22, 0xef, 0x23, 0xb7, 
	0x9d, 0x2b, 0xfd, 0x9f, 0xfd, 0x9f, 0xfd, 0x9f, 
	0xfd, 0x9f, 0xfd, 0x9f, 0xfd, 0x9f, 0xfe, 0xf1, 
	0xff, 0xff, 0xff, 0xff, 0xff, 0xff, 0xff, 0xff, 
	0xff, 0xff, 0xff, 0xff, 0xff, 0xff, 0xff, 0xff, 
	0xff, 0xff, 0xd7, 0x7f, 0x44, 0xfb, 0x2b, 0xbb, 
	0x2b, 0xbb, 0x2b, 0xbb, 0x2b, 0xbb, 0x2b, 0x79, 
	0x22, 0xf1, 0x1a, 0x25, 0x09, 0x1b, 0x08, 0xd3, 
	0x08, 0xd1, 0x09, 0x17, 0x19, 0xe1, 0x22, 0xed, 
	0x4c, 0x71, 0xf5, 0xa1, 0xfd, 0x9f, 0xfd, 0x9f, 
	0xfd, 0x9f, 0xfd, 0x9f, 0xfd, 0xe3, 0xff, 0xbb, 
	0xff, 0xff, 0xff, 0xff, 0xff, 0xff, 0xff, 0xff, 
	0xff, 0xff, 0xff, 0xff, 0xff, 0xff, 0xff, 0xff, 
	0xff, 0xff, 0xae, 0xfd, 0x2c, 0x7b, 0x2b, 0xbb, 
	0x2b, 0xbb, 0x2b, 0xbb, 0x2b, 0xb9, 0x23, 0x35, 
	0x1a, 0x27, 0x09, 0x19, 0x00, 0x8f, 0x00, 0x05, 
	0x00, 0x03, 0x00, 0x45, 0x08, 0xd1, 0x19, 0xe1, 
	0x23, 0xb1, 0xc5, 0x65, 0xfd, 0x9f, 0xfd, 0x9f, 
	0xfd, 0x9f, 0xfd, 0x9f, 0xfe, 0xad, 0xff, 0xff, 
	0xff, 0xff, 0xff, 0xff, 0xff, 0xff, 0xff, 0xff, 
	0xff, 0xff, 0xff, 0xff, 0xff, 0xff, 0xff, 0xff, 
	0xf7, 0xff, 0x86, 0x3d, 0x24, 0x3b, 0x2b, 0xbb, 
	0x2b, 0xbb, 0x2b, 0xbb, 0x2b, 0x77, 0x22, 0xad, 
	0x11, 0x5d, 0x00, 0x91, 0x00, 0x05, 0x00, 0x01, 
	0x00, 0x01, 0x00, 0x01, 0x00, 0x45, 0x11, 0x15, 
	0x1a, 0xe9, 0xa4, 0xe7, 0xfd, 0x9f, 0xfd, 0x9f, 
	0xfd, 0x9f, 0xfd, 0x9f, 0xfe, 0xef, 0xff, 0xff, 
	0xff, 0xff, 0xff, 0xff, 0xff, 0xff, 0xff, 0xff, 
	0xff, 0xff, 0xff, 0xff, 0xff, 0xff, 0xff, 0xff, 
	0xef, 0xbf, 0x5d, 0xbd, 0x23, 0xfb, 0x2b, 0xbb, 
	0x2b, 0xbb, 0x2b, 0xb9, 0x23, 0x35, 0x1a, 0x25, 
	0x08, 0xd5, 0x00, 0x49, 0x00, 0x01, 0x00, 0x01, 
	0x00, 0x01, 0x00, 0x01, 0x00, 0x01, 0x08, 0x8b, 
	0x12, 0x1f, 0x94, 0xa5, 0xfd, 0x9f, 0xfd, 0x9f, 
	0xfd, 0x9f, 0xfd, 0x9f, 0xfe, 0xf1, 0xff, 0xff, 
	0xff, 0xff, 0xff, 0xff, 0xff, 0xff, 0xff, 0xff, 
	0xff, 0xff, 0xff, 0xff, 0xff, 0xff, 0xff, 0xff, 
	0xdf, 0xbf, 0x44, 0xfb, 0x2b, 0xfb, 0x2b, 0xbb, 
	0x2b, 0xbb, 0x2b, 0x79, 0x22, 0xef, 0x11, 0x9f, 
	0x00, 0x91, 0x00, 0x05, 0x00, 0x01, 0x00, 0x01, 
	0x00, 0x01, 0x00, 0x01, 0x00, 0x01, 0x00, 0x05, 
	0x11, 0x57, 0x8c, 0x65, 0xfd, 0x9f, 0xfd, 0x9f, 
	0xfd, 0x9f, 0xfd, 0x9f, 0xff, 0x33, 0xff, 0xff, 
	0xff, 0xff, 0xff, 0xff, 0xff, 0xff, 0xff, 0xff, 
	0xff, 0xff, 0xff, 0xff, 0xff, 0xff, 0xff, 0xff, 
	0xc7, 0x3f, 0x34, 0xbb, 0x2b, 0xbb, 0x2b, 0xbb, 
	0x2b, 0xbb, 0x2b, 0x77, 0x1a, 0x6b, 0x09, 0x19, 
	0x00, 0x4d, 0x00, 0x03, 0x00, 0x01, 0x00, 0x03, 
	0x00, 0x03, 0x00, 0x03, 0x00, 0x03, 0x00, 0x03, 
	0x08, 0xd1, 0x3b, 0x65, 0xf5, 0xa1, 0xfd, 0x9f, 
	0xfd, 0x9f, 0xfd, 0xe3, 0xff, 0xbb, 0xff, 0xff, 
	0xff, 0xff, 0xff, 0xff, 0xff, 0xff, 0xff, 0xff, 
	0xff, 0xff, 0xff, 0xff, 0xff, 0xff, 0xff, 0xff, 
	0xb6, 0xfd, 0x24, 0x7b, 0x2b, 0xbb, 0x2b, 0xbb, 
	0x2b, 0xbb, 0x23, 0x35, 0x1a, 0x25, 0x08, 0xd5, 
	0x00, 0x49, 0x00, 0x03, 0x08, 0x43, 0x08, 0x87, 
	0x08, 0x89, 0x10, 0x89, 0x08, 0x87, 0x08, 0x45, 
	0x08, 0x8b, 0x1a, 0xa3, 0xdd, 0xa3, 0xfd, 0x9f, 
	0xfd, 0x9f, 0xfe, 0x6b, 0xff, 0xff, 0xff, 0xff, 
	0xff, 0xff, 0xff, 0xff, 0xff, 0xff, 0xff, 0xff, 
	0xff, 0xff, 0xff, 0xff, 0xff, 0xff, 0xff, 0xff, 
	0x9e, 0xbd, 0x24, 0x3b, 0x2b, 0xbb, 0x2b, 0xbb, 
	0x2b, 0xb9, 0x23, 0x33, 0x11, 0xe1, 0x08, 0x93, 
	0x00, 0x47, 0x08, 0x45, 0x10, 0xcb, 0x19, 0x0f, 
	0x21, 0x53, 0x21, 0x53, 0x21, 0x53, 0x19, 0x0f, 
	0x10, 0xcd, 0x1a, 0x5f, 0xd5, 0x63, 0xfd, 0x9f, 
	0xfd, 0x9f, 0xfe, 0xab, 0xff, 0xff, 0xff, 0xff, 
	0xff, 0xff, 0xff, 0xff, 0xff, 0xff, 0xff, 0xff, 
	0xff, 0xff, 0xff, 0xff, 0xff, 0xff, 0xf7, 0xff, 
	0x8e, 0x7d, 0x24, 0x3b, 0x2b, 0xbb, 0x2b, 0xbb, 
	0x2b, 0xb9, 0x22, 0xf1, 0x11, 0x9f, 0x08, 0x91, 
	0x08, 0x49, 0x10, 0xcb, 0x21, 0x95, 0x2a, 0x1b, 
	0x32, 0x5f, 0x32, 0x5f, 0x32, 0x1d, 0x29, 0xd9, 
	0x21, 0x55, 0x1a, 0x1f, 0xcd, 0x23, 0xfd, 0x9f, 
	0xfd, 0x9f, 0xfe, 0xad, 0xff, 0xff, 0xff, 0xff, 
	0xff, 0xff, 0xff, 0xff, 0xff, 0xff, 0xff, 0xff, 
	0xff, 0xff, 0xff, 0xff, 0xff, 0xff, 0xf7, 0xff, 
	0x7e, 0x3d, 0x24, 0x3b, 0x2b, 0xbb, 0x2b, 0xbb, 
	0x2b, 0x79, 0x22, 0xaf, 0x11, 0x5d, 0x08, 0x91, 
	0x10, 0xcb, 0x21, 0x53, 0x32, 0x1d, 0x42, 0xa3, 
	0x53, 0x65, 0x5b, 0x67, 0x4a, 0xe5, 0x3a, 0x61, 
	0x2a, 0x1b, 0x22, 0x5f, 0xc4, 0xe1, 0xfd, 0x9f, 
	0xfd, 0x9f, 0xfe, 0xad, 0xff, 0xff, 0xff, 0xff, 
	0xff, 0xff, 0xff, 0xff, 0xff, 0xff, 0xff, 0xff, 
	0xff, 0xff, 0xff, 0xff, 0xff, 0xff, 0xf7, 0xff, 
	0x75, 0xfd, 0x23, 0xfb, 0x2b, 0xbb, 0x2b, 0xbb, 
	0x2b, 0x79, 0x22, 0xad, 0x11, 0x5b, 0x08, 0x91, 
	0x19, 0x0f, 0x29, 0xdb, 0x42, 0xa3, 0x74, 0x2b, 
	0xae, 0x39, 0xb6, 0xbb, 0x8d, 0x33, 0x53, 0x25, 
	0x32, 0x61, 0x2a, 0x61, 0xc4, 0xe1, 0xfd, 0x9f, 
	0xfd, 0x9f, 0xfe, 0xaf, 0xff, 0xff, 0xff, 0xff, 
	0xff, 0xff, 0xff, 0xff, 0xff, 0xff, 0xff, 0xff, 
	0xff, 0xff, 0xff, 0xff, 0xff, 0xff, 0xf7, 0xff, 
	0x75, 0xfd, 0x23, 0xfb, 0x2b, 0xbb, 0x2b, 0xbb, 
	0x2b, 0x77, 0x22, 0xad, 0x09, 0x19, 0x08, 0xd1, 
	0x19, 0x53, 0x32, 0x5d, 0x5b, 0x67, 0xbe, 0xbd, 
	0xf7, 0xbd, 0xf7, 0xbf, 0xdf, 0x7d, 0x7c, 0x6d, 
	0x3a, 0xa3, 0x32, 0x61, 0xc4, 0xe1, 0xfd, 0x9f, 
	0xfd, 0x9f, 0xfe, 0xaf, 0xff, 0xff, 0xff, 0xff, 
	0xff, 0xff, 0xff, 0xff, 0xff, 0xff, 0xff, 0xff, 
	0xff, 0xff, 0xff, 0xff, 0xff, 0xff, 0xf7, 0xff, 
	0x75, 0xfd, 0x23, 0xfb, 0x2b, 0xbb, 0x2b, 0xbb, 
	0x2b, 0x77, 0x1a, 0xab, 0x09, 0x19, 0x08, 0xd1, 
	0x21, 0x53, 0x32, 0x5f, 0x6b, 0xe9, 0xdf, 0x3d, 
	0xff, 0xff, 0xff, 0xff, 0xf7, 0xbd, 0x95, 0x73, 
	0x42, 0xe3, 0x32, 0x61, 0xc4, 0xe1, 0xfd, 0x9f, 
	0xfd, 0x9f, 0xfe, 0xad, 0xff, 0xff, 0xff, 0xff, 
	0xff, 0xff, 0xff, 0xff, 0xff, 0xff, 0xff, 0xff, 
	0xff, 0xff, 0xff, 0xff, 0xff, 0xff, 0xf7, 0xff, 
	0x75, 0xfd, 0x23, 0xfb, 0x2b, 0xbb, 0x2b, 0xbb, 
	0x2b, 0x77, 0x1a, 0xab, 0x09, 0x19, 0x08, 0xd1, 
	0x19, 0x51, 0x32, 0x1d, 0x5b, 0x67, 0xc6, 0xfd, 
	0xf7, 0xbd, 0xf7, 0xbf, 0xe7, 0x7d, 0x7c, 0xad, 
	0x3a, 0xa3, 0x32, 0x61, 0xc4, 0xe1, 0xfd, 0x9f, 
	0xfd, 0x9f, 0xfe, 0xad, 0xff, 0xff, 0xff, 0xff, 
	0xff, 0xff, 0xff, 0xff, 0xff, 0xff, 0xff, 0xff, 
	0xff, 0xff, 0xff, 0xff, 0xff, 0xff, 0xf7, 0xff, 
	0x7e, 0x3d, 0x24, 0x3b, 0x2b, 0xbb, 0x2b, 0xbb, 
	0x2b, 0x77, 0x22, 0xad, 0x09, 0x1b, 0x08, 0x91, 
	0x11, 0x0d, 0x29, 0xd9, 0x42, 0xa3, 0x7c, 0x6b, 
	0xb6, 0x7b, 0xc6, 0xfd, 0x95, 0x75, 0x53, 0x65, 
	0x32, 0x5f, 0x2a, 0x5f, 0xcd, 0x21, 0xfd, 0x9f, 
	0xfd, 0x9f, 0xfe, 0xad, 0xff, 0xff, 0xff, 0xff, 
	0xff, 0xff, 0xff, 0xff, 0xff, 0xff, 0xff, 0xff, 
	0xff, 0xff, 0xff, 0xff, 0xff, 0xff, 0xf7, 0xff, 
	0x8e, 0x7d, 0x24, 0x3b, 0x2b, 0xbb, 0x2b, 0xbb, 
	0x2b, 0x79, 0x22, 0xad, 0x11, 0x5b, 0x08, 0x91, 
	0x08, 0x89, 0x19, 0x51, 0x2a, 0x1b, 0x42, 0xa1, 
	0x5b, 0x67, 0x5b, 0xa7, 0x4b, 0x25, 0x32, 0x5f, 
	0x29, 0xd9, 0x22, 0x5f, 0xcd, 0x23, 0xfd, 0x9f, 
	0xfd, 0x9f, 0xfe, 0x6b, 0xff, 0xff, 0xff, 0xff, 
	0xff, 0xff, 0xff, 0xff, 0xff, 0xff, 0xff, 0xff, 
	0xff, 0xff, 0xff, 0xff, 0xff, 0xff, 0xff, 0xff, 
	0x9e, 0xbd, 0x24, 0x3b, 0x2b, 0xbb, 0x2b, 0xbb, 
	0x2b, 0x79, 0x22, 0xef, 0x11, 0x5d, 0x00, 0x91, 
	0x08, 0x47, 0x10, 0xc9, 0x19, 0x51, 0x29, 0xd7, 
	0x32, 0x1b, 0x32, 0x1d, 0x29, 0xdb, 0x21, 0x97, 
	0x19, 0x11, 0x1a, 0x1f, 0xd5, 0x63, 0xfd, 0x9f, 
	0xfd, 0x9f, 0xfd, 0xe3, 0xff, 0xbb, 0xff, 0xff, 
	0xff, 0xff, 0xff, 0xff, 0xff, 0xff, 0xff, 0xff, 
	0xff, 0xff, 0xff, 0xff, 0xff, 0xff, 0xff, 0xff, 
	0xb6, 0xfd, 0x24, 0x7b, 0x2b, 0xbb, 0x2b, 0xbb, 
	0x2b, 0xb9, 0x22, 0xf1, 0x11, 0x9f, 0x00, 0x93, 
	0x00, 0x47, 0x08, 0x45, 0x08, 0x89, 0x10, 0xcd, 
	0x19, 0x0f, 0x19, 0x0f, 0x19, 0x0f, 0x10, 0xcb, 
	0x08, 0x8b, 0x32, 0xdf, 0xf5, 0xa1, 0xfd, 0x9f, 
	0xfd, 0x9f, 0xfd, 0x9f, 0xff, 0x33, 0xff, 0xff, 
	0xff, 0xff, 0xff, 0xff, 0xff, 0xff, 0xff, 0xff, 
	0xff, 0xff, 0xff, 0xff, 0xff, 0xff, 0xff, 0xff, 
	0xc7, 0x3f, 0x34, 0xbb, 0x2b, 0xbb, 0x2b, 0xbb, 
	0x2b, 0xb9, 0x23, 0x33, 0x11, 0xe3, 0x08, 0x93, 
	0x00, 0x49, 0x00, 0x01, 0x00, 0x43, 0x08, 0x45, 
	0x08, 0x45, 0x08, 0x87, 0x08, 0x45, 0x08, 0x43, 
	0x08, 0x8b, 0x7b, 0xe1, 0xfd, 0x9f, 0xfd, 0x9f, 
	0xfd, 0x9f, 0xfd, 0x9f, 0xfe, 0xf3, 0xff, 0xff, 
	0xff, 0xff, 0xff, 0xff, 0xff, 0xff, 0xff, 0xff, 
	0xff, 0xff, 0xff, 0xff, 0xff, 0xff, 0xff, 0xff, 
	0xdf, 0xbf, 0x44, 0xfb, 0x2b, 0xfb, 0x2b, 0xbb, 
	0x2b, 0xbb, 0x2b, 0x77, 0x1a, 0x27, 0x08, 0xd7, 
	0x00, 0x4b, 0x00, 0x01, 0x00, 0x01, 0x00, 0x01, 
	0x00, 0x01, 0x00, 0x03, 0x00, 0x01, 0x00, 0x01, 
	0x08, 0xcf, 0x84, 0x23, 0xfd, 0x9f, 0xfd, 0x9f, 
	0xfd, 0x9f, 0xfd, 0x9f, 0xfe, 0xef, 0xff, 0xff, 
	0xff, 0xff, 0xff, 0xff, 0xff, 0xff, 0xff, 0xff, 
	0xff, 0xff, 0xff, 0xff, 0xff, 0xff, 0xff, 0xff, 
	0xef, 0xbf, 0x5d, 0x7d, 0x23, 0xfb, 0x2b, 0xbb, 
	0x2b, 0xbb, 0x2b, 0x77, 0x22, 0xad, 0x09, 0x5b, 
	0x00, 0x4f, 0x00, 0x03, 0x00, 0x01, 0x00, 0x01, 
	0x00, 0x01, 0x00, 0x01, 0x00, 0x01, 0x00, 0x03, 
	0x09, 0x97, 0x94, 0x65, 0xfd, 0x9f, 0xfd, 0x9f, 
	0xfd, 0x9f, 0xfd, 0x9f, 0xfe, 0xad, 0xff, 0xff, 
	0xff, 0xff, 0xff, 0xff, 0xff, 0xff, 0xff, 0xff, 
	0xff, 0xff, 0xff, 0xff, 0xff, 0xff, 0xff, 0xff, 
	0xf7, 0xff, 0x86, 0x3d, 0x24, 0x3b, 0x2b, 0xbb, 
	0x2b, 0xbb, 0x2b, 0xb9, 0x22, 0xf1, 0x11, 0xa1, 
	0x00, 0x93, 0x00, 0x49, 0x00, 0x01, 0x00, 0x01, 
	0x00, 0x01, 0x00, 0x01, 0x00, 0x01, 0x00, 0x49, 
	0x12, 0x61, 0xa4, 0xe5, 0xfd, 0x9f, 0xfd, 0x9f, 
	0xfd, 0x9f, 0xfd, 0x9f, 0xfd, 0xe3, 0xff, 0xbb, 
	0xff, 0xff, 0xff, 0xff, 0xff, 0xff, 0xff, 0xff, 
	0xff, 0xff, 0xff, 0xff, 0xff, 0xff, 0xff, 0xff, 
	0xff, 0xff, 0xae, 0xfd, 0x2c, 0x7b, 0x2b, 0xbb, 
	0x2b, 0xbb, 0x2b, 0xbb, 0x2b, 0x75, 0x1a, 0x69, 
	0x09, 0x19, 0x00, 0x4d, 0x00, 0x03, 0x00, 0x01, 
	0x00, 0x01, 0x00, 0x01, 0x00, 0x03, 0x09, 0x13, 
	0x3b, 0x67, 0xd5, 0x63, 0xfd, 0x9f, 0xfd, 0x9f, 
	0xfd, 0x9f, 0xfd, 0x9f, 0xfd, 0x9f, 0xfe, 0xf1, 
	0xff, 0xff, 0xff, 0xff, 0xff, 0xff, 0xff, 0xff, 
	0xff, 0xff, 0xff, 0xff, 0xff, 0xff, 0xff, 0xff, 
	0xff, 0xff, 0xd7, 0x7f, 0x3c, 0xfb, 0x2b, 0xbb, 
	0x2b, 0xbb, 0x2b, 0xbb, 0x2b, 0x79, 0x22, 0xf1, 
	0x11, 0xa1, 0x08, 0xd5, 0x00, 0x4b, 0x00, 0x03, 
	0x00, 0x01, 0x00, 0x03, 0x08, 0x8d, 0x11, 0xe1, 
	0x8c, 0xa7, 0xfd, 0x9f, 0xfd, 0x9f, 0xfd, 0x9f, 
	0xfd, 0x9f, 0xfd, 0x9f, 0xfd, 0x9f, 0xfe, 0xaf, 
	0xff, 0xff, 0xff, 0xff, 0xff, 0xff, 0xff, 0xff, 
	0xff, 0xff, 0xff, 0xff, 0xff, 0xff, 0xff, 0xff, 
	0xff, 0xff, 0xef, 0xbf, 0x6d, 0xfd, 0x23, 0xfb, 
	0x2b, 0xbb, 0x2b, 0xbb, 0x2b, 0xb9, 0x2b, 0x77, 
	0x1a, 0x6b, 0x11, 0x5d, 0x08, 0xd3, 0x00, 0x4d, 
	0x00, 0x4b, 0x08, 0x8f, 0x11, 0x5b, 0x1a, 0xed, 
	0xa4, 0xe9, 0xfd, 0x9f, 0xfd, 0x9f, 0xfd, 0x9f, 
	0xfd, 0x9f, 0xfd, 0x9f, 0xfd, 0x9f, 0xfd, 0xe3, 
	0xff, 0xbb, 0xff, 0xff, 0xff, 0xff, 0xff, 0xff, 
	0xff, 0xff, 0xff, 0xff, 0xff, 0xff, 0xff, 0xff, 
	0xff, 0xff, 0xff, 0xff, 0xae, 0xfd, 0x2c, 0x3b, 
	0x2b, 0xbb, 0x2b, 0xbb, 0x2b, 0xbb, 0x2b, 0xb9, 
	0x23, 0x35, 0x1a, 0x6b, 0x11, 0xa1, 0x09, 0x5b, 
	0x09, 0x5b, 0x11, 0x9f, 0x1a, 0xab, 0x3c, 0x31, 
	0xdd, 0xa3, 0xfd, 0x9f, 0xfd, 0x9f, 0xfd, 0x9f, 
	0xfd, 0x9f, 0xfd, 0x9f, 0xfd, 0x9f, 0xfd, 0x9f, 
	0xfe, 0xf1, 0xff, 0xff, 0xff, 0xff, 0xff, 0xff, 
	0xff, 0xff, 0xff, 0xff, 0xff, 0xff, 0xff, 0xff, 
	0xff, 0xff, 0xff, 0xff, 0xdf, 0xbf, 0x44, 0xfb, 
	0x2b, 0xbb, 0x2b, 0xbb, 0x2b, 0xbb, 0x2b, 0xbb, 
	0x2b, 0xb9, 0x23, 0x75, 0x22, 0xf1, 0x1a, 0xad, 
	0x1a, 0xad, 0x22, 0xef, 0x23, 0xb5, 0x95, 0x2b, 
	0xfd, 0x9f, 0xfd, 0x9f, 0xfd, 0x9f, 0xfd, 0x9f, 
	0xfd, 0x9f, 0xfd, 0x9f, 0xfd, 0x9f, 0xfd, 0x9f, 
	0xfe, 0x27, 0xff, 0xbb, 0xff, 0xff, 0xff, 0xff, 
	0xff, 0xff, 0xff, 0xff, 0xff, 0xff, 0xff, 0xff, 
	0xff, 0xff, 0xff, 0xff, 0xf7, 0xff, 0x86, 0x3d, 
	0x23, 0xfb, 0x2b, 0xbb, 0x2b, 0xbb, 0x2b, 0xbb, 
	0x2b, 0xbb, 0x2b, 0xb9, 0x2b, 0x79, 0x2b, 0x77, 
	0x2b, 0x77, 0x2b, 0xb9, 0x44, 0x77, 0xd5, 0x65, 
	0xfd, 0x9f, 0xfd, 0x9f, 0xfd, 0x9f, 0xfd, 0x9f, 
	0xfd, 0x9f, 0xfd, 0x9f, 0xfd, 0x9f, 0xfd, 0x9f, 
	0xfd, 0x9f, 0xfe, 0xf1, 0xff, 0xff, 0xff, 0xff, 
	0xff, 0xff, 0xff, 0xff, 0xff, 0xff, 0xff, 0xff, 
	0xff, 0xff, 0xff, 0xff, 0xff, 0xff, 0xc7, 0x3f, 
	0x3c, 0xbb, 0x23, 0xfb, 0x2b, 0xbb, 0x2b, 0xbb, 
	0x2b, 0xbb, 0x2b, 0xbb, 0x2b, 0xbb, 0x2b, 0xbb, 
	0x2b, 0xbb, 0x24, 0x3b, 0xa5, 0x2d, 0xfd, 0x9f, 
	0xfd, 0x9f, 0xfd, 0x9f, 0xfd, 0x9f, 0xfd, 0x9f, 
	0xfd, 0x9f, 0xfd, 0x9f, 0xfd, 0x9f, 0xfd, 0x9f, 
	0xfd, 0x9f, 0xfe, 0x25, 0xff, 0xbb, 0xff, 0xff, 
	0xff, 0xff, 0xff, 0xff, 0xff, 0xff, 0xff, 0xff, 
	0xff, 0xff, 0xff, 0xff, 0xff, 0xff, 0xef, 0xff, 
	0x8e, 0x3d, 0x2c, 0x7b, 0x2b, 0xfb, 0x2b, 0xbb, 
	0x2b, 0xbb, 0x2b, 0xbb, 0x2b, 0xbb, 0x2b, 0xbb, 
	0x23, 0xfb, 0x54, 0xf7, 0xed, 0xa3, 0xfd, 0x9f, 
	0xfd, 0x9f, 0xfd, 0x9f, 0xfd, 0x9f, 0xfd, 0x9f, 
	0xfd, 0x9f, 0xfd, 0x9f, 0xfd, 0x9f, 0xfd, 0x9f, 
	0xfd, 0x9f, 0xfd, 0x9f, 0xfe, 0xab, 0xff, 0xbb, 
	0xff, 0xff, 0xff, 0xff, 0xff, 0xff, 0xff, 0xff, 
	0xff, 0xff, 0xff, 0xff, 0xff, 0xff, 0xff, 0xff, 
	0xdf, 0xbf, 0x7d, 0xfd, 0x34, 0xbb, 0x23, 0xfb, 
	0x2b, 0xbb, 0x2b, 0xbb, 0x2b, 0xfb, 0x24, 0x3b, 
	0x54, 0xf7, 0xdd, 0xa7, 0xfd, 0x9f, 0xfd, 0x9f, 
	0xfd, 0x9f, 0xfd, 0x9f, 0xfd, 0x9f, 0xfd, 0x9f, 
	0xfd, 0x9f, 0xfd, 0x9f, 0xfd, 0x9f, 0xfd, 0x9f, 
	0xfd, 0x9f, 0xfd, 0x9f, 0xfd, 0x9f, 0xfe, 0xf1, 
	0xff, 0xff, 0xff, 0xff, 0xff, 0xff, 0xff, 0xff, 
	0xff, 0xff, 0xff, 0xff, 0xff, 0xff, 0xff, 0xff, 
	0xff, 0xff, 0xdf, 0xbf, 0x96, 0x7d, 0x55, 0x3b, 
	0x34, 0xbb, 0x34, 0x7b, 0x3c, 0xbb, 0x75, 0x79, 
	0xdd, 0xeb, 0xfd, 0x9f, 0xfd, 0x9f, 0xfd, 0x9f, 
	0xfd, 0x9f, 0xfd, 0x9f, 0xfd, 0x9f, 0xfd, 0x9f, 
	0xfd, 0x9f, 0xfd, 0x9f, 0xfd, 0x9f, 0xfd, 0x9f, 
	0xfd, 0x9f, 0xfd, 0x9f, 0xfd, 0x9f, 0xfd, 0xe5, 
	0xff, 0x79, 0xff, 0xff, 0xff, 0xff, 0xff, 0xff, 
	0xff, 0xff, 0xff, 0xff, 0xff, 0xff, 0xff, 0xff, 
	0xff, 0xff, 0xff, 0xff, 0xef, 0xbf, 0xcf, 0x3f, 
	0xae, 0xbd, 0xa6, 0xbd, 0xb6, 0xfd, 0xe6, 0xb1, 
	0xfd, 0x9f, 0xfd, 0x9f, 0xfd, 0x9f, 0xfd, 0x9f, 
	0xfd, 0x9f, 0xfd, 0x9f, 0xfd, 0x9f, 0xfd, 0x9f, 
	0xfd, 0x9f, 0xfd, 0x9f, 0xfd, 0x9f, 0xfd, 0x9f, 
	0xfd, 0x9f, 0xfd, 0x9f, 0xfd, 0x9f, 0xfd, 0x9f, 
	0xfe, 0x25, 0xff, 0x79, 0xff, 0xff, 0xff, 0xff, 
	0xff, 0xff, 0xff, 0xff, 0xff, 0xff, 0xff, 0xff, 
	0xff, 0xff, 0xff, 0xff, 0xff, 0xff, 0xff, 0xff, 
	0xf7, 0xff, 0xf7, 0xbf, 0xf7, 0x79, 0xfd, 0xe3, 
	0xfd, 0x9f, 0xfd, 0x9f, 0xfd, 0x9f, 0xfd, 0x9f, 
	0xfd, 0x9f, 0xfd, 0x9f, 0xfd, 0x9f, 0xfd, 0x9f, 
	0xfd, 0x9f, 0xfd, 0x9f, 0xfd, 0x9f, 0xfd, 0x9f, 
	0xfd, 0x9f, 0xfd, 0x9f, 0xfd, 0x9f, 0xfd, 0x9f, 
	0xfd, 0x9f, 0xfd, 0xe5, 0xfe, 0xf1, 0xff, 0xbb, 
	0xff, 0xff, 0xff, 0xff, 0xff, 0xff, 0xff, 0xff, 
	0xff, 0xff, 0xff, 0xff, 0xff, 0xff, 0xff, 0xff, 
	0xff, 0xbb, 0xfe, 0xf1, 0xfd, 0xe1, 0xfd, 0x9f, 
	0xfd, 0x9f, 0xfd, 0x9f, 0xfd, 0x9f, 0xfd, 0x9f, 
	0xfd, 0x9f, 0xfd, 0x9f, 0xfd, 0x9f, 0xfd, 0x9f, 
	0xfd, 0x9f, 0xfd, 0x9f, 0xfd, 0x9f, 0xfd, 0x9f, 
	0xfd, 0x9f, 0xfd, 0x9f, 0xfd, 0x9f, 0xfd, 0x9f, 
	0xfd, 0x9f, 0xfd, 0x9f, 0xfd, 0x9f, 0xfe, 0x6b, 
	0xff, 0x79, 0xff, 0xff, 0xff, 0xff, 0xff, 0xff, 
	0xff, 0xff, 0xff, 0xff, 0xff, 0xbb, 0xfe, 0xf1, 
	0xfe, 0x69, 0xfd, 0x9f, 0xfd, 0x9f, 0xfd, 0x9f, 
	0xfd, 0x9f, 0xfd, 0x9f, 0xfd, 0x9f, 0xfd, 0x9f, 
	0xfd, 0x9f, 0xfd, 0x9f, 0xfd, 0x9f, 0xfd, 0x9f, 
	0xfd, 0x9f, 0xfd, 0x9f, 0xfd, 0x9f, 0xfd, 0x9f, 
	0xfd, 0x9f, 0xfd, 0x9f, 0xfd, 0x9f, 0xfd, 0x9f, 
	0xfd, 0x9f, 0xfd, 0x9f, 0xfd, 0x9f, 0xfd, 0x9f, 
	0xfd, 0xe3, 0xfe, 0xad, 0xfe, 0xef, 0xfe, 0xf1, 
	0xfe, 0xf1, 0xfe, 0xaf, 0xfe, 0x27, 0xfd, 0x9f, 
	0xfd, 0x9f, 0xfd, 0x9f, 0xfd, 0x9f, 0xfd, 0x9f, 
	0xfd, 0x9f, 0xfd, 0x9f, 0xfd, 0x9f, 0xfd, 0x9f, 
	0xfd, 0x9f, 0xfd, 0x9f, 0xfd, 0x9f, 0xfd, 0x9f, 
	0xfd, 0x9f, 0xfd, 0x9f, 0xfd, 0x9f, 0xfd, 0x9f, 
	0xfd, 0x9f, 0xfd, 0x9f, 0xfd, 0x9f, 0xfd, 0x9f, 
	0xfd, 0x9f, 0xfd, 0x9f, 0xfd, 0x9f, 0xfd, 0x9f, 
	0xfd, 0x9f, 0xfd, 0x9f, 0xfd, 0x9f, 0xfd, 0x9f, 
	0xfd, 0x9f, 0xfd, 0x9f, 0xfd, 0x9f, 0xfd, 0x9f, 
	0xfd, 0x9f, 0xfd, 0x9f, 0xfd, 0x9f, 0xfd, 0x9f, 
	0xfd, 0x9f, 0xfd, 0x9f, 0xfd, 0x9f, 0xfd, 0x9f, 
	0xfd, 0x9f, 0xfd, 0x9f, 0xfd, 0x9f, 0xfd, 0x9f, 
	
};

Gfx mario_eye_rgba16_aligner[] = {gsSPEndDisplayList()};
u8 mario_eye_rgba16[] = {
	0x00, 0x00, 0x00, 0x00, 0x00, 0x00, 0x00, 0x00, 
	0x00, 0x00, 0x00, 0x00, 0x00, 0x00, 0x00, 0x00, 
	0x00, 0x00, 0x00, 0x00, 0x00, 0x00, 0x00, 0x00, 
	0x00, 0x00, 0x00, 0x00, 0x00, 0x00, 0x00, 0x00, 
	0x00, 0x00, 0x00, 0x00, 0x00, 0x00, 0x00, 0x00, 
	0x00, 0x00, 0x00, 0x00, 0x00, 0x00, 0x00, 0x00, 
	0x00, 0x00, 0x00, 0x00, 0x00, 0x00, 0x00, 0x00, 
	0x00, 0x00, 0x00, 0x00, 0x00, 0x00, 0x00, 0x00, 
	0x00, 0x00, 0x00, 0x00, 0x00, 0x00, 0x00, 0x00, 
	0x00, 0x00, 0x00, 0x00, 0x00, 0x00, 0x00, 0x00, 
	0xfd, 0x9e, 0xfd, 0x9e, 0xe5, 0x1c, 0x9b, 0x53, 
	0x7a, 0xcf, 0x72, 0x8f, 0x72, 0x8f, 0x82, 0xd1, 
	0xab, 0xd5, 0xf5, 0x9e, 0xfd, 0x9e, 0xfd, 0x9e, 
	0x00, 0x00, 0x00, 0x00, 0x00, 0x00, 0x00, 0x00, 
	0x00, 0x00, 0x00, 0x00, 0x00, 0x00, 0x00, 0x00, 
	0x00, 0x00, 0x00, 0x00, 0x00, 0x00, 0x00, 0x00, 
	0x00, 0x00, 0x00, 0x00, 0x00, 0x00, 0x00, 0x00, 
	0x00, 0x00, 0x00, 0x00, 0x00, 0x00, 0xfd, 0x9e, 
	0xfd, 0x9e, 0xbc, 0x17, 0x31, 0x07, 0x08, 0x41, 
	0x00, 0x01, 0x00, 0x01, 0x00, 0x01, 0x00, 0x01, 
	0x08, 0x43, 0x49, 0x89, 0xd4, 0x99, 0xfd, 0x9e, 
	0xfd, 0x9e, 0x00, 0x00, 0x00, 0x00, 0x00, 0x00, 
	0x00, 0x00, 0x00, 0x00, 0x00, 0x00, 0x00, 0x00, 
	0x00, 0x00, 0x00, 0x00, 0x00, 0x00, 0x00, 0x00, 
	0x00, 0x00, 0x00, 0x00, 0x00, 0x00, 0x00, 0x00, 
	0x00, 0x00, 0x00, 0x00, 0xfd, 0x9e, 0xf5, 0x9e, 
	0x9b, 0x53, 0x28, 0xc5, 0x00, 0x01, 0x00, 0x01, 
	0x00, 0x01, 0x00, 0x01, 0x00, 0x01, 0x00, 0x01, 
	0x00, 0x01, 0x00, 0x01, 0x31, 0x07, 0xcc, 0x59, 
	0xfd, 0x9e, 0xfd, 0x9e, 0x00, 0x00, 0x00, 0x00, 
	0x00, 0x00, 0x00, 0x00, 0x00, 0x00, 0x00, 0x00, 
	0x00, 0x00, 0x00, 0x00, 0x00, 0x00, 0x00, 0x00, 
	0x00, 0x00, 0x00, 0x00, 0x00, 0x00, 0x00, 0x00, 
	0x00, 0x00, 0xfd, 0x9e, 0xfd, 0x9e, 0x93, 0x53, 
	0x08, 0x41, 0x00, 0x01, 0x08, 0x41, 0x10, 0x43, 
	0x18, 0x83, 0x18, 0x83, 0x18, 0x85, 0x18, 0x83, 
	0x10, 0x43, 0x08, 0x41, 0x00, 0x01, 0x29, 0x07, 
	0xcc, 0x59, 0xfd, 0x9e, 0xfd, 0x9e, 0x00, 0x00, 
	0x00, 0x00, 0x00, 0x00, 0x00, 0x00, 0x00, 0x00, 
	0x00, 0x00, 0x00, 0x00, 0x00, 0x00, 0x00, 0x00, 
	0x00, 0x00, 0x00, 0x00, 0x00, 0x00, 0x00, 0x00, 
	0xfd, 0x9e, 0xfd, 0x9e, 0xb3, 0xd5, 0x20, 0xc5, 
	0x08, 0x43, 0x39, 0x47, 0x9b, 0x53, 0xb4, 0x17, 
	0xcc, 0x9b, 0xdd, 0x1e, 0xdd, 0x1e, 0xd4, 0x9b, 
	0xb3, 0xd7, 0x93, 0x53, 0x31, 0x07, 0x08, 0x43, 
	0x31, 0x07, 0xdc, 0xda, 0xfd, 0x9e, 0x00, 0x00, 
	0x00, 0x00, 0x00, 0x00, 0x00, 0x00, 0x00, 0x00, 
	0x00, 0x00, 0x00, 0x00, 0x00, 0x00, 0x00, 0x00, 
	0x00, 0x00, 0x00, 0x00, 0x00, 0x00, 0x00, 0x00, 
	0xfd, 0x9e, 0xc4, 0x59, 0x29, 0x07, 0x39, 0x49, 
	0xab, 0xd5, 0xed, 0x5e, 0xfd, 0x9e, 0xfd, 0x9e, 
	0xfd, 0x9e, 0xfd, 0x9e, 0xfd, 0x9e, 0xfd, 0x9e, 
	0xfd, 0x9e, 0xfd, 0x9e, 0xe5, 0x1c, 0xa3, 0x95, 
	0x31, 0x07, 0x49, 0x89, 0xf5, 0x9e, 0xfd, 0x9e, 
	0x00, 0x00, 0x00, 0x00, 0x00, 0x00, 0x00, 0x00, 
	0x00, 0x00, 0x00, 0x00, 0x00, 0x00, 0x00, 0x00, 
	0x00, 0x00, 0x00, 0x00, 0x00, 0x00, 0xfd, 0x9e, 
	0xed, 0x5e, 0x5a, 0x0b, 0x9b, 0x53, 0xed, 0x5e, 
	0xfd, 0x9e, 0xfd, 0x9e, 0x00, 0x00, 0x00, 0x00, 
	0x00, 0x00, 0x00, 0x00, 0x00, 0x00, 0x00, 0x00, 
	0x00, 0x00, 0x00, 0x00, 0xfd, 0x9e, 0xfd, 0x9e, 
	0xdd, 0x1c, 0x51, 0xcb, 0xa3, 0x94, 0xfd, 0x9e, 
	0x00, 0x00, 0x00, 0x00, 0x00, 0x00, 0x00, 0x00, 
	0x00, 0x00, 0x00, 0x00, 0x00, 0x00, 0x00, 0x00, 
	0x00, 0x00, 0x00, 0x00, 0x00, 0x00, 0xfd, 0x9e, 
	0xab, 0xd4, 0xc4, 0x58, 0xfd, 0x9e, 0xfd, 0x9e, 
	0x00, 0x00, 0x00, 0x00, 0x00, 0x00, 0x00, 0x00, 
	0x00, 0x00, 0x00, 0x00, 0x00, 0x00, 0x00, 0x00, 
	0x00, 0x00, 0x00, 0x00, 0x00, 0x00, 0xfd, 0x9e, 
	0xfd, 0x9e, 0xf5, 0x9e, 0xb3, 0xd6, 0xe5, 0x1c, 
	0xfd, 0x9e, 0x00, 0x00, 0x00, 0x00, 0x00, 0x00, 
	0x00, 0x00, 0x00, 0x00, 0x00, 0x00, 0x00, 0x00, 
	0x00, 0x00, 0x00, 0x00, 0x00, 0x00, 0xed, 0x5c, 
	0xd4, 0xda, 0xfd, 0x9e, 0xfd, 0x9e, 0x00, 0x00, 
	0x00, 0x00, 0x00, 0x00, 0x00, 0x00, 0x00, 0x00, 
	0x00, 0x00, 0x00, 0x00, 0x00, 0x00, 0x00, 0x00, 
	0x00, 0x00, 0x00, 0x00, 0x00, 0x00, 0x00, 0x00, 
	0x00, 0x00, 0xfd, 0x9e, 0xfd, 0x9e, 0xdc, 0xdc, 
	0xfd, 0x9e, 0x00, 0x00, 0x00, 0x00, 0x00, 0x00, 
	0x00, 0x00, 0x00, 0x00, 0x00, 0x00, 0x00, 0x00, 
	0x00, 0x00, 0x00, 0x00, 0x00, 0x00, 0xfd, 0x9e, 
	0xfd, 0x9e, 0xfd, 0x9e, 0x00, 0x00, 0x00, 0x00, 
	0x00, 0x00, 0x00, 0x00, 0x00, 0x00, 0x00, 0x00, 
	0x00, 0x00, 0x00, 0x00, 0x00, 0x00, 0x00, 0x00, 
	0x00, 0x00, 0x00, 0x00, 0x00, 0x00, 0x00, 0x00, 
	0x00, 0x00, 0x00, 0x00, 0xfd, 0x9e, 0xfd, 0x9e, 
	0xfd, 0x9e, 0x00, 0x00, 0x00, 0x00, 0x00, 0x00, 
	0x00, 0x00, 0x00, 0x00, 0x00, 0x00, 0x00, 0x00, 
	0x00, 0x00, 0x00, 0x00, 0x00, 0x00, 0x00, 0x00, 
	0x00, 0x00, 0x00, 0x00, 0x00, 0x00, 0x00, 0x00, 
	0x00, 0x00, 0x00, 0x00, 0x00, 0x00, 0x00, 0x00, 
	0x00, 0x00, 0x00, 0x00, 0x00, 0x00, 0x00, 0x00, 
	0x00, 0x00, 0x00, 0x00, 0x00, 0x00, 0x00, 0x00, 
	0x00, 0x00, 0x00, 0x00, 0x00, 0x00, 0x00, 0x00, 
	0x00, 0x00, 0x00, 0x00, 0x00, 0x00, 0x00, 0x00, 
	0x00, 0x00, 0x00, 0x00, 0x00, 0x00, 0x00, 0x00, 
	0x00, 0x00, 0x00, 0x00, 0x00, 0x00, 0x00, 0x00, 
	0x00, 0x00, 0x00, 0x00, 0x00, 0x00, 0x00, 0x00, 
	0x00, 0x00, 0x00, 0x00, 0x00, 0x00, 0x00, 0x00, 
	0xfd, 0x9e, 0xfd, 0x9e, 0xfd, 0x9e, 0xfd, 0x9e, 
	0xfd, 0x9e, 0xfd, 0x9e, 0xfd, 0x9e, 0x00, 0x00, 
	0x00, 0x00, 0x00, 0x00, 0x00, 0x00, 0x00, 0x00, 
	0x00, 0x00, 0x00, 0x00, 0x00, 0x00, 0x00, 0x00, 
	0x00, 0x00, 0x00, 0x00, 0x00, 0x00, 0x00, 0x00, 
	0x00, 0x00, 0x00, 0x00, 0x00, 0x00, 0x00, 0x00, 
	0x00, 0x00, 0x00, 0x00, 0x00, 0x00, 0x00, 0x00, 
	0x00, 0x00, 0x00, 0x00, 0xfd, 0x9e, 0xfd, 0x9e, 
	0xfd, 0x9e, 0xfe, 0x26, 0xfe, 0xaf, 0xfe, 0xef, 
	0xfe, 0xef, 0xfe, 0xaf, 0xfe, 0x24, 0xfd, 0x9e, 
	0xfd, 0x9e, 0xfd, 0x9e, 0x00, 0x00, 0x00, 0x00, 
	0x00, 0x00, 0x00, 0x00, 0x00, 0x00, 0x00, 0x00, 
	0x00, 0x00, 0x00, 0x00, 0x00, 0x00, 0x00, 0x00, 
	0x00, 0x00, 0x00, 0x00, 0x00, 0x00, 0x00, 0x00, 
	0x00, 0x00, 0x00, 0x00, 0x00, 0x00, 0x00, 0x00, 
	0x00, 0x00, 0xfd, 0x9e, 0xfd, 0x9e, 0xfe, 0x69, 
	0xfe, 0xf1, 0xff, 0xbb, 0xff, 0xff, 0xff, 0xff, 
	0xff, 0xff, 0xff, 0xff, 0xff, 0xb9, 0xfe, 0xf1, 
	0xfe, 0x26, 0xfd, 0x9e, 0xfd, 0x9e, 0x00, 0x00, 
	0x00, 0x00, 0x00, 0x00, 0x00, 0x00, 0x00, 0x00, 
	0x00, 0x00, 0x00, 0x00, 0x00, 0x00, 0x00, 0x00, 
	0x00, 0x00, 0x00, 0x00, 0x00, 0x00, 0x00, 0x00, 
	0x00, 0x00, 0x00, 0x00, 0x00, 0x00, 0x00, 0x00, 
	0xfd, 0x9e, 0xfd, 0xe2, 0xfe, 0xf1, 0xff, 0xbb, 
	0xff, 0xff, 0xff, 0xff, 0xff, 0xff, 0xff, 0xff, 
	0xff, 0xff, 0xff, 0xff, 0xff, 0xff, 0xff, 0xff, 
	0xff, 0xbb, 0xfe, 0xad, 0xfd, 0x9e, 0xfd, 0x9e, 
	0x00, 0x00, 0x00, 0x00, 0x00, 0x00, 0x00, 0x00, 
	0x00, 0x00, 0x00, 0x00, 0x00, 0x00, 0x00, 0x00, 
	0x00, 0x00, 0x00, 0x00, 0x00, 0x00, 0x00, 0x00, 
	0x00, 0x00, 0x00, 0x00, 0x00, 0x00, 0xfd, 0x9e, 
	0xfd, 0xe4, 0xff, 0x79, 0xff, 0xff, 0xff, 0xff, 
	0xff, 0xff, 0xff, 0xff, 0xff, 0xff, 0xff, 0xff, 
	0xff, 0xff, 0xff, 0xff, 0xff, 0xff, 0xff, 0xff, 
	0xf7, 0xff, 0xf7, 0x7b, 0xf6, 0xf1, 0xfd, 0xa0, 
	0xfd, 0x9e, 0x00, 0x00, 0x00, 0x00, 0x00, 0x00, 
	0x00, 0x00, 0x00, 0x00, 0x00, 0x00, 0x00, 0x00, 
	0x00, 0x00, 0x00, 0x00, 0x00, 0x00, 0x00, 0x00, 
	0x00, 0x00, 0x00, 0x00, 0xfd, 0x9e, 0xfd, 0xe2, 
	0xff, 0x79, 0xff, 0xff, 0xff, 0xff, 0xff, 0xff, 
	0xff, 0xff, 0xff, 0xff, 0xff, 0xff, 0xff, 0xff, 
	0xff, 0xff, 0xff, 0xff, 0xef, 0xbf, 0xcf, 0x7f, 
	0xae, 0xfd, 0xa6, 0xfd, 0xbf, 0x3d, 0xee, 0xaf, 
	0xfd, 0x9e, 0xfd, 0x9e, 0x00, 0x00, 0x00, 0x00, 
	0x00, 0x00, 0x00, 0x00, 0x00, 0x00, 0x00, 0x00, 
	0x00, 0x00, 0x00, 0x00, 0x00, 0x00, 0x00, 0x00, 
	0x00, 0x00, 0xfd, 0x9e, 0xfd, 0x9e, 0xfe, 0xf1, 
	0xff, 0xff, 0xff, 0xff, 0xff, 0xff, 0xff, 0xff, 
	0xff, 0xff, 0xff, 0xff, 0xff, 0xff, 0xff, 0xff, 
	0xff, 0xff, 0xdf, 0xbf, 0x9e, 0xbd, 0x55, 0x7d, 
	0x3c, 0xbb, 0x34, 0xbb, 0x3c, 0xfb, 0x7d, 0xb9, 
	0xdd, 0xe9, 0xfd, 0x9e, 0xfd, 0x9e, 0x00, 0x00, 
	0x00, 0x00, 0x00, 0x00, 0x00, 0x00, 0x00, 0x00, 
	0x00, 0x00, 0x00, 0x00, 0x00, 0x00, 0x00, 0x00, 
	0x00, 0x00, 0xfd, 0x9e, 0xfe, 0x6b, 0xff, 0xbb, 
	0xff, 0xff, 0xff, 0xff, 0xff, 0xff, 0xff, 0xff, 
	0xff, 0xff, 0xff, 0xff, 0xff, 0xff, 0xff, 0xff, 
	0xdf, 0xbf, 0x86, 0x3d, 0x3c, 0xbb, 0x2b, 0xfb, 
	0x2b, 0xfb, 0x2b, 0xbb, 0x2b, 0xfb, 0x2c, 0x3b, 
	0x5c, 0xf7, 0xdd, 0xa6, 0xfd, 0x9e, 0x00, 0x00, 
	0x00, 0x00, 0x00, 0x00, 0x00, 0x00, 0x00, 0x00, 
	0x00, 0x00, 0x00, 0x00, 0x00, 0x00, 0x00, 0x00, 
	0xfd, 0x9e, 0xfe, 0x24, 0xff, 0xbb, 0xff, 0xff, 
	0xff, 0xff, 0xff, 0xff, 0xff, 0xff, 0xff, 0xff, 
	0xff, 0xff, 0xff, 0xff, 0xff, 0xff, 0xf7, 0xff, 
	0x96, 0x7d, 0x34, 0xbb, 0x2b, 0xfb, 0x2b, 0xbb, 
	0x2b, 0xbb, 0x2b, 0xbb, 0x2b, 0xbb, 0x2b, 0xbb, 
	0x23, 0xfb, 0x54, 0xf7, 0xed, 0xa2, 0xfd, 0x9e, 
	0x00, 0x00, 0x00, 0x00, 0x00, 0x00, 0x00, 0x00, 
	0x00, 0x00, 0x00, 0x00, 0x00, 0x00, 0xfd, 0x9e, 
	0xfd, 0x9e, 0xfe, 0xf1, 0xff, 0xff, 0xff, 0xff, 
	0xff, 0xff, 0xff, 0xff, 0xff, 0xff, 0xff, 0xff, 
	0xff, 0xff, 0xff, 0xff, 0xff, 0xff, 0xcf, 0x3f, 
	0x3c, 0xfb, 0x23, 0xfb, 0x2b, 0xbb, 0x2b, 0xbb, 
	0x2b, 0xbb, 0x2b, 0xbb, 0x2b, 0xbb, 0x2b, 0xbb, 
	0x2b, 0xbb, 0x24, 0x3b, 0xa5, 0x2b, 0xfd, 0x9e, 
	0xfd, 0x9e, 0x00, 0x00, 0x00, 0x00, 0x00, 0x00, 
	0x00, 0x00, 0x00, 0x00, 0x00, 0x00, 0xfd, 0x9e, 
	0xfe, 0x24, 0xff, 0xbb, 0xff, 0xff, 0xff, 0xff, 
	0xff, 0xff, 0xff, 0xff, 0xff, 0xff, 0xff, 0xff, 
	0xff, 0xff, 0xff, 0xff, 0xf7, 0xff, 0x8e, 0x3d, 
	0x23, 0xfb, 0x2b, 0xbb, 0x2b, 0xbb, 0x2b, 0xbb, 
	0x2b, 0xbb, 0x2b, 0xbb, 0x2b, 0xbb, 0x2b, 0xbb, 
	0x2b, 0xbb, 0x2b, 0xbb, 0x44, 0x77, 0xd5, 0x65, 
	0xfd, 0x9e, 0x00, 0x00, 0x00, 0x00, 0x00, 0x00, 
	0x00, 0x00, 0x00, 0x00, 0x00, 0x00, 0xfd, 0x9e, 
	0xfe, 0xf1, 0xff, 0xff, 0xff, 0xff, 0xff, 0xff, 
	0xff, 0xff, 0xff, 0xff, 0xff, 0xff, 0xff, 0xff, 
	0xff, 0xff, 0xff, 0xff, 0xdf, 0xbf, 0x4d, 0x3b, 
	0x2b, 0xbb, 0x2b, 0xbb, 0x2b, 0xbb, 0x2b, 0xbb, 
	0x2b, 0xbb, 0x2b, 0xbb, 0x2b, 0xb9, 0x2b, 0xb9, 
	0x2b, 0xb9, 0x2b, 0xb9, 0x23, 0xfb, 0x95, 0x2d, 
	0xfd, 0x9e, 0xfd, 0x9e, 0x00, 0x00, 0x00, 0x00, 
	0x00, 0x00, 0x00, 0x00, 0xfd, 0x9e, 0xfd, 0xe2, 
	0xff, 0xbb, 0xff, 0xff, 0xff, 0xff, 0xff, 0xff, 
	0xff, 0xff, 0xff, 0xff, 0xff, 0xff, 0xff, 0xff, 
	0xff, 0xff, 0xff, 0xff, 0xb6, 0xfd, 0x2c, 0x7b, 
	0x2b, 0xbb, 0x2b, 0xbb, 0x2b, 0xbb, 0x2b, 0xbb, 
	0x2b, 0xbb, 0x2b, 0x79, 0x2b, 0x35, 0x23, 0x33, 
	0x23, 0x33, 0x2b, 0x35, 0x2b, 0xb7, 0x44, 0x75, 
	0xdd, 0xa4, 0xfd, 0x9e, 0x00, 0x00, 0x00, 0x00, 
	0x00, 0x00, 0x00, 0x00, 0xfd, 0x9e, 0xfe, 0xaf, 
	0xff, 0xff, 0xff, 0xff, 0xff, 0xff, 0xff, 0xff, 
	0xff, 0xff, 0xff, 0xff, 0xff, 0xff, 0xff, 0xff, 
	0xff, 0xff, 0xef, 0xbf, 0x75, 0xfd, 0x23, 0xfb, 
	0x2b, 0xbb, 0x2b, 0xbb, 0x2b, 0xbb, 0x2b, 0xbb, 
	0x2b, 0x77, 0x22, 0xf1, 0x1a, 0x69, 0x19, 0xe5, 
	0x19, 0xe3, 0x1a, 0x69, 0x22, 0xef, 0x23, 0xb7, 
	0x9d, 0x2b, 0xfd, 0x9e, 0x00, 0x00, 0x00, 0x00, 
	0x00, 0x00, 0x00, 0x00, 0xfd, 0x9e, 0xfe, 0xf1, 
	0xff, 0xff, 0xff, 0xff, 0xff, 0xff, 0xff, 0xff, 
	0xff, 0xff, 0xff, 0xff, 0xff, 0xff, 0xff, 0xff, 
	0xff, 0xff, 0xd7, 0x7f, 0x44, 0xfb, 0x2b, 0xbb, 
	0x2b, 0xbb, 0x2b, 0xbb, 0x2b, 0xbb, 0x2b, 0x79, 
	0x22, 0xf1, 0x1a, 0x25, 0x09, 0x1b, 0x08, 0xd3, 
	0x08, 0xd1, 0x09, 0x17, 0x19, 0xe1, 0x22, 0xed, 
	0x4c, 0x71, 0xf5, 0xa0, 0x00, 0x00, 0x00, 0x00, 
	0x00, 0x00, 0x00, 0x00, 0xfd, 0xe2, 0xff, 0xbb, 
	0xff, 0xff, 0xff, 0xff, 0xff, 0xff, 0xff, 0xff, 
	0xff, 0xff, 0xff, 0xff, 0xff, 0xff, 0xff, 0xff, 
	0xff, 0xff, 0xae, 0xfd, 0x2c, 0x7b, 0x2b, 0xbb, 
	0x2b, 0xbb, 0x2b, 0xbb, 0x2b, 0xb9, 0x23, 0x35, 
	0x1a, 0x27, 0x09, 0x19, 0x00, 0x8f, 0x00, 0x05, 
	0x00, 0x03, 0x00, 0x45, 0x08, 0xd1, 0x19, 0xe1, 
	0x23, 0xb1, 0xc5, 0x65, 0x00, 0x00, 0x00, 0x00, 
	0x00, 0x00, 0x00, 0x00, 0xfe, 0xad, 0xff, 0xff, 
	0xff, 0xff, 0xff, 0xff, 0xff, 0xff, 0xff, 0xff, 
	0xff, 0xff, 0xff, 0xff, 0xff, 0xff, 0xff, 0xff, 
	0xf7, 0xff, 0x86, 0x3d, 0x24, 0x3b, 0x2b, 0xbb, 
	0x2b, 0xbb, 0x2b, 0xbb, 0x2b, 0x77, 0x22, 0xad, 
	0x11, 0x5d, 0x00, 0x91, 0x00, 0x05, 0x00, 0x01, 
	0x00, 0x01, 0x00, 0x01, 0x00, 0x45, 0x11, 0x15, 
	0x1a, 0xe9, 0xa4, 0xe7, 0x00, 0x00, 0x00, 0x00, 
	0x00, 0x00, 0x00, 0x00, 0xfe, 0xef, 0xff, 0xff, 
	0xff, 0xff, 0xff, 0xff, 0xff, 0xff, 0xff, 0xff, 
	0xff, 0xff, 0xff, 0xff, 0xff, 0xff, 0xff, 0xff, 
	0xef, 0xbf, 0x5d, 0xbd, 0x23, 0xfb, 0x2b, 0xbb, 
	0x2b, 0xbb, 0x2b, 0xb9, 0x23, 0x35, 0x1a, 0x25, 
	0x08, 0xd5, 0x00, 0x49, 0x00, 0x01, 0x00, 0x01, 
	0x00, 0x01, 0x00, 0x01, 0x00, 0x01, 0x08, 0x8b, 
	0x12, 0x1f, 0x94, 0xa5, 0x00, 0x00, 0x00, 0x00, 
	0x00, 0x00, 0x00, 0x00, 0xfe, 0xf1, 0xff, 0xff, 
	0xff, 0xff, 0xff, 0xff, 0xff, 0xff, 0xff, 0xff, 
	0xff, 0xff, 0xff, 0xff, 0xff, 0xff, 0xff, 0xff, 
	0xdf, 0xbf, 0x44, 0xfb, 0x2b, 0xfb, 0x2b, 0xbb, 
	0x2b, 0xbb, 0x2b, 0x79, 0x22, 0xef, 0x11, 0x9f, 
	0x00, 0x91, 0x00, 0x05, 0x00, 0x01, 0x00, 0x01, 
	0x00, 0x01, 0x00, 0x01, 0x00, 0x01, 0x00, 0x05, 
	0x11, 0x57, 0x8c, 0x65, 0x00, 0x00, 0x00, 0x00, 
	0x00, 0x00, 0x00, 0x00, 0xff, 0x33, 0xff, 0xff, 
	0xff, 0xff, 0xff, 0xff, 0xff, 0xff, 0xff, 0xff, 
	0xff, 0xff, 0xff, 0xff, 0xff, 0xff, 0xff, 0xff, 
	0xc7, 0x3f, 0x34, 0xbb, 0x2b, 0xbb, 0x2b, 0xbb, 
	0x2b, 0xbb, 0x2b, 0x77, 0x1a, 0x6b, 0x09, 0x19, 
	0x00, 0x4d, 0x00, 0x03, 0x00, 0x01, 0x00, 0x03, 
	0x00, 0x03, 0x00, 0x03, 0x00, 0x03, 0x00, 0x03, 
	0x08, 0xd1, 0x3b, 0x65, 0x00, 0x00, 0x00, 0x00, 
	0x00, 0x00, 0x00, 0x00, 0xff, 0xbb, 0xff, 0xff, 
	0xff, 0xff, 0xff, 0xff, 0xff, 0xff, 0xff, 0xff, 
	0xff, 0xff, 0xff, 0xff, 0xff, 0xff, 0xff, 0xff, 
	0xb6, 0xfd, 0x24, 0x7b, 0x2b, 0xbb, 0x2b, 0xbb, 
	0x2b, 0xbb, 0x23, 0x35, 0x1a, 0x25, 0x08, 0xd5, 
	0x00, 0x49, 0x00, 0x03, 0x08, 0x43, 0x08, 0x87, 
	0x08, 0x89, 0x10, 0x89, 0x08, 0x87, 0x08, 0x45, 
	0x08, 0x8b, 0x1a, 0xa3, 0x00, 0x00, 0x00, 0x00, 
	0x00, 0x00, 0x00, 0x00, 0xff, 0xff, 0xff, 0xff, 
	0xff, 0xff, 0xff, 0xff, 0xff, 0xff, 0xff, 0xff, 
	0xff, 0xff, 0xff, 0xff, 0xff, 0xff, 0xff, 0xff, 
	0x9e, 0xbd, 0x24, 0x3b, 0x2b, 0xbb, 0x2b, 0xbb, 
	0x2b, 0xb9, 0x23, 0x33, 0x11, 0xe1, 0x08, 0x93, 
	0x00, 0x47, 0x08, 0x45, 0x10, 0xcb, 0x19, 0x0f, 
	0x21, 0x53, 0x21, 0x53, 0x21, 0x53, 0x19, 0x0f, 
	0x10, 0xcd, 0x1a, 0x5f, 0x00, 0x00, 0x00, 0x00, 
	0x00, 0x00, 0x00, 0x00, 0xff, 0xff, 0xff, 0xff, 
	0xff, 0xff, 0xff, 0xff, 0xff, 0xff, 0xff, 0xff, 
	0xff, 0xff, 0xff, 0xff, 0xff, 0xff, 0xf7, 0xff, 
	0x8e, 0x7d, 0x24, 0x3b, 0x2b, 0xbb, 0x2b, 0xbb, 
	0x2b, 0xb9, 0x22, 0xf1, 0x11, 0x9f, 0x08, 0x91, 
	0x08, 0x49, 0x10, 0xcb, 0x21, 0x95, 0x2a, 0x1b, 
	0x32, 0x5f, 0x32, 0x5f, 0x32, 0x1d, 0x29, 0xd9, 
	0x21, 0x55, 0x1a, 0x1f, 0x00, 0x00, 0x00, 0x00, 
	0x00, 0x00, 0x00, 0x00, 0xff, 0xff, 0xff, 0xff, 
	0xff, 0xff, 0xff, 0xff, 0xff, 0xff, 0xff, 0xff, 
	0xff, 0xff, 0xff, 0xff, 0xff, 0xff, 0xf7, 0xff, 
	0x7e, 0x3d, 0x24, 0x3b, 0x2b, 0xbb, 0x2b, 0xbb, 
	0x2b, 0x79, 0x22, 0xaf, 0x11, 0x5d, 0x08, 0x91, 
	0x10, 0xcb, 0x21, 0x53, 0x32, 0x1d, 0x42, 0xa3, 
	0x53, 0x65, 0x5b, 0x67, 0x4a, 0xe5, 0x3a, 0x61, 
	0x2a, 0x1b, 0x22, 0x5f, 0x00, 0x00, 0x00, 0x00, 
	0x00, 0x00, 0x00, 0x00, 0xff, 0xff, 0xff, 0xff, 
	0xff, 0xff, 0xff, 0xff, 0xff, 0xff, 0xff, 0xff, 
	0xff, 0xff, 0xff, 0xff, 0xff, 0xff, 0xf7, 0xff, 
	0x75, 0xfd, 0x23, 0xfb, 0x2b, 0xbb, 0x2b, 0xbb, 
	0x2b, 0x79, 0x22, 0xad, 0x11, 0x5b, 0x08, 0x91, 
	0x19, 0x0f, 0x29, 0xdb, 0x42, 0xa3, 0x74, 0x2b, 
	0xae, 0x39, 0xb6, 0xbb, 0x8d, 0x33, 0x53, 0x25, 
	0x32, 0x61, 0x2a, 0x61, 0x00, 0x00, 0x00, 0x00, 
	0x00, 0x00, 0x00, 0x00, 0xff, 0xff, 0xff, 0xff, 
	0xff, 0xff, 0xff, 0xff, 0xff, 0xff, 0xff, 0xff, 
	0xff, 0xff, 0xff, 0xff, 0xff, 0xff, 0xf7, 0xff, 
	0x75, 0xfd, 0x23, 0xfb, 0x2b, 0xbb, 0x2b, 0xbb, 
	0x2b, 0x77, 0x22, 0xad, 0x09, 0x19, 0x08, 0xd1, 
	0x19, 0x53, 0x32, 0x5d, 0x5b, 0x67, 0xbe, 0xbd, 
	0xf7, 0xbd, 0xf7, 0xbf, 0xdf, 0x7d, 0x7c, 0x6d, 
	0x3a, 0xa3, 0x32, 0x61, 0x00, 0x00, 0x00, 0x00, 
	0x00, 0x00, 0x00, 0x00, 0xff, 0xff, 0xff, 0xff, 
	0xff, 0xff, 0xff, 0xff, 0xff, 0xff, 0xff, 0xff, 
	0xff, 0xff, 0xff, 0xff, 0xff, 0xff, 0xf7, 0xff, 
	0x75, 0xfd, 0x23, 0xfb, 0x2b, 0xbb, 0x2b, 0xbb, 
	0x2b, 0x77, 0x1a, 0xab, 0x09, 0x19, 0x08, 0xd1, 
	0x21, 0x53, 0x32, 0x5f, 0x6b, 0xe9, 0xdf, 0x3d, 
	0xff, 0xff, 0xff, 0xff, 0xf7, 0xbd, 0x95, 0x73, 
	0x42, 0xe3, 0x32, 0x61, 0x00, 0x00, 0x00, 0x00, 
	0x00, 0x00, 0x00, 0x00, 0xff, 0xff, 0xff, 0xff, 
	0xff, 0xff, 0xff, 0xff, 0xff, 0xff, 0xff, 0xff, 
	0xff, 0xff, 0xff, 0xff, 0xff, 0xff, 0xf7, 0xff, 
	0x75, 0xfd, 0x23, 0xfb, 0x2b, 0xbb, 0x2b, 0xbb, 
	0x2b, 0x77, 0x1a, 0xab, 0x09, 0x19, 0x08, 0xd1, 
	0x19, 0x51, 0x32, 0x1d, 0x5b, 0x67, 0xc6, 0xfd, 
	0xf7, 0xbd, 0xf7, 0xbf, 0xe7, 0x7d, 0x7c, 0xad, 
	0x3a, 0xa3, 0x32, 0x61, 0x00, 0x00, 0x00, 0x00, 
	0x00, 0x00, 0x00, 0x00, 0xff, 0xff, 0xff, 0xff, 
	0xff, 0xff, 0xff, 0xff, 0xff, 0xff, 0xff, 0xff, 
	0xff, 0xff, 0xff, 0xff, 0xff, 0xff, 0xf7, 0xff, 
	0x7e, 0x3d, 0x24, 0x3b, 0x2b, 0xbb, 0x2b, 0xbb, 
	0x2b, 0x77, 0x22, 0xad, 0x09, 0x1b, 0x08, 0x91, 
	0x11, 0x0d, 0x29, 0xd9, 0x42, 0xa3, 0x7c, 0x6b, 
	0xb6, 0x7b, 0xc6, 0xfd, 0x95, 0x75, 0x53, 0x65, 
	0x32, 0x5f, 0x2a, 0x5f, 0x00, 0x00, 0x00, 0x00, 
	0x00, 0x00, 0x00, 0x00, 0xff, 0xff, 0xff, 0xff, 
	0xff, 0xff, 0xff, 0xff, 0xff, 0xff, 0xff, 0xff, 
	0xff, 0xff, 0xff, 0xff, 0xff, 0xff, 0xf7, 0xff, 
	0x8e, 0x7d, 0x24, 0x3b, 0x2b, 0xbb, 0x2b, 0xbb, 
	0x2b, 0x79, 0x22, 0xad, 0x11, 0x5b, 0x08, 0x91, 
	0x08, 0x89, 0x19, 0x51, 0x2a, 0x1b, 0x42, 0xa1, 
	0x5b, 0x67, 0x5b, 0xa7, 0x4b, 0x25, 0x32, 0x5f, 
	0x29, 0xd9, 0x22, 0x5f, 0x00, 0x00, 0x00, 0x00, 
	0x00, 0x00, 0x00, 0x00, 0xff, 0xff, 0xff, 0xff, 
	0xff, 0xff, 0xff, 0xff, 0xff, 0xff, 0xff, 0xff, 
	0xff, 0xff, 0xff, 0xff, 0xff, 0xff, 0xff, 0xff, 
	0x9e, 0xbd, 0x24, 0x3b, 0x2b, 0xbb, 0x2b, 0xbb, 
	0x2b, 0x79, 0x22, 0xef, 0x11, 0x5d, 0x00, 0x91, 
	0x08, 0x47, 0x10, 0xc9, 0x19, 0x51, 0x29, 0xd7, 
	0x32, 0x1b, 0x32, 0x1d, 0x29, 0xdb, 0x21, 0x97, 
	0x19, 0x11, 0x1a, 0x1f, 0x00, 0x00, 0x00, 0x00, 
	0x00, 0x00, 0x00, 0x00, 0xff, 0xbb, 0xff, 0xff, 
	0xff, 0xff, 0xff, 0xff, 0xff, 0xff, 0xff, 0xff, 
	0xff, 0xff, 0xff, 0xff, 0xff, 0xff, 0xff, 0xff, 
	0xb6, 0xfd, 0x24, 0x7b, 0x2b, 0xbb, 0x2b, 0xbb, 
	0x2b, 0xb9, 0x22, 0xf1, 0x11, 0x9f, 0x00, 0x93, 
	0x00, 0x47, 0x08, 0x45, 0x08, 0x89, 0x10, 0xcd, 
	0x19, 0x0f, 0x19, 0x0f, 0x19, 0x0f, 0x10, 0xcb, 
	0x08, 0x8b, 0x32, 0xdf, 0x00, 0x00, 0x00, 0x00, 
	0x00, 0x00, 0x00, 0x00, 0xff, 0x33, 0xff, 0xff, 
	0xff, 0xff, 0xff, 0xff, 0xff, 0xff, 0xff, 0xff, 
	0xff, 0xff, 0xff, 0xff, 0xff, 0xff, 0xff, 0xff, 
	0xc7, 0x3f, 0x34, 0xbb, 0x2b, 0xbb, 0x2b, 0xbb, 
	0x2b, 0xb9, 0x23, 0x33, 0x11, 0xe3, 0x08, 0x93, 
	0x00, 0x49, 0x00, 0x01, 0x00, 0x43, 0x08, 0x45, 
	0x08, 0x45, 0x08, 0x87, 0x08, 0x45, 0x08, 0x43, 
	0x08, 0x8b, 0x7b, 0xe1, 0x00, 0x00, 0x00, 0x00, 
	0x00, 0x00, 0x00, 0x00, 0xfe, 0xf3, 0xff, 0xff, 
	0xff, 0xff, 0xff, 0xff, 0xff, 0xff, 0xff, 0xff, 
	0xff, 0xff, 0xff, 0xff, 0xff, 0xff, 0xff, 0xff, 
	0xdf, 0xbf, 0x44, 0xfb, 0x2b, 0xfb, 0x2b, 0xbb, 
	0x2b, 0xbb, 0x2b, 0x77, 0x1a, 0x27, 0x08, 0xd7, 
	0x00, 0x4b, 0x00, 0x01, 0x00, 0x01, 0x00, 0x01, 
	0x00, 0x01, 0x00, 0x03, 0x00, 0x01, 0x00, 0x01, 
	0x08, 0xcf, 0x84, 0x23, 0x00, 0x00, 0x00, 0x00, 
	0x00, 0x00, 0x00, 0x00, 0xfe, 0xef, 0xff, 0xff, 
	0xff, 0xff, 0xff, 0xff, 0xff, 0xff, 0xff, 0xff, 
	0xff, 0xff, 0xff, 0xff, 0xff, 0xff, 0xff, 0xff, 
	0xef, 0xbf, 0x5d, 0x7d, 0x23, 0xfb, 0x2b, 0xbb, 
	0x2b, 0xbb, 0x2b, 0x77, 0x22, 0xad, 0x09, 0x5b, 
	0x00, 0x4f, 0x00, 0x03, 0x00, 0x01, 0x00, 0x01, 
	0x00, 0x01, 0x00, 0x01, 0x00, 0x01, 0x00, 0x03, 
	0x09, 0x97, 0x94, 0x65, 0x00, 0x00, 0x00, 0x00, 
	0x00, 0x00, 0x00, 0x00, 0xfe, 0xad, 0xff, 0xff, 
	0xff, 0xff, 0xff, 0xff, 0xff, 0xff, 0xff, 0xff, 
	0xff, 0xff, 0xff, 0xff, 0xff, 0xff, 0xff, 0xff, 
	0xf7, 0xff, 0x86, 0x3d, 0x24, 0x3b, 0x2b, 0xbb, 
	0x2b, 0xbb, 0x2b, 0xb9, 0x22, 0xf1, 0x11, 0xa1, 
	0x00, 0x93, 0x00, 0x49, 0x00, 0x01, 0x00, 0x01, 
	0x00, 0x01, 0x00, 0x01, 0x00, 0x01, 0x00, 0x49, 
	0x12, 0x61, 0xa4, 0xe5, 0x00, 0x00, 0x00, 0x00, 
	0x00, 0x00, 0x00, 0x00, 0xfd, 0xe2, 0xff, 0xbb, 
	0xff, 0xff, 0xff, 0xff, 0xff, 0xff, 0xff, 0xff, 
	0xff, 0xff, 0xff, 0xff, 0xff, 0xff, 0xff, 0xff, 
	0xff, 0xff, 0xae, 0xfd, 0x2c, 0x7b, 0x2b, 0xbb, 
	0x2b, 0xbb, 0x2b, 0xbb, 0x2b, 0x75, 0x1a, 0x69, 
	0x09, 0x19, 0x00, 0x4d, 0x00, 0x03, 0x00, 0x01, 
	0x00, 0x01, 0x00, 0x01, 0x00, 0x03, 0x09, 0x13, 
	0x3b, 0x67, 0xd5, 0x62, 0x00, 0x00, 0x00, 0x00, 
	0x00, 0x00, 0x00, 0x00, 0xfd, 0x9e, 0xfe, 0xf1, 
	0xff, 0xff, 0xff, 0xff, 0xff, 0xff, 0xff, 0xff, 
	0xff, 0xff, 0xff, 0xff, 0xff, 0xff, 0xff, 0xff, 
	0xff, 0xff, 0xd7, 0x7f, 0x3c, 0xfb, 0x2b, 0xbb, 
	0x2b, 0xbb, 0x2b, 0xbb, 0x2b, 0x79, 0x22, 0xf1, 
	0x11, 0xa1, 0x08, 0xd5, 0x00, 0x4b, 0x00, 0x03, 
	0x00, 0x01, 0x00, 0x03, 0x08, 0x8d, 0x11, 0xe1, 
	0x8c, 0xa7, 0xfd, 0x9e, 0x00, 0x00, 0x00, 0x00, 
	0x00, 0x00, 0x00, 0x00, 0xfd, 0x9e, 0xfe, 0xaf, 
	0xff, 0xff, 0xff, 0xff, 0xff, 0xff, 0xff, 0xff, 
	0xff, 0xff, 0xff, 0xff, 0xff, 0xff, 0xff, 0xff, 
	0xff, 0xff, 0xef, 0xbf, 0x6d, 0xfd, 0x23, 0xfb, 
	0x2b, 0xbb, 0x2b, 0xbb, 0x2b, 0xb9, 0x2b, 0x77, 
	0x1a, 0x6b, 0x11, 0x5d, 0x08, 0xd3, 0x00, 0x4d, 
	0x00, 0x4b, 0x08, 0x8f, 0x11, 0x5b, 0x1a, 0xed, 
	0xa4, 0xe9, 0xfd, 0x9e, 0x00, 0x00, 0x00, 0x00, 
	0x00, 0x00, 0x00, 0x00, 0xfd, 0x9e, 0xfd, 0xe2, 
	0xff, 0xbb, 0xff, 0xff, 0xff, 0xff, 0xff, 0xff, 
	0xff, 0xff, 0xff, 0xff, 0xff, 0xff, 0xff, 0xff, 
	0xff, 0xff, 0xff, 0xff, 0xae, 0xfd, 0x2c, 0x3b, 
	0x2b, 0xbb, 0x2b, 0xbb, 0x2b, 0xbb, 0x2b, 0xb9, 
	0x23, 0x35, 0x1a, 0x6b, 0x11, 0xa1, 0x09, 0x5b, 
	0x09, 0x5b, 0x11, 0x9f, 0x1a, 0xab, 0x3c, 0x31, 
	0xdd, 0xa2, 0xfd, 0x9e, 0x00, 0x00, 0x00, 0x00, 
	0x00, 0x00, 0x00, 0x00, 0x00, 0x00, 0xfd, 0x9e, 
	0xfe, 0xf1, 0xff, 0xff, 0xff, 0xff, 0xff, 0xff, 
	0xff, 0xff, 0xff, 0xff, 0xff, 0xff, 0xff, 0xff, 
	0xff, 0xff, 0xff, 0xff, 0xdf, 0xbf, 0x44, 0xfb, 
	0x2b, 0xbb, 0x2b, 0xbb, 0x2b, 0xbb, 0x2b, 0xbb, 
	0x2b, 0xb9, 0x23, 0x75, 0x22, 0xf1, 0x1a, 0xad, 
	0x1a, 0xad, 0x22, 0xef, 0x23, 0xb5, 0x95, 0x2b, 
	0xfd, 0x9e, 0xfd, 0x9e, 0x00, 0x00, 0x00, 0x00, 
	0x00, 0x00, 0x00, 0x00, 0x00, 0x00, 0xfd, 0x9e, 
	0xfe, 0x26, 0xff, 0xbb, 0xff, 0xff, 0xff, 0xff, 
	0xff, 0xff, 0xff, 0xff, 0xff, 0xff, 0xff, 0xff, 
	0xff, 0xff, 0xff, 0xff, 0xf7, 0xff, 0x86, 0x3d, 
	0x23, 0xfb, 0x2b, 0xbb, 0x2b, 0xbb, 0x2b, 0xbb, 
	0x2b, 0xbb, 0x2b, 0xb9, 0x2b, 0x79, 0x2b, 0x77, 
	0x2b, 0x77, 0x2b, 0xb9, 0x44, 0x77, 0xd5, 0x64, 
	0xfd, 0x9e, 0x00, 0x00, 0x00, 0x00, 0x00, 0x00, 
	0x00, 0x00, 0x00, 0x00, 0x00, 0x00, 0xfd, 0x9e, 
	0xfd, 0x9e, 0xfe, 0xf1, 0xff, 0xff, 0xff, 0xff, 
	0xff, 0xff, 0xff, 0xff, 0xff, 0xff, 0xff, 0xff, 
	0xff, 0xff, 0xff, 0xff, 0xff, 0xff, 0xc7, 0x3f, 
	0x3c, 0xbb, 0x23, 0xfb, 0x2b, 0xbb, 0x2b, 0xbb, 
	0x2b, 0xbb, 0x2b, 0xbb, 0x2b, 0xbb, 0x2b, 0xbb, 
	0x2b, 0xbb, 0x24, 0x3b, 0xa5, 0x2d, 0xfd, 0x9e, 
	0xfd, 0x9e, 0x00, 0x00, 0x00, 0x00, 0x00, 0x00, 
	0x00, 0x00, 0x00, 0x00, 0x00, 0x00, 0x00, 0x00, 
	0xfd, 0x9e, 0xfe, 0x24, 0xff, 0xbb, 0xff, 0xff, 
	0xff, 0xff, 0xff, 0xff, 0xff, 0xff, 0xff, 0xff, 
	0xff, 0xff, 0xff, 0xff, 0xff, 0xff, 0xef, 0xff, 
	0x8e, 0x3d, 0x2c, 0x7b, 0x2b, 0xfb, 0x2b, 0xbb, 
	0x2b, 0xbb, 0x2b, 0xbb, 0x2b, 0xbb, 0x2b, 0xbb, 
	0x23, 0xfb, 0x54, 0xf7, 0xed, 0xa2, 0xfd, 0x9e, 
	0x00, 0x00, 0x00, 0x00, 0x00, 0x00, 0x00, 0x00, 
	0x00, 0x00, 0x00, 0x00, 0x00, 0x00, 0x00, 0x00, 
	0xfd, 0x9e, 0xfd, 0x9e, 0xfe, 0xab, 0xff, 0xbb, 
	0xff, 0xff, 0xff, 0xff, 0xff, 0xff, 0xff, 0xff, 
	0xff, 0xff, 0xff, 0xff, 0xff, 0xff, 0xff, 0xff, 
	0xdf, 0xbf, 0x7d, 0xfd, 0x34, 0xbb, 0x23, 0xfb, 
	0x2b, 0xbb, 0x2b, 0xbb, 0x2b, 0xfb, 0x24, 0x3b, 
	0x54, 0xf7, 0xdd, 0xa6, 0xfd, 0x9e, 0x00, 0x00, 
	0x00, 0x00, 0x00, 0x00, 0x00, 0x00, 0x00, 0x00, 
	0x00, 0x00, 0x00, 0x00, 0x00, 0x00, 0x00, 0x00, 
	0x00, 0x00, 0xfd, 0x9e, 0xfd, 0x9e, 0xfe, 0xf1, 
	0xff, 0xff, 0xff, 0xff, 0xff, 0xff, 0xff, 0xff, 
	0xff, 0xff, 0xff, 0xff, 0xff, 0xff, 0xff, 0xff, 
	0xff, 0xff, 0xdf, 0xbf, 0x96, 0x7d, 0x55, 0x3b, 
	0x34, 0xbb, 0x34, 0x7b, 0x3c, 0xbb, 0x75, 0x79, 
	0xdd, 0xeb, 0xfd, 0x9e, 0xfd, 0x9e, 0x00, 0x00, 
	0x00, 0x00, 0x00, 0x00, 0x00, 0x00, 0x00, 0x00, 
	0x00, 0x00, 0x00, 0x00, 0x00, 0x00, 0x00, 0x00, 
	0x00, 0x00, 0x00, 0x00, 0xfd, 0x9e, 0xfd, 0xe4, 
	0xff, 0x79, 0xff, 0xff, 0xff, 0xff, 0xff, 0xff, 
	0xff, 0xff, 0xff, 0xff, 0xff, 0xff, 0xff, 0xff, 
	0xff, 0xff, 0xff, 0xff, 0xef, 0xbf, 0xcf, 0x3f, 
	0xae, 0xbd, 0xa6, 0xbd, 0xb6, 0xfd, 0xe6, 0xb1, 
	0xfd, 0x9e, 0xfd, 0x9e, 0x00, 0x00, 0x00, 0x00, 
	0x00, 0x00, 0x00, 0x00, 0x00, 0x00, 0x00, 0x00, 
	0x00, 0x00, 0x00, 0x00, 0x00, 0x00, 0x00, 0x00, 
	0x00, 0x00, 0x00, 0x00, 0x00, 0x00, 0xfd, 0x9e, 
	0xfe, 0x24, 0xff, 0x79, 0xff, 0xff, 0xff, 0xff, 
	0xff, 0xff, 0xff, 0xff, 0xff, 0xff, 0xff, 0xff, 
	0xff, 0xff, 0xff, 0xff, 0xff, 0xff, 0xff, 0xff, 
	0xf7, 0xff, 0xf7, 0xbf, 0xf7, 0x79, 0xfd, 0xe2, 
	0xfd, 0x9e, 0x00, 0x00, 0x00, 0x00, 0x00, 0x00, 
	0x00, 0x00, 0x00, 0x00, 0x00, 0x00, 0x00, 0x00, 
	0x00, 0x00, 0x00, 0x00, 0x00, 0x00, 0x00, 0x00, 
	0x00, 0x00, 0x00, 0x00, 0x00, 0x00, 0xfd, 0x9e, 
	0xfd, 0x9e, 0xfd, 0xe4, 0xfe, 0xf1, 0xff, 0xbb, 
	0xff, 0xff, 0xff, 0xff, 0xff, 0xff, 0xff, 0xff, 
	0xff, 0xff, 0xff, 0xff, 0xff, 0xff, 0xff, 0xff, 
	0xff, 0xbb, 0xfe, 0xf1, 0xfd, 0xe0, 0xfd, 0x9e, 
	0x00, 0x00, 0x00, 0x00, 0x00, 0x00, 0x00, 0x00, 
	0x00, 0x00, 0x00, 0x00, 0x00, 0x00, 0x00, 0x00, 
	0x00, 0x00, 0x00, 0x00, 0x00, 0x00, 0x00, 0x00, 
	0x00, 0x00, 0x00, 0x00, 0x00, 0x00, 0x00, 0x00, 
	0x00, 0x00, 0xfd, 0x9e, 0xfd, 0x9e, 0xfe, 0x6b, 
	0xff, 0x79, 0xff, 0xff, 0xff, 0xff, 0xff, 0xff, 
	0xff, 0xff, 0xff, 0xff, 0xff, 0xbb, 0xfe, 0xf1, 
	0xfe, 0x69, 0xfd, 0x9e, 0xfd, 0x9e, 0x00, 0x00, 
	0x00, 0x00, 0x00, 0x00, 0x00, 0x00, 0x00, 0x00, 
	0x00, 0x00, 0x00, 0x00, 0x00, 0x00, 0x00, 0x00, 
	0x00, 0x00, 0x00, 0x00, 0x00, 0x00, 0x00, 0x00, 
	0x00, 0x00, 0x00, 0x00, 0x00, 0x00, 0x00, 0x00, 
	0x00, 0x00, 0x00, 0x00, 0x00, 0x00, 0x00, 0x00, 
	0x00, 0x00, 0x00, 0x00, 0x00, 0x00, 0x00, 0x00, 
	0x00, 0x00, 0x00, 0x00, 0x00, 0x00, 0x00, 0x00, 
	0x00, 0x00, 0x00, 0x00, 0x00, 0x00, 0x00, 0x00, 
	0x00, 0x00, 0x00, 0x00, 0x00, 0x00, 0x00, 0x00, 
	0x00, 0x00, 0x00, 0x00, 0x00, 0x00, 0x00, 0x00, 
	0x00, 0x00, 0x00, 0x00, 0x00, 0x00, 0x00, 0x00, 
	0x00, 0x00, 0x00, 0x00, 0x00, 0x00, 0x00, 0x00, 
	0x00, 0x00, 0x00, 0x00, 0x00, 0x00, 0x00, 0x00, 
	0x00, 0x00, 0x00, 0x00, 0x00, 0x00, 0x00, 0x00, 
	0x00, 0x00, 0x00, 0x00, 0x00, 0x00, 0x00, 0x00, 
	0x00, 0x00, 0x00, 0x00, 0x00, 0x00, 0x00, 0x00, 
	0x00, 0x00, 0x00, 0x00, 0x00, 0x00, 0x00, 0x00, 
	0x00, 0x00, 0x00, 0x00, 0x00, 0x00, 0x00, 0x00, 
	
};

Gfx mario_mario_sideburn_raymarch_aa_v1_idk_4_ia8_aligner[] = {gsSPEndDisplayList()};
u8 mario_mario_sideburn_raymarch_aa_v1_idk_4_ia8[] = {
	0x00, 0x00, 0x00, 0x00, 0x00, 0x00, 0x00, 0x00, 
	0x00, 0x00, 0x00, 0x00, 0x00, 0x00, 0x00, 0x00, 
	0x00, 0x00, 0x00, 0x00, 0x00, 0x00, 0x00, 0x00, 
	0x00, 0x00, 0x00, 0x00, 0x00, 0x00, 0x00, 0x00, 
	0x00, 0x00, 0x00, 0x00, 0x00, 0x00, 0xf6, 0xff, 
	0xfe, 0xfd, 0xfd, 0xec, 0xdb, 0xcb, 0xba, 0xa9, 
	0xa8, 0x98, 0x87, 0x86, 0x86, 0x85, 0x74, 0x74, 
	0x63, 0x62, 0x61, 0x51, 0x00, 0x00, 0x00, 0x00, 
	0x00, 0x00, 0x00, 0x00, 0x00, 0x00, 0x00, 0x00, 
	0x00, 0x00, 0x00, 0x00, 0x00, 0x00, 0x00, 0x00, 
	0x00, 0x00, 0x00, 0x00, 0x00, 0x00, 0x00, 0x00, 
	0x00, 0x00, 0x00, 0x00, 0x00, 0x00, 0x00, 0x00, 
	0x00, 0x00, 0x00, 0x00, 0x00, 0xf4, 0xff, 0xff, 
	0xff, 0xff, 0xff, 0xef, 0xcf, 0xbf, 0xaf, 0xaf, 
	0x9f, 0x9f, 0x8f, 0x8f, 0x8f, 0x7f, 0x7f, 0x7f, 
	0x6f, 0x6f, 0x6f, 0x6f, 0x6c, 0x00, 0x00, 0x00, 
	0x00, 0x00, 0x00, 0x00, 0x00, 0x00, 0x00, 0x00, 
	0x00, 0x00, 0x00, 0x00, 0x00, 0x00, 0x00, 0x00, 
	0x00, 0x00, 0x00, 0x00, 0x00, 0x00, 0x00, 0x00, 
	0x00, 0x00, 0x00, 0x00, 0x00, 0x00, 0x00, 0x00, 
	0x00, 0x00, 0x00, 0x00, 0xf2, 0xfe, 0xff, 0xff, 
	0xff, 0xff, 0xff, 0xef, 0xcf, 0xbf, 0xaf, 0xaf, 
	0x9f, 0x9f, 0x8f, 0x8f, 0x7f, 0x7f, 0x7f, 0x7f, 
	0x6f, 0x6f, 0x6f, 0x6f, 0x65, 0x00, 0x00, 0x00, 
	0x00, 0x00, 0x00, 0x00, 0x00, 0x00, 0x00, 0x00, 
	0x00, 0x00, 0x00, 0x00, 0x00, 0x00, 0x00, 0x00, 
	0x00, 0x00, 0x00, 0x00, 0x00, 0x00, 0x00, 0x00, 
	0x00, 0x00, 0x00, 0x00, 0x00, 0x00, 0x00, 0x00, 
	0x00, 0x00, 0x00, 0xf1, 0xfd, 0xff, 0xff, 0xff, 
	0xff, 0xff, 0xef, 0xdf, 0xbf, 0xbf, 0xaf, 0xaf, 
	0x9f, 0x9f, 0x8f, 0x8f, 0x8f, 0x8f, 0x7f, 0x7f, 
	0x7f, 0x6f, 0x6f, 0x6d, 0xf0, 0x00, 0x00, 0x00, 
	0x00, 0x00, 0x00, 0x00, 0x00, 0x00, 0x00, 0x00, 
	0x00, 0x00, 0x00, 0x00, 0x00, 0x00, 0x00, 0x00, 
	0x00, 0x00, 0x00, 0x00, 0x00, 0x00, 0x00, 0x00, 
	0x00, 0x00, 0x00, 0x00, 0x00, 0x00, 0x00, 0x00, 
	0x00, 0x00, 0xf1, 0xfb, 0xff, 0xff, 0xff, 0xff, 
	0xff, 0xff, 0xdf, 0xcf, 0xbf, 0xbf, 0xaf, 0xaf, 
	0x9f, 0x9f, 0x8f, 0x8f, 0x8f, 0x8f, 0x7f, 0x7f, 
	0x7f, 0x6f, 0x6f, 0x67, 0x00, 0x00, 0x00, 0x00, 
	0x00, 0x00, 0x00, 0x00, 0x00, 0x00, 0x00, 0x00, 
	0x00, 0x00, 0x00, 0x00, 0x00, 0x00, 0x00, 0x00, 
	0x00, 0x00, 0x00, 0x00, 0x00, 0x00, 0x00, 0x00, 
	0x00, 0x00, 0x00, 0x00, 0x00, 0x00, 0x00, 0x00, 
	0x00, 0x00, 0xf9, 0xff, 0xff, 0xff, 0xff, 0xff, 
	0xef, 0xef, 0xcf, 0xbf, 0xbf, 0xaf, 0x9f, 0x9f, 
	0x9f, 0x8f, 0x8f, 0x8f, 0x8f, 0x8f, 0x7f, 0x7f, 
	0x6f, 0x6f, 0x6f, 0x71, 0x00, 0x00, 0x00, 0x00, 
	0x00, 0x00, 0x00, 0x00, 0x00, 0x00, 0x00, 0x00, 
	0x00, 0x00, 0x00, 0x00, 0x00, 0x00, 0x00, 0x00, 
	0x00, 0x00, 0x00, 0x00, 0x00, 0x00, 0x00, 0x00, 
	0x00, 0x00, 0x00, 0x00, 0x00, 0x00, 0x00, 0x00, 
	0x00, 0xf7, 0xff, 0xff, 0xff, 0xff, 0xff, 0xff, 
	0xef, 0xdf, 0xbf, 0xbf, 0xbf, 0xaf, 0x9f, 0x9f, 
	0x9f, 0x8f, 0x8f, 0x8f, 0x8f, 0x8f, 0x7f, 0x7f, 
	0x6f, 0x6f, 0x69, 0x00, 0x00, 0x00, 0x00, 0x00, 
	0x00, 0x00, 0x00, 0x00, 0x00, 0x00, 0x00, 0x00, 
	0x00, 0x00, 0x00, 0x00, 0x00, 0x00, 0x00, 0x00, 
	0x00, 0x00, 0x00, 0x00, 0x00, 0x00, 0x00, 0x00, 
	0x00, 0x00, 0x00, 0x00, 0x00, 0x00, 0x00, 0x00, 
	0xf7, 0xff, 0xff, 0xff, 0xff, 0xff, 0xef, 0xef, 
	0xcf, 0xbf, 0xbf, 0xaf, 0xaf, 0x9f, 0x9f, 0x9f, 
	0x8f, 0x8f, 0x8f, 0x8f, 0x8f, 0x7f, 0x7f, 0x6f, 
	0x6f, 0x6f, 0x63, 0x00, 0x00, 0x00, 0x00, 0x00, 
	0x00, 0x00, 0x00, 0x00, 0x00, 0x00, 0x00, 0x00, 
	0x00, 0x00, 0x00, 0x00, 0x00, 0x00, 0x00, 0x00, 
	0x00, 0x00, 0x00, 0x00, 0x00, 0x00, 0x00, 0x00, 
	0x00, 0x00, 0x00, 0x00, 0x00, 0x00, 0xf0, 0xf9, 
	0xff, 0xff, 0xff, 0xff, 0xef, 0xef, 0xdf, 0xcf, 
	0xbf, 0xaf, 0xaf, 0xaf, 0x9f, 0x9f, 0x9f, 0x9f, 
	0x8f, 0x8f, 0x8f, 0x8f, 0x8f, 0x7f, 0x7f, 0x6f, 
	0x6f, 0x6b, 0x00, 0x00, 0x00, 0x00, 0x00, 0x00, 
	0x00, 0x00, 0x00, 0x00, 0x00, 0x00, 0x00, 0x00, 
	0x00, 0x00, 0x00, 0x00, 0x00, 0x00, 0x00, 0x00, 
	0x00, 0x00, 0x00, 0x00, 0x00, 0x00, 0x00, 0x00, 
	0x00, 0x00, 0x00, 0x00, 0x00, 0xf2, 0xfd, 0xff, 
	0xff, 0xef, 0xff, 0xef, 0xef, 0xef, 0xcf, 0xcf, 
	0xbf, 0xaf, 0xaf, 0x9f, 0x9f, 0x9f, 0x9f, 0x9f, 
	0x8f, 0x8f, 0x8f, 0x8f, 0x7f, 0x7f, 0x7f, 0x6f, 
	0x6f, 0x52, 0x00, 0x00, 0x00, 0x00, 0x00, 0x00, 
	0x00, 0x00, 0x00, 0x00, 0x00, 0x00, 0x00, 0x00, 
	0x00, 0x00, 0x00, 0x00, 0x00, 0x00, 0xf4, 0xfb, 
	0xff, 0xff, 0xff, 0xff, 0xff, 0xfd, 0xfa, 0xf7, 
	0xf4, 0xf1, 0x00, 0x00, 0xf5, 0xfe, 0xff, 0xff, 
	0xff, 0xef, 0xef, 0xef, 0xcf, 0xcf, 0xbf, 0xbf, 
	0xaf, 0x9f, 0x9f, 0x9f, 0x9f, 0x9f, 0x9f, 0x8f, 
	0x8f, 0x8f, 0x8f, 0x8f, 0x7f, 0x7f, 0x6f, 0x6f, 
	0x69, 0x00, 0x00, 0x00, 0x00, 0x00, 0x00, 0x00, 
	0x00, 0x00, 0x00, 0x00, 0x00, 0x00, 0x00, 0x00, 
	0x00, 0x00, 0x00, 0x00, 0xf4, 0xeb, 0xff, 0xff, 
	0xff, 0xff, 0xff, 0xff, 0xff, 0xff, 0xff, 0xff, 
	0xff, 0xff, 0xff, 0xff, 0xff, 0xff, 0xff, 0xff, 
	0xef, 0xef, 0xdf, 0xcf, 0xbf, 0xbf, 0xaf, 0xaf, 
	0x9f, 0x9f, 0x9f, 0x9f, 0x9f, 0x9f, 0x8f, 0x8f, 
	0x8f, 0x8f, 0x7f, 0x7f, 0x7f, 0x7f, 0x6f, 0x6e, 
	0x61, 0x00, 0x00, 0x00, 0x00, 0x00, 0x00, 0x00, 
	0x00, 0x00, 0x00, 0x00, 0x00, 0x00, 0x00, 0x00, 
	0x00, 0x00, 0x00, 0xd5, 0xdf, 0xef, 0xff, 0xff, 
	0xff, 0xff, 0xff, 0xff, 0xff, 0xff, 0xff, 0xff, 
	0xff, 0xff, 0xff, 0xff, 0xef, 0xef, 0xdf, 0xdf, 
	0xbf, 0xbf, 0xbf, 0xbf, 0xaf, 0xaf, 0x9f, 0x9f, 
	0x9f, 0x9f, 0x9f, 0x9f, 0x8f, 0x8f, 0x8f, 0x8f, 
	0x8f, 0x8f, 0x7f, 0x7f, 0x7f, 0x6f, 0x6f, 0x67, 
	0x00, 0x00, 0x00, 0x00, 0x00, 0x00, 0x00, 0x00, 
	0x00, 0x00, 0x00, 0x00, 0x00, 0x00, 0x00, 0x00, 
	0x00, 0x00, 0xd1, 0xbe, 0xcf, 0xdf, 0xef, 0xff, 
	0xff, 0xff, 0xff, 0xff, 0xff, 0xff, 0xff, 0xff, 
	0xff, 0xff, 0xff, 0xef, 0xef, 0xdf, 0xcf, 0xbf, 
	0xbf, 0xbf, 0xaf, 0xaf, 0xaf, 0x9f, 0x9f, 0x9f, 
	0x9f, 0x9f, 0x9f, 0x8f, 0x8f, 0x8f, 0x8f, 0x8f, 
	0x8f, 0x7f, 0x7f, 0x7f, 0x7f, 0x6f, 0x6d, 0x80, 
	0x00, 0x00, 0x00, 0x00, 0x00, 0x00, 0x00, 0x00, 
	0x00, 0x00, 0x00, 0x00, 0x00, 0x00, 0x00, 0x00, 
	0x00, 0x00, 0xaa, 0xaf, 0xbf, 0xbf, 0xcf, 0xcf, 
	0xef, 0xef, 0xef, 0xef, 0xef, 0xef, 0xef, 0xdf, 
	0xdf, 0xdf, 0xcf, 0xbf, 0xbf, 0xbf, 0xaf, 0xaf, 
	0xaf, 0xaf, 0x9f, 0x9f, 0x9f, 0x9f, 0x9f, 0x9f, 
	0x9f, 0x8f, 0x8f, 0x8f, 0x8f, 0x8f, 0x8f, 0x8f, 
	0x7f, 0x7f, 0x7f, 0x7f, 0x6f, 0x6f, 0x66, 0x00, 
	0x00, 0x00, 0x00, 0x00, 0x00, 0x00, 0x00, 0x00, 
	0x00, 0x00, 0x00, 0x00, 0x00, 0x00, 0x00, 0x00, 
	0x00, 0x00, 0xad, 0xaf, 0xaf, 0xaf, 0xbf, 0xbf, 
	0xbf, 0xcf, 0xcf, 0xcf, 0xbf, 0xbf, 0xbf, 0xbf, 
	0xbf, 0xbf, 0xbf, 0xbf, 0xaf, 0xaf, 0xaf, 0x9f, 
	0x9f, 0x9f, 0x9f, 0x9f, 0x9f, 0x9f, 0x9f, 0x9f, 
	0x8f, 0x8f, 0x8f, 0x8f, 0x8f, 0x8f, 0x8f, 0x8f, 
	0x7f, 0x7f, 0x7f, 0x7f, 0x6f, 0x6c, 0xf1, 0x00, 
	0x00, 0x00, 0x00, 0x00, 0x00, 0x00, 0x00, 0x00, 
	0x00, 0x00, 0x00, 0x00, 0x00, 0x00, 0x00, 0x00, 
	0x00, 0x00, 0xb7, 0xaf, 0x9f, 0x9f, 0xaf, 0xaf, 
	0xaf, 0xaf, 0xaf, 0xaf, 0xaf, 0xaf, 0xaf, 0xaf, 
	0xaf, 0xaf, 0xaf, 0xaf, 0x9f, 0x9f, 0x9f, 0x9f, 
	0x9f, 0x9f, 0x9f, 0x9f, 0x9f, 0x9f, 0x9f, 0x8f, 
	0x8f, 0x8f, 0x8f, 0x8f, 0x8f, 0x8f, 0x7f, 0x7f, 
	0x7f, 0x7f, 0x6f, 0x6f, 0x6f, 0x64, 0x00, 0x00, 
	0x00, 0x00, 0x00, 0x00, 0x00, 0x00, 0x00, 0x00, 
	0x00, 0x00, 0x00, 0x00, 0x00, 0x00, 0x00, 0x00, 
	0x00, 0x00, 0xd2, 0xaf, 0x9f, 0x9f, 0xaf, 0xaf, 
	0xaf, 0xaf, 0xaf, 0xaf, 0xaf, 0xaf, 0xaf, 0xaf, 
	0xaf, 0xaf, 0x9f, 0x9f, 0x9f, 0x9f, 0x9f, 0x9f, 
	0x9f, 0x9f, 0x9f, 0x9f, 0x9f, 0x8f, 0x8f, 0x8f, 
	0x8f, 0x8f, 0x8f, 0x8f, 0x8f, 0x8f, 0x7f, 0x7f, 
	0x7f, 0x7f, 0x6f, 0x6f, 0x67, 0x00, 0x00, 0x00, 
	0x00, 0x00, 0x00, 0x00, 0x00, 0x00, 0x00, 0x00, 
	0x00, 0x00, 0x00, 0x00, 0x00, 0x00, 0x00, 0x00, 
	0x00, 0x00, 0x00, 0xd4, 0xbb, 0xbf, 0xbf, 0xaf, 
	0x9f, 0x9f, 0x9f, 0x9f, 0x9f, 0x9f, 0x9f, 0x9f, 
	0x9f, 0x9f, 0x9f, 0x9f, 0x9f, 0x9f, 0x9f, 0x9f, 
	0x9f, 0x9f, 0x9f, 0x8f, 0x8f, 0x8f, 0x8f, 0x8f, 
	0x8f, 0x8f, 0x8f, 0x8f, 0x7f, 0x7f, 0x7f, 0x7f, 
	0x7f, 0x6f, 0x6f, 0x67, 0x00, 0x00, 0x00, 0x00, 
	0x00, 0x00, 0x00, 0x00, 0x00, 0x00, 0x00, 0x00, 
	0x00, 0x00, 0x00, 0x00, 0x00, 0x00, 0xf4, 0xfb, 
	0xff, 0xff, 0xff, 0xff, 0xff, 0xff, 0xcf, 0xbf, 
	0xaf, 0xaf, 0x9f, 0x9f, 0x9f, 0x9f, 0x9f, 0x9f, 
	0x9f, 0x9f, 0x9f, 0x9f, 0x9f, 0x9f, 0x9f, 0x9f, 
	0x9f, 0x8f, 0x8f, 0x8f, 0x8f, 0x8f, 0x8f, 0x8f, 
	0x8f, 0x8f, 0x7f, 0x7f, 0x7f, 0x7f, 0x7f, 0x7f, 
	0x6f, 0x6f, 0x67, 0x00, 0x00, 0x00, 0x00, 0x00, 
	0x00, 0x00, 0x00, 0x00, 0x00, 0x00, 0x00, 0x00, 
	0x00, 0x00, 0x00, 0x00, 0x94, 0xab, 0xcf, 0xdf, 
	0xff, 0xff, 0xff, 0xff, 0xff, 0xff, 0xdf, 0xbf, 
	0xaf, 0xaf, 0x9f, 0x9f, 0x9f, 0x9f, 0x9f, 0x9f, 
	0x9f, 0x9f, 0x9f, 0x9f, 0x9f, 0x9f, 0x8f, 0x8f, 
	0x8f, 0x8f, 0x8f, 0x8f, 0x8f, 0x8f, 0x8f, 0x8f, 
	0x7f, 0x7f, 0x7f, 0x7f, 0x7f, 0x7f, 0x6f, 0x6f, 
	0x6f, 0x67, 0x00, 0x00, 0x00, 0x00, 0x00, 0x00, 
	0x00, 0x00, 0x00, 0x00, 0x00, 0x00, 0x00, 0x00, 
	0x00, 0x00, 0x00, 0x85, 0x8f, 0x9f, 0xbf, 0xcf, 
	0xef, 0xef, 0xff, 0xef, 0xff, 0xef, 0xcf, 0xbf, 
	0xaf, 0x9f, 0x9f, 0x9f, 0x9f, 0x9f, 0x9f, 0x9f, 
	0x9f, 0x9f, 0x9f, 0x9f, 0x9f, 0x9f, 0x8f, 0x8f, 
	0x8f, 0x8f, 0x8f, 0x8f, 0x8f, 0x8f, 0x8f, 0x8f, 
	0x7f, 0x7f, 0x7f, 0x7f, 0x7f, 0x7f, 0x6f, 0x6f, 
	0x67, 0x00, 0x00, 0x00, 0x00, 0x00, 0x00, 0x00, 
	0x00, 0x00, 0x00, 0x00, 0x00, 0x00, 0x00, 0x00, 
	0x00, 0x00, 0x81, 0x7e, 0x7f, 0x7f, 0x8f, 0x9f, 
	0x9f, 0xaf, 0xaf, 0xaf, 0xbf, 0xbf, 0xaf, 0x9f, 
	0x9f, 0x9f, 0x9f, 0x9f, 0x9f, 0x9f, 0x9f, 0x8f, 
	0x8f, 0x8f, 0x8f, 0x8f, 0x8f, 0x8f, 0x8f, 0x8f, 
	0x8f, 0x8f, 0x8f, 0x8f, 0x8f, 0x7f, 0x7f, 0x7f, 
	0x7f, 0x7f, 0x7f, 0x6f, 0x6f, 0x6f, 0x6f, 0x67, 
	0x00, 0x00, 0x00, 0x00, 0x00, 0x00, 0x00, 0x00, 
	0x00, 0x00, 0x00, 0x00, 0x00, 0x00, 0x00, 0x00, 
	0x00, 0x00, 0x7a, 0x7f, 0x6f, 0x6f, 0x7f, 0x7f, 
	0x8f, 0x8f, 0x8f, 0x9f, 0x9f, 0x9f, 0x9f, 0x9f, 
	0x8f, 0x8f, 0x8f, 0x8f, 0x8f, 0x8f, 0x8f, 0x8f, 
	0x8f, 0x8f, 0x8f, 0x8f, 0x8f, 0x8f, 0x8f, 0x8f, 
	0x8f, 0x8f, 0x7f, 0x7f, 0x7f, 0x7f, 0x7f, 0x7f, 
	0x7f, 0x7f, 0x6f, 0x6f, 0x6f, 0x6e, 0x65, 0x00, 
	0x00, 0x00, 0x00, 0x00, 0x00, 0x00, 0x00, 0x00, 
	0x00, 0x00, 0x00, 0x00, 0x00, 0x00, 0x00, 0x00, 
	0x00, 0x00, 0x6b, 0x6f, 0x6f, 0x6f, 0x7f, 0x7f, 
	0x8f, 0x8f, 0x8f, 0x8f, 0x8f, 0x8f, 0x9f, 0x9f, 
	0x8f, 0x8f, 0x8f, 0x8f, 0x8f, 0x8f, 0x8f, 0x8f, 
	0x8f, 0x8f, 0x8f, 0x8f, 0x8f, 0x8f, 0x8f, 0x8f, 
	0x8f, 0x8f, 0x7f, 0x7f, 0x7f, 0x7f, 0x7f, 0x7f, 
	0x6f, 0x6f, 0x6f, 0x6f, 0x6a, 0x61, 0x00, 0x00, 
	0x00, 0x00, 0x00, 0x00, 0x00, 0x00, 0x00, 0x00, 
	0x00, 0x00, 0x00, 0x00, 0x00, 0x00, 0x00, 0x00, 
	0x00, 0x00, 0x64, 0x6f, 0x6f, 0x6f, 0x7f, 0x7f, 
	0x7f, 0x7f, 0x7f, 0x7f, 0x7f, 0x7f, 0x8f, 0x8f, 
	0x8f, 0x8f, 0x8f, 0x8f, 0x8f, 0x8f, 0x8f, 0x8f, 
	0x8f, 0x8f, 0x8f, 0x8f, 0x8f, 0x7f, 0x7f, 0x7f, 
	0x7f, 0x7f, 0x7f, 0x6f, 0x6f, 0x6f, 0x6f, 0x6f, 
	0x6f, 0x6f, 0x6e, 0x65, 0x00, 0x00, 0x00, 0x00, 
	0x00, 0x00, 0x00, 0x00, 0x00, 0x00, 0x00, 0x00, 
	0x00, 0x00, 0x00, 0x00, 0x00, 0x00, 0x00, 0x00, 
	0x00, 0x00, 0x00, 0x6b, 0x6f, 0x6f, 0x6f, 0x6f, 
	0x7f, 0x7f, 0x7f, 0x7f, 0x7f, 0x7f, 0x7f, 0x7f, 
	0x7f, 0x7f, 0x7f, 0x7f, 0x7f, 0x7f, 0x7f, 0x7f, 
	0x7f, 0x7f, 0x7f, 0x7f, 0x7f, 0x7f, 0x7f, 0x7f, 
	0x7f, 0x7f, 0x6f, 0x6f, 0x6f, 0x6f, 0x6f, 0x6f, 
	0x6f, 0x69, 0x80, 0x00, 0x00, 0x00, 0x00, 0x00, 
	0x00, 0x00, 0x00, 0x00, 0x00, 0x00, 0x00, 0x00, 
	0x00, 0x00, 0x00, 0x00, 0x00, 0x00, 0x00, 0x00, 
	0x00, 0x00, 0x00, 0x64, 0x6f, 0x6f, 0x6f, 0x6f, 
	0x6f, 0x6f, 0x6f, 0x6f, 0x6f, 0x6f, 0x6f, 0x7f, 
	0x7f, 0x7f, 0x7f, 0x7f, 0x7f, 0x7f, 0x7f, 0x7f, 
	0x7f, 0x7f, 0x7f, 0x7f, 0x7f, 0x7f, 0x6f, 0x6f, 
	0x6f, 0x6f, 0x6f, 0x6f, 0x6f, 0x6f, 0x6f, 0x6b, 
	0x51, 0x00, 0x00, 0x00, 0x00, 0x00, 0x00, 0x00, 
	0x00, 0x00, 0x00, 0x00, 0x00, 0x00, 0x00, 0x00, 
	0x00, 0x00, 0x00, 0x00, 0x00, 0x00, 0x00, 0x00, 
	0x00, 0x00, 0x00, 0x00, 0x64, 0x6b, 0x6f, 0x6f, 
	0x6f, 0x6f, 0x6f, 0x6f, 0x6f, 0x6f, 0x6f, 0x6f, 
	0x7f, 0x7f, 0x7f, 0x7f, 0x7f, 0x7f, 0x7f, 0x7f, 
	0x7f, 0x7f, 0x7f, 0x7f, 0x7f, 0x7f, 0x6f, 0x6f, 
	0x6f, 0x6f, 0x6f, 0x6f, 0x6f, 0x69, 0x52, 0x00, 
	0x00, 0x00, 0x00, 0x00, 0x00, 0x00, 0x00, 0x00, 
	0x00, 0x00, 0x00, 0x00, 0x00, 0x00, 0x00, 0x00, 
	0x00, 0x00, 0x00, 0x00, 0x00, 0x00, 0x00, 0x00, 
	0x00, 0x00, 0x00, 0x00, 0x00, 0x00, 0x64, 0x6b, 
	0x6f, 0x6f, 0x6f, 0x5f, 0x6f, 0x6f, 0x6f, 0x6f, 
	0x6f, 0x6f, 0x6f, 0x6f, 0x6f, 0x6f, 0x6f, 0x6f, 
	0x6f, 0x6f, 0x6f, 0x6f, 0x6f, 0x6f, 0x6f, 0x6f, 
	0x6f, 0x6d, 0x69, 0x63, 0xb0, 0x00, 0x00, 0x00, 
	0x00, 0x00, 0x00, 0x00, 0x00, 0x00, 0x00, 0x00, 
	0x00, 0x00, 0x00, 0x00, 0x00, 0x00, 0x00, 0x00, 
	0x00, 0x00, 0x00, 0x00, 0x00, 0x00, 0x00, 0x00, 
	0x00, 0x00, 0x00, 0x00, 0x00, 0x00, 0x00, 0x00, 
	0x51, 0x63, 0x65, 0x67, 0x69, 0x6c, 0x6e, 0x6f, 
	0x6f, 0x6f, 0x6f, 0x6f, 0x6f, 0x6f, 0x6f, 0x6f, 
	0x6f, 0x6f, 0x6f, 0x6f, 0x6d, 0x6a, 0x67, 0x64, 
	0x61, 0x00, 0x00, 0x00, 0x00, 0x00, 0x00, 0x00, 
	0x00, 0x00, 0x00, 0x00, 0x00, 0x00, 0x00, 0x00, 
	0x00, 0x00, 0x00, 0x00, 0x00, 0x00, 0x00, 0x00, 
	0x00, 0x00, 0x00, 0x00, 0x00, 0x00, 0x00, 0x00, 
	0x00, 0x00, 0x00, 0x00, 0x00, 0x00, 0x00, 0x00, 
	0x00, 0x00, 0x00, 0x00, 0x00, 0x00, 0x00, 0x00, 
	0x00, 0x00, 0x00, 0x00, 0x00, 0x00, 0x00, 0x00, 
	0x00, 0x00, 0x00, 0x00, 0x00, 0x00, 0x00, 0x00, 
	0x00, 0x00, 0x00, 0x00, 0x00, 0x00, 0x00, 0x00, 
	0x00, 0x00, 0x00, 0x00, 0x00, 0x00, 0x00, 0x00, 
	0x00, 0x00, 0x00, 0x00, 0x00, 0x00, 0x00, 0x00, 
	0x00, 0x00, 0x00, 0x00, 0x00, 0x00, 0x00, 0x00, 
	
};

Gfx mario_Unbenannt_1_ci4_aligner[] = {gsSPEndDisplayList()};
u8 mario_Unbenannt_1_ci4[] = {
	0x00, 0x00, 0x00, 0x00, 0x11, 0x00, 0x00, 0x00, 
	0x11, 0x02, 0x34, 0x20, 0x11, 0x04, 0x55, 0x40, 
	0x11, 0x26, 0x55, 0x60, 0x11, 0x26, 0x55, 0x60, 
	0x11, 0x26, 0x55, 0x60, 0x11, 0x26, 0x55, 0x60, 
	0x11, 0x26, 0x55, 0x60, 0x11, 0x04, 0x55, 0x60, 
	0x11, 0x03, 0x66, 0x30, 0x11, 0x00, 0x77, 0x20, 
	0x11, 0x00, 0x00, 0x00, 0x11, 0x00, 0x00, 0x00, 
	0x11, 0x00, 0x00, 0x00, 0x11, 0x00, 0x00, 0x00, 
	
};

Gfx mario_Unbenannt_1_pal_rgba16_aligner[] = {gsSPEndDisplayList()};
u8 mario_Unbenannt_1_pal_rgba16[] = {
	0xff, 0xff, 0xf7, 0xbf, 0xf7, 0xbd, 0xe7, 0x39, 
	0xde, 0xf7, 0xce, 0x73, 0xd6, 0xb5, 0xef, 0x7b, 
	
};

Gfx mario_mario_shoe__copy__ci4_aligner[] = {gsSPEndDisplayList()};
u8 mario_mario_shoe__copy__ci4[] = {
	0x00, 0x00, 0x01, 0x23, 0x44, 0x44, 0x44, 0x44, 
	0x00, 0x00, 0x01, 0x23, 0x44, 0x44, 0x44, 0x44, 
	0x00, 0x00, 0x01, 0x23, 0x44, 0x44, 0x44, 0x44, 
	0x00, 0x00, 0x01, 0x23, 0x44, 0x44, 0x44, 0x44, 
	0x00, 0x00, 0x01, 0x23, 0x44, 0x44, 0x44, 0x44, 
	0x00, 0x00, 0x01, 0x23, 0x44, 0x44, 0x44, 0x44, 
	0x00, 0x00, 0x01, 0x23, 0x44, 0x44, 0x44, 0x44, 
	0x00, 0x00, 0x01, 0x23, 0x44, 0x44, 0x44, 0x44, 
	
};

Gfx mario_mario_shoe__copy__pal_rgba16_aligner[] = {gsSPEndDisplayList()};
u8 mario_mario_shoe__copy__pal_rgba16[] = {
	0x9a, 0x45, 0x92, 0x05, 0x81, 0x83, 0x69, 0x01, 
	0x69, 0x00, 
};

Vtx mario_000_offset_mesh_layer_1_vtx_0[40] = {
	{{ {40, -11, -112}, 0, {-16, -16}, {35, 238, 135, 255} }},
	{{ {20, -9, -113}, 0, {-16, -16}, {183, 99, 30, 255} }},
	{{ {17, 36, -97}, 0, {-16, -16}, {162, 75, 215, 255} }},
	{{ {20, -9, 112}, 0, {-16, -16}, {13, 134, 224, 255} }},
	{{ {39, -56, 85}, 0, {-16, -16}, {11, 182, 103, 255} }},
	{{ {40, -9, 109}, 0, {-16, -16}, {36, 239, 121, 255} }},
	{{ {40, -11, -112}, 0, {-16, -16}, {35, 238, 135, 255} }},
	{{ {39, -55, -85}, 0, {-16, -16}, {55, 175, 175, 255} }},
	{{ {16, -52, -93}, 0, {-16, -16}, {206, 155, 196, 255} }},
	{{ {28, -80, -50}, 0, {-16, -16}, {10, 135, 219, 255} }},
	{{ {9, -77, -55}, 0, {-16, -16}, {183, 165, 205, 255} }},
	{{ {-7, -79, -1}, 0, {-16, -16}, {228, 197, 147, 255} }},
	{{ {28, -80, 49}, 0, {-16, -16}, {246, 134, 33, 255} }},
	{{ {-10, -75, 59}, 0, {-16, -16}, {196, 148, 30, 255} }},
	{{ {16, -53, 92}, 0, {-16, -16}, {156, 177, 253, 255} }},
	{{ {20, -9, 112}, 0, {-16, -16}, {13, 134, 224, 255} }},
	{{ {-12, -77, -32}, 0, {-16, -16}, {25, 13, 132, 255} }},
	{{ {-10, -75, -59}, 0, {-16, -16}, {243, 10, 130, 255} }},
	{{ {46, 43, -98}, 0, {-16, -16}, {17, 63, 147, 255} }},
	{{ {40, -11, -112}, 0, {-16, -16}, {35, 238, 135, 255} }},
	{{ {17, 85, -52}, 0, {-16, -16}, {214, 113, 217, 255} }},
	{{ {2, 67, -66}, 0, {-16, -16}, {165, 29, 84, 255} }},
	{{ {-5, 66, -25}, 0, {-16, -16}, {15, 83, 161, 255} }},
	{{ {8, 75, -30}, 0, {-16, -16}, {169, 80, 46, 255} }},
	{{ {-3, 64, -9}, 0, {-16, -16}, {192, 251, 110, 255} }},
	{{ {-12, 0, -11}, 0, {-16, -16}, {229, 132, 5, 255} }},
	{{ {24, 89, -28}, 0, {-16, -16}, {207, 116, 243, 255} }},
	{{ {-7, 75, 30}, 0, {-16, -16}, {193, 61, 165, 255} }},
	{{ {24, 89, 28}, 0, {-16, -16}, {221, 120, 23, 255} }},
	{{ {29, 78, 68}, 0, {-16, -16}, {239, 109, 64, 255} }},
	{{ {2, 64, 60}, 0, {-16, -16}, {219, 82, 90, 255} }},
	{{ {19, 36, 102}, 0, {-16, -16}, {207, 226, 113, 255} }},
	{{ {19, 36, 102}, 0, {-16, -16}, {207, 226, 113, 255} }},
	{{ {46, 43, 98}, 0, {-16, -16}, {8, 38, 121, 255} }},
	{{ {29, 78, 68}, 0, {-16, -16}, {239, 109, 64, 255} }},
	{{ {40, -9, 109}, 0, {-16, -16}, {36, 239, 121, 255} }},
	{{ {20, -9, 112}, 0, {-16, -16}, {13, 134, 224, 255} }},
	{{ {8, 75, -30}, 0, {-16, -16}, {169, 80, 46, 255} }},
	{{ {24, 89, -28}, 0, {-16, -16}, {207, 116, 243, 255} }},
	{{ {17, 85, -52}, 0, {-16, -16}, {214, 113, 217, 255} }},
};

Gfx mario_000_offset_mesh_layer_1_tri_0[] = {
	gsSPVertex(mario_000_offset_mesh_layer_1_vtx_0 + 0, 32, 0),
	gsSP2Triangles(0, 1, 2, 0, 3, 4, 5, 0),
	gsSP2Triangles(1, 6, 7, 0, 7, 8, 1, 0),
	gsSP2Triangles(8, 7, 9, 0, 10, 8, 9, 0),
	gsSP2Triangles(11, 10, 9, 0, 12, 11, 9, 0),
	gsSP2Triangles(12, 13, 11, 0, 14, 13, 12, 0),
	gsSP2Triangles(12, 4, 14, 0, 15, 14, 4, 0),
	gsSP2Triangles(16, 10, 11, 0, 16, 17, 10, 0),
	gsSP2Triangles(10, 17, 8, 0, 2, 18, 19, 0),
	gsSP2Triangles(2, 20, 18, 0, 2, 21, 20, 0),
	gsSP2Triangles(21, 22, 20, 0, 23, 20, 22, 0),
	gsSP2Triangles(24, 23, 22, 0, 22, 25, 24, 0),
	gsSP2Triangles(11, 24, 25, 0, 24, 26, 23, 0),
	gsSP2Triangles(24, 27, 26, 0, 27, 28, 26, 0),
	gsSP2Triangles(29, 28, 27, 0, 29, 27, 30, 0),
	gsSP1Triangle(29, 30, 31, 0),
	gsSPVertex(mario_000_offset_mesh_layer_1_vtx_0 + 32, 8, 0),
	gsSP2Triangles(0, 1, 2, 0, 0, 3, 1, 0),
	gsSP2Triangles(0, 4, 3, 0, 5, 6, 7, 0),
	gsSPEndDisplayList(),
};

Vtx mario_000_offset_001_skinned_mesh_layer_1_vtx_0[15] = {
	{{ {46, 43, -98}, 0, {-16, -16}, {17, 63, 147, 255} }},
	{{ {40, -11, -112}, 0, {-16, -16}, {35, 238, 135, 255} }},
	{{ {40, -11, -112}, 0, {-16, -16}, {35, 238, 135, 255} }},
	{{ {40, -9, 109}, 0, {-16, -16}, {36, 239, 121, 255} }},
	{{ {39, -56, 85}, 0, {-16, -16}, {11, 182, 103, 255} }},
	{{ {40, -9, 109}, 0, {-16, -16}, {36, 239, 121, 255} }},
	{{ {28, -80, 49}, 0, {-16, -16}, {246, 134, 33, 255} }},
	{{ {28, -80, -50}, 0, {-16, -16}, {10, 135, 219, 255} }},
	{{ {40, -11, -112}, 0, {-16, -16}, {35, 238, 135, 255} }},
	{{ {39, -55, -85}, 0, {-16, -16}, {55, 175, 175, 255} }},
	{{ {29, 78, 68}, 0, {-16, -16}, {239, 109, 64, 255} }},
	{{ {46, 43, 98}, 0, {-16, -16}, {8, 38, 121, 255} }},
	{{ {24, 89, 28}, 0, {-16, -16}, {221, 120, 23, 255} }},
	{{ {24, 89, -28}, 0, {-16, -16}, {207, 116, 243, 255} }},
	{{ {17, 85, -52}, 0, {-16, -16}, {214, 113, 217, 255} }},
};

Gfx mario_000_offset_001_skinned_mesh_layer_1_tri_0[] = {
	gsSPVertex(mario_000_offset_001_skinned_mesh_layer_1_vtx_0 + 0, 15, 0),
	gsSPEndDisplayList(),
};

Vtx mario_000_offset_001_mesh_layer_1_vtx_0[19] = {
	{{ {-37, 92, 26}, 0, {-16, -16}, {225, 122, 18, 255} }},
	{{ {-20, 35, -100}, 0, {-16, -16}, {15, 31, 134, 255} }},
	{{ {-30, 68, -82}, 0, {-16, -16}, {223, 79, 162, 255} }},
	{{ {-31, 78, -66}, 0, {-16, -16}, {230, 108, 194, 255} }},
	{{ {-18, -15, -99}, 0, {-16, -16}, {38, 219, 141, 255} }},
	{{ {-18, -10, 101}, 0, {-16, -16}, {28, 235, 122, 255} }},
	{{ {-24, 28, 98}, 0, {-16, -16}, {37, 14, 121, 255} }},
	{{ {-24, -75, 74}, 0, {-16, -16}, {248, 155, 76, 255} }},
	{{ {-31, -87, 2}, 0, {-16, -16}, {246, 129, 253, 255} }},
	{{ {-32, -72, -62}, 0, {-16, -16}, {14, 147, 192, 255} }},
	{{ {-31, -87, 2}, 0, {-16, -16}, {246, 129, 253, 255} }},
	{{ {-19, 56, 95}, 0, {-16, -16}, {250, 54, 115, 255} }},
	{{ {-31, 77, 60}, 0, {-16, -16}, {232, 111, 57, 255} }},
	{{ {-37, 92, 26}, 0, {-16, -16}, {225, 122, 18, 255} }},
	{{ {-37, 92, -27}, 0, {-16, -16}, {228, 123, 238, 255} }},
	{{ {-37, 92, 26}, 0, {-16, -16}, {225, 122, 18, 255} }},
	{{ {-31, 78, -66}, 0, {-16, -16}, {230, 108, 194, 255} }},
	{{ {-24, 28, 98}, 0, {-16, -16}, {37, 14, 121, 255} }},
	{{ {-19, 56, 95}, 0, {-16, -16}, {250, 54, 115, 255} }},
};

Gfx mario_000_offset_001_mesh_layer_1_tri_0[] = {
	gsSPVertex(mario_000_offset_001_mesh_layer_1_vtx_0 + 0, 17, 15),
	gsSP2Triangles(13, 12, 15, 0, 0, 16, 1, 0),
	gsSP2Triangles(0, 17, 16, 0, 14, 17, 0, 0),
	gsSP2Triangles(14, 18, 17, 0, 2, 16, 19, 0),
	gsSP2Triangles(3, 20, 21, 0, 5, 4, 20, 0),
	gsSP2Triangles(4, 22, 20, 0, 6, 22, 4, 0),
	gsSP2Triangles(6, 23, 22, 0, 7, 23, 6, 0),
	gsSP2Triangles(7, 24, 25, 0, 9, 24, 7, 0),
	gsSP2Triangles(9, 19, 24, 0, 8, 19, 9, 0),
	gsSP2Triangles(10, 11, 26, 0, 10, 26, 27, 0),
	gsSP2Triangles(12, 10, 27, 0, 12, 27, 28, 0),
	gsSP2Triangles(29, 13, 30, 0, 13, 29, 31, 0),
	gsSP2Triangles(13, 31, 14, 0, 11, 5, 21, 0),
	gsSPVertex(mario_000_offset_001_mesh_layer_1_vtx_0 + 17, 2, 15),
	gsSP1Triangle(11, 15, 16, 0),
	gsSPEndDisplayList(),
};

Vtx mario_000_offset_001_mesh_layer_1_vtx_1[110] = {
	{{ {-37, 92, -27}, 0, {-16, -16}, {228, 123, 238, 255} }},
	{{ {-14, 96, 55}, 0, {-16, -16}, {230, 113, 51, 255} }},
	{{ {-14, 94, -51}, 0, {-16, -16}, {235, 117, 211, 255} }},
	{{ {-31, 77, 60}, 0, {-16, -16}, {232, 111, 57, 255} }},
	{{ {-19, 56, 95}, 0, {-16, -16}, {250, 54, 115, 255} }},
	{{ {3, 83, 67}, 0, {-16, -16}, {18, 102, 74, 255} }},
	{{ {10, 96, 44}, 0, {-16, -16}, {25, 120, 35, 255} }},
	{{ {-14, 96, 55}, 0, {-16, -16}, {230, 113, 51, 255} }},
	{{ {-14, 96, 55}, 0, {-16, -16}, {230, 113, 51, 255} }},
	{{ {-19, 56, 95}, 0, {-16, -16}, {250, 54, 115, 255} }},
	{{ {-30, 68, -82}, 0, {-16, -16}, {223, 79, 162, 255} }},
	{{ {-31, 78, -66}, 0, {-16, -16}, {230, 108, 194, 255} }},
	{{ {-14, 94, -51}, 0, {-16, -16}, {235, 117, 211, 255} }},
	{{ {-37, 92, -27}, 0, {-16, -16}, {228, 123, 238, 255} }},
	{{ {-14, 94, -51}, 0, {-16, -16}, {235, 117, 211, 255} }},
	{{ {-31, 78, -66}, 0, {-16, -16}, {230, 108, 194, 255} }},
	{{ {-24, -75, 74}, 0, {-16, -16}, {248, 155, 76, 255} }},
	{{ {-31, -87, 2}, 0, {-16, -16}, {246, 129, 253, 255} }},
	{{ {9, -80, 0}, 0, {-16, -16}, {24, 131, 253, 255} }},
	{{ {22, -66, 74}, 0, {-16, -16}, {23, 155, 73, 255} }},
	{{ {58, -68, 0}, 0, {-16, -16}, {47, 138, 0, 255} }},
	{{ {22, -66, -72}, 0, {-16, -16}, {17, 157, 179, 255} }},
	{{ {-32, -72, -62}, 0, {-16, -16}, {14, 147, 192, 255} }},
	{{ {-31, -87, 2}, 0, {-16, -16}, {246, 129, 253, 255} }},
	{{ {-18, -15, -99}, 0, {-16, -16}, {38, 219, 141, 255} }},
	{{ {6, -11, -99}, 0, {-16, -16}, {252, 238, 130, 255} }},
	{{ {-20, 35, -100}, 0, {-16, -16}, {15, 31, 134, 255} }},
	{{ {13, 36, -97}, 0, {-16, -16}, {18, 48, 140, 255} }},
	{{ {-4, 63, -89}, 0, {-16, -16}, {255, 69, 150, 255} }},
	{{ {3, 83, -66}, 0, {-16, -16}, {13, 103, 184, 255} }},
	{{ {-14, 94, -51}, 0, {-16, -16}, {235, 117, 211, 255} }},
	{{ {18, 71, -81}, 0, {-16, -16}, {23, 87, 166, 255} }},
	{{ {13, 36, -97}, 0, {-16, -16}, {18, 48, 140, 255} }},
	{{ {18, 71, -81}, 0, {-16, -16}, {23, 87, 166, 255} }},
	{{ {35, 67, -79}, 0, {-16, -16}, {42, 81, 168, 255} }},
	{{ {46, 55, -80}, 0, {-16, -16}, {52, 56, 155, 255} }},
	{{ {52, 69, -63}, 0, {-16, -16}, {70, 89, 199, 255} }},
	{{ {86, 15, -66}, 0, {-16, -16}, {0, 78, 156, 255} }},
	{{ {89, 40, -28}, 0, {-16, -16}, {104, 69, 235, 255} }},
	{{ {51, 81, -37}, 0, {-16, -16}, {72, 102, 230, 255} }},
	{{ {108, 1, -25}, 0, {-16, -16}, {124, 23, 243, 255} }},
	{{ {105, -31, -67}, 0, {-16, -16}, {26, 235, 134, 255} }},
	{{ {101, -39, -27}, 0, {-16, -16}, {104, 183, 255, 255} }},
	{{ {6, -11, -99}, 0, {-16, -16}, {252, 238, 130, 255} }},
	{{ {56, -53, -70}, 0, {-16, -16}, {75, 156, 233, 255} }},
	{{ {22, -66, -72}, 0, {-16, -16}, {17, 157, 179, 255} }},
	{{ {-24, -75, 74}, 0, {-16, -16}, {248, 155, 76, 255} }},
	{{ {22, -66, 74}, 0, {-16, -16}, {23, 155, 73, 255} }},
	{{ {-18, -10, 101}, 0, {-16, -16}, {28, 235, 122, 255} }},
	{{ {6, -12, 101}, 0, {-16, -16}, {232, 230, 122, 255} }},
	{{ {50, -37, 91}, 0, {-16, -16}, {224, 148, 58, 255} }},
	{{ {71, -56, 55}, 0, {-16, -16}, {51, 147, 39, 255} }},
	{{ {58, -68, 0}, 0, {-16, -16}, {47, 138, 0, 255} }},
	{{ {101, -39, 28}, 0, {-16, -16}, {104, 183, 1, 255} }},
	{{ {105, -31, 68}, 0, {-16, -16}, {70, 191, 84, 255} }},
	{{ {-24, 28, 98}, 0, {-16, -16}, {37, 14, 121, 255} }},
	{{ {14, 36, 98}, 0, {-16, -16}, {247, 36, 121, 255} }},
	{{ {-4, 63, 91}, 0, {-16, -16}, {0, 70, 106, 255} }},
	{{ {18, 71, 82}, 0, {-16, -16}, {24, 87, 89, 255} }},
	{{ {35, 67, 80}, 0, {-16, -16}, {41, 82, 88, 255} }},
	{{ {48, 55, 81}, 0, {-16, -16}, {36, 84, 89, 255} }},
	{{ {52, 69, 64}, 0, {-16, -16}, {70, 90, 56, 255} }},
	{{ {86, 15, 67}, 0, {-16, -16}, {70, 237, 104, 255} }},
	{{ {89, 40, 29}, 0, {-16, -16}, {104, 69, 21, 255} }},
	{{ {108, 1, 26}, 0, {-16, -16}, {124, 23, 13, 255} }},
	{{ {89, 40, 29}, 0, {-16, -16}, {104, 69, 21, 255} }},
	{{ {86, 15, 67}, 0, {-16, -16}, {70, 237, 104, 255} }},
	{{ {105, -31, 68}, 0, {-16, -16}, {70, 191, 84, 255} }},
	{{ {101, -39, 28}, 0, {-16, -16}, {104, 183, 1, 255} }},
	{{ {51, 81, 38}, 0, {-16, -16}, {72, 102, 26, 255} }},
	{{ {52, 69, 64}, 0, {-16, -16}, {70, 90, 56, 255} }},
	{{ {10, 96, -43}, 0, {1714, 2039}, {21, 120, 220, 255} }},
	{{ {30, 92, -31}, 0, {2210, 1043}, {44, 118, 240, 255} }},
	{{ {51, 81, -37}, 0, {1885, -30}, {72, 102, 230, 255} }},
	{{ {3, 83, -66}, 0, {525, 2166}, {13, 103, 184, 255} }},
	{{ {18, 71, -81}, 0, {-222, 1361}, {23, 87, 166, 255} }},
	{{ {35, 67, -79}, 0, {-143, 551}, {42, 81, 168, 255} }},
	{{ {52, 69, -63}, 0, {637, -206}, {70, 89, 199, 255} }},
	{{ {10, 96, 44}, 0, {-16, -16}, {25, 120, 35, 255} }},
	{{ {10, 96, -43}, 0, {-16, -16}, {21, 120, 220, 255} }},
	{{ {-14, 96, 55}, 0, {-16, -16}, {230, 113, 51, 255} }},
	{{ {30, 92, 32}, 0, {-16, -16}, {44, 118, 16, 255} }},
	{{ {30, 92, -31}, 0, {-16, -16}, {44, 118, 240, 255} }},
	{{ {51, 81, -37}, 0, {-16, -16}, {72, 102, 230, 255} }},
	{{ {-14, 94, -51}, 0, {-16, -16}, {235, 117, 211, 255} }},
	{{ {-14, 96, 55}, 0, {-16, -16}, {230, 113, 51, 255} }},
	{{ {3, 83, -66}, 0, {-16, -16}, {13, 103, 184, 255} }},
	{{ {-31, 77, 60}, 0, {-16, -16}, {232, 111, 57, 255} }},
	{{ {-37, 92, 26}, 0, {-16, -16}, {225, 122, 18, 255} }},
	{{ {-37, 92, -27}, 0, {-16, -16}, {228, 123, 238, 255} }},
	{{ {-19, 56, 95}, 0, {-16, -16}, {250, 54, 115, 255} }},
	{{ {-24, 28, 98}, 0, {-16, -16}, {37, 14, 121, 255} }},
	{{ {-4, 63, 91}, 0, {-16, -16}, {0, 70, 106, 255} }},
	{{ {3, 83, 67}, 0, {-16, -16}, {18, 102, 74, 255} }},
	{{ {18, 71, 82}, 0, {-16, -16}, {24, 87, 89, 255} }},
	{{ {51, 81, 38}, 0, {61, 23}, {72, 102, 26, 255} }},
	{{ {30, 92, 32}, 0, {-149, 1208}, {44, 118, 16, 255} }},
	{{ {10, 96, 44}, 0, {389, 2200}, {25, 120, 35, 255} }},
	{{ {3, 83, 67}, 0, {1514, 2210}, {18, 102, 74, 255} }},
	{{ {18, 71, 82}, 0, {2151, 1254}, {24, 87, 89, 255} }},
	{{ {35, 67, 80}, 0, {2008, 395}, {41, 82, 88, 255} }},
	{{ {52, 69, 64}, 0, {1214, -246}, {70, 90, 56, 255} }},
	{{ {105, -31, -67}, 0, {-16, -16}, {26, 235, 134, 255} }},
	{{ {101, -39, -27}, 0, {-16, -16}, {104, 183, 255, 255} }},
	{{ {71, -56, -54}, 0, {-16, -16}, {53, 145, 224, 255} }},
	{{ {58, -68, 0}, 0, {-16, -16}, {47, 138, 0, 255} }},
	{{ {22, -66, -72}, 0, {-16, -16}, {17, 157, 179, 255} }},
	{{ {56, -53, -70}, 0, {-16, -16}, {75, 156, 233, 255} }},
	{{ {56, -53, -70}, 0, {-16, -16}, {75, 156, 233, 255} }},
	{{ {105, -31, -67}, 0, {-16, -16}, {26, 235, 134, 255} }},
};

Gfx mario_000_offset_001_mesh_layer_1_tri_1[] = {
	gsSPVertex(mario_000_offset_001_mesh_layer_1_vtx_1 + 0, 32, 0),
	gsSP2Triangles(0, 1, 2, 0, 1, 3, 4, 0),
	gsSP2Triangles(5, 6, 7, 0, 8, 9, 5, 0),
	gsSP2Triangles(10, 11, 12, 0, 13, 14, 15, 0),
	gsSP2Triangles(16, 17, 18, 0, 18, 19, 16, 0),
	gsSP2Triangles(19, 18, 20, 0, 20, 18, 21, 0),
	gsSP2Triangles(22, 21, 18, 0, 18, 23, 22, 0),
	gsSP2Triangles(21, 22, 24, 0, 21, 24, 25, 0),
	gsSP2Triangles(24, 26, 25, 0, 25, 26, 27, 0),
	gsSP2Triangles(26, 28, 27, 0, 26, 10, 28, 0),
	gsSP2Triangles(10, 29, 28, 0, 30, 29, 10, 0),
	gsSP2Triangles(31, 28, 29, 0, 27, 28, 31, 0),
	gsSPVertex(mario_000_offset_001_mesh_layer_1_vtx_1 + 32, 32, 0),
	gsSP2Triangles(0, 1, 2, 0, 0, 2, 3, 0),
	gsSP2Triangles(4, 3, 2, 0, 5, 3, 4, 0),
	gsSP2Triangles(6, 5, 4, 0, 4, 7, 6, 0),
	gsSP2Triangles(5, 6, 8, 0, 5, 8, 9, 0),
	gsSP2Triangles(8, 10, 9, 0, 11, 12, 13, 0),
	gsSP2Triangles(14, 15, 16, 0, 15, 17, 16, 0),
	gsSP2Triangles(15, 18, 17, 0, 15, 19, 18, 0),
	gsSP2Triangles(15, 20, 19, 0, 21, 19, 20, 0),
	gsSP2Triangles(19, 21, 22, 0, 22, 18, 19, 0),
	gsSP2Triangles(17, 23, 16, 0, 23, 17, 24, 0),
	gsSP2Triangles(23, 24, 25, 0, 26, 25, 24, 0),
	gsSP2Triangles(27, 26, 24, 0, 24, 28, 27, 0),
	gsSP2Triangles(27, 28, 29, 0, 29, 28, 30, 0),
	gsSP1Triangle(30, 31, 29, 0),
	gsSPVertex(mario_000_offset_001_mesh_layer_1_vtx_1 + 64, 31, 0),
	gsSP2Triangles(0, 1, 2, 0, 2, 3, 0, 0),
	gsSP2Triangles(3, 4, 0, 0, 5, 6, 1, 0),
	gsSP2Triangles(7, 8, 9, 0, 10, 7, 9, 0),
	gsSP2Triangles(11, 10, 9, 0, 12, 11, 9, 0),
	gsSP2Triangles(9, 13, 12, 0, 14, 15, 16, 0),
	gsSP2Triangles(14, 17, 15, 0, 17, 18, 15, 0),
	gsSP2Triangles(19, 18, 17, 0, 19, 17, 5, 0),
	gsSP2Triangles(15, 20, 21, 0, 20, 15, 22, 0),
	gsSP2Triangles(23, 21, 24, 0, 25, 24, 21, 0),
	gsSP2Triangles(26, 27, 28, 0, 26, 28, 29, 0),
	gsSP1Triangle(29, 28, 30, 0),
	gsSPVertex(mario_000_offset_001_mesh_layer_1_vtx_1 + 95, 15, 0),
	gsSP2Triangles(0, 1, 2, 0, 2, 3, 0, 0),
	gsSP2Triangles(3, 4, 0, 0, 4, 5, 0, 0),
	gsSP2Triangles(5, 6, 0, 0, 7, 8, 9, 0),
	gsSP2Triangles(10, 9, 8, 0, 11, 9, 10, 0),
	gsSP2Triangles(12, 9, 11, 0, 9, 13, 14, 0),
	gsSPEndDisplayList(),
};

Vtx mario_000_offset_001_mesh_layer_1_vtx_2[9] = {
	{{ {51, 81, -37}, 0, {-16, -16}, {72, 102, 230, 255} }},
	{{ {51, 81, 38}, 0, {-16, -16}, {72, 102, 26, 255} }},
	{{ {89, 40, 29}, 0, {-16, -16}, {104, 69, 21, 255} }},
	{{ {89, 40, -28}, 0, {-16, -16}, {104, 69, 235, 255} }},
	{{ {108, 1, 26}, 0, {-16, -16}, {124, 23, 13, 255} }},
	{{ {108, 1, -25}, 0, {-16, -16}, {124, 23, 243, 255} }},
	{{ {101, -39, 28}, 0, {-16, -16}, {104, 183, 1, 255} }},
	{{ {101, -39, -27}, 0, {-16, -16}, {104, 183, 255, 255} }},
	{{ {58, -68, 0}, 0, {-16, -16}, {47, 138, 0, 255} }},
};

Gfx mario_000_offset_001_mesh_layer_1_tri_2[] = {
	gsSPVertex(mario_000_offset_001_mesh_layer_1_vtx_2 + 0, 9, 0),
	gsSP2Triangles(0, 1, 2, 0, 0, 2, 3, 0),
	gsSP2Triangles(4, 3, 2, 0, 4, 5, 3, 0),
	gsSP2Triangles(5, 4, 6, 0, 5, 6, 7, 0),
	gsSP1Triangle(8, 7, 6, 0),
	gsSPEndDisplayList(),
};

Vtx mario_000_displaylist_mesh_layer_1_vtx_0[58] = {
	{{ {211, 101, 35}, 0, {3351, 2013}, {78, 85, 53, 255} }},
	{{ {165, 36, 103}, 0, {5945, 2980}, {254, 70, 106, 255} }},
	{{ {272, 67, 86}, 0, {4998, 391}, {71, 60, 87, 255} }},
	{{ {272, 67, 86}, 0, {5106, 365}, {71, 60, 87, 255} }},
	{{ {297, 99, -4}, 0, {1959, -153}, {91, 88, 1, 255} }},
	{{ {297, 99, -4}, 0, {1959, -153}, {91, 88, 1, 255} }},
	{{ {211, 101, -34}, 0, {727, 2024}, {74, 90, 206, 255} }},
	{{ {297, 99, -4}, 0, {1959, -153}, {91, 88, 1, 255} }},
	{{ {275, 75, -89}, 0, {-1140, 384}, {68, 63, 170, 255} }},
	{{ {275, 75, -89}, 0, {-16, -16}, {68, 63, 170, 255} }},
	{{ {297, 99, -4}, 0, {-16, -16}, {91, 88, 1, 255} }},
	{{ {293, 0, -38}, 0, {-16, -16}, {112, 205, 225, 255} }},
	{{ {297, 99, -4}, 0, {-16, -16}, {91, 88, 1, 255} }},
	{{ {293, 0, 39}, 0, {-16, -16}, {112, 207, 33, 255} }},
	{{ {293, 0, 39}, 0, {-16, -16}, {112, 207, 33, 255} }},
	{{ {272, 67, 86}, 0, {-16, -16}, {71, 60, 87, 255} }},
	{{ {275, 75, -89}, 0, {-1028, 409}, {68, 63, 170, 255} }},
	{{ {165, 36, -102}, 0, {-1785, 3009}, {250, 68, 149, 255} }},
	{{ {202, -6, 145}, 0, {-16, -16}, {34, 3, 122, 255} }},
	{{ {165, 36, 103}, 0, {-16, -16}, {254, 70, 106, 255} }},
	{{ {130, -12, 120}, 0, {-16, -16}, {239, 34, 121, 255} }},
	{{ {142, -61, 134}, 0, {-16, -16}, {234, 215, 118, 255} }},
	{{ {98, -58, 93}, 0, {-16, -16}, {225, 186, 101, 255} }},
	{{ {69, -124, 54}, 0, {-16, -16}, {199, 153, 47, 255} }},
	{{ {83, -149, 55}, 0, {-16, -16}, {196, 157, 52, 255} }},
	{{ {84, -150, -54}, 0, {-16, -16}, {191, 160, 204, 255} }},
	{{ {56, -113, -3}, 0, {-16, -16}, {146, 194, 247, 255} }},
	{{ {69, -111, -54}, 0, {-16, -16}, {62, 151, 36, 255} }},
	{{ {142, -61, -133}, 0, {-16, -16}, {234, 216, 138, 255} }},
	{{ {98, -58, -92}, 0, {-16, -16}, {225, 179, 160, 255} }},
	{{ {130, -13, -118}, 0, {-16, -16}, {240, 35, 135, 255} }},
	{{ {202, -6, -144}, 0, {-16, -16}, {32, 0, 133, 255} }},
	{{ {165, 36, -102}, 0, {-16, -16}, {250, 68, 149, 255} }},
	{{ {202, -6, -144}, 0, {-16, -16}, {32, 0, 133, 255} }},
	{{ {130, -13, -118}, 0, {-16, -16}, {240, 35, 135, 255} }},
	{{ {275, 75, -89}, 0, {-16, -16}, {68, 63, 170, 255} }},
	{{ {177, -96, -80}, 0, {-16, -16}, {75, 168, 204, 255} }},
	{{ {142, -61, -133}, 0, {-16, -16}, {234, 216, 138, 255} }},
	{{ {293, 0, -38}, 0, {-16, -16}, {112, 205, 225, 255} }},
	{{ {275, 75, -89}, 0, {-16, -16}, {68, 63, 170, 255} }},
	{{ {177, -96, 81}, 0, {-16, -16}, {75, 167, 52, 255} }},
	{{ {293, 0, 39}, 0, {-16, -16}, {112, 207, 33, 255} }},
	{{ {132, -150, 53}, 0, {-16, -16}, {44, 144, 41, 255} }},
	{{ {142, -61, 134}, 0, {-16, -16}, {234, 215, 118, 255} }},
	{{ {202, -6, 145}, 0, {-16, -16}, {34, 3, 122, 255} }},
	{{ {293, 0, 39}, 0, {-16, -16}, {112, 207, 33, 255} }},
	{{ {272, 67, 86}, 0, {-16, -16}, {71, 60, 87, 255} }},
	{{ {83, -149, 55}, 0, {-16, -16}, {196, 157, 52, 255} }},
	{{ {84, -150, -54}, 0, {-16, -16}, {191, 160, 204, 255} }},
	{{ {132, -151, -53}, 0, {-16, -16}, {43, 144, 214, 255} }},
	{{ {211, 101, 35}, 0, {-16, -16}, {78, 85, 53, 255} }},
	{{ {187, 143, 71}, 0, {-16, -16}, {233, 88, 89, 255} }},
	{{ {165, 36, 103}, 0, {-16, -16}, {254, 70, 106, 255} }},
	{{ {197, 168, 0}, 0, {-16, -16}, {254, 127, 1, 255} }},
	{{ {211, 101, -34}, 0, {-16, -16}, {74, 90, 206, 255} }},
	{{ {182, 144, -78}, 0, {-16, -16}, {227, 86, 167, 255} }},
	{{ {189, 98, -41}, 0, {-16, -16}, {163, 86, 248, 255} }},
	{{ {189, 98, 42}, 0, {-16, -16}, {164, 87, 11, 255} }},
};

Gfx mario_000_displaylist_mesh_layer_1_tri_0[] = {
	gsSPVertex(mario_000_displaylist_mesh_layer_1_vtx_0 + 0, 32, 0),
	gsSP2Triangles(0, 1, 2, 0, 3, 4, 0, 0),
	gsSP2Triangles(5, 6, 0, 0, 7, 8, 6, 0),
	gsSP2Triangles(9, 10, 11, 0, 11, 12, 13, 0),
	gsSP2Triangles(14, 12, 15, 0, 16, 17, 6, 0),
	gsSP2Triangles(18, 15, 19, 0, 18, 19, 20, 0),
	gsSP2Triangles(20, 21, 18, 0, 22, 21, 20, 0),
	gsSP2Triangles(22, 23, 21, 0, 21, 23, 24, 0),
	gsSP2Triangles(24, 23, 25, 0, 26, 25, 23, 0),
	gsSP2Triangles(26, 27, 25, 0, 25, 27, 28, 0),
	gsSP2Triangles(29, 28, 27, 0, 30, 28, 29, 0),
	gsSP1Triangle(31, 28, 30, 0),
	gsSPVertex(mario_000_displaylist_mesh_layer_1_vtx_0 + 32, 26, 0),
	gsSP2Triangles(0, 1, 2, 0, 0, 3, 1, 0),
	gsSP2Triangles(1, 4, 5, 0, 4, 1, 6, 0),
	gsSP2Triangles(6, 1, 7, 0, 4, 6, 8, 0),
	gsSP2Triangles(6, 9, 8, 0, 4, 8, 10, 0),
	gsSP2Triangles(11, 10, 8, 0, 11, 8, 12, 0),
	gsSP2Triangles(13, 12, 8, 0, 14, 12, 13, 0),
	gsSP2Triangles(15, 10, 11, 0, 16, 10, 15, 0),
	gsSP2Triangles(16, 17, 10, 0, 5, 17, 16, 0),
	gsSP2Triangles(4, 17, 5, 0, 10, 17, 4, 0),
	gsSP2Triangles(18, 19, 20, 0, 18, 21, 19, 0),
	gsSP2Triangles(22, 21, 18, 0, 23, 21, 22, 0),
	gsSP2Triangles(23, 22, 0, 0, 24, 23, 0, 0),
	gsSP2Triangles(24, 21, 23, 0, 24, 25, 21, 0),
	gsSP2Triangles(19, 21, 25, 0, 20, 19, 25, 0),
	gsSPEndDisplayList(),
};

Vtx mario_000_displaylist_mesh_layer_1_vtx_1[122] = {
	{{ {105, 111, 27}, 0, {37, 564}, {78, 66, 76, 255} }},
	{{ {112, 94, 76}, 0, {35, 564}, {43, 98, 68, 255} }},
	{{ {156, 90, 72}, 0, {35, 567}, {32, 91, 82, 255} }},
	{{ {189, 98, 42}, 0, {36, 569}, {164, 87, 11, 255} }},
	{{ {165, 36, 103}, 0, {35, 568}, {254, 70, 106, 255} }},
	{{ {157, 109, 0}, 0, {37, 567}, {22, 125, 0, 255} }},
	{{ {189, 98, -41}, 0, {39, 569}, {163, 86, 248, 255} }},
	{{ {105, 111, -26}, 0, {38, 564}, {77, 65, 179, 255} }},
	{{ {156, 90, -71}, 0, {40, 567}, {32, 91, 174, 255} }},
	{{ {165, 36, -102}, 0, {40, 568}, {250, 68, 149, 255} }},
	{{ {112, 94, -75}, 0, {40, 564}, {43, 98, 188, 255} }},
	{{ {99, 95, 91}, 0, {39, 570}, {42, 78, 91, 255} }},
	{{ {112, 94, 76}, 0, {39, 570}, {43, 98, 68, 255} }},
	{{ {105, 111, 27}, 0, {39, 570}, {78, 66, 76, 255} }},
	{{ {104, 53, 102}, 0, {39, 570}, {12, 40, 120, 255} }},
	{{ {48, 48, 105}, 0, {39, 570}, {209, 30, 114, 255} }},
	{{ {156, 90, 72}, 0, {39, 570}, {32, 91, 82, 255} }},
	{{ {165, 36, 103}, 0, {39, 570}, {254, 70, 106, 255} }},
	{{ {117, 114, 0}, 0, {37, 565}, {101, 77, 255, 255} }},
	{{ {99, 95, -90}, 0, {-50, 616}, {42, 78, 165, 255} }},
	{{ {83, 117, -36}, 0, {10, 541}, {24, 45, 140, 255} }},
	{{ {105, 111, -26}, 0, {19, 593}, {77, 65, 179, 255} }},
	{{ {52, 102, -81}, 0, {-43, 484}, {214, 89, 176, 255} }},
	{{ {48, 48, -104}, 0, {-86, 503}, {208, 45, 147, 255} }},
	{{ {3, 58, -55}, 0, {-38, 365}, {143, 28, 205, 255} }},
	{{ {29, 108, -31}, 0, {6, 400}, {177, 96, 230, 255} }},
	{{ {56, 120, -32}, 0, {12, 468}, {180, 55, 171, 255} }},
	{{ {44, 118, 0}, 0, {43, 421}, {141, 54, 255, 255} }},
	{{ {99, 95, -90}, 0, {39, 570}, {42, 78, 165, 255} }},
	{{ {105, 111, -26}, 0, {39, 570}, {77, 65, 179, 255} }},
	{{ {112, 94, -75}, 0, {39, 570}, {43, 98, 188, 255} }},
	{{ {104, 53, -101}, 0, {39, 570}, {16, 43, 138, 255} }},
	{{ {104, 53, -101}, 0, {39, 570}, {16, 43, 138, 255} }},
	{{ {112, 94, -75}, 0, {39, 570}, {43, 98, 188, 255} }},
	{{ {156, 90, -71}, 0, {39, 570}, {32, 91, 174, 255} }},
	{{ {165, 36, -102}, 0, {39, 570}, {250, 68, 149, 255} }},
	{{ {99, 95, -90}, 0, {39, 570}, {42, 78, 165, 255} }},
	{{ {48, 48, -104}, 0, {39, 570}, {208, 45, 147, 255} }},
	{{ {29, 108, 32}, 0, {1, 404}, {176, 96, 26, 255} }},
	{{ {56, 120, 34}, 0, {11, 466}, {179, 55, 85, 255} }},
	{{ {44, 118, 0}, 0, {41, 416}, {141, 54, 255, 255} }},
	{{ {52, 102, 82}, 0, {-47, 494}, {214, 89, 80, 255} }},
	{{ {3, 58, 56}, 0, {-47, 380}, {143, 26, 53, 255} }},
	{{ {48, 48, 105}, 0, {-91, 521}, {209, 30, 114, 255} }},
	{{ {99, 95, 91}, 0, {-48, 619}, {42, 78, 91, 255} }},
	{{ {83, 117, 37}, 0, {12, 536}, {24, 45, 116, 255} }},
	{{ {105, 111, 27}, 0, {25, 584}, {78, 66, 76, 255} }},
	{{ {50, -25, -136}, 0, {39, 570}, {196, 239, 145, 255} }},
	{{ {75, -49, -109}, 0, {39, 570}, {217, 153, 193, 255} }},
	{{ {18, -56, -50}, 0, {39, 570}, {131, 241, 243, 255} }},
	{{ {3, 58, -55}, 0, {39, 570}, {143, 28, 205, 255} }},
	{{ {-8, 67, 0}, 0, {39, 570}, {133, 31, 0, 255} }},
	{{ {35, -56, 0}, 0, {39, 570}, {142, 200, 0, 255} }},
	{{ {18, -56, 51}, 0, {39, 570}, {135, 233, 30, 255} }},
	{{ {3, 58, 56}, 0, {39, 570}, {143, 26, 53, 255} }},
	{{ {45, 0, 111}, 0, {39, 570}, {188, 255, 107, 255} }},
	{{ {74, -49, 107}, 0, {39, 570}, {201, 168, 73, 255} }},
	{{ {48, 48, 105}, 0, {39, 570}, {209, 30, 114, 255} }},
	{{ {104, 53, 102}, 0, {57, 459}, {12, 40, 120, 255} }},
	{{ {48, 48, 105}, 0, {28, 321}, {209, 30, 114, 255} }},
	{{ {45, 0, 111}, 0, {-55, 358}, {188, 255, 107, 255} }},
	{{ {92, -25, 120}, 0, {-84, 503}, {255, 84, 95, 255} }},
	{{ {130, -12, 120}, 0, {-50, 589}, {239, 34, 121, 255} }},
	{{ {165, 36, 103}, 0, {46, 630}, {254, 70, 106, 255} }},
	{{ {86, -40, 149}, 0, {39, 570}, {234, 228, 122, 255} }},
	{{ {74, -49, 107}, 0, {39, 570}, {201, 168, 73, 255} }},
	{{ {98, -58, 93}, 0, {39, 570}, {225, 186, 101, 255} }},
	{{ {118, -29, 141}, 0, {39, 570}, {71, 6, 105, 255} }},
	{{ {130, -12, 120}, 0, {39, 570}, {239, 34, 121, 255} }},
	{{ {92, -25, 120}, 0, {39, 570}, {255, 84, 95, 255} }},
	{{ {45, 0, 111}, 0, {39, 570}, {188, 255, 107, 255} }},
	{{ {54, -20, 134}, 0, {39, 570}, {185, 23, 103, 255} }},
	{{ {74, -49, 107}, 0, {39, 570}, {201, 168, 73, 255} }},
	{{ {75, -49, -109}, 0, {39, 570}, {217, 153, 193, 255} }},
	{{ {81, -49, -153}, 0, {39, 570}, {236, 211, 139, 255} }},
	{{ {98, -58, -92}, 0, {39, 570}, {225, 179, 160, 255} }},
	{{ {119, -35, -143}, 0, {39, 570}, {80, 254, 157, 255} }},
	{{ {92, -25, -119}, 0, {39, 570}, {11, 70, 151, 255} }},
	{{ {50, -25, -136}, 0, {39, 570}, {196, 239, 145, 255} }},
	{{ {75, -49, -109}, 0, {39, 570}, {217, 153, 193, 255} }},
	{{ {130, -13, -118}, 0, {39, 570}, {240, 35, 135, 255} }},
	{{ {130, -13, -118}, 0, {-50, 575}, {240, 35, 135, 255} }},
	{{ {104, 53, -101}, 0, {56, 464}, {16, 43, 138, 255} }},
	{{ {165, 36, -102}, 0, {39, 627}, {250, 68, 149, 255} }},
	{{ {92, -25, -119}, 0, {-75, 490}, {11, 70, 151, 255} }},
	{{ {50, -25, -136}, 0, {-42, 354}, {196, 239, 145, 255} }},
	{{ {48, 48, -104}, 0, {36, 328}, {208, 45, 147, 255} }},
	{{ {29, 108, -31}, 0, {49, 615}, {177, 96, 230, 255} }},
	{{ {3, 58, -55}, 0, {49, 615}, {143, 28, 205, 255} }},
	{{ {-8, 67, 0}, 0, {49, 615}, {133, 31, 0, 255} }},
	{{ {29, 108, 32}, 0, {49, 615}, {176, 96, 26, 255} }},
	{{ {3, 58, 56}, 0, {49, 615}, {143, 26, 53, 255} }},
	{{ {44, 118, 0}, 0, {49, 615}, {141, 54, 255, 255} }},
	{{ {105, 111, 27}, 0, {39, 570}, {78, 66, 76, 255} }},
	{{ {117, 114, 0}, 0, {39, 570}, {101, 77, 255, 255} }},
	{{ {126, 138, 0}, 0, {39, 570}, {124, 228, 255, 255} }},
	{{ {126, 138, 0}, 0, {39, 570}, {124, 228, 255, 255} }},
	{{ {117, 114, 0}, 0, {39, 570}, {101, 77, 255, 255} }},
	{{ {105, 111, -26}, 0, {39, 570}, {77, 65, 179, 255} }},
	{{ {110, 139, -43}, 0, {39, 570}, {76, 223, 160, 255} }},
	{{ {83, 117, -36}, 0, {39, 570}, {24, 45, 140, 255} }},
	{{ {81, 141, -49}, 0, {39, 570}, {254, 226, 133, 255} }},
	{{ {51, 142, -43}, 0, {39, 570}, {175, 233, 161, 255} }},
	{{ {56, 120, -32}, 0, {39, 570}, {180, 55, 171, 255} }},
	{{ {35, 143, 0}, 0, {39, 570}, {131, 236, 254, 255} }},
	{{ {44, 118, 0}, 0, {39, 570}, {141, 54, 255, 255} }},
	{{ {56, 120, 34}, 0, {39, 570}, {179, 55, 85, 255} }},
	{{ {51, 142, 44}, 0, {39, 570}, {176, 231, 96, 255} }},
	{{ {83, 117, 37}, 0, {39, 570}, {24, 45, 116, 255} }},
	{{ {81, 141, 50}, 0, {39, 570}, {254, 226, 123, 255} }},
	{{ {110, 139, 44}, 0, {39, 570}, {77, 223, 96, 255} }},
	{{ {105, 111, 27}, 0, {39, 570}, {78, 66, 76, 255} }},
	{{ {112, 175, 44}, 0, {39, 570}, {73, 57, 88, 255} }},
	{{ {129, 174, 0}, 0, {39, 570}, {120, 41, 0, 255} }},
	{{ {112, 175, -43}, 0, {39, 570}, {72, 56, 168, 255} }},
	{{ {84, 176, -49}, 0, {39, 570}, {3, 67, 148, 255} }},
	{{ {56, 177, -43}, 0, {39, 570}, {194, 66, 167, 255} }},
	{{ {36, 178, 0}, 0, {39, 570}, {144, 60, 254, 255} }},
	{{ {56, 177, 44}, 0, {39, 570}, {195, 67, 89, 255} }},
	{{ {84, 176, 50}, 0, {39, 570}, {3, 68, 107, 255} }},
	{{ {109, 193, 0}, 0, {39, 570}, {47, 118, 0, 255} }},
	{{ {65, 196, 0}, 0, {39, 570}, {229, 124, 0, 255} }},
};

Gfx mario_000_displaylist_mesh_layer_1_tri_1[] = {
	gsSPVertex(mario_000_displaylist_mesh_layer_1_vtx_1 + 0, 32, 0),
	gsSP2Triangles(0, 1, 2, 0, 2, 3, 0, 0),
	gsSP2Triangles(4, 3, 2, 0, 3, 5, 0, 0),
	gsSP2Triangles(6, 5, 3, 0, 7, 5, 6, 0),
	gsSP2Triangles(7, 6, 8, 0, 8, 6, 9, 0),
	gsSP2Triangles(10, 7, 8, 0, 11, 12, 13, 0),
	gsSP2Triangles(12, 11, 14, 0, 15, 14, 11, 0),
	gsSP2Triangles(16, 12, 14, 0, 14, 17, 16, 0),
	gsSP2Triangles(7, 18, 5, 0, 5, 18, 0, 0),
	gsSP2Triangles(19, 20, 21, 0, 22, 20, 19, 0),
	gsSP2Triangles(19, 23, 22, 0, 24, 22, 23, 0),
	gsSP2Triangles(25, 22, 24, 0, 26, 22, 25, 0),
	gsSP2Triangles(27, 26, 25, 0, 22, 26, 20, 0),
	gsSP2Triangles(28, 29, 30, 0, 31, 28, 30, 0),
	gsSPVertex(mario_000_displaylist_mesh_layer_1_vtx_1 + 32, 32, 0),
	gsSP2Triangles(0, 1, 2, 0, 2, 3, 0, 0),
	gsSP2Triangles(4, 0, 5, 0, 6, 7, 8, 0),
	gsSP2Triangles(6, 9, 7, 0, 10, 9, 6, 0),
	gsSP2Triangles(11, 9, 10, 0, 9, 11, 12, 0),
	gsSP2Triangles(12, 13, 9, 0, 13, 12, 14, 0),
	gsSP2Triangles(13, 7, 9, 0, 15, 16, 17, 0),
	gsSP2Triangles(15, 17, 18, 0, 17, 19, 18, 0),
	gsSP2Triangles(20, 19, 17, 0, 20, 21, 19, 0),
	gsSP2Triangles(21, 22, 19, 0, 22, 21, 23, 0),
	gsSP2Triangles(21, 24, 23, 0, 25, 22, 23, 0),
	gsSP2Triangles(15, 18, 5, 0, 26, 27, 28, 0),
	gsSP2Triangles(28, 29, 26, 0, 29, 30, 26, 0),
	gsSP1Triangle(31, 26, 30, 0),
	gsSPVertex(mario_000_displaylist_mesh_layer_1_vtx_1 + 64, 32, 0),
	gsSP2Triangles(0, 1, 2, 0, 0, 2, 3, 0),
	gsSP2Triangles(2, 4, 3, 0, 4, 5, 3, 0),
	gsSP2Triangles(0, 3, 5, 0, 6, 0, 5, 0),
	gsSP2Triangles(6, 7, 0, 0, 0, 7, 6, 0),
	gsSP2Triangles(0, 6, 8, 0, 9, 10, 11, 0),
	gsSP2Triangles(10, 12, 11, 0, 13, 12, 10, 0),
	gsSP2Triangles(13, 10, 14, 0, 14, 10, 15, 0),
	gsSP2Triangles(12, 13, 16, 0, 12, 16, 11, 0),
	gsSP2Triangles(17, 18, 19, 0, 20, 18, 17, 0),
	gsSP2Triangles(18, 20, 21, 0, 21, 22, 18, 0),
	gsSP2Triangles(23, 24, 25, 0, 26, 23, 25, 0),
	gsSP2Triangles(25, 27, 26, 0, 28, 23, 26, 0),
	gsSP1Triangle(29, 30, 31, 0),
	gsSPVertex(mario_000_displaylist_mesh_layer_1_vtx_1 + 96, 26, 0),
	gsSP2Triangles(0, 1, 2, 0, 2, 3, 0, 0),
	gsSP2Triangles(3, 2, 4, 0, 5, 3, 4, 0),
	gsSP2Triangles(6, 5, 4, 0, 4, 7, 6, 0),
	gsSP2Triangles(8, 6, 7, 0, 7, 9, 8, 0),
	gsSP2Triangles(8, 9, 10, 0, 10, 11, 8, 0),
	gsSP2Triangles(11, 10, 12, 0, 13, 11, 12, 0),
	gsSP2Triangles(14, 13, 12, 0, 12, 15, 14, 0),
	gsSP2Triangles(0, 14, 15, 0, 16, 14, 0, 0),
	gsSP2Triangles(17, 16, 0, 0, 0, 3, 17, 0),
	gsSP2Triangles(3, 18, 17, 0, 5, 18, 3, 0),
	gsSP2Triangles(5, 19, 18, 0, 20, 19, 5, 0),
	gsSP2Triangles(6, 20, 5, 0, 20, 6, 8, 0),
	gsSP2Triangles(21, 20, 8, 0, 8, 11, 21, 0),
	gsSP2Triangles(11, 22, 21, 0, 22, 11, 13, 0),
	gsSP2Triangles(22, 13, 23, 0, 23, 13, 16, 0),
	gsSP2Triangles(13, 14, 16, 0, 16, 24, 23, 0),
	gsSP2Triangles(24, 16, 17, 0, 24, 17, 18, 0),
	gsSP2Triangles(24, 18, 19, 0, 19, 25, 24, 0),
	gsSP2Triangles(25, 19, 20, 0, 21, 25, 20, 0),
	gsSP2Triangles(21, 22, 25, 0, 22, 23, 25, 0),
	gsSP1Triangle(25, 23, 24, 0),
	gsSPEndDisplayList(),
};

Vtx mario_000_displaylist_mesh_layer_1_vtx_2[55] = {
	{{ {18, -56, -50}, 0, {-16, -16}, {131, 241, 243, 255} }},
	{{ {75, -49, -109}, 0, {-16, -16}, {217, 153, 193, 255} }},
	{{ {30, -88, -102}, 0, {-16, -16}, {198, 248, 143, 255} }},
	{{ {74, -49, 107}, 0, {-16, -16}, {201, 168, 73, 255} }},
	{{ {41, -100, 85}, 0, {-16, -16}, {211, 218, 112, 255} }},
	{{ {60, -119, 66}, 0, {-16, -16}, {52, 168, 76, 255} }},
	{{ {41, -100, 85}, 0, {-16, -16}, {211, 218, 112, 255} }},
	{{ {74, -49, 107}, 0, {-16, -16}, {201, 168, 73, 255} }},
	{{ {18, -56, 51}, 0, {-16, -16}, {135, 233, 30, 255} }},
	{{ {64, -123, -77}, 0, {-16, -16}, {74, 166, 206, 255} }},
	{{ {30, -88, -102}, 0, {-16, -16}, {198, 248, 143, 255} }},
	{{ {75, -49, -109}, 0, {-16, -16}, {217, 153, 193, 255} }},
	{{ {98, -58, -92}, 0, {-16, -16}, {225, 179, 160, 255} }},
	{{ {69, -111, -54}, 0, {-16, -16}, {62, 151, 36, 255} }},
	{{ {56, -113, -3}, 0, {-16, -16}, {146, 194, 247, 255} }},
	{{ {47, -125, -44}, 0, {-16, -16}, {250, 145, 62, 255} }},
	{{ {9, -98, -70}, 0, {-16, -16}, {133, 227, 246, 255} }},
	{{ {47, -125, -44}, 0, {-16, -16}, {250, 145, 62, 255} }},
	{{ {56, -113, -3}, 0, {-16, -16}, {146, 194, 247, 255} }},
	{{ {16, -102, 56}, 0, {-16, -16}, {134, 221, 7, 255} }},
	{{ {45, -124, 72}, 0, {-16, -16}, {240, 157, 77, 255} }},
	{{ {56, -113, -3}, 0, {-16, -16}, {146, 194, 247, 255} }},
	{{ {69, -124, 54}, 0, {-16, -16}, {199, 153, 47, 255} }},
	{{ {43, -129, 48}, 0, {-16, -16}, {223, 140, 218, 255} }},
	{{ {56, -113, -3}, 0, {-16, -16}, {146, 194, 247, 255} }},
	{{ {43, -129, 48}, 0, {-16, -16}, {223, 140, 218, 255} }},
	{{ {43, -129, 48}, 0, {-16, -16}, {223, 140, 218, 255} }},
	{{ {16, -102, 56}, 0, {-16, -16}, {134, 221, 7, 255} }},
	{{ {38, -130, -72}, 0, {-16, -16}, {216, 140, 223, 255} }},
	{{ {9, -98, -70}, 0, {-16, -16}, {133, 227, 246, 255} }},
	{{ {56, -113, -3}, 0, {-16, -16}, {146, 194, 247, 255} }},
	{{ {35, -56, 0}, 0, {-16, -16}, {142, 200, 0, 255} }},
	{{ {30, -88, -102}, 0, {-16, -16}, {198, 248, 143, 255} }},
	{{ {9, -98, -70}, 0, {-16, -16}, {133, 227, 246, 255} }},
	{{ {18, -56, -50}, 0, {-16, -16}, {131, 241, 243, 255} }},
	{{ {56, -113, -3}, 0, {-16, -16}, {146, 194, 247, 255} }},
	{{ {69, -124, 54}, 0, {-16, -16}, {199, 153, 47, 255} }},
	{{ {98, -58, 93}, 0, {-16, -16}, {225, 186, 101, 255} }},
	{{ {74, -49, 107}, 0, {-16, -16}, {201, 168, 73, 255} }},
	{{ {60, -119, 66}, 0, {-16, -16}, {52, 168, 76, 255} }},
	{{ {43, -129, 48}, 0, {-16, -16}, {223, 140, 218, 255} }},
	{{ {75, -49, -109}, 0, {-16, -16}, {217, 153, 193, 255} }},
	{{ {69, -111, -54}, 0, {-16, -16}, {62, 151, 36, 255} }},
	{{ {64, -123, -77}, 0, {-16, -16}, {74, 166, 206, 255} }},
	{{ {47, -125, -44}, 0, {-16, -16}, {250, 145, 62, 255} }},
	{{ {9, -98, -70}, 0, {-16, -16}, {133, 227, 246, 255} }},
	{{ {38, -130, -72}, 0, {-16, -16}, {216, 140, 223, 255} }},
	{{ {47, -125, -44}, 0, {-16, -16}, {250, 145, 62, 255} }},
	{{ {30, -88, -102}, 0, {-16, -16}, {198, 248, 143, 255} }},
	{{ {41, -100, 85}, 0, {-16, -16}, {211, 218, 112, 255} }},
	{{ {45, -124, 72}, 0, {-16, -16}, {240, 157, 77, 255} }},
	{{ {43, -129, 48}, 0, {-16, -16}, {223, 140, 218, 255} }},
	{{ {18, -56, 51}, 0, {-16, -16}, {135, 233, 30, 255} }},
	{{ {16, -102, 56}, 0, {-16, -16}, {134, 221, 7, 255} }},
	{{ {56, -113, -3}, 0, {-16, -16}, {146, 194, 247, 255} }},
};

Gfx mario_000_displaylist_mesh_layer_1_tri_2[] = {
	gsSPVertex(mario_000_displaylist_mesh_layer_1_vtx_2 + 0, 32, 0),
	gsSP2Triangles(0, 1, 2, 0, 3, 4, 5, 0),
	gsSP2Triangles(6, 7, 8, 0, 9, 10, 11, 0),
	gsSP2Triangles(11, 12, 13, 0, 14, 15, 13, 0),
	gsSP2Triangles(16, 17, 18, 0, 19, 20, 6, 0),
	gsSP2Triangles(21, 22, 23, 0, 24, 25, 19, 0),
	gsSP2Triangles(26, 20, 27, 0, 2, 28, 29, 0),
	gsSP2Triangles(30, 31, 0, 0, 30, 8, 31, 0),
	gsSPVertex(mario_000_displaylist_mesh_layer_1_vtx_2 + 32, 23, 0),
	gsSP2Triangles(0, 1, 2, 0, 3, 2, 1, 0),
	gsSP2Triangles(4, 5, 6, 0, 7, 4, 6, 0),
	gsSP2Triangles(7, 8, 4, 0, 9, 10, 11, 0),
	gsSP2Triangles(12, 11, 10, 0, 13, 14, 15, 0),
	gsSP2Triangles(15, 14, 11, 0, 14, 16, 11, 0),
	gsSP2Triangles(17, 18, 7, 0, 7, 18, 19, 0),
	gsSP2Triangles(20, 21, 17, 0, 21, 20, 22, 0),
	gsSPEndDisplayList(),
};

Vtx mario_000_displaylist_mesh_layer_1_vtx_3[45] = {
	{{ {92, 104, 77}, 0, {-16, 1008}, {111, 214, 46, 255} }},
	{{ {71, 105, 83}, 0, {-16, 1008}, {246, 203, 115, 255} }},
	{{ {75, 118, 48}, 0, {-16, 1008}, {118, 247, 211, 255} }},
	{{ {83, 104, -82}, 0, {-16, 1008}, {105, 214, 198, 255} }},
	{{ {62, 105, -86}, 0, {-16, 1008}, {233, 203, 143, 255} }},
	{{ {52, 123, -59}, 0, {-16, 1008}, {1, 120, 215, 255} }},
	{{ {46, 115, -67}, 0, {-16, 1008}, {155, 209, 194, 255} }},
	{{ {34, 116, -63}, 0, {-16, 1008}, {163, 219, 177, 255} }},
	{{ {26, 118, -46}, 0, {-16, 1008}, {130, 242, 5, 255} }},
	{{ {69, 118, -52}, 0, {-16, 1008}, {122, 247, 32, 255} }},
	{{ {31, 121, -34}, 0, {-16, 1008}, {136, 222, 230, 255} }},
	{{ {59, 126, -1}, 0, {-16, 1008}, {127, 0, 249, 255} }},
	{{ {31, 121, -34}, 0, {-16, 1008}, {136, 222, 230, 255} }},
	{{ {71, 105, 83}, 0, {-16, 1008}, {246, 203, 115, 255} }},
	{{ {58, 123, 57}, 0, {-16, 1008}, {6, 120, 41, 255} }},
	{{ {75, 118, 48}, 0, {-16, 1008}, {118, 247, 211, 255} }},
	{{ {59, 126, -1}, 0, {-16, 1008}, {127, 0, 249, 255} }},
	{{ {34, 121, 35}, 0, {-16, 1008}, {140, 222, 39, 255} }},
	{{ {25, 125, 1}, 0, {-16, 1008}, {139, 208, 6, 255} }},
	{{ {32, 132, 0}, 0, {-16, 1008}, {225, 123, 2, 255} }},
	{{ {83, 104, -82}, 0, {-16, 1008}, {105, 214, 198, 255} }},
	{{ {49, 111, -78}, 0, {-16, 1008}, {163, 224, 176, 255} }},
	{{ {26, 118, -46}, 0, {-16, 1008}, {130, 242, 5, 255} }},
	{{ {34, 116, -63}, 0, {-16, 1008}, {163, 219, 177, 255} }},
	{{ {19, 123, -19}, 0, {-16, 1008}, {137, 240, 215, 255} }},
	{{ {25, 125, 1}, 0, {-16, 1008}, {139, 208, 6, 255} }},
	{{ {21, 123, 21}, 0, {-16, 1008}, {142, 240, 53, 255} }},
	{{ {34, 121, 35}, 0, {-16, 1008}, {140, 222, 39, 255} }},
	{{ {32, 118, 47}, 0, {-16, 1008}, {130, 242, 9, 255} }},
	{{ {57, 111, 76}, 0, {-16, 1008}, {172, 224, 90, 255} }},
	{{ {54, 115, 66}, 0, {-16, 1008}, {163, 209, 72, 255} }},
	{{ {41, 116, 63}, 0, {-16, 1008}, {172, 219, 88, 255} }},
	{{ {41, 116, 63}, 0, {-16, 1008}, {172, 219, 88, 255} }},
	{{ {32, 118, 47}, 0, {-16, 1008}, {130, 242, 9, 255} }},
	{{ {54, 115, 66}, 0, {-16, 1008}, {163, 209, 72, 255} }},
	{{ {58, 123, 57}, 0, {-16, 1008}, {6, 120, 41, 255} }},
	{{ {75, 118, 48}, 0, {-16, 1008}, {118, 247, 211, 255} }},
	{{ {34, 121, 35}, 0, {-16, 1008}, {140, 222, 39, 255} }},
	{{ {57, 111, 76}, 0, {-16, 1008}, {172, 224, 90, 255} }},
	{{ {71, 105, 83}, 0, {-16, 1008}, {246, 203, 115, 255} }},
	{{ {62, 105, -86}, 0, {-16, 1008}, {233, 203, 143, 255} }},
	{{ {49, 111, -78}, 0, {-16, 1008}, {163, 224, 176, 255} }},
	{{ {52, 123, -59}, 0, {-16, 1008}, {1, 120, 215, 255} }},
	{{ {46, 115, -67}, 0, {-16, 1008}, {155, 209, 194, 255} }},
	{{ {69, 118, -52}, 0, {-16, 1008}, {122, 247, 32, 255} }},
};

Gfx mario_000_displaylist_mesh_layer_1_tri_3[] = {
	gsSPVertex(mario_000_displaylist_mesh_layer_1_vtx_3 + 0, 32, 0),
	gsSP2Triangles(0, 1, 2, 0, 3, 4, 5, 0),
	gsSP2Triangles(6, 7, 5, 0, 8, 9, 10, 0),
	gsSP2Triangles(9, 11, 12, 0, 13, 0, 14, 0),
	gsSP2Triangles(0, 15, 14, 0, 15, 16, 14, 0),
	gsSP2Triangles(15, 17, 16, 0, 16, 17, 18, 0),
	gsSP2Triangles(16, 18, 10, 0, 16, 19, 14, 0),
	gsSP2Triangles(16, 5, 19, 0, 16, 9, 5, 0),
	gsSP2Triangles(9, 20, 5, 0, 20, 9, 4, 0),
	gsSP2Triangles(4, 9, 21, 0, 19, 5, 10, 0),
	gsSP2Triangles(22, 10, 5, 0, 23, 22, 5, 0),
	gsSP2Triangles(23, 6, 22, 0, 22, 6, 9, 0),
	gsSP2Triangles(10, 24, 19, 0, 24, 10, 25, 0),
	gsSP2Triangles(24, 25, 19, 0, 25, 26, 19, 0),
	gsSP2Triangles(26, 25, 27, 0, 26, 17, 19, 0),
	gsSP2Triangles(14, 19, 17, 0, 17, 28, 14, 0),
	gsSP2Triangles(29, 1, 14, 0, 30, 29, 14, 0),
	gsSP1Triangle(31, 30, 14, 0),
	gsSPVertex(mario_000_displaylist_mesh_layer_1_vtx_3 + 32, 13, 0),
	gsSP2Triangles(0, 1, 2, 0, 1, 0, 3, 0),
	gsSP2Triangles(2, 1, 4, 0, 5, 4, 1, 0),
	gsSP2Triangles(2, 4, 6, 0, 7, 6, 4, 0),
	gsSP2Triangles(8, 9, 10, 0, 9, 11, 10, 0),
	gsSP1Triangle(9, 12, 11, 0),
	gsSPEndDisplayList(),
};

Vtx mario_000_displaylist_mesh_layer_5_vtx_0[21] = {
	{{ {98, 123, 18}, 0, {782, 1966}, {48, 97, 65, 255} }},
	{{ {192, 98, 49}, 0, {128, -43}, {18, 121, 33, 255} }},
	{{ {110, 125, 0}, 0, {1183, 1720}, {57, 114, 254, 255} }},
	{{ {192, 98, 49}, 0, {129, -42}, {18, 121, 33, 255} }},
	{{ {189, 102, 2}, 0, {1116, 9}, {36, 122, 255, 255} }},
	{{ {87, 92, 81}, 0, {-613, 2130}, {38, 91, 80, 255} }},
	{{ {192, 98, 49}, 0, {129, -44}, {18, 121, 33, 255} }},
	{{ {192, 98, 49}, 0, {2033, -33}, {18, 121, 33, 255} }},
	{{ {87, 92, 81}, 0, {2715, 2114}, {38, 91, 80, 255} }},
	{{ {176, 86, 87}, 0, {2785, 272}, {3, 108, 67, 255} }},
	{{ {98, 123, -17}, 0, {790, 1986}, {44, 100, 191, 255} }},
	{{ {193, 97, -50}, 0, {129, -77}, {22, 119, 219, 255} }},
	{{ {86, 104, -60}, 0, {-95, 2195}, {26, 93, 173, 255} }},
	{{ {86, 104, -60}, 0, {-176, 2187}, {26, 93, 173, 255} }},
	{{ {193, 97, -50}, 0, {136, -74}, {22, 119, 219, 255} }},
	{{ {175, 85, -79}, 0, {-445, 281}, {6, 98, 176, 255} }},
	{{ {110, 125, 0}, 0, {1129, 1731}, {57, 114, 254, 255} }},
	{{ {193, 97, -50}, 0, {129, -77}, {22, 119, 219, 255} }},
	{{ {193, 97, -50}, 0, {129, -76}, {22, 119, 219, 255} }},
	{{ {110, 125, 0}, 0, {1129, 1731}, {57, 114, 254, 255} }},
	{{ {189, 102, 2}, 0, {1163, -7}, {36, 122, 255, 255} }},
};

Gfx mario_000_displaylist_mesh_layer_5_tri_0[] = {
	gsSPVertex(mario_000_displaylist_mesh_layer_5_vtx_0 + 0, 21, 0),
	gsSP2Triangles(0, 1, 2, 0, 2, 3, 4, 0),
	gsSP2Triangles(0, 5, 6, 0, 7, 8, 9, 0),
	gsSP2Triangles(10, 11, 12, 0, 13, 14, 15, 0),
	gsSP2Triangles(10, 16, 17, 0, 18, 19, 20, 0),
	gsSPEndDisplayList(),
};

Vtx mario_000_displaylist_mesh_layer_4_vtx_0[12] = {
	{{ {104, 53, 104}, 0, {-164, 710}, {241, 216, 136, 255} }},
	{{ {47, -1, 117}, 0, {1920, 1176}, {34, 247, 134, 255} }},
	{{ {48, 46, 115}, 0, {376, 1350}, {244, 229, 132, 255} }},
	{{ {95, -25, 124}, 0, {2460, 502}, {23, 246, 131, 255} }},
	{{ {132, -11, 121}, 0, {1828, 106}, {245, 226, 133, 255} }},
	{{ {166, 37, 102}, 0, {28, -84}, {226, 216, 139, 255} }},
	{{ {104, 53, -105}, 0, {-164, 710}, {4, 10, 129, 255} }},
	{{ {47, -2, -115}, 0, {1920, 1176}, {47, 24, 141, 255} }},
	{{ {48, 46, -115}, 0, {376, 1350}, {35, 234, 136, 255} }},
	{{ {95, -26, -120}, 0, {2460, 502}, {18, 44, 138, 255} }},
	{{ {132, -12, -118}, 0, {1828, 106}, {250, 33, 133, 255} }},
	{{ {166, 38, -102}, 0, {28, -84}, {254, 31, 133, 255} }},
};

Gfx mario_000_displaylist_mesh_layer_4_tri_0[] = {
	gsSPVertex(mario_000_displaylist_mesh_layer_4_vtx_0 + 0, 12, 0),
	gsSP2Triangles(0, 1, 2, 0, 1, 0, 3, 0),
	gsSP2Triangles(3, 0, 4, 0, 5, 4, 0, 0),
	gsSP2Triangles(6, 7, 8, 0, 7, 6, 9, 0),
	gsSP2Triangles(9, 6, 10, 0, 11, 10, 6, 0),
	gsSPEndDisplayList(),
};

Vtx mario_000_offset_003_skinned_mesh_layer_1_vtx_0[7] = {
	{{ {86, 15, 67}, 0, {-16, -16}, {70, 237, 104, 255} }},
	{{ {50, -37, 91}, 0, {-16, -16}, {224, 148, 58, 255} }},
	{{ {6, -12, 101}, 0, {-16, -16}, {232, 230, 122, 255} }},
	{{ {105, -31, 68}, 0, {-16, -16}, {70, 191, 84, 255} }},
	{{ {105, -31, 68}, 0, {-16, -16}, {70, 191, 84, 255} }},
	{{ {14, 36, 98}, 0, {-16, -16}, {247, 36, 121, 255} }},
	{{ {48, 55, 81}, 0, {-16, -16}, {36, 84, 89, 255} }},
};

Gfx mario_000_offset_003_skinned_mesh_layer_1_tri_0[] = {
	gsSPVertex(mario_000_offset_003_skinned_mesh_layer_1_vtx_0 + 0, 7, 0),
	gsSPEndDisplayList(),
};

Vtx mario_000_offset_003_mesh_layer_1_vtx_0[5] = {
	{{ {-13, -14, -29}, 0, {-16, -16}, {147, 55, 220, 255} }},
	{{ {-4, 31, -14}, 0, {-16, -16}, {159, 57, 196, 255} }},
	{{ {16, 29, 31}, 0, {-16, -16}, {229, 92, 83, 255} }},
	{{ {20, -17, 43}, 0, {-16, -16}, {205, 219, 110, 255} }},
	{{ {3, -45, 7}, 0, {-16, -16}, {244, 143, 200, 255} }},
};

Gfx mario_000_offset_003_mesh_layer_1_tri_0[] = {
	gsSPVertex(mario_000_offset_003_mesh_layer_1_vtx_0 + 0, 5, 7),
	gsSP2Triangles(7, 3, 0, 0, 8, 7, 0, 0),
	gsSP2Triangles(8, 0, 9, 0, 0, 6, 9, 0),
	gsSP2Triangles(6, 5, 9, 0, 2, 9, 5, 0),
	gsSP2Triangles(2, 10, 9, 0, 1, 10, 2, 0),
	gsSP2Triangles(1, 11, 10, 0, 3, 11, 1, 0),
	gsSP1Triangle(7, 11, 4, 0),
	gsSPEndDisplayList(),
};

Vtx mario_000_offset_003_mesh_layer_1_vtx_1[10] = {
	{{ {-13, -14, -29}, 0, {-16, -16}, {147, 55, 220, 255} }},
	{{ {-4, 31, -14}, 0, {-16, -16}, {159, 57, 196, 255} }},
	{{ {61, -14, -37}, 0, {-16, -16}, {252, 225, 133, 255} }},
	{{ {62, 23, -23}, 0, {-16, -16}, {2, 103, 182, 255} }},
	{{ {16, 29, 31}, 0, {-16, -16}, {229, 92, 83, 255} }},
	{{ {62, 22, 16}, 0, {-16, -16}, {22, 103, 71, 255} }},
	{{ {20, -17, 43}, 0, {-16, -16}, {205, 219, 110, 255} }},
	{{ {61, -16, 27}, 0, {-16, -16}, {21, 213, 118, 255} }},
	{{ {3, -45, 7}, 0, {-16, -16}, {244, 143, 200, 255} }},
	{{ {59, -39, -5}, 0, {-16, -16}, {249, 130, 243, 255} }},
};

Gfx mario_000_offset_003_mesh_layer_1_tri_1[] = {
	gsSPVertex(mario_000_offset_003_mesh_layer_1_vtx_1 + 0, 10, 0),
	gsSP2Triangles(0, 1, 2, 0, 1, 3, 2, 0),
	gsSP2Triangles(1, 4, 3, 0, 4, 5, 3, 0),
	gsSP2Triangles(4, 6, 5, 0, 6, 7, 5, 0),
	gsSP2Triangles(6, 8, 7, 0, 8, 9, 7, 0),
	gsSP2Triangles(8, 0, 9, 0, 0, 2, 9, 0),
	gsSPEndDisplayList(),
};

Vtx mario_000_offset_004_skinned_mesh_layer_1_vtx_0[5] = {
	{{ {59, -39, -5}, 0, {-16, -16}, {249, 130, 243, 255} }},
	{{ {61, -14, -37}, 0, {-16, -16}, {252, 225, 133, 255} }},
	{{ {62, 23, -23}, 0, {-16, -16}, {2, 103, 182, 255} }},
	{{ {62, 22, 16}, 0, {-16, -16}, {22, 103, 71, 255} }},
	{{ {61, -16, 27}, 0, {-16, -16}, {21, 213, 118, 255} }},
};

Gfx mario_000_offset_004_skinned_mesh_layer_1_tri_0[] = {
	gsSPVertex(mario_000_offset_004_skinned_mesh_layer_1_vtx_0 + 0, 5, 0),
	gsSPEndDisplayList(),
};

Vtx mario_000_offset_004_mesh_layer_1_vtx_0[5] = {
	{{ {0, 23, -23}, 0, {-16, -16}, {8, 106, 186, 255} }},
	{{ {1, -15, -36}, 0, {-16, -16}, {7, 219, 135, 255} }},
	{{ {-2, -41, -4}, 0, {-16, -16}, {246, 129, 255, 255} }},
	{{ {0, -18, 27}, 0, {-16, -16}, {0, 209, 118, 255} }},
	{{ {1, 21, 17}, 0, {-16, -16}, {9, 96, 83, 255} }},
};

Gfx mario_000_offset_004_mesh_layer_1_tri_0[] = {
	gsSPVertex(mario_000_offset_004_mesh_layer_1_vtx_0 + 0, 5, 5),
	gsSP2Triangles(5, 1, 2, 0, 5, 6, 1, 0),
	gsSP2Triangles(6, 0, 1, 0, 6, 7, 0, 0),
	gsSP2Triangles(8, 0, 7, 0, 8, 4, 0, 0),
	gsSP2Triangles(9, 4, 8, 0, 9, 3, 4, 0),
	gsSP2Triangles(5, 3, 9, 0, 5, 2, 3, 0),
	gsSPEndDisplayList(),
};

Vtx mario_000_offset_004_mesh_layer_1_vtx_1[11] = {
	{{ {0, 23, -23}, 0, {-16, -16}, {8, 106, 186, 255} }},
	{{ {1, 21, 17}, 0, {-16, -16}, {9, 96, 83, 255} }},
	{{ {51, 17, -21}, 0, {-16, -16}, {68, 89, 196, 255} }},
	{{ {51, 15, 14}, 0, {-16, -16}, {67, 83, 69, 255} }},
	{{ {0, -18, 27}, 0, {-16, -16}, {0, 209, 118, 255} }},
	{{ {50, -18, 24}, 0, {-16, -16}, {63, 217, 103, 255} }},
	{{ {-2, -41, -4}, 0, {-16, -16}, {246, 129, 255, 255} }},
	{{ {49, -37, -4}, 0, {-16, -16}, {62, 145, 251, 255} }},
	{{ {1, -15, -36}, 0, {-16, -16}, {7, 219, 135, 255} }},
	{{ {50, -15, -32}, 0, {-16, -16}, {64, 224, 151, 255} }},
	{{ {63, -8, -3}, 0, {-16, -16}, {127, 252, 1, 255} }},
};

Gfx mario_000_offset_004_mesh_layer_1_tri_1[] = {
	gsSPVertex(mario_000_offset_004_mesh_layer_1_vtx_1 + 0, 11, 0),
	gsSP2Triangles(0, 1, 2, 0, 1, 3, 2, 0),
	gsSP2Triangles(1, 4, 3, 0, 4, 5, 3, 0),
	gsSP2Triangles(4, 6, 5, 0, 6, 7, 5, 0),
	gsSP2Triangles(6, 8, 7, 0, 8, 9, 7, 0),
	gsSP2Triangles(8, 0, 9, 0, 0, 2, 9, 0),
	gsSP2Triangles(2, 10, 9, 0, 3, 10, 2, 0),
	gsSP2Triangles(5, 10, 3, 0, 7, 10, 5, 0),
	gsSP1Triangle(9, 10, 7, 0),
	gsSPEndDisplayList(),
};

Vtx mario_000_displaylist_003_mesh_layer_1_vtx_0[51] = {
	{{ {97, 18, -50}, 0, {-37, 426}, {71, 49, 163, 255} }},
	{{ {107, 43, -17}, 0, {254, 538}, {107, 64, 234, 255} }},
	{{ {108, -6, -50}, 0, {-37, 314}, {105, 253, 185, 255} }},
	{{ {28, -27, -35}, 0, {-461, 53}, {23, 201, 144, 255} }},
	{{ {4, 26, -34}, 0, {15, -53}, {251, 68, 149, 255} }},
	{{ {36, 8, -48}, 0, {-150, 87}, {196, 253, 144, 255} }},
	{{ {86, -34, -66}, 0, {-519, 316}, {29, 182, 157, 255} }},
	{{ {66, 13, -65}, 0, {-101, 223}, {244, 23, 132, 255} }},
	{{ {108, -6, -50}, 0, {-276, 413}, {105, 253, 185, 255} }},
	{{ {97, 18, -50}, 0, {-53, 364}, {71, 49, 163, 255} }},
	{{ {35, 68, -30}, 0, {304, 128}, {208, 91, 182, 255} }},
	{{ {36, 8, -48}, 0, {-132, 157}, {196, 253, 144, 255} }},
	{{ {4, 26, -34}, 0, {-6, 17}, {251, 68, 149, 255} }},
	{{ {66, 13, -65}, 0, {-101, 243}, {244, 23, 132, 255} }},
	{{ {62, 59, -40}, 0, {249, 252}, {23, 85, 164, 255} }},
	{{ {97, 18, -50}, 0, {-52, 383}, {71, 49, 163, 255} }},
	{{ {107, 43, -17}, 0, {139, 444}, {107, 64, 234, 255} }},
	{{ {-11, 28, -41}, 0, {-16, -16}, {51, 84, 175, 255} }},
	{{ {4, 26, -34}, 0, {-16, -16}, {251, 68, 149, 255} }},
	{{ {28, -27, -35}, 0, {-16, -16}, {23, 201, 144, 255} }},
	{{ {-1, 42, 5}, 0, {-16, -16}, {219, 113, 45, 255} }},
	{{ {-19, 49, 9}, 0, {-16, -16}, {46, 115, 28, 255} }},
	{{ {5, -6, 39}, 0, {-16, -16}, {67, 28, 104, 255} }},
	{{ {18, -1, 29}, 0, {-16, -16}, {254, 253, 127, 255} }},
	{{ {37, -44, 3}, 0, {-16, -16}, {61, 151, 38, 255} }},
	{{ {29, -63, 6}, 0, {-16, -16}, {117, 212, 24, 255} }},
	{{ {18, -41, -42}, 0, {-16, -16}, {93, 236, 172, 255} }},
	{{ {63, -49, 8}, 0, {-16, -16}, {6, 138, 47, 255} }},
	{{ {39, 6, 45}, 0, {-16, -16}, {227, 239, 122, 255} }},
	{{ {116, -28, 4}, 0, {-16, -16}, {101, 191, 41, 255} }},
	{{ {86, -34, -66}, 0, {-16, -16}, {29, 182, 157, 255} }},
	{{ {108, -6, -50}, 0, {-16, -16}, {105, 253, 185, 255} }},
	{{ {108, -6, -50}, 0, {-16, -16}, {105, 253, 185, 255} }},
	{{ {107, 43, -17}, 0, {-16, -16}, {107, 64, 234, 255} }},
	{{ {116, -28, 4}, 0, {-16, -16}, {101, 191, 41, 255} }},
	{{ {93, 31, 44}, 0, {-16, -16}, {64, 26, 107, 255} }},
	{{ {64, 88, 9}, 0, {-16, -16}, {21, 121, 33, 255} }},
	{{ {62, 59, -40}, 0, {-16, -16}, {23, 85, 164, 255} }},
	{{ {35, 68, -30}, 0, {-16, -16}, {208, 91, 182, 255} }},
	{{ {13, 64, 11}, 0, {-16, -16}, {175, 85, 48, 255} }},
	{{ {4, 26, -34}, 0, {-16, -16}, {251, 68, 149, 255} }},
	{{ {-1, 42, 5}, 0, {-16, -16}, {219, 113, 45, 255} }},
	{{ {39, 6, 45}, 0, {-16, -16}, {227, 239, 122, 255} }},
	{{ {18, -1, 29}, 0, {-16, -16}, {254, 253, 127, 255} }},
	{{ {37, -44, 3}, 0, {-16, -16}, {61, 151, 38, 255} }},
	{{ {18, -41, -42}, 0, {-16, -16}, {158, 184, 219, 255} }},
	{{ {-15, -15, -4}, 0, {-16, -16}, {139, 206, 3, 255} }},
	{{ {-11, 28, -41}, 0, {-16, -16}, {137, 236, 218, 255} }},
	{{ {29, -63, 6}, 0, {-16, -16}, {162, 172, 14, 255} }},
	{{ {5, -6, 39}, 0, {-16, -16}, {153, 210, 58, 255} }},
	{{ {-19, 49, 9}, 0, {-16, -16}, {130, 245, 14, 255} }},
};

Gfx mario_000_displaylist_003_mesh_layer_1_tri_0[] = {
	gsSPVertex(mario_000_displaylist_003_mesh_layer_1_vtx_0 + 0, 32, 0),
	gsSP2Triangles(0, 1, 2, 0, 3, 4, 5, 0),
	gsSP2Triangles(3, 5, 6, 0, 5, 7, 6, 0),
	gsSP2Triangles(7, 8, 6, 0, 7, 9, 8, 0),
	gsSP2Triangles(10, 11, 12, 0, 13, 11, 10, 0),
	gsSP2Triangles(13, 10, 14, 0, 14, 15, 13, 0),
	gsSP2Triangles(15, 14, 16, 0, 17, 18, 19, 0),
	gsSP2Triangles(20, 18, 17, 0, 17, 21, 20, 0),
	gsSP2Triangles(20, 21, 22, 0, 22, 23, 20, 0),
	gsSP2Triangles(24, 23, 22, 0, 22, 25, 24, 0),
	gsSP2Triangles(24, 25, 26, 0, 26, 19, 24, 0),
	gsSP2Triangles(19, 26, 17, 0, 27, 24, 19, 0),
	gsSP2Triangles(24, 27, 28, 0, 27, 29, 28, 0),
	gsSP2Triangles(30, 29, 27, 0, 19, 30, 27, 0),
	gsSP1Triangle(30, 31, 29, 0),
	gsSPVertex(mario_000_displaylist_003_mesh_layer_1_vtx_0 + 32, 19, 0),
	gsSP2Triangles(0, 1, 2, 0, 2, 1, 3, 0),
	gsSP2Triangles(3, 1, 4, 0, 4, 1, 5, 0),
	gsSP2Triangles(4, 5, 6, 0, 6, 7, 4, 0),
	gsSP2Triangles(7, 6, 8, 0, 8, 9, 7, 0),
	gsSP2Triangles(9, 10, 7, 0, 9, 11, 10, 0),
	gsSP2Triangles(10, 11, 12, 0, 10, 4, 7, 0),
	gsSP2Triangles(10, 3, 4, 0, 2, 3, 10, 0),
	gsSP2Triangles(13, 14, 15, 0, 16, 14, 13, 0),
	gsSP2Triangles(17, 14, 16, 0, 18, 14, 17, 0),
	gsSP1Triangle(15, 14, 18, 0),
	gsSPEndDisplayList(),
};

Vtx mario_000_offset_006_skinned_mesh_layer_1_vtx_0[9] = {
	{{ {6, -11, -99}, 0, {-16, -16}, {252, 238, 130, 255} }},
	{{ {56, -53, -70}, 0, {-16, -16}, {75, 156, 233, 255} }},
	{{ {56, -53, -70}, 0, {-16, -16}, {75, 156, 233, 255} }},
	{{ {56, -53, -70}, 0, {-16, -16}, {75, 156, 233, 255} }},
	{{ {86, 15, -66}, 0, {-16, -16}, {0, 78, 156, 255} }},
	{{ {46, 55, -80}, 0, {-16, -16}, {52, 56, 155, 255} }},
	{{ {13, 36, -97}, 0, {-16, -16}, {18, 48, 140, 255} }},
	{{ {105, -31, -67}, 0, {-16, -16}, {26, 235, 134, 255} }},
	{{ {56, -53, -70}, 0, {-16, -16}, {75, 156, 233, 255} }},
};

Gfx mario_000_offset_006_skinned_mesh_layer_1_tri_0[] = {
	gsSPVertex(mario_000_offset_006_skinned_mesh_layer_1_vtx_0 + 0, 9, 0),
	gsSPEndDisplayList(),
};

Vtx mario_000_offset_006_skinned_mesh_layer_1_vtx_1[4] = {
	{{ {46, 55, -80}, 0, {-16, -16}, {52, 56, 155, 255} }},
	{{ {13, 36, -97}, 0, {-16, -16}, {18, 48, 140, 255} }},
	{{ {86, 15, -66}, 0, {-16, -16}, {0, 78, 156, 255} }},
	{{ {105, -31, -67}, 0, {-16, -16}, {26, 235, 134, 255} }},
};

Gfx mario_000_offset_006_skinned_mesh_layer_1_tri_1[] = {
	gsSPVertex(mario_000_offset_006_skinned_mesh_layer_1_vtx_1 + 0, 4, 9),
	gsSPEndDisplayList(),
};

Vtx mario_000_offset_006_mesh_layer_1_vtx_0[5] = {
	{{ {-15, -21, 29}, 0, {-16, -16}, {35, 169, 170, 255} }},
	{{ {23, -16, -42}, 0, {-16, -16}, {249, 235, 131, 255} }},
	{{ {15, 29, -25}, 0, {-16, -16}, {1, 112, 197, 255} }},
	{{ {4, -48, -9}, 0, {-16, -16}, {230, 180, 158, 255} }},
	{{ {-8, 27, 18}, 0, {-16, -16}, {96, 20, 175, 255} }},
};

Gfx mario_000_offset_006_mesh_layer_1_tri_0[] = {
	gsSPVertex(mario_000_offset_006_mesh_layer_1_vtx_0 + 0, 5, 13),
	gsSP2Triangles(13, 7, 8, 0, 14, 1, 0, 0),
	gsSP2Triangles(0, 15, 14, 0, 0, 6, 15, 0),
	gsSP2Triangles(14, 16, 2, 0, 13, 3, 16, 0),
	gsSP2Triangles(17, 5, 4, 0, 17, 4, 13, 0),
	gsSPEndDisplayList(),
};

Vtx mario_000_offset_006_mesh_layer_1_vtx_1[3] = {
	{{ {-15, -21, 29}, 0, {-16, -16}, {35, 169, 170, 255} }},
	{{ {15, 29, -25}, 0, {-16, -16}, {1, 112, 197, 255} }},
	{{ {-8, 27, 18}, 0, {-16, -16}, {96, 20, 175, 255} }},
};

Gfx mario_000_offset_006_mesh_layer_1_tri_1[] = {
	gsSPVertex(mario_000_offset_006_mesh_layer_1_vtx_1 + 0, 3, 13),
	gsSP2Triangles(11, 12, 13, 0, 9, 14, 10, 0),
	gsSP1Triangle(9, 15, 14, 0),
	gsSPEndDisplayList(),
};

Vtx mario_000_offset_006_mesh_layer_1_vtx_2[10] = {
	{{ {59, -18, 43}, 0, {-16, -16}, {255, 219, 122, 255} }},
	{{ {-8, 27, 18}, 0, {-16, -16}, {96, 20, 175, 255} }},
	{{ {-15, -21, 29}, 0, {-16, -16}, {35, 169, 170, 255} }},
	{{ {61, 18, 29}, 0, {-16, -16}, {247, 98, 80, 255} }},
	{{ {15, 29, -25}, 0, {-16, -16}, {1, 112, 197, 255} }},
	{{ {62, 21, -10}, 0, {-16, -16}, {14, 108, 191, 255} }},
	{{ {23, -16, -42}, 0, {-16, -16}, {249, 235, 131, 255} }},
	{{ {58, -15, -25}, 0, {-16, -16}, {30, 224, 137, 255} }},
	{{ {4, -48, -9}, 0, {-16, -16}, {230, 180, 158, 255} }},
	{{ {61, -41, 6}, 0, {-16, -16}, {252, 129, 254, 255} }},
};

Gfx mario_000_offset_006_mesh_layer_1_tri_2[] = {
	gsSPVertex(mario_000_offset_006_mesh_layer_1_vtx_2 + 0, 10, 0),
	gsSP2Triangles(0, 1, 2, 0, 0, 3, 1, 0),
	gsSP2Triangles(3, 4, 1, 0, 3, 5, 4, 0),
	gsSP2Triangles(5, 6, 4, 0, 5, 7, 6, 0),
	gsSP2Triangles(7, 8, 6, 0, 7, 9, 8, 0),
	gsSP2Triangles(9, 2, 8, 0, 9, 0, 2, 0),
	gsSPEndDisplayList(),
};

Vtx mario_000_offset_007_skinned_mesh_layer_1_vtx_0[5] = {
	{{ {61, 18, 29}, 0, {-16, -16}, {247, 98, 80, 255} }},
	{{ {61, -41, 6}, 0, {-16, -16}, {252, 129, 254, 255} }},
	{{ {62, 21, -10}, 0, {-16, -16}, {14, 108, 191, 255} }},
	{{ {59, -18, 43}, 0, {-16, -16}, {255, 219, 122, 255} }},
	{{ {58, -15, -25}, 0, {-16, -16}, {30, 224, 137, 255} }},
};

Gfx mario_000_offset_007_skinned_mesh_layer_1_tri_0[] = {
	gsSPVertex(mario_000_offset_007_skinned_mesh_layer_1_vtx_0 + 0, 5, 0),
	gsSPEndDisplayList(),
};

Vtx mario_000_offset_007_mesh_layer_1_vtx_0[5] = {
	{{ {0, 22, -10}, 0, {-16, -16}, {0, 108, 189, 255} }},
	{{ {0, 19, 30}, 0, {-16, -16}, {252, 99, 80, 255} }},
	{{ {-1, -19, 41}, 0, {-16, -16}, {10, 209, 118, 255} }},
	{{ {-3, -42, 6}, 0, {-16, -16}, {250, 129, 249, 255} }},
	{{ {-1, -16, -25}, 0, {-16, -16}, {4, 223, 133, 255} }},
};

Gfx mario_000_offset_007_mesh_layer_1_tri_0[] = {
	gsSPVertex(mario_000_offset_007_mesh_layer_1_vtx_0 + 0, 5, 5),
	gsSP2Triangles(0, 5, 2, 0, 0, 6, 5, 0),
	gsSP2Triangles(0, 7, 6, 0, 0, 3, 7, 0),
	gsSP2Triangles(1, 7, 3, 0, 1, 8, 7, 0),
	gsSP2Triangles(1, 9, 8, 0, 1, 4, 9, 0),
	gsSP2Triangles(2, 9, 4, 0, 2, 5, 9, 0),
	gsSPEndDisplayList(),
};

Vtx mario_000_offset_007_mesh_layer_1_vtx_1[11] = {
	{{ {50, -39, 6}, 0, {-16, -16}, {61, 145, 250, 255} }},
	{{ {-1, -19, 41}, 0, {-16, -16}, {10, 209, 118, 255} }},
	{{ {-3, -42, 6}, 0, {-16, -16}, {250, 129, 249, 255} }},
	{{ {51, -18, 37}, 0, {-16, -16}, {65, 218, 102, 255} }},
	{{ {64, -9, 8}, 0, {-16, -16}, {127, 253, 254, 255} }},
	{{ {51, -16, -21}, 0, {-16, -16}, {64, 227, 150, 255} }},
	{{ {-1, -16, -25}, 0, {-16, -16}, {4, 223, 133, 255} }},
	{{ {52, 16, -8}, 0, {-16, -16}, {67, 91, 197, 255} }},
	{{ {0, 22, -10}, 0, {-16, -16}, {0, 108, 189, 255} }},
	{{ {52, 14, 27}, 0, {-16, -16}, {68, 83, 68, 255} }},
	{{ {0, 19, 30}, 0, {-16, -16}, {252, 99, 80, 255} }},
};

Gfx mario_000_offset_007_mesh_layer_1_tri_1[] = {
	gsSPVertex(mario_000_offset_007_mesh_layer_1_vtx_1 + 0, 11, 0),
	gsSP2Triangles(0, 1, 2, 0, 0, 3, 1, 0),
	gsSP2Triangles(0, 4, 3, 0, 5, 4, 0, 0),
	gsSP2Triangles(5, 0, 2, 0, 5, 2, 6, 0),
	gsSP2Triangles(7, 5, 6, 0, 7, 6, 8, 0),
	gsSP2Triangles(9, 7, 8, 0, 9, 8, 10, 0),
	gsSP2Triangles(3, 9, 10, 0, 3, 10, 1, 0),
	gsSP2Triangles(3, 4, 9, 0, 9, 4, 7, 0),
	gsSP1Triangle(7, 4, 5, 0),
	gsSPEndDisplayList(),
};

Vtx mario_000_displaylist_004_mesh_layer_1_vtx_0[37] = {
	{{ {81, -36, 71}, 0, {-302, 396}, {25, 178, 97, 255} }},
	{{ {104, -9, 56}, 0, {-67, 494}, {103, 249, 73, 255} }},
	{{ {62, 11, 71}, 0, {102, 312}, {243, 21, 125, 255} }},
	{{ {93, 16, 56}, 0, {148, 448}, {69, 45, 97, 255} }},
	{{ {58, 58, 48}, 0, {514, 298}, {20, 82, 95, 255} }},
	{{ {31, 67, 37}, 0, {589, 180}, {206, 89, 75, 255} }},
	{{ {31, 6, 53}, 0, {64, 180}, {191, 249, 109, 255} }},
	{{ {1, 26, 38}, 0, {233, 49}, {245, 63, 110, 255} }},
	{{ {25, -28, 38}, 0, {-236, 152}, {15, 191, 108, 255} }},
	{{ {112, -28, 1}, 0, {-16, -16}, {101, 191, 215, 255} }},
	{{ {104, -9, 56}, 0, {-16, -16}, {103, 249, 73, 255} }},
	{{ {81, -36, 71}, 0, {-16, -16}, {25, 178, 97, 255} }},
	{{ {105, 42, 26}, 0, {-16, -16}, {107, 62, 28, 255} }},
	{{ {93, 32, -36}, 0, {-16, -16}, {69, 28, 153, 255} }},
	{{ {38, 10, -40}, 0, {-16, -16}, {231, 246, 132, 255} }},
	{{ {59, -48, -4}, 0, {-16, -16}, {7, 140, 204, 255} }},
	{{ {25, -28, 38}, 0, {-16, -16}, {15, 191, 108, 255} }},
	{{ {34, -43, -1}, 0, {-16, -16}, {61, 154, 212, 255} }},
	{{ {14, -41, 44}, 0, {-16, -16}, {87, 229, 88, 255} }},
	{{ {-15, 28, 44}, 0, {-16, -16}, {45, 80, 88, 255} }},
	{{ {1, 26, 38}, 0, {-16, -16}, {245, 63, 110, 255} }},
	{{ {-2, 44, -1}, 0, {-16, -16}, {218, 113, 212, 255} }},
	{{ {11, 65, -4}, 0, {-16, -16}, {177, 88, 210, 255} }},
	{{ {31, 67, 37}, 0, {-16, -16}, {206, 89, 75, 255} }},
	{{ {63, 88, 0}, 0, {-16, -16}, {23, 122, 228, 255} }},
	{{ {58, 58, 48}, 0, {-16, -16}, {20, 82, 95, 255} }},
	{{ {93, 16, 56}, 0, {-16, -16}, {69, 45, 97, 255} }},
	{{ {16, 0, -25}, 0, {-16, -16}, {12, 1, 130, 255} }},
	{{ {4, -3, -36}, 0, {-16, -16}, {76, 33, 159, 255} }},
	{{ {-21, 51, -4}, 0, {-16, -16}, {45, 117, 235, 255} }},
	{{ {26, -62, -4}, 0, {-16, -16}, {117, 211, 236, 255} }},
	{{ {4, -3, -36}, 0, {-16, -16}, {153, 214, 194, 255} }},
	{{ {-17, -13, 6}, 0, {-16, -16}, {139, 208, 246, 255} }},
	{{ {-21, 51, -4}, 0, {-16, -16}, {131, 246, 235, 255} }},
	{{ {26, -62, -4}, 0, {-16, -16}, {160, 175, 236, 255} }},
	{{ {14, -41, 44}, 0, {-16, -16}, {155, 185, 30, 255} }},
	{{ {-15, 28, 44}, 0, {-16, -16}, {134, 235, 30, 255} }},
};

Gfx mario_000_displaylist_004_mesh_layer_1_tri_0[] = {
	gsSPVertex(mario_000_displaylist_004_mesh_layer_1_vtx_0 + 0, 31, 0),
	gsSP2Triangles(0, 1, 2, 0, 1, 3, 2, 0),
	gsSP2Triangles(3, 4, 2, 0, 4, 5, 2, 0),
	gsSP2Triangles(5, 6, 2, 0, 7, 6, 5, 0),
	gsSP2Triangles(6, 7, 8, 0, 0, 6, 8, 0),
	gsSP2Triangles(0, 2, 6, 0, 9, 10, 11, 0),
	gsSP2Triangles(9, 12, 10, 0, 13, 12, 9, 0),
	gsSP2Triangles(14, 13, 9, 0, 14, 9, 15, 0),
	gsSP2Triangles(15, 9, 11, 0, 15, 11, 16, 0),
	gsSP2Triangles(16, 17, 15, 0, 17, 16, 18, 0),
	gsSP2Triangles(19, 18, 16, 0, 16, 20, 19, 0),
	gsSP2Triangles(19, 20, 21, 0, 22, 21, 20, 0),
	gsSP2Triangles(23, 22, 20, 0, 24, 22, 23, 0),
	gsSP2Triangles(23, 25, 24, 0, 25, 12, 24, 0),
	gsSP2Triangles(12, 25, 26, 0, 10, 12, 26, 0),
	gsSP2Triangles(24, 12, 13, 0, 24, 13, 14, 0),
	gsSP2Triangles(22, 24, 14, 0, 22, 14, 21, 0),
	gsSP2Triangles(14, 27, 21, 0, 17, 27, 14, 0),
	gsSP2Triangles(14, 15, 17, 0, 28, 27, 17, 0),
	gsSP2Triangles(21, 27, 28, 0, 28, 29, 21, 0),
	gsSP2Triangles(21, 29, 19, 0, 17, 30, 28, 0),
	gsSP1Triangle(18, 30, 17, 0),
	gsSPVertex(mario_000_displaylist_004_mesh_layer_1_vtx_0 + 31, 6, 0),
	gsSP2Triangles(0, 1, 2, 0, 3, 1, 0, 0),
	gsSP2Triangles(4, 1, 3, 0, 5, 1, 4, 0),
	gsSP1Triangle(2, 1, 5, 0),
	gsSPEndDisplayList(),
};

Vtx mario_000_offset_009_skinned_mesh_layer_1_vtx_0[8] = {
	{{ {20, -9, 112}, 0, {-16, -16}, {13, 134, 224, 255} }},
	{{ {16, -53, 92}, 0, {-16, -16}, {156, 177, 253, 255} }},
	{{ {19, 36, 102}, 0, {-16, -16}, {207, 226, 113, 255} }},
	{{ {2, 64, 60}, 0, {-16, -16}, {219, 82, 90, 255} }},
	{{ {-7, 75, 30}, 0, {-16, -16}, {193, 61, 165, 255} }},
	{{ {-3, 64, -9}, 0, {-16, -16}, {192, 251, 110, 255} }},
	{{ {-7, -79, -1}, 0, {-16, -16}, {228, 197, 147, 255} }},
	{{ {-10, -75, 59}, 0, {-16, -16}, {196, 148, 30, 255} }},
};

Gfx mario_000_offset_009_skinned_mesh_layer_1_tri_0[] = {
	gsSPVertex(mario_000_offset_009_skinned_mesh_layer_1_vtx_0 + 0, 8, 0),
	gsSPEndDisplayList(),
};

Vtx mario_000_offset_009_mesh_layer_1_vtx_0[5] = {
	{{ {19, -16, 65}, 0, {-16, -16}, {173, 181, 197, 255} }},
	{{ {38, -61, 14}, 0, {-16, -16}, {4, 129, 3, 255} }},
	{{ {26, -22, -37}, 0, {-16, -16}, {203, 180, 169, 255} }},
	{{ {35, 49, -14}, 0, {-16, -16}, {193, 110, 253, 255} }},
	{{ {30, 53, 34}, 0, {-16, -16}, {246, 109, 64, 255} }},
};

Gfx mario_000_offset_009_mesh_layer_1_tri_0[] = {
	gsSPVertex(mario_000_offset_009_mesh_layer_1_vtx_0 + 0, 5, 8),
	gsSP2Triangles(0, 8, 1, 0, 2, 8, 0, 0),
	gsSP2Triangles(3, 8, 2, 0, 8, 3, 9, 0),
	gsSP2Triangles(10, 9, 3, 0, 4, 10, 3, 0),
	gsSP2Triangles(4, 5, 10, 0, 5, 6, 10, 0),
	gsSP2Triangles(10, 6, 11, 0, 7, 11, 6, 0),
	gsSP2Triangles(7, 12, 11, 0, 1, 12, 7, 0),
	gsSP1Triangle(1, 8, 12, 0),
	gsSPEndDisplayList(),
};

Vtx mario_000_offset_009_mesh_layer_1_vtx_1[10] = {
	{{ {19, -16, 65}, 0, {-16, -16}, {173, 181, 197, 255} }},
	{{ {38, -61, 14}, 0, {-16, -16}, {4, 129, 3, 255} }},
	{{ {101, -40, 9}, 0, {-16, -16}, {17, 130, 254, 255} }},
	{{ {26, -22, -37}, 0, {-16, -16}, {203, 180, 169, 255} }},
	{{ {91, -5, -33}, 0, {-16, -16}, {5, 227, 132, 255} }},
	{{ {101, 49, -17}, 0, {-16, -16}, {255, 88, 164, 255} }},
	{{ {35, 49, -14}, 0, {-16, -16}, {193, 110, 253, 255} }},
	{{ {95, 49, 35}, 0, {-16, -16}, {244, 96, 82, 255} }},
	{{ {30, 53, 34}, 0, {-16, -16}, {246, 109, 64, 255} }},
	{{ {91, -5, 53}, 0, {-16, -16}, {14, 225, 122, 255} }},
};

Gfx mario_000_offset_009_mesh_layer_1_tri_1[] = {
	gsSPVertex(mario_000_offset_009_mesh_layer_1_vtx_1 + 0, 10, 0),
	gsSP2Triangles(0, 1, 2, 0, 1, 3, 2, 0),
	gsSP2Triangles(3, 4, 2, 0, 5, 4, 3, 0),
	gsSP2Triangles(5, 3, 6, 0, 7, 5, 6, 0),
	gsSP2Triangles(7, 6, 8, 0, 7, 8, 0, 0),
	gsSP2Triangles(0, 9, 7, 0, 2, 9, 0, 0),
	gsSPEndDisplayList(),
};

Vtx mario_000_offset_010_skinned_mesh_layer_1_vtx_0[5] = {
	{{ {101, 49, -17}, 0, {-16, -16}, {255, 88, 164, 255} }},
	{{ {95, 49, 35}, 0, {-16, -16}, {244, 96, 82, 255} }},
	{{ {101, -40, 9}, 0, {-16, -16}, {17, 130, 254, 255} }},
	{{ {91, -5, -33}, 0, {-16, -16}, {5, 227, 132, 255} }},
	{{ {91, -5, 53}, 0, {-16, -16}, {14, 225, 122, 255} }},
};

Gfx mario_000_offset_010_skinned_mesh_layer_1_tri_0[] = {
	gsSPVertex(mario_000_offset_010_skinned_mesh_layer_1_vtx_0 + 0, 5, 0),
	gsSPEndDisplayList(),
};

Vtx mario_000_offset_010_mesh_layer_1_vtx_0[5] = {
	{{ {16, 48, 36}, 0, {-16, -16}, {248, 104, 73, 255} }},
	{{ {21, 48, -17}, 0, {-16, -16}, {254, 102, 180, 255} }},
	{{ {5, -6, -34}, 0, {-16, -16}, {7, 214, 136, 255} }},
	{{ {22, -40, 9}, 0, {-16, -16}, {25, 132, 10, 255} }},
	{{ {5, -6, 53}, 0, {-16, -16}, {21, 211, 117, 255} }},
};

Gfx mario_000_offset_010_mesh_layer_1_tri_0[] = {
	gsSPVertex(mario_000_offset_010_mesh_layer_1_vtx_0 + 0, 5, 5),
	gsSP2Triangles(5, 0, 1, 0, 5, 6, 0, 0),
	gsSP2Triangles(7, 0, 6, 0, 7, 3, 0, 0),
	gsSP2Triangles(7, 2, 3, 0, 7, 8, 2, 0),
	gsSP2Triangles(9, 2, 8, 0, 9, 4, 2, 0),
	gsSP2Triangles(9, 1, 4, 0, 9, 5, 1, 0),
	gsSPEndDisplayList(),
};

Vtx mario_000_offset_010_mesh_layer_1_vtx_1[10] = {
	{{ {51, 48, -24}, 0, {-16, -16}, {77, 101, 6, 255} }},
	{{ {21, 48, -17}, 0, {-16, -16}, {254, 102, 180, 255} }},
	{{ {16, 48, 36}, 0, {-16, -16}, {248, 104, 73, 255} }},
	{{ {40, 0, -29}, 0, {-16, -16}, {80, 84, 204, 255} }},
	{{ {5, -6, -34}, 0, {-16, -16}, {7, 214, 136, 255} }},
	{{ {22, -40, 9}, 0, {-16, -16}, {25, 132, 10, 255} }},
	{{ {40, -37, 5}, 0, {-16, -16}, {228, 134, 18, 255} }},
	{{ {50, 38, 48}, 0, {-16, -16}, {34, 141, 41, 255} }},
	{{ {5, -6, 53}, 0, {-16, -16}, {21, 211, 117, 255} }},
	{{ {51, 55, 8}, 0, {-16, -16}, {39, 100, 68, 255} }},
};

Gfx mario_000_offset_010_mesh_layer_1_tri_1[] = {
	gsSPVertex(mario_000_offset_010_mesh_layer_1_vtx_1 + 0, 10, 0),
	gsSP2Triangles(0, 1, 2, 0, 1, 0, 3, 0),
	gsSP2Triangles(3, 4, 1, 0, 5, 4, 3, 0),
	gsSP2Triangles(5, 3, 6, 0, 5, 6, 7, 0),
	gsSP2Triangles(7, 8, 5, 0, 2, 8, 7, 0),
	gsSP2Triangles(2, 7, 9, 0, 2, 9, 0, 0),
	gsSPEndDisplayList(),
};

Vtx mario_000_offset_011_skinned_mesh_layer_1_vtx_0[5] = {
	{{ {50, 38, 48}, 0, {-16, -16}, {34, 141, 41, 255} }},
	{{ {40, -37, 5}, 0, {-16, -16}, {228, 134, 18, 255} }},
	{{ {51, 55, 8}, 0, {-16, -16}, {39, 100, 68, 255} }},
	{{ {40, 0, -29}, 0, {-16, -16}, {80, 84, 204, 255} }},
	{{ {51, 48, -24}, 0, {-16, -16}, {77, 101, 6, 255} }},
};

Gfx mario_000_offset_011_skinned_mesh_layer_1_tri_0[] = {
	gsSPVertex(mario_000_offset_011_skinned_mesh_layer_1_vtx_0 + 0, 5, 0),
	gsSPEndDisplayList(),
};

Vtx mario_000_offset_011_mesh_layer_1_vtx_0[4] = {
	{{ {31, -36, 6}, 0, {393, 657}, {3, 129, 252, 255} }},
	{{ {-37, 13, 53}, 0, {393, 657}, {4, 178, 100, 255} }},
	{{ {-67, 18, 9}, 0, {393, 657}, {143, 222, 210, 255} }},
	{{ {-38, 12, -28}, 0, {393, 657}, {37, 155, 188, 255} }},
};

Gfx mario_000_offset_011_mesh_layer_1_tri_0[] = {
	gsSPVertex(mario_000_offset_011_mesh_layer_1_vtx_0 + 0, 4, 5),
	gsSP2Triangles(5, 0, 1, 0, 5, 6, 0, 0),
	gsSP2Triangles(7, 0, 6, 0, 7, 2, 0, 0),
	gsSP2Triangles(8, 2, 7, 0, 2, 8, 4, 0),
	gsSP2Triangles(3, 4, 8, 0, 3, 8, 1, 0),
	gsSP1Triangle(8, 5, 1, 0),
	gsSPEndDisplayList(),
};

Vtx mario_000_offset_011_mesh_layer_1_vtx_1[43] = {
	{{ {-42, 69, -9}, 0, {43, 158}, {45, 119, 0, 255} }},
	{{ {-45, 70, 28}, 0, {43, 158}, {45, 119, 0, 255} }},
	{{ {-12, 57, 57}, 0, {43, 158}, {45, 119, 0, 255} }},
	{{ {-13, 57, -35}, 0, {43, 158}, {45, 119, 0, 255} }},
	{{ {82, 21, -45}, 0, {43, 158}, {45, 119, 0, 255} }},
	{{ {84, 21, 66}, 0, {43, 158}, {45, 119, 0, 255} }},
	{{ {118, 8, 38}, 0, {43, 158}, {45, 119, 0, 255} }},
	{{ {119, 8, -22}, 0, {43, 158}, {45, 119, 0, 255} }},
	{{ {-38, 12, -28}, 0, {189, 152}, {37, 155, 188, 255} }},
	{{ {48, -13, -36}, 0, {189, 152}, {251, 181, 154, 255} }},
	{{ {31, -36, 6}, 0, {189, 152}, {3, 129, 252, 255} }},
	{{ {-15, 52, -35}, 0, {189, 152}, {212, 5, 137, 255} }},
	{{ {-45, 63, -9}, 0, {189, 152}, {151, 38, 195, 255} }},
	{{ {-67, 18, 9}, 0, {189, 152}, {143, 222, 210, 255} }},
	{{ {-47, 64, 28}, 0, {189, 152}, {147, 40, 52, 255} }},
	{{ {-37, 13, 53}, 0, {189, 152}, {4, 178, 100, 255} }},
	{{ {-15, 51, 57}, 0, {189, 152}, {214, 11, 119, 255} }},
	{{ {46, -19, 58}, 0, {189, 152}, {253, 173, 96, 255} }},
	{{ {86, -34, 8}, 0, {189, 152}, {49, 139, 250, 255} }},
	{{ {116, 2, -22}, 0, {189, 152}, {65, 164, 198, 255} }},
	{{ {80, 16, -45}, 0, {189, 152}, {16, 202, 142, 255} }},
	{{ {116, 2, 38}, 0, {189, 152}, {72, 165, 52, 255} }},
	{{ {81, 15, 66}, 0, {189, 152}, {26, 205, 113, 255} }},
	{{ {-15, 51, 57}, 0, {43, 158}, {211, 17, 117, 255} }},
	{{ {-45, 70, 28}, 0, {43, 158}, {147, 41, 50, 255} }},
	{{ {-47, 64, 28}, 0, {43, 158}, {147, 41, 50, 255} }},
	{{ {-12, 57, 57}, 0, {43, 158}, {211, 17, 117, 255} }},
	{{ {81, 15, 66}, 0, {43, 158}, {33, 243, 122, 255} }},
	{{ {84, 21, 66}, 0, {43, 158}, {33, 243, 122, 255} }},
	{{ {118, 8, 38}, 0, {43, 158}, {106, 216, 57, 255} }},
	{{ {116, 2, 38}, 0, {43, 158}, {106, 216, 57, 255} }},
	{{ {119, 8, -22}, 0, {43, 158}, {103, 217, 193, 255} }},
	{{ {116, 2, 38}, 0, {43, 158}, {106, 216, 57, 255} }},
	{{ {116, 2, -22}, 0, {43, 158}, {103, 217, 193, 255} }},
	{{ {119, 8, -22}, 0, {43, 158}, {103, 217, 193, 255} }},
	{{ {80, 16, -45}, 0, {43, 158}, {25, 246, 132, 255} }},
	{{ {82, 21, -45}, 0, {43, 158}, {25, 246, 132, 255} }},
	{{ {-15, 52, -35}, 0, {43, 158}, {211, 17, 139, 255} }},
	{{ {-13, 57, -35}, 0, {43, 158}, {211, 17, 139, 255} }},
	{{ {-45, 63, -9}, 0, {43, 158}, {150, 40, 198, 255} }},
	{{ {-42, 69, -9}, 0, {43, 158}, {150, 40, 198, 255} }},
	{{ {-45, 70, 28}, 0, {43, 158}, {147, 41, 50, 255} }},
	{{ {-47, 64, 28}, 0, {43, 158}, {147, 41, 50, 255} }},
};

Gfx mario_000_offset_011_mesh_layer_1_tri_1[] = {
	gsSPVertex(mario_000_offset_011_mesh_layer_1_vtx_1 + 0, 32, 0),
	gsSP2Triangles(0, 1, 2, 0, 3, 0, 2, 0),
	gsSP2Triangles(4, 3, 2, 0, 2, 5, 4, 0),
	gsSP2Triangles(5, 6, 4, 0, 6, 7, 4, 0),
	gsSP2Triangles(8, 9, 10, 0, 9, 8, 11, 0),
	gsSP2Triangles(12, 11, 8, 0, 12, 8, 13, 0),
	gsSP2Triangles(13, 14, 12, 0, 14, 13, 15, 0),
	gsSP2Triangles(15, 16, 14, 0, 15, 17, 16, 0),
	gsSP2Triangles(10, 17, 15, 0, 18, 17, 10, 0),
	gsSP2Triangles(10, 9, 18, 0, 19, 18, 9, 0),
	gsSP2Triangles(9, 20, 19, 0, 9, 11, 20, 0),
	gsSP2Triangles(18, 19, 21, 0, 17, 18, 21, 0),
	gsSP2Triangles(21, 22, 17, 0, 17, 22, 16, 0),
	gsSP2Triangles(23, 24, 25, 0, 23, 26, 24, 0),
	gsSP2Triangles(27, 26, 23, 0, 27, 28, 26, 0),
	gsSP2Triangles(27, 29, 28, 0, 27, 30, 29, 0),
	gsSP1Triangle(30, 31, 29, 0),
	gsSPVertex(mario_000_offset_011_mesh_layer_1_vtx_1 + 32, 11, 0),
	gsSP2Triangles(0, 1, 2, 0, 3, 2, 1, 0),
	gsSP2Triangles(3, 4, 2, 0, 5, 4, 3, 0),
	gsSP2Triangles(5, 6, 4, 0, 7, 6, 5, 0),
	gsSP2Triangles(7, 8, 6, 0, 7, 9, 8, 0),
	gsSP1Triangle(7, 10, 9, 0),
	gsSPEndDisplayList(),
};

Vtx mario_000_offset_012_skinned_mesh_layer_1_vtx_0[10] = {
	{{ {-5, 66, -25}, 0, {-16, -16}, {15, 83, 161, 255} }},
	{{ {-12, 0, -11}, 0, {-16, -16}, {229, 132, 5, 255} }},
	{{ {17, 36, -97}, 0, {-16, -16}, {162, 75, 215, 255} }},
	{{ {2, 67, -66}, 0, {-16, -16}, {165, 29, 84, 255} }},
	{{ {16, -52, -93}, 0, {-16, -16}, {206, 155, 196, 255} }},
	{{ {20, -9, -113}, 0, {-16, -16}, {183, 99, 30, 255} }},
	{{ {20, -9, -113}, 0, {-16, -16}, {183, 99, 30, 255} }},
	{{ {-12, -77, -32}, 0, {-16, -16}, {25, 13, 132, 255} }},
	{{ {-10, -75, -59}, 0, {-16, -16}, {243, 10, 130, 255} }},
	{{ {-7, -79, -1}, 0, {-16, -16}, {228, 197, 147, 255} }},
};

Gfx mario_000_offset_012_skinned_mesh_layer_1_tri_0[] = {
	gsSPVertex(mario_000_offset_012_skinned_mesh_layer_1_vtx_0 + 0, 10, 0),
	gsSPEndDisplayList(),
};

Vtx mario_000_offset_012_mesh_layer_1_vtx_0[5] = {
	{{ {30, -11, -62}, 0, {-16, -16}, {200, 113, 244, 255} }},
	{{ {33, 53, -42}, 0, {-16, -16}, {49, 98, 192, 255} }},
	{{ {28, 52, 17}, 0, {-16, 2032}, {200, 43, 106, 255} }},
	{{ {41, -18, 33}, 0, {-16, -16}, {208, 139, 15, 255} }},
	{{ {36, -57, -20}, 0, {-16, -16}, {47, 138, 253, 255} }},
};

Gfx mario_000_offset_012_mesh_layer_1_tri_0[] = {
	gsSPVertex(mario_000_offset_012_mesh_layer_1_vtx_0 + 0, 5, 10),
	gsSP2Triangles(4, 10, 5, 0, 11, 10, 4, 0),
	gsSP2Triangles(4, 8, 11, 0, 7, 11, 8, 0),
	gsSP2Triangles(12, 11, 7, 0, 12, 7, 9, 0),
	gsSP2Triangles(9, 1, 12, 0, 13, 12, 1, 0),
	gsSP2Triangles(0, 13, 1, 0, 14, 13, 0, 0),
	gsSP2Triangles(0, 3, 14, 0, 2, 14, 3, 0),
	gsSP2Triangles(10, 14, 2, 0, 6, 10, 2, 0),
	gsSPEndDisplayList(),
};

Vtx mario_000_offset_012_mesh_layer_1_vtx_1[10] = {
	{{ {97, 49, -36}, 0, {-16, -16}, {6, 104, 183, 255} }},
	{{ {30, -11, -62}, 0, {-16, -16}, {200, 113, 244, 255} }},
	{{ {33, 53, -42}, 0, {-16, -16}, {49, 98, 192, 255} }},
	{{ {87, -3, -54}, 0, {-16, -16}, {13, 225, 133, 255} }},
	{{ {107, -38, -11}, 0, {-16, -16}, {8, 129, 254, 255} }},
	{{ {36, -57, -20}, 0, {-16, -16}, {47, 138, 253, 255} }},
	{{ {41, -18, 33}, 0, {-16, -16}, {208, 139, 15, 255} }},
	{{ {91, -5, 32}, 0, {-16, -16}, {3, 226, 123, 255} }},
	{{ {102, 48, 16}, 0, {-16, -16}, {1, 102, 76, 255} }},
	{{ {28, 52, 17}, 0, {-16, 2032}, {200, 43, 106, 255} }},
};

Gfx mario_000_offset_012_mesh_layer_1_tri_1[] = {
	gsSPVertex(mario_000_offset_012_mesh_layer_1_vtx_1 + 0, 10, 0),
	gsSP2Triangles(0, 1, 2, 0, 0, 3, 1, 0),
	gsSP2Triangles(1, 3, 4, 0, 4, 5, 1, 0),
	gsSP2Triangles(4, 6, 5, 0, 4, 7, 6, 0),
	gsSP2Triangles(6, 7, 8, 0, 6, 8, 9, 0),
	gsSP2Triangles(8, 2, 9, 0, 8, 0, 2, 0),
	gsSPEndDisplayList(),
};

Vtx mario_000_offset_013_skinned_mesh_layer_1_vtx_0[5] = {
	{{ {102, 48, 16}, 0, {-16, -16}, {1, 102, 76, 255} }},
	{{ {107, -38, -11}, 0, {-16, -16}, {8, 129, 254, 255} }},
	{{ {97, 49, -36}, 0, {-16, -16}, {6, 104, 183, 255} }},
	{{ {87, -3, -54}, 0, {-16, -16}, {13, 225, 133, 255} }},
	{{ {91, -5, 32}, 0, {-16, -16}, {3, 226, 123, 255} }},
};

Gfx mario_000_offset_013_skinned_mesh_layer_1_tri_0[] = {
	gsSPVertex(mario_000_offset_013_skinned_mesh_layer_1_vtx_0 + 0, 5, 0),
	gsSPEndDisplayList(),
};

Vtx mario_000_offset_013_mesh_layer_1_vtx_0[5] = {
	{{ {0, -3, -54}, 0, {-16, -16}, {255, 218, 135, 255} }},
	{{ {20, 50, -36}, 0, {-16, -16}, {233, 103, 185, 255} }},
	{{ {20, 48, 17}, 0, {-16, -16}, {237, 94, 83, 255} }},
	{{ {5, -6, 32}, 0, {-16, -16}, {9, 209, 118, 255} }},
	{{ {24, -39, -11}, 0, {-16, -16}, {0, 129, 2, 255} }},
};

Gfx mario_000_offset_013_mesh_layer_1_tri_0[] = {
	gsSPVertex(mario_000_offset_013_mesh_layer_1_vtx_0 + 0, 5, 5),
	gsSP2Triangles(2, 5, 3, 0, 2, 6, 5, 0),
	gsSP2Triangles(0, 6, 2, 0, 0, 7, 6, 0),
	gsSP2Triangles(0, 8, 7, 0, 0, 4, 8, 0),
	gsSP2Triangles(1, 8, 4, 0, 1, 9, 8, 0),
	gsSP2Triangles(1, 5, 9, 0, 1, 3, 5, 0),
	gsSPEndDisplayList(),
};

Vtx mario_000_offset_013_mesh_layer_1_vtx_1[10] = {
	{{ {20, 50, -36}, 0, {-16, -16}, {233, 103, 185, 255} }},
	{{ {20, 48, 17}, 0, {-16, -16}, {237, 94, 83, 255} }},
	{{ {56, 60, 19}, 0, {-16, -16}, {20, 73, 102, 255} }},
	{{ {45, 14, 29}, 0, {-16, -16}, {16, 141, 53, 255} }},
	{{ {5, -6, 32}, 0, {-16, -16}, {9, 209, 118, 255} }},
	{{ {24, -39, -11}, 0, {-16, -16}, {0, 129, 2, 255} }},
	{{ {42, -41, -9}, 0, {-16, -16}, {3, 169, 93, 255} }},
	{{ {46, 8, -58}, 0, {-16, -16}, {25, 110, 198, 255} }},
	{{ {0, -3, -54}, 0, {-16, -16}, {255, 218, 135, 255} }},
	{{ {56, 61, -40}, 0, {-16, -16}, {21, 84, 163, 255} }},
};

Gfx mario_000_offset_013_mesh_layer_1_tri_1[] = {
	gsSPVertex(mario_000_offset_013_mesh_layer_1_vtx_1 + 0, 10, 0),
	gsSP2Triangles(0, 1, 2, 0, 3, 2, 1, 0),
	gsSP2Triangles(1, 4, 3, 0, 3, 4, 5, 0),
	gsSP2Triangles(6, 3, 5, 0, 7, 6, 5, 0),
	gsSP2Triangles(5, 8, 7, 0, 7, 8, 0, 0),
	gsSP2Triangles(9, 7, 0, 0, 2, 9, 0, 0),
	gsSPEndDisplayList(),
};

Vtx mario_000_displaylist_005_skinned_mesh_layer_1_vtx_0[5] = {
	{{ {56, 60, 19}, 0, {-16, -16}, {20, 73, 102, 255} }},
	{{ {42, -41, -9}, 0, {-16, -16}, {3, 169, 93, 255} }},
	{{ {45, 14, 29}, 0, {-16, -16}, {16, 141, 53, 255} }},
	{{ {56, 61, -40}, 0, {-16, -16}, {21, 84, 163, 255} }},
	{{ {46, 8, -58}, 0, {-16, -16}, {25, 110, 198, 255} }},
};

Gfx mario_000_displaylist_005_skinned_mesh_layer_1_tri_0[] = {
	gsSPVertex(mario_000_displaylist_005_skinned_mesh_layer_1_vtx_0 + 0, 5, 0),
	gsSPEndDisplayList(),
};

Vtx mario_000_displaylist_005_mesh_layer_1_vtx_0[4] = {
	{{ {-39, 12, 25}, 0, {381, 540}, {14, 161, 83, 255} }},
	{{ {29, -38, -12}, 0, {399, 530}, {240, 130, 3, 255} }},
	{{ {-37, 12, -54}, 0, {390, 540}, {29, 143, 205, 255} }},
	{{ {-58, 15, -11}, 0, {385, 541}, {135, 225, 234, 255} }},
};

Gfx mario_000_displaylist_005_mesh_layer_1_tri_0[] = {
	gsSPVertex(mario_000_displaylist_005_mesh_layer_1_vtx_0 + 0, 4, 5),
	gsSP2Triangles(1, 5, 2, 0, 1, 6, 5, 0),
	gsSP2Triangles(4, 6, 1, 0, 7, 6, 4, 0),
	gsSP2Triangles(4, 3, 7, 0, 8, 7, 3, 0),
	gsSP2Triangles(3, 0, 8, 0, 0, 5, 8, 0),
	gsSP1Triangle(2, 5, 0, 0),
	gsSPEndDisplayList(),
};

Vtx mario_000_displaylist_005_mesh_layer_1_vtx_1[41] = {
	{{ {80, 22, 43}, 0, {57, 129}, {45, 119, 0, 255} }},
	{{ {117, 8, 22}, 0, {55, 128}, {45, 119, 0, 255} }},
	{{ {117, 8, -39}, 0, {51, 128}, {45, 119, 0, 255} }},
	{{ {83, 21, -66}, 0, {49, 129}, {45, 119, 0, 255} }},
	{{ {-12, 57, -61}, 0, {43, 130}, {41, 120, 2, 255} }},
	{{ {-15, 58, 31}, 0, {36, 131}, {249, 92, 87, 255} }},
	{{ {-45, 63, 5}, 0, {38, 131}, {19, 125, 13, 255} }},
	{{ {-45, 70, -31}, 0, {40, 131}, {196, 106, 219, 255} }},
	{{ {-47, 64, -31}, 0, {40, 131}, {147, 41, 205, 255} }},
	{{ {-12, 57, -61}, 0, {43, 130}, {213, 16, 138, 255} }},
	{{ {-14, 51, -61}, 0, {43, 130}, {213, 16, 138, 255} }},
	{{ {83, 21, -66}, 0, {49, 129}, {34, 243, 134, 255} }},
	{{ {81, 15, -66}, 0, {49, 129}, {34, 243, 134, 255} }},
	{{ {117, 8, -39}, 0, {51, 128}, {106, 216, 200, 255} }},
	{{ {115, 2, -39}, 0, {51, 128}, {106, 216, 200, 255} }},
	{{ {117, 8, 22}, 0, {55, 128}, {102, 217, 65, 255} }},
	{{ {114, 2, 22}, 0, {55, 128}, {102, 217, 65, 255} }},
	{{ {80, 22, 43}, 0, {57, 129}, {23, 247, 125, 255} }},
	{{ {78, 16, 43}, 0, {57, 129}, {23, 247, 125, 255} }},
	{{ {-17, 52, 31}, 0, {36, 131}, {208, 18, 116, 255} }},
	{{ {115, 2, -39}, 0, {198, 123}, {72, 164, 205, 255} }},
	{{ {114, 2, 22}, 0, {201, 123}, {64, 164, 60, 255} }},
	{{ {86, -31, -8}, 0, {198, 121}, {51, 140, 9, 255} }},
	{{ {48, -12, 35}, 0, {199, 122}, {251, 181, 103, 255} }},
	{{ {78, 16, 43}, 0, {203, 123}, {14, 205, 115, 255} }},
	{{ {-17, 52, 31}, 0, {182, 125}, {209, 6, 118, 255} }},
	{{ {-39, 12, 25}, 0, {183, 123}, {14, 161, 83, 255} }},
	{{ {-45, 63, 5}, 0, {184, 125}, {144, 26, 53, 255} }},
	{{ {-58, 15, -11}, 0, {184, 123}, {135, 225, 234, 255} }},
	{{ {-47, 64, -31}, 0, {186, 125}, {140, 23, 209, 255} }},
	{{ {-37, 12, -54}, 0, {187, 123}, {29, 143, 205, 255} }},
	{{ {-14, 51, -61}, 0, {189, 125}, {214, 6, 136, 255} }},
	{{ {-14, 51, -61}, 0, {189, 125}, {214, 6, 136, 255} }},
	{{ {46, -19, -59}, 0, {193, 121}, {1, 174, 159, 255} }},
	{{ {-37, 12, -54}, 0, {187, 123}, {29, 143, 205, 255} }},
	{{ {81, 15, -66}, 0, {195, 123}, {28, 207, 142, 255} }},
	{{ {115, 2, -39}, 0, {198, 123}, {72, 164, 205, 255} }},
	{{ {86, -31, -8}, 0, {198, 121}, {51, 140, 9, 255} }},
	{{ {29, -38, -12}, 0, {192, 120}, {240, 130, 3, 255} }},
	{{ {48, -12, 35}, 0, {199, 122}, {251, 181, 103, 255} }},
	{{ {-39, 12, 25}, 0, {183, 123}, {14, 161, 83, 255} }},
};

Gfx mario_000_displaylist_005_mesh_layer_1_tri_1[] = {
	gsSPVertex(mario_000_displaylist_005_mesh_layer_1_vtx_1 + 0, 32, 0),
	gsSP2Triangles(0, 1, 2, 0, 3, 0, 2, 0),
	gsSP2Triangles(3, 4, 0, 0, 5, 0, 4, 0),
	gsSP2Triangles(6, 5, 4, 0, 6, 4, 7, 0),
	gsSP2Triangles(6, 7, 8, 0, 8, 7, 9, 0),
	gsSP2Triangles(8, 9, 10, 0, 10, 9, 11, 0),
	gsSP2Triangles(10, 11, 12, 0, 12, 11, 13, 0),
	gsSP2Triangles(12, 13, 14, 0, 14, 13, 15, 0),
	gsSP2Triangles(14, 15, 16, 0, 16, 15, 17, 0),
	gsSP2Triangles(16, 17, 18, 0, 18, 17, 5, 0),
	gsSP2Triangles(18, 5, 19, 0, 6, 19, 5, 0),
	gsSP2Triangles(20, 21, 22, 0, 23, 22, 21, 0),
	gsSP2Triangles(21, 24, 23, 0, 24, 25, 23, 0),
	gsSP2Triangles(25, 26, 23, 0, 26, 25, 27, 0),
	gsSP2Triangles(28, 26, 27, 0, 27, 29, 28, 0),
	gsSP2Triangles(30, 28, 29, 0, 29, 31, 30, 0),
	gsSPVertex(mario_000_displaylist_005_mesh_layer_1_vtx_1 + 32, 9, 0),
	gsSP2Triangles(0, 1, 2, 0, 0, 3, 1, 0),
	gsSP2Triangles(1, 3, 4, 0, 4, 5, 1, 0),
	gsSP2Triangles(6, 1, 5, 0, 5, 7, 6, 0),
	gsSP2Triangles(6, 7, 8, 0, 2, 1, 6, 0),
	gsSPEndDisplayList(),
};


Gfx mat_mario_body_v3[] = {
	gsSPLightColor(LIGHT_1, 0x0000FFFF),
	gsSPLightColor(LIGHT_2, 0x00007FFF),
	gsDPPipeSync(),
	gsDPSetCombineLERP(TEXEL0, SHADE, TEXEL0_ALPHA, SHADE, 0, 0, 0, ENVIRONMENT, TEXEL0, SHADE, TEXEL0_ALPHA, SHADE, 0, 0, 0, ENVIRONMENT),
	gsDPSetAlphaDither(G_AD_NOISE),
	gsDPSetTextureLUT(G_TT_RGBA16),
	gsSPTexture(65535, 65535, 0, 0, 1),
	gsDPSetTextureImage(G_IM_FMT_RGBA, G_IM_SIZ_16b, 1, mario_mario_overallsbutton_pal_rgba16),
	gsDPSetTile(0, 0, 0, 256, 5, 0, G_TX_WRAP | G_TX_NOMIRROR, 0, 0, G_TX_WRAP | G_TX_NOMIRROR, 0, 0),
	gsDPLoadTLUTCmd(5, 108),
	gsDPSetTextureImage(G_IM_FMT_CI, G_IM_SIZ_8b_LOAD_BLOCK, 1, mario_mario_overallsbutton_ci8),
	gsDPSetTile(G_IM_FMT_CI, G_IM_SIZ_8b_LOAD_BLOCK, 0, 0, 7, 0, G_TX_WRAP | G_TX_NOMIRROR, 0, 0, G_TX_WRAP | G_TX_NOMIRROR, 0, 0),
	gsDPLoadBlock(7, 0, 0, 1023, 512),
	gsDPSetTile(G_IM_FMT_CI, G_IM_SIZ_8b, 4, 0, 0, 0, G_TX_CLAMP | G_TX_NOMIRROR, 6, 0, G_TX_CLAMP | G_TX_MIRROR, 5, 0),
	gsDPSetTileSize(0, 0, 0, 252, 252),
	gsSPEndDisplayList(),
};

Gfx mat_revert_mario_body_v3[] = {
	gsDPPipeSync(),
	gsDPSetAlphaDither(G_AD_DISABLE),
	gsDPSetTextureLUT(G_TT_NONE),
	gsSPEndDisplayList(),
};

Gfx mat_mario_cap_v3[] = {
	gsSPLightColor(LIGHT_1, 0xFF0000FF),
	gsSPLightColor(LIGHT_2, 0x7F0000FF),
	gsDPPipeSync(),
	gsDPSetCombineLERP(TEXEL0, SHADE, TEXEL0_ALPHA, SHADE, 0, 0, 0, ENVIRONMENT, TEXEL0, SHADE, TEXEL0_ALPHA, SHADE, 0, 0, 0, ENVIRONMENT),
	gsDPSetAlphaDither(G_AD_NOISE),
	gsDPSetTextureLUT(G_TT_RGBA16),
	gsSPTexture(65535, 65535, 0, 0, 1),
	gsDPSetTextureImage(G_IM_FMT_RGBA, G_IM_SIZ_16b, 1, mario_mario_logo_rgba16_pal_rgba16),
	gsDPSetTile(0, 0, 0, 256, 5, 0, G_TX_WRAP | G_TX_NOMIRROR, 0, 0, G_TX_WRAP | G_TX_NOMIRROR, 0, 0),
	gsDPLoadTLUTCmd(5, 14),
	gsDPSetTextureImage(G_IM_FMT_CI, G_IM_SIZ_16b, 1, mario_mario_logo_rgba16_ci4),
	gsDPSetTile(G_IM_FMT_CI, G_IM_SIZ_16b, 0, 0, 7, 0, G_TX_WRAP | G_TX_NOMIRROR, 0, 0, G_TX_WRAP | G_TX_NOMIRROR, 0, 0),
	gsDPLoadBlock(7, 0, 0, 1023, 512),
	gsDPSetTile(G_IM_FMT_CI, G_IM_SIZ_4b, 4, 0, 0, 0, G_TX_CLAMP | G_TX_NOMIRROR, 6, 0, G_TX_CLAMP | G_TX_MIRROR, 6, 0),
	gsDPSetTileSize(0, 0, 0, 508, 252),
	gsSPEndDisplayList(),
};

Gfx mat_revert_mario_cap_v3[] = {
	gsDPPipeSync(),
	gsDPSetAlphaDither(G_AD_DISABLE),
	gsDPSetTextureLUT(G_TT_NONE),
	gsSPEndDisplayList(),
};

Gfx mat_mario_face_0___eye_open_v3[] = {
	gsSPLightColor(LIGHT_1, 0xFFFFFFFF),
	gsSPLightColor(LIGHT_2, 0x7F7F7FFF),
	gsDPPipeSync(),
	gsDPSetCombineLERP(TEXEL0, 0, SHADE, 0, 0, 0, 0, ENVIRONMENT, TEXEL0, 0, SHADE, 0, 0, 0, 0, ENVIRONMENT),
	gsDPSetAlphaDither(G_AD_NOISE),
	gsSPTexture(65535, 65535, 0, 0, 1),
	gsDPSetTextureImage(G_IM_FMT_RGBA, G_IM_SIZ_16b_LOAD_BLOCK, 1, mario_lila_eye0_2_rgba16),
	gsDPSetTile(G_IM_FMT_RGBA, G_IM_SIZ_16b_LOAD_BLOCK, 0, 0, 7, 0, G_TX_WRAP | G_TX_NOMIRROR, 0, 0, G_TX_WRAP | G_TX_NOMIRROR, 0, 0),
	gsDPLoadBlock(7, 0, 0, 2047, 256),
	gsDPSetTile(G_IM_FMT_RGBA, G_IM_SIZ_16b, 8, 0, 0, 0, G_TX_CLAMP | G_TX_NOMIRROR, 6, 0, G_TX_CLAMP | G_TX_NOMIRROR, 5, 0),
	gsDPSetTileSize(0, 0, 0, 124, 252),
	gsSPEndDisplayList(),
};

Gfx mat_revert_mario_face_0___eye_open_v3[] = {
	gsDPPipeSync(),
	gsDPSetAlphaDither(G_AD_DISABLE),
	gsSPEndDisplayList(),
};

Gfx mat_mario_hair_v3[] = {
	gsSPLightColor(LIGHT_1, 0x730600FF),
	gsSPLightColor(LIGHT_2, 0x360100FF),
	gsDPPipeSync(),
	gsDPSetCombineLERP(0, 0, 0, SHADE, 0, 0, 0, ENVIRONMENT, 0, 0, 0, SHADE, 0, 0, 0, ENVIRONMENT),
	gsDPSetAlphaDither(G_AD_NOISE),
	gsSPTexture(65535, 65535, 0, 0, 1),
	gsSPEndDisplayList(),
};

Gfx mat_revert_mario_hair_v3[] = {
	gsDPPipeSync(),
	gsDPSetAlphaDither(G_AD_DISABLE),
	gsSPEndDisplayList(),
};

Gfx mat_mario_mustache_002[] = {
	gsSPLightColor(LIGHT_1, 0xFFFFFFFF),
	gsSPLightColor(LIGHT_2, 0x7F7F7FFF),
	gsDPPipeSync(),
	gsDPSetCombineLERP(PRIMITIVE, 0, SHADE, 0, 0, 0, 0, ENVIRONMENT, PRIMITIVE, 0, SHADE, 0, 0, 0, 0, ENVIRONMENT),
	gsDPSetAlphaDither(G_AD_NOISE),
	gsSPTexture(65535, 65535, 0, 0, 1),
	gsDPSetPrimColor(0, 0, 36, 13, 0, 255),
	gsSPEndDisplayList(),
};

Gfx mat_revert_mario_mustache_002[] = {
	gsDPPipeSync(),
	gsDPSetAlphaDither(G_AD_DISABLE),
	gsSPEndDisplayList(),
};

Gfx mat_mario_face_0___eye_open_v4_003[] = {
	gsSPClearGeometryMode(G_CULL_BACK),
	gsSPLightColor(LIGHT_1, 0xFFFFFFFF),
	gsSPLightColor(LIGHT_2, 0x7F7F7FFF),
	gsDPPipeSync(),
	gsDPSetCombineLERP(TEXEL0, 0, SHADE, 0, TEXEL0, 0, PRIMITIVE, 0, TEXEL0, 0, SHADE, 0, TEXEL0, 0, PRIMITIVE, 0),
	gsDPSetAlphaDither(G_AD_NOISE),
	gsSPTexture(65535, 65535, 0, 0, 1),
	gsDPSetPrimColor(0, 0, 255, 255, 255, 255),
	gsDPSetTextureImage(G_IM_FMT_RGBA, G_IM_SIZ_16b_LOAD_BLOCK, 1, mario_eye_rgba16),
	gsDPSetTile(G_IM_FMT_RGBA, G_IM_SIZ_16b_LOAD_BLOCK, 0, 0, 7, 0, G_TX_WRAP | G_TX_NOMIRROR, 0, 0, G_TX_WRAP | G_TX_NOMIRROR, 0, 0),
	gsDPLoadBlock(7, 0, 0, 2047, 256),
	gsDPSetTile(G_IM_FMT_RGBA, G_IM_SIZ_16b, 8, 0, 0, 0, G_TX_CLAMP | G_TX_NOMIRROR, 6, 0, G_TX_CLAMP | G_TX_NOMIRROR, 5, 0),
	gsDPSetTileSize(0, 0, 0, 124, 252),
	gsSPEndDisplayList(),
};

Gfx mat_revert_mario_face_0___eye_open_v4_003[] = {
	gsSPSetGeometryMode(G_CULL_BACK),
	gsDPPipeSync(),
	gsDPSetAlphaDither(G_AD_DISABLE),
	gsSPEndDisplayList(),
};

Gfx mat_mario_sideburns_v4_002[] = {
	gsSPClearGeometryMode(G_CULL_BACK),
	gsSPLightColor(LIGHT_1, 0xA83A09FF),
	gsSPLightColor(LIGHT_2, 0x521802FF),
	gsDPPipeSync(),
	gsDPSetCombineLERP(TEXEL0, 0, SHADE, 0, TEXEL0, 0, ENVIRONMENT, 0, TEXEL0, 0, SHADE, 0, TEXEL0, 0, ENVIRONMENT, 0),
	gsDPSetAlphaDither(G_AD_NOISE),
	gsSPTexture(65535, 65535, 0, 0, 1),
	gsDPSetTextureImage(G_IM_FMT_IA, G_IM_SIZ_8b_LOAD_BLOCK, 1, mario_mario_sideburn_raymarch_aa_v1_idk_4_ia8),
	gsDPSetTile(G_IM_FMT_IA, G_IM_SIZ_8b_LOAD_BLOCK, 0, 0, 7, 0, G_TX_WRAP | G_TX_NOMIRROR, 0, 0, G_TX_WRAP | G_TX_NOMIRROR, 0, 0),
	gsDPLoadBlock(7, 0, 0, 1023, 256),
	gsDPSetTile(G_IM_FMT_IA, G_IM_SIZ_8b, 8, 0, 0, 0, G_TX_CLAMP | G_TX_NOMIRROR, 5, 0, G_TX_CLAMP | G_TX_NOMIRROR, 6, 0),
	gsDPSetTileSize(0, 0, 0, 252, 124),
	gsSPEndDisplayList(),
};

Gfx mat_revert_mario_sideburns_v4_002[] = {
	gsSPSetGeometryMode(G_CULL_BACK),
	gsDPPipeSync(),
	gsDPSetAlphaDither(G_AD_DISABLE),
	gsSPEndDisplayList(),
};

Gfx mat_mario_gloves_v3[] = {
	gsSPLightColor(LIGHT_1, 0xFFFFFFFF),
	gsSPLightColor(LIGHT_2, 0x7F7F7FFF),
	gsDPPipeSync(),
	gsDPSetCombineLERP(TEXEL0, 0, SHADE, 0, 0, 0, 0, ENVIRONMENT, TEXEL0, 0, SHADE, 0, 0, 0, 0, ENVIRONMENT),
	gsDPSetAlphaDither(G_AD_NOISE),
	gsDPSetTextureLUT(G_TT_RGBA16),
	gsSPTexture(65535, 65535, 0, 0, 1),
	gsDPSetTextureImage(G_IM_FMT_RGBA, G_IM_SIZ_16b, 1, mario_Unbenannt_1_pal_rgba16),
	gsDPSetTile(0, 0, 0, 256, 5, 0, G_TX_WRAP | G_TX_NOMIRROR, 0, 0, G_TX_WRAP | G_TX_NOMIRROR, 0, 0),
	gsDPLoadTLUTCmd(5, 7),
	gsDPSetTextureImage(G_IM_FMT_CI, G_IM_SIZ_8b, 4, mario_Unbenannt_1_ci4),
	gsDPSetTile(G_IM_FMT_CI, G_IM_SIZ_8b, 1, 0, 7, 0, G_TX_WRAP | G_TX_NOMIRROR, 0, 0, G_TX_WRAP | G_TX_NOMIRROR, 0, 0),
	gsDPLoadTile(7, 0, 0, 14, 60),
	gsDPSetTile(G_IM_FMT_CI, G_IM_SIZ_4b, 1, 0, 0, 0, G_TX_WRAP | G_TX_NOMIRROR, 4, 0, G_TX_WRAP | G_TX_NOMIRROR, 3, 0),
	gsDPSetTileSize(0, 0, 0, 28, 60),
	gsSPEndDisplayList(),
};

Gfx mat_revert_mario_gloves_v3[] = {
	gsDPPipeSync(),
	gsDPSetAlphaDither(G_AD_DISABLE),
	gsDPSetTextureLUT(G_TT_NONE),
	gsSPEndDisplayList(),
};

Gfx mat_mario_cap_v4_003[] = {
	gsSPLightColor(LIGHT_1, 0xFF0016FF),
	gsSPLightColor(LIGHT_2, 0x7F0006FF),
	gsDPPipeSync(),
	gsDPSetCombineLERP(0, 0, 0, SHADE, 0, 0, 0, ENVIRONMENT, 0, 0, 0, SHADE, 0, 0, 0, ENVIRONMENT),
	gsDPSetAlphaDither(G_AD_NOISE),
	gsSPTexture(65535, 65535, 0, 0, 1),
	gsSPEndDisplayList(),
};

Gfx mat_revert_mario_cap_v4_003[] = {
	gsDPPipeSync(),
	gsDPSetAlphaDither(G_AD_DISABLE),
	gsSPEndDisplayList(),
};

Gfx mat_mario_blue_v4_001[] = {
	gsSPLightColor(LIGHT_1, 0x0000FFFF),
	gsSPLightColor(LIGHT_2, 0x00007FFF),
	gsDPPipeSync(),
	gsDPSetCombineLERP(0, 0, 0, SHADE, 0, 0, 0, ENVIRONMENT, 0, 0, 0, SHADE, 0, 0, 0, ENVIRONMENT),
	gsDPSetAlphaDither(G_AD_NOISE),
	gsSPTexture(65535, 65535, 0, 0, 1),
	gsSPEndDisplayList(),
};

Gfx mat_revert_mario_blue_v4_001[] = {
	gsDPPipeSync(),
	gsDPSetAlphaDither(G_AD_DISABLE),
	gsSPEndDisplayList(),
};

Gfx mat_mario_shoes_v4_003[] = {
	gsSPLightColor(LIGHT_1, 0xFFFFFFFF),
	gsSPLightColor(LIGHT_2, 0x7F7F7FFF),
	gsDPPipeSync(),
	gsDPSetCombineLERP(TEXEL0, 0, SHADE, 0, 0, 0, 0, ENVIRONMENT, TEXEL0, 0, SHADE, 0, 0, 0, 0, ENVIRONMENT),
	gsDPSetAlphaDither(G_AD_NOISE),
	gsDPSetTextureLUT(G_TT_RGBA16),
	gsSPTexture(65535, 65535, 0, 0, 1),
	gsDPSetTextureImage(G_IM_FMT_RGBA, G_IM_SIZ_16b, 1, mario_mario_shoe__copy__pal_rgba16),
	gsDPSetTile(0, 0, 0, 256, 5, 0, G_TX_WRAP | G_TX_NOMIRROR, 0, 0, G_TX_WRAP | G_TX_NOMIRROR, 0, 0),
	gsDPLoadTLUTCmd(5, 4),
	gsDPSetTextureImage(G_IM_FMT_CI, G_IM_SIZ_16b, 1, mario_mario_shoe__copy__ci4),
	gsDPSetTile(G_IM_FMT_CI, G_IM_SIZ_16b, 0, 0, 7, 0, G_TX_WRAP | G_TX_NOMIRROR, 0, 0, G_TX_WRAP | G_TX_NOMIRROR, 0, 0),
	gsDPLoadBlock(7, 0, 0, 31, 2048),
	gsDPSetTile(G_IM_FMT_CI, G_IM_SIZ_4b, 1, 0, 0, 0, G_TX_CLAMP | G_TX_NOMIRROR, 3, 0, G_TX_CLAMP | G_TX_NOMIRROR, 4, 0),
	gsDPSetTileSize(0, 0, 0, 60, 28),
	gsSPEndDisplayList(),
};

Gfx mat_revert_mario_shoes_v4_003[] = {
	gsDPPipeSync(),
	gsDPSetAlphaDither(G_AD_DISABLE),
	gsDPSetTextureLUT(G_TT_NONE),
	gsSPEndDisplayList(),
};

Gfx mario_000_offset_mesh_layer_1[] = {
	gsSPDisplayList(mat_mario_body_v3),
	gsSPDisplayList(mario_000_offset_mesh_layer_1_tri_0),
	gsSPDisplayList(mat_revert_mario_body_v3),
	gsSPEndDisplayList(),
};

Gfx mario_000_offset_001_skinned_mesh_layer_1[] = {
	gsSPDisplayList(mat_mario_body_v3),
	gsSPDisplayList(mario_000_offset_001_skinned_mesh_layer_1_tri_0),
	gsSPDisplayList(mat_revert_mario_body_v3),
	gsSPEndDisplayList(),
};

Gfx mario_000_offset_001_mesh_layer_1[] = {
	gsSPDisplayList(mat_mario_body_v3),
	gsSPDisplayList(mario_000_offset_001_mesh_layer_1_tri_0),
	gsSPDisplayList(mario_000_offset_001_mesh_layer_1_tri_1),
	gsSPDisplayList(mat_revert_mario_body_v3),
	gsSPDisplayList(mat_mario_cap_v3),
	gsSPDisplayList(mario_000_offset_001_mesh_layer_1_tri_2),
	gsSPDisplayList(mat_revert_mario_cap_v3),
	gsSPEndDisplayList(),
};

Gfx mario_000_displaylist_mesh_layer_1[] = {
	gsSPDisplayList(mat_mario_cap_v3),
	gsSPDisplayList(mario_000_displaylist_mesh_layer_1_tri_0),
	gsSPDisplayList(mat_revert_mario_cap_v3),
	gsSPDisplayList(mat_mario_face_0___eye_open_v3),
	gsSPDisplayList(mario_000_displaylist_mesh_layer_1_tri_1),
	gsSPDisplayList(mat_revert_mario_face_0___eye_open_v3),
	gsSPDisplayList(mat_mario_hair_v3),
	gsSPDisplayList(mario_000_displaylist_mesh_layer_1_tri_2),
	gsSPDisplayList(mat_revert_mario_hair_v3),
	gsSPDisplayList(mat_mario_mustache_002),
	gsSPDisplayList(mario_000_displaylist_mesh_layer_1_tri_3),
	gsSPDisplayList(mat_revert_mario_mustache_002),
	gsSPEndDisplayList(),
};

Gfx mario_000_displaylist_mesh_layer_5[] = {
	gsSPDisplayList(mat_mario_face_0___eye_open_v4_003),
	gsSPDisplayList(mario_000_displaylist_mesh_layer_5_tri_0),
	gsSPDisplayList(mat_revert_mario_face_0___eye_open_v4_003),
	gsDPPipeSync(),
	gsSPSetGeometryMode(G_LIGHTING),
	gsSPClearGeometryMode(G_TEXTURE_GEN),
	gsDPSetCombineLERP(0, 0, 0, SHADE, 0, 0, 0, ENVIRONMENT, 0, 0, 0, SHADE, 0, 0, 0, ENVIRONMENT),
	gsSPTexture(65535, 65535, 0, 0, 0),
	gsDPSetEnvColor(255, 255, 255, 255),
	gsDPSetAlphaCompare(G_AC_NONE),
	gsSPEndDisplayList(),
};

Gfx mario_000_displaylist_mesh_layer_4[] = {
	gsSPDisplayList(mat_mario_sideburns_v4_002),
	gsSPDisplayList(mario_000_displaylist_mesh_layer_4_tri_0),
	gsSPDisplayList(mat_revert_mario_sideburns_v4_002),
	gsDPPipeSync(),
	gsSPSetGeometryMode(G_LIGHTING),
	gsSPClearGeometryMode(G_TEXTURE_GEN),
	gsDPSetCombineLERP(0, 0, 0, SHADE, 0, 0, 0, ENVIRONMENT, 0, 0, 0, SHADE, 0, 0, 0, ENVIRONMENT),
	gsSPTexture(65535, 65535, 0, 0, 0),
	gsDPSetEnvColor(255, 255, 255, 255),
	gsDPSetAlphaCompare(G_AC_NONE),
	gsSPEndDisplayList(),
};

Gfx mario_000_offset_003_skinned_mesh_layer_1[] = {
	gsSPDisplayList(mat_mario_cap_v3),
	gsSPDisplayList(mario_000_offset_003_skinned_mesh_layer_1_tri_0),
	gsSPDisplayList(mat_revert_mario_cap_v3),
	gsSPEndDisplayList(),
};

Gfx mario_000_offset_003_mesh_layer_1[] = {
	gsSPDisplayList(mat_mario_cap_v3),
	gsSPDisplayList(mario_000_offset_003_mesh_layer_1_tri_0),
	gsSPDisplayList(mario_000_offset_003_mesh_layer_1_tri_1),
	gsSPDisplayList(mat_revert_mario_cap_v3),
	gsSPEndDisplayList(),
};

Gfx mario_000_offset_004_skinned_mesh_layer_1[] = {
	gsSPDisplayList(mat_mario_cap_v3),
	gsSPDisplayList(mario_000_offset_004_skinned_mesh_layer_1_tri_0),
	gsSPDisplayList(mat_revert_mario_cap_v3),
	gsSPEndDisplayList(),
};

Gfx mario_000_offset_004_mesh_layer_1[] = {
	gsSPDisplayList(mat_mario_cap_v3),
	gsSPDisplayList(mario_000_offset_004_mesh_layer_1_tri_0),
	gsSPDisplayList(mario_000_offset_004_mesh_layer_1_tri_1),
	gsSPDisplayList(mat_revert_mario_cap_v3),
	gsSPEndDisplayList(),
};

Gfx mario_000_displaylist_003_mesh_layer_1[] = {
	gsSPDisplayList(mat_mario_gloves_v3),
	gsSPDisplayList(mario_000_displaylist_003_mesh_layer_1_tri_0),
	gsSPDisplayList(mat_revert_mario_gloves_v3),
	gsSPEndDisplayList(),
};

Gfx mario_000_offset_006_skinned_mesh_layer_1[] = {
	gsSPDisplayList(mat_mario_cap_v3),
	gsSPDisplayList(mario_000_offset_006_skinned_mesh_layer_1_tri_0),
	gsSPDisplayList(mat_revert_mario_cap_v3),
	gsSPDisplayList(mat_mario_cap_v4_003),
	gsSPDisplayList(mario_000_offset_006_skinned_mesh_layer_1_tri_1),
	gsSPDisplayList(mat_revert_mario_cap_v4_003),
	gsSPEndDisplayList(),
};

Gfx mario_000_offset_006_mesh_layer_1[] = {
	gsSPDisplayList(mat_mario_cap_v3),
	gsSPDisplayList(mario_000_offset_006_mesh_layer_1_tri_0),
	gsSPDisplayList(mat_revert_mario_cap_v3),
	gsSPDisplayList(mat_mario_cap_v4_003),
	gsSPDisplayList(mario_000_offset_006_mesh_layer_1_tri_1),
	gsSPDisplayList(mat_revert_mario_cap_v4_003),
	gsSPDisplayList(mat_mario_cap_v3),
	gsSPDisplayList(mario_000_offset_006_mesh_layer_1_tri_2),
	gsSPDisplayList(mat_revert_mario_cap_v3),
	gsSPEndDisplayList(),
};

Gfx mario_000_offset_007_skinned_mesh_layer_1[] = {
	gsSPDisplayList(mat_mario_cap_v3),
	gsSPDisplayList(mario_000_offset_007_skinned_mesh_layer_1_tri_0),
	gsSPDisplayList(mat_revert_mario_cap_v3),
	gsSPEndDisplayList(),
};

Gfx mario_000_offset_007_mesh_layer_1[] = {
	gsSPDisplayList(mat_mario_cap_v3),
	gsSPDisplayList(mario_000_offset_007_mesh_layer_1_tri_0),
	gsSPDisplayList(mario_000_offset_007_mesh_layer_1_tri_1),
	gsSPDisplayList(mat_revert_mario_cap_v3),
	gsSPEndDisplayList(),
};

Gfx mario_000_displaylist_004_mesh_layer_1[] = {
	gsSPDisplayList(mat_mario_gloves_v3),
	gsSPDisplayList(mario_000_displaylist_004_mesh_layer_1_tri_0),
	gsSPDisplayList(mat_revert_mario_gloves_v3),
	gsSPEndDisplayList(),
};

Gfx mario_000_offset_009_skinned_mesh_layer_1[] = {
	gsSPDisplayList(mat_mario_body_v3),
	gsSPDisplayList(mario_000_offset_009_skinned_mesh_layer_1_tri_0),
	gsSPDisplayList(mat_revert_mario_body_v3),
	gsSPEndDisplayList(),
};

Gfx mario_000_offset_009_mesh_layer_1[] = {
	gsSPDisplayList(mat_mario_body_v3),
	gsSPDisplayList(mario_000_offset_009_mesh_layer_1_tri_0),
	gsSPDisplayList(mario_000_offset_009_mesh_layer_1_tri_1),
	gsSPDisplayList(mat_revert_mario_body_v3),
	gsSPEndDisplayList(),
};

Gfx mario_000_offset_010_skinned_mesh_layer_1[] = {
	gsSPDisplayList(mat_mario_body_v3),
	gsSPDisplayList(mario_000_offset_010_skinned_mesh_layer_1_tri_0),
	gsSPDisplayList(mat_revert_mario_body_v3),
	gsSPEndDisplayList(),
};

Gfx mario_000_offset_010_mesh_layer_1[] = {
	gsSPDisplayList(mat_mario_body_v3),
	gsSPDisplayList(mario_000_offset_010_mesh_layer_1_tri_0),
	gsSPDisplayList(mario_000_offset_010_mesh_layer_1_tri_1),
	gsSPDisplayList(mat_revert_mario_body_v3),
	gsSPEndDisplayList(),
};

Gfx mario_000_offset_011_skinned_mesh_layer_1[] = {
	gsSPDisplayList(mat_mario_blue_v4_001),
	gsSPDisplayList(mario_000_offset_011_skinned_mesh_layer_1_tri_0),
	gsSPDisplayList(mat_revert_mario_blue_v4_001),
	gsSPEndDisplayList(),
};

Gfx mario_000_offset_011_mesh_layer_1[] = {
	gsSPDisplayList(mat_mario_blue_v4_001),
	gsSPDisplayList(mario_000_offset_011_mesh_layer_1_tri_0),
	gsSPDisplayList(mat_revert_mario_blue_v4_001),
	gsSPDisplayList(mat_mario_shoes_v4_003),
	gsSPDisplayList(mario_000_offset_011_mesh_layer_1_tri_1),
	gsSPDisplayList(mat_revert_mario_shoes_v4_003),
	gsSPEndDisplayList(),
};

Gfx mario_000_offset_012_skinned_mesh_layer_1[] = {
	gsSPDisplayList(mat_mario_body_v3),
	gsSPDisplayList(mario_000_offset_012_skinned_mesh_layer_1_tri_0),
	gsSPDisplayList(mat_revert_mario_body_v3),
	gsSPEndDisplayList(),
};

Gfx mario_000_offset_012_mesh_layer_1[] = {
	gsSPDisplayList(mat_mario_body_v3),
	gsSPDisplayList(mario_000_offset_012_mesh_layer_1_tri_0),
	gsSPDisplayList(mario_000_offset_012_mesh_layer_1_tri_1),
	gsSPDisplayList(mat_revert_mario_body_v3),
	gsSPEndDisplayList(),
};

Gfx mario_000_offset_013_skinned_mesh_layer_1[] = {
	gsSPDisplayList(mat_mario_body_v3),
	gsSPDisplayList(mario_000_offset_013_skinned_mesh_layer_1_tri_0),
	gsSPDisplayList(mat_revert_mario_body_v3),
	gsSPEndDisplayList(),
};

Gfx mario_000_offset_013_mesh_layer_1[] = {
	gsSPDisplayList(mat_mario_body_v3),
	gsSPDisplayList(mario_000_offset_013_mesh_layer_1_tri_0),
	gsSPDisplayList(mat_revert_mario_body_v3),
	gsSPDisplayList(mat_mario_blue_v4_001),
	gsSPDisplayList(mario_000_offset_013_mesh_layer_1_tri_1),
	gsSPDisplayList(mat_revert_mario_blue_v4_001),
	gsSPEndDisplayList(),
};

Gfx mario_000_displaylist_005_skinned_mesh_layer_1[] = {
	gsSPDisplayList(mat_mario_blue_v4_001),
	gsSPDisplayList(mario_000_displaylist_005_skinned_mesh_layer_1_tri_0),
	gsSPDisplayList(mat_revert_mario_blue_v4_001),
	gsSPEndDisplayList(),
};

Gfx mario_000_displaylist_005_mesh_layer_1[] = {
	gsSPDisplayList(mat_mario_blue_v4_001),
	gsSPDisplayList(mario_000_displaylist_005_mesh_layer_1_tri_0),
	gsSPDisplayList(mat_revert_mario_blue_v4_001),
	gsSPDisplayList(mat_mario_shoes_v4_003),
	gsSPDisplayList(mario_000_displaylist_005_mesh_layer_1_tri_1),
	gsSPDisplayList(mat_revert_mario_shoes_v4_003),
	gsDPPipeSync(),
	gsSPSetGeometryMode(G_LIGHTING),
	gsSPClearGeometryMode(G_TEXTURE_GEN),
	gsDPSetCombineLERP(0, 0, 0, SHADE, 0, 0, 0, ENVIRONMENT, 0, 0, 0, SHADE, 0, 0, 0, ENVIRONMENT),
	gsSPTexture(65535, 65535, 0, 0, 0),
	gsDPSetEnvColor(255, 255, 255, 255),
	gsDPSetAlphaCompare(G_AC_NONE),
	gsSPEndDisplayList(),
};

