Gfx rr_dl_kusa_ci4_aligner[] = {gsSPEndDisplayList()};
u8 rr_dl_kusa_ci4[] = {
	0x00, 0x01, 0x11, 0x22, 0x22, 0x20, 0x00, 0x01, 
	0x12, 0x20, 0x01, 0x11, 0x11, 0x11, 0x22, 0x11, 
	0x11, 0x12, 0x11, 0x23, 0x45, 0x31, 0x00, 0x00, 
	0x11, 0x22, 0x11, 0x12, 0x22, 0x21, 0x12, 0x11, 
	0x21, 0x22, 0x11, 0x22, 0x33, 0x11, 0x00, 0x11, 
	0x11, 0x22, 0x22, 0x62, 0x11, 0x62, 0x11, 0x11, 
	0x11, 0x23, 0x43, 0x63, 0x21, 0x01, 0x11, 0x11, 
	0x10, 0x12, 0x22, 0x52, 0x11, 0x11, 0x10, 0x00, 
	0x11, 0x27, 0x43, 0x36, 0x74, 0x33, 0x22, 0x22, 
	0x11, 0x22, 0x11, 0x11, 0x01, 0x63, 0x21, 0x11, 
	0x21, 0x10, 0x12, 0x21, 0x23, 0x73, 0x22, 0x43, 
	0x22, 0x11, 0x11, 0x01, 0x74, 0x46, 0x33, 0x32, 
	0x11, 0x00, 0x16, 0x20, 0x11, 0x22, 0x12, 0x22, 
	0x11, 0x22, 0x21, 0x11, 0x26, 0x11, 0x11, 0x12, 
	0x11, 0x11, 0x12, 0x21, 0x01, 0x21, 0x12, 0x22, 
	0x11, 0x22, 0x22, 0x00, 0x12, 0x12, 0x20, 0x12, 
	0x11, 0x11, 0x22, 0x21, 0x11, 0x68, 0x22, 0x10, 
	0x00, 0x11, 0x12, 0x11, 0x12, 0x64, 0x42, 0x11, 
	0x10, 0x00, 0x11, 0x34, 0x21, 0x12, 0x81, 0x00, 
	0x01, 0x01, 0x10, 0x11, 0x11, 0x24, 0x54, 0x21, 
	0x11, 0x11, 0x22, 0x34, 0x32, 0x12, 0x21, 0x11, 
	0x17, 0x22, 0x21, 0x12, 0x21, 0x11, 0x12, 0x11, 
	0x21, 0x23, 0x62, 0x22, 0x36, 0x24, 0x45, 0x20, 
	0x11, 0x11, 0x22, 0x33, 0x21, 0x00, 0x00, 0x16, 
	0x22, 0x22, 0x62, 0x11, 0x01, 0x23, 0x54, 0x21, 
	0x38, 0x00, 0x00, 0x12, 0x21, 0x00, 0x01, 0x21, 
	0x66, 0x67, 0x33, 0x22, 0x83, 0x22, 0x11, 0x11, 
	0x62, 0x10, 0x09, 0x01, 0x21, 0x00, 0x11, 0x21, 
	0x12, 0x24, 0x47, 0x11, 0x33, 0x22, 0x10, 0x01, 
	0x11, 0x11, 0x01, 0x10, 0x00, 0x00, 0x22, 0x11, 
	0x10, 0x11, 0x01, 0x11, 0x11, 0x22, 0x21, 0x11, 
	0x12, 0x11, 0x10, 0x11, 0x11, 0x01, 0x22, 0x22, 
	
};

Gfx rr_dl_kusa_pal_rgba16_aligner[] = {gsSPEndDisplayList()};
u8 rr_dl_kusa_pal_rgba16[] = {
	0x3c, 0x8f, 0x44, 0x8f, 0x4c, 0x8f, 0x54, 0xd1, 
	0x5c, 0xd1, 0x64, 0xd1, 0x54, 0x91, 0x54, 0x8f, 
	0x4c, 0x91, 0x3c, 0x4f, 
};

Gfx rr_dl_hitode02_ci8_aligner[] = {gsSPEndDisplayList()};
u8 rr_dl_hitode02_ci8[] = {
	0x00, 0x00, 0x00, 0x00, 0x00, 0x00, 0x00, 0x00, 
	0x00, 0x00, 0x00, 0x00, 0x00, 0x00, 0x00, 0x00, 
	0x00, 0x00, 0x00, 0x00, 0x00, 0x00, 0x00, 0x00, 
	0x00, 0x00, 0x00, 0x00, 0x00, 0x00, 0x00, 0x01, 
	0x00, 0x00, 0x00, 0x00, 0x00, 0x00, 0x00, 0x00, 
	0x00, 0x00, 0x00, 0x00, 0x00, 0x00, 0x00, 0x02, 
	0x00, 0x00, 0x00, 0x00, 0x00, 0x00, 0x00, 0x00, 
	0x00, 0x00, 0x00, 0x00, 0x00, 0x00, 0x01, 0x03, 
	0x00, 0x00, 0x00, 0x00, 0x00, 0x00, 0x00, 0x00, 
	0x00, 0x00, 0x00, 0x00, 0x00, 0x00, 0x04, 0x04, 
	0x00, 0x00, 0x00, 0x00, 0x00, 0x00, 0x00, 0x00, 
	0x00, 0x00, 0x00, 0x00, 0x00, 0x05, 0x04, 0x04, 
	0x00, 0x00, 0x00, 0x00, 0x00, 0x00, 0x00, 0x00, 
	0x00, 0x00, 0x00, 0x00, 0x00, 0x04, 0x04, 0x06, 
	0x00, 0x00, 0x00, 0x00, 0x00, 0x00, 0x00, 0x00, 
	0x00, 0x00, 0x00, 0x00, 0x05, 0x04, 0x05, 0x06, 
	0x00, 0x00, 0x00, 0x00, 0x00, 0x00, 0x00, 0x00, 
	0x00, 0x00, 0x00, 0x00, 0x07, 0x07, 0x08, 0x09, 
	0x00, 0x00, 0x00, 0x00, 0x00, 0x00, 0x00, 0x00, 
	0x00, 0x00, 0x00, 0x0a, 0x07, 0x0b, 0x09, 0x09, 
	0x00, 0x00, 0x00, 0x00, 0x00, 0x00, 0x00, 0x00, 
	0x00, 0x00, 0x00, 0x07, 0x0b, 0x08, 0x09, 0x08, 
	0x00, 0x00, 0x00, 0x00, 0x0c, 0x0d, 0x0e, 0x0e, 
	0x07, 0x0a, 0x07, 0x0f, 0x08, 0x08, 0x0b, 0x0b, 
	0x00, 0x00, 0x10, 0x10, 0x04, 0x11, 0x11, 0x12, 
	0x0f, 0x0f, 0x08, 0x13, 0x13, 0x14, 0x0b, 0x0e, 
	0x00, 0x00, 0x10, 0x10, 0x04, 0x11, 0x12, 0x12, 
	0x08, 0x15, 0x15, 0x15, 0x14, 0x0b, 0x0e, 0x0e, 
	0x00, 0x00, 0x00, 0x10, 0x04, 0x11, 0x12, 0x16, 
	0x13, 0x15, 0x15, 0x13, 0x14, 0x0e, 0x0e, 0x0e, 
	0x00, 0x00, 0x00, 0x00, 0x04, 0x11, 0x12, 0x16, 
	0x15, 0x15, 0x13, 0x08, 0x0b, 0x0e, 0x0e, 0x0e, 
	0x00, 0x00, 0x00, 0x00, 0x00, 0x17, 0x17, 0x08, 
	0x15, 0x15, 0x13, 0x14, 0x0b, 0x18, 0x19, 0x19, 
	0x00, 0x00, 0x00, 0x00, 0x00, 0x00, 0x17, 0x1a, 
	0x13, 0x15, 0x13, 0x14, 0x0e, 0x19, 0x19, 0x18, 
	0x00, 0x00, 0x00, 0x00, 0x00, 0x00, 0x00, 0x17, 
	0x14, 0x13, 0x13, 0x14, 0x0e, 0x19, 0x19, 0x18, 
	0x00, 0x00, 0x00, 0x00, 0x00, 0x00, 0x00, 0x00, 
	0x17, 0x14, 0x13, 0x14, 0x0e, 0x19, 0x19, 0x19, 
	0x00, 0x00, 0x00, 0x00, 0x00, 0x00, 0x00, 0x00, 
	0x1b, 0x1c, 0x13, 0x1d, 0x0e, 0x19, 0x19, 0x19, 
	0x00, 0x00, 0x00, 0x00, 0x00, 0x00, 0x00, 0x00, 
	0x1b, 0x1c, 0x13, 0x1d, 0x0e, 0x19, 0x19, 0x19, 
	0x00, 0x00, 0x00, 0x00, 0x00, 0x00, 0x00, 0x00, 
	0x1b, 0x1c, 0x1d, 0x1d, 0x0b, 0x0e, 0x19, 0x0e, 
	0x00, 0x00, 0x00, 0x00, 0x00, 0x00, 0x00, 0x00, 
	0x1b, 0x1c, 0x1d, 0x1d, 0x14, 0x0b, 0x0e, 0x0e, 
	0x00, 0x00, 0x00, 0x00, 0x00, 0x00, 0x00, 0x00, 
	0x07, 0x1a, 0x08, 0x08, 0x1d, 0x1d, 0x1d, 0x1d, 
	0x00, 0x00, 0x00, 0x00, 0x00, 0x00, 0x00, 0x00, 
	0x07, 0x1a, 0x08, 0x08, 0x1d, 0x1d, 0x1d, 0x0f, 
	0x00, 0x00, 0x00, 0x00, 0x00, 0x00, 0x00, 0x00, 
	0x1e, 0x07, 0x1a, 0x1a, 0x0f, 0x0f, 0x1b, 0x1b, 
	0x00, 0x00, 0x00, 0x00, 0x00, 0x00, 0x00, 0x1f, 
	0x1e, 0x1e, 0x07, 0x07, 0x1b, 0x1b, 0x1b, 0x20, 
	0x00, 0x00, 0x00, 0x00, 0x00, 0x00, 0x00, 0x21, 
	0x22, 0x22, 0x22, 0x23, 0x24, 0x20, 0x00, 0x00, 
	0x00, 0x00, 0x00, 0x00, 0x00, 0x00, 0x00, 0x25, 
	0x22, 0x23, 0x01, 0x00, 0x00, 0x00, 0x00, 0x00, 
	0x00, 0x00, 0x00, 0x00, 0x00, 0x00, 0x00, 0x00, 
	0x00, 0x00, 0x00, 0x00, 0x00, 0x00, 0x00, 0x00, 
	0x00, 0x00, 0x00, 0x00, 0x00, 0x00, 0x00, 0x00, 
	0x00, 0x00, 0x00, 0x00, 0x00, 0x00, 0x00, 0x00, 
	
};

Gfx rr_dl_hitode02_pal_rgba16_aligner[] = {gsSPEndDisplayList()};
u8 rr_dl_hitode02_pal_rgba16[] = {
	0x00, 0x00, 0xb3, 0x9b, 0xe9, 0x45, 0xf1, 0x87, 
	0xe2, 0x0b, 0xca, 0xd3, 0xeb, 0x57, 0xe2, 0x8f, 
	0xeb, 0xdb, 0xec, 0x1f, 0xda, 0x4f, 0xe3, 0x57, 
	0xbb, 0xdd, 0xcb, 0x99, 0xdb, 0x15, 0xe3, 0x15, 
	0xda, 0x0b, 0xe2, 0x4f, 0xe2, 0xd3, 0xec, 0x1d, 
	0xe3, 0x99, 0xec, 0x61, 0xeb, 0x99, 0xe2, 0x91, 
	0xdb, 0x13, 0xda, 0xd3, 0xe3, 0x55, 0xe2, 0x4d, 
	0xe3, 0x13, 0xe3, 0xdb, 0xda, 0x0d, 0xc2, 0xd3, 
	0xbb, 0x57, 0xc2, 0x4f, 0xd9, 0x87, 0xc2, 0x91, 
	0xc2, 0xd5, 0xc2, 0x0d, 
};

Gfx rr_dl_iwa_2_ci4_aligner[] = {gsSPEndDisplayList()};
u8 rr_dl_iwa_2_ci4[] = {
	0x01, 0x11, 0x22, 0x22, 0x02, 0x22, 0x01, 0x13, 
	0x33, 0x33, 0x33, 0x41, 0x30, 0x00, 0x10, 0x20, 
	0x20, 0x01, 0x25, 0x62, 0x01, 0x06, 0x52, 0x01, 
	0x33, 0x33, 0x34, 0x44, 0x32, 0x01, 0x31, 0x34, 
	0x06, 0x01, 0x25, 0x22, 0x41, 0x42, 0x65, 0x20, 
	0x33, 0x33, 0x34, 0x44, 0x10, 0x24, 0x11, 0x11, 
	0x05, 0x20, 0x66, 0x00, 0x00, 0x00, 0x00, 0x00, 
	0x37, 0x33, 0x14, 0x44, 0x44, 0x20, 0x04, 0x11, 
	0x08, 0x62, 0x62, 0x00, 0x00, 0x00, 0x01, 0x13, 
	0x33, 0x33, 0x44, 0x44, 0x33, 0x06, 0x50, 0x13, 
	0x25, 0x60, 0x22, 0x26, 0x22, 0x00, 0x00, 0x01, 
	0x13, 0x33, 0x14, 0x44, 0x33, 0x42, 0x52, 0x04, 
	0x29, 0x62, 0x56, 0x65, 0x62, 0x20, 0x00, 0x00, 
	0x00, 0x11, 0x44, 0x13, 0x37, 0x10, 0x62, 0x00, 
	0x02, 0x66, 0xaa, 0x55, 0x20, 0x00, 0x00, 0x00, 
	0x04, 0x04, 0x44, 0x13, 0x33, 0x30, 0x20, 0x00, 
	0x40, 0x05, 0x56, 0x55, 0x02, 0x20, 0x00, 0x00, 
	0x04, 0x43, 0x33, 0x33, 0x33, 0x10, 0x66, 0x00, 
	0x00, 0x55, 0x02, 0x66, 0x00, 0x22, 0x00, 0x00, 
	0x00, 0x33, 0x33, 0x33, 0x33, 0x42, 0x56, 0x24, 
	0x44, 0x00, 0x40, 0x56, 0xb1, 0x44, 0x01, 0x44, 
	0x13, 0x33, 0x3c, 0x3b, 0x31, 0x05, 0x52, 0x04, 
	0x44, 0x11, 0x40, 0x86, 0x43, 0x14, 0x44, 0x11, 
	0x33, 0x3c, 0xd3, 0x11, 0x30, 0x26, 0x04, 0x44, 
	0x14, 0x33, 0x14, 0x66, 0x03, 0x31, 0x44, 0x44, 
	0x33, 0x3d, 0xd3, 0x31, 0x10, 0x20, 0x13, 0x33, 
	0x31, 0x03, 0x33, 0x10, 0x21, 0x33, 0x00, 0x04, 
	0x11, 0x3c, 0x33, 0x11, 0x40, 0x23, 0x3d, 0xd3, 
	0x33, 0x33, 0x33, 0x34, 0x24, 0x44, 0x00, 0x04, 
	0x41, 0x41, 0x31, 0x10, 0x00, 0x03, 0xd3, 0x33, 
	0x33, 0x37, 0x77, 0x31, 0x40, 0x20, 0x20, 0x00, 
	0x00, 0x41, 0x14, 0x40, 0x00, 0x03, 0x3d, 0x33, 
	0x00, 0x41, 0x33, 0x14, 0x00, 0x22, 0x20, 0x00, 
	0x00, 0x04, 0x40, 0x04, 0x44, 0x43, 0x33, 0x33, 
	0x20, 0x43, 0x33, 0x40, 0x22, 0x22, 0x00, 0x00, 
	0x00, 0x40, 0x20, 0x04, 0x11, 0x13, 0x33, 0x31, 
	0x04, 0x33, 0x14, 0x10, 0x65, 0x66, 0x20, 0x40, 
	0x44, 0x40, 0x20, 0x44, 0x33, 0x33, 0x73, 0x12, 
	0x13, 0x33, 0x12, 0x44, 0x58, 0x52, 0x22, 0x11, 
	0x14, 0x40, 0x04, 0x44, 0x33, 0x33, 0x33, 0x00, 
	0x33, 0x31, 0x40, 0x65, 0x86, 0x22, 0x00, 0x31, 
	0x14, 0x44, 0x44, 0x43, 0x33, 0x11, 0x40, 0x60, 
	0x33, 0x10, 0x02, 0x66, 0x62, 0x20, 0x41, 0x31, 
	0x44, 0x44, 0x44, 0x11, 0x31, 0x44, 0x40, 0x21, 
	0x34, 0x01, 0x00, 0x02, 0x22, 0x20, 0x14, 0x02, 
	0x04, 0x44, 0x44, 0x11, 0x34, 0x00, 0x22, 0x03, 
	0x10, 0x04, 0x10, 0x00, 0x00, 0x0b, 0x10, 0x62, 
	0x01, 0x11, 0x14, 0x04, 0x40, 0x02, 0x20, 0x13, 
	0x30, 0x00, 0x10, 0x00, 0x00, 0x20, 0x02, 0x62, 
	0x01, 0x33, 0x40, 0x20, 0x00, 0x22, 0x24, 0x13, 
	0x42, 0x56, 0x40, 0x00, 0x00, 0x02, 0x00, 0x44, 
	0x41, 0x7d, 0x30, 0x66, 0x66, 0x26, 0x21, 0x31, 
	0x02, 0x62, 0x00, 0x00, 0x00, 0x00, 0x13, 0x33, 
	0x33, 0xd3, 0x33, 0x40, 0x66, 0x62, 0x04, 0x40, 
	0x20, 0x00, 0x00, 0x1b, 0x10, 0x04, 0x31, 0x33, 
	0x31, 0x13, 0x33, 0x34, 0x02, 0x65, 0x52, 0x02, 
	0x03, 0x40, 0x22, 0xb1, 0x16, 0x52, 0x01, 0x33, 
	0x31, 0x11, 0x37, 0x44, 0x02, 0x66, 0x65, 0x22, 
	0x13, 0x30, 0x66, 0x20, 0x28, 0x82, 0x11, 0x33, 
	0x73, 0x31, 0x33, 0x00, 0x00, 0x24, 0x6a, 0x52, 
	0x11, 0x33, 0x65, 0x02, 0x62, 0x20, 0x11, 0x33, 
	0x37, 0x33, 0x44, 0x04, 0x00, 0x21, 0x0a, 0xa6, 
	0x11, 0x11, 0x25, 0x02, 0x56, 0x20, 0x11, 0x33, 
	0x33, 0x33, 0x44, 0x44, 0x40, 0x00, 0x12, 0xa2, 
	
};

Gfx rr_dl_iwa_2_pal_rgba16_aligner[] = {gsSPEndDisplayList()};
u8 rr_dl_iwa_2_pal_rgba16[] = {
	0xd6, 0x6f, 0xde, 0x71, 0xd6, 0x2f, 0xde, 0xb1, 
	0xde, 0x6f, 0xce, 0x2d, 0xd6, 0x2d, 0xde, 0xb3, 
	0xcd, 0xed, 0xce, 0x2b, 0xcd, 0xeb, 0xd6, 0x71, 
	0xe6, 0xb1, 0xe6, 0xb3, 
};

Gfx rr_dl_siro_suna_ci8_aligner[] = {gsSPEndDisplayList()};
u8 rr_dl_siro_suna_ci8[] = {
	0x00, 0x01, 0x01, 0x01, 0x00, 0x00, 0x00, 0x02, 
	0x02, 0x03, 0x03, 0x04, 0x04, 0x04, 0x05, 0x02, 
	0x00, 0x02, 0x02, 0x02, 0x04, 0x04, 0x05, 0x02, 
	0x02, 0x02, 0x06, 0x06, 0x00, 0x01, 0x00, 0x00, 
	0x01, 0x00, 0x01, 0x01, 0x01, 0x07, 0x01, 0x02, 
	0x01, 0x01, 0x01, 0x02, 0x02, 0x02, 0x05, 0x04, 
	0x03, 0x03, 0x01, 0x01, 0x01, 0x01, 0x01, 0x02, 
	0x01, 0x05, 0x04, 0x03, 0x03, 0x03, 0x02, 0x01, 
	0x00, 0x01, 0x00, 0x01, 0x00, 0x02, 0x02, 0x02, 
	0x03, 0x04, 0x03, 0x04, 0x05, 0x05, 0x02, 0x02, 
	0x00, 0x02, 0x04, 0x08, 0x08, 0x04, 0x02, 0x02, 
	0x02, 0x06, 0x00, 0x00, 0x01, 0x01, 0x01, 0x00, 
	0x00, 0x01, 0x09, 0x01, 0x01, 0x01, 0x07, 0x02, 
	0x00, 0x00, 0x02, 0x02, 0x05, 0x05, 0x04, 0x03, 
	0x03, 0x06, 0x01, 0x0a, 0x01, 0x01, 0x02, 0x02, 
	0x04, 0x03, 0x03, 0x04, 0x04, 0x02, 0x02, 0x01, 
	0x00, 0x01, 0x01, 0x00, 0x02, 0x02, 0x04, 0x04, 
	0x04, 0x03, 0x03, 0x04, 0x04, 0x02, 0x05, 0x00, 
	0x02, 0x02, 0x08, 0x04, 0x05, 0x05, 0x02, 0x02, 
	0x02, 0x00, 0x01, 0x00, 0x01, 0x01, 0x01, 0x00, 
	0x01, 0x00, 0x00, 0x01, 0x01, 0x01, 0x09, 0x01, 
	0x0b, 0x02, 0x02, 0x02, 0x04, 0x05, 0x04, 0x03, 
	0x06, 0x01, 0x01, 0x06, 0x02, 0x02, 0x08, 0x0c, 
	0x03, 0x03, 0x03, 0x05, 0x02, 0x02, 0x02, 0x01, 
	0x09, 0x00, 0x02, 0x02, 0x02, 0x02, 0x03, 0x03, 
	0x03, 0x04, 0x05, 0x02, 0x05, 0x05, 0x00, 0x05, 
	0x02, 0x02, 0x02, 0x02, 0x02, 0x02, 0x02, 0x02, 
	0x06, 0x00, 0x00, 0x01, 0x09, 0x09, 0x0b, 0x01, 
	0x00, 0x00, 0x00, 0x01, 0x01, 0x01, 0x01, 0x01, 
	0x02, 0x02, 0x02, 0x02, 0x05, 0x05, 0x02, 0x02, 
	0x01, 0x06, 0x06, 0x03, 0x08, 0x0c, 0x08, 0x0c, 
	0x04, 0x04, 0x05, 0x05, 0x02, 0x02, 0x02, 0x01, 
	0x01, 0x01, 0x02, 0x00, 0x04, 0x08, 0x08, 0x08, 
	0x08, 0x08, 0x08, 0x05, 0x02, 0x02, 0x00, 0x02, 
	0x02, 0x02, 0x02, 0x01, 0x02, 0x02, 0x02, 0x01, 
	0x06, 0x00, 0x01, 0x09, 0x09, 0x01, 0x00, 0x00, 
	0x02, 0x00, 0x02, 0x02, 0x01, 0x01, 0x02, 0x06, 
	0x06, 0x02, 0x02, 0x06, 0x00, 0x00, 0x06, 0x06, 
	0x02, 0x02, 0x05, 0x05, 0x05, 0x03, 0x03, 0x03, 
	0x04, 0x04, 0x02, 0x02, 0x02, 0x02, 0x02, 0x00, 
	0x00, 0x00, 0x02, 0x00, 0x04, 0x08, 0x08, 0x08, 
	0x08, 0x08, 0x08, 0x04, 0x02, 0x02, 0x00, 0x02, 
	0x02, 0x02, 0x00, 0x02, 0x00, 0x02, 0x06, 0x00, 
	0x00, 0x00, 0x01, 0x09, 0x00, 0x09, 0x02, 0x02, 
	0x01, 0x00, 0x01, 0x02, 0x00, 0x06, 0x02, 0x02, 
	0x00, 0x02, 0x02, 0x00, 0x06, 0x00, 0x06, 0x02, 
	0x05, 0x02, 0x04, 0x02, 0x04, 0x04, 0x03, 0x04, 
	0x05, 0x05, 0x02, 0x02, 0x06, 0x02, 0x06, 0x09, 
	0x01, 0x02, 0x02, 0x08, 0x04, 0x08, 0x08, 0x04, 
	0x08, 0x02, 0x08, 0x02, 0x01, 0x00, 0x00, 0x02, 
	0x02, 0x02, 0x00, 0x02, 0x02, 0x06, 0x00, 0x00, 
	0x00, 0x01, 0x09, 0x09, 0x00, 0x01, 0x02, 0x02, 
	0x00, 0x02, 0x00, 0x09, 0x01, 0x00, 0x00, 0x02, 
	0x06, 0x02, 0x01, 0x02, 0x06, 0x06, 0x06, 0x06, 
	0x02, 0x02, 0x02, 0x02, 0x05, 0x05, 0x05, 0x05, 
	0x05, 0x05, 0x05, 0x06, 0x06, 0x02, 0x00, 0x00, 
	0x00, 0x08, 0x08, 0x08, 0x0d, 0x0d, 0x04, 0x04, 
	0x08, 0x02, 0x02, 0x02, 0x00, 0x00, 0x00, 0x00, 
	0x02, 0x02, 0x02, 0x01, 0x02, 0x00, 0x00, 0x00, 
	0x00, 0x00, 0x09, 0x09, 0x01, 0x00, 0x01, 0x02, 
	0x00, 0x00, 0x00, 0x02, 0x00, 0x00, 0x00, 0x02, 
	0x06, 0x06, 0x00, 0x06, 0x06, 0x06, 0x06, 0x02, 
	0x02, 0x02, 0x05, 0x05, 0x05, 0x05, 0x02, 0x05, 
	0x05, 0x02, 0x05, 0x02, 0x02, 0x02, 0x00, 0x09, 
	0x02, 0x05, 0x08, 0x0e, 0x0d, 0x08, 0x08, 0x02, 
	0x02, 0x02, 0x02, 0x00, 0x00, 0x00, 0x00, 0x02, 
	0x02, 0x00, 0x00, 0x00, 0x00, 0x02, 0x01, 0x00, 
	0x01, 0x00, 0x07, 0x01, 0x09, 0x00, 0x00, 0x00, 
	0x02, 0x00, 0x02, 0x00, 0x01, 0x00, 0x00, 0x02, 
	0x00, 0x06, 0x02, 0x02, 0x02, 0x02, 0x02, 0x02, 
	0x02, 0x02, 0x02, 0x05, 0x05, 0x05, 0x05, 0x05, 
	0x05, 0x06, 0x06, 0x00, 0x02, 0x01, 0x00, 0x01, 
	0x02, 0x08, 0x08, 0x08, 0x08, 0x08, 0x02, 0x02, 
	0x02, 0x02, 0x00, 0x09, 0x01, 0x00, 0x02, 0x00, 
	0x02, 0x01, 0x00, 0x00, 0x01, 0x01, 0x00, 0x01, 
	0x07, 0x01, 0x09, 0x09, 0x00, 0x06, 0x02, 0x02, 
	0x02, 0x02, 0x00, 0x00, 0x02, 0x00, 0x02, 0x00, 
	0x02, 0x06, 0x02, 0x02, 0x02, 0x02, 0x02, 0x06, 
	0x02, 0x02, 0x02, 0x02, 0x05, 0x05, 0x05, 0x05, 
	0x05, 0x06, 0x00, 0x06, 0x01, 0x00, 0x00, 0x00, 
	0x05, 0x08, 0x05, 0x08, 0x08, 0x08, 0x04, 0x02, 
	0x02, 0x00, 0x00, 0x00, 0x00, 0x01, 0x01, 0x00, 
	0x02, 0x00, 0x02, 0x00, 0x00, 0x01, 0x01, 0x01, 
	0x00, 0x01, 0x09, 0x00, 0x00, 0x02, 0x02, 0x00, 
	0x00, 0x01, 0x00, 0x00, 0x06, 0x06, 0x06, 0x02, 
	0x02, 0x02, 0x02, 0x02, 0x02, 0x02, 0x02, 0x02, 
	0x02, 0x02, 0x02, 0x02, 0x05, 0x04, 0x05, 0x05, 
	0x05, 0x00, 0x00, 0x00, 0x02, 0x00, 0x09, 0x00, 
	0x05, 0x05, 0x08, 0x08, 0x08, 0x04, 0x02, 0x02, 
	0x02, 0x0b, 0x00, 0x09, 0x01, 0x07, 0x01, 0x01, 
	0x01, 0x0b, 0x02, 0x01, 0x01, 0x01, 0x01, 0x01, 
	0x00, 0x00, 0x09, 0x00, 0x00, 0x00, 0x00, 0x00, 
	0x00, 0x09, 0x01, 0x00, 0x00, 0x00, 0x02, 0x02, 
	0x02, 0x02, 0x02, 0x02, 0x02, 0x02, 0x00, 0x02, 
	0x02, 0x06, 0x06, 0x02, 0x04, 0x08, 0x04, 0x02, 
	0x05, 0x05, 0x06, 0x00, 0x00, 0x09, 0x00, 0x02, 
	0x02, 0x05, 0x08, 0x08, 0x08, 0x08, 0x02, 0x04, 
	0x01, 0x01, 0x07, 0x07, 0x00, 0x01, 0x01, 0x01, 
	0x00, 0x00, 0x01, 0x01, 0x01, 0x01, 0x09, 0x00, 
	0x00, 0x07, 0x00, 0x01, 0x09, 0x09, 0x00, 0x02, 
	0x00, 0x09, 0x02, 0x00, 0x00, 0x02, 0x00, 0x00, 
	0x06, 0x00, 0x00, 0x00, 0x00, 0x02, 0x00, 0x01, 
	0x00, 0x00, 0x00, 0x06, 0x08, 0x08, 0x02, 0x02, 
	0x02, 0x02, 0x02, 0x00, 0x09, 0x00, 0x01, 0x02, 
	0x05, 0x02, 0x08, 0x02, 0x08, 0x08, 0x02, 0x02, 
	0x02, 0x01, 0x07, 0x07, 0x09, 0x00, 0x01, 0x00, 
	0x01, 0x00, 0x02, 0x00, 0x00, 0x00, 0x09, 0x01, 
	0x00, 0x09, 0x00, 0x00, 0x00, 0x00, 0x00, 0x00, 
	0x01, 0x00, 0x00, 0x00, 0x00, 0x00, 0x02, 0x06, 
	0x00, 0x01, 0x00, 0x09, 0x01, 0x00, 0x00, 0x00, 
	0x00, 0x06, 0x06, 0x05, 0x0e, 0x08, 0x02, 0x02, 
	0x02, 0x02, 0x00, 0x00, 0x00, 0x02, 0x00, 0x00, 
	0x02, 0x02, 0x02, 0x08, 0x02, 0x08, 0x02, 0x02, 
	0x01, 0x01, 0x0a, 0x07, 0x01, 0x09, 0x09, 0x00, 
	0x00, 0x01, 0x02, 0x00, 0x01, 0x01, 0x00, 0x07, 
	0x00, 0x00, 0x00, 0x00, 0x01, 0x09, 0x00, 0x00, 
	0x01, 0x02, 0x00, 0x00, 0x00, 0x00, 0x00, 0x00, 
	0x01, 0x09, 0x09, 0x01, 0x01, 0x00, 0x01, 0x01, 
	0x00, 0x00, 0x06, 0x05, 0x08, 0x0e, 0x08, 0x02, 
	0x02, 0x02, 0x02, 0x02, 0x00, 0x01, 0x01, 0x00, 
	0x02, 0x02, 0x02, 0x08, 0x02, 0x08, 0x08, 0x02, 
	0x01, 0x01, 0x01, 0x0a, 0x00, 0x00, 0x00, 0x00, 
	0x01, 0x01, 0x09, 0x01, 0x09, 0x09, 0x00, 0x09, 
	0x09, 0x09, 0x00, 0x00, 0x00, 0x00, 0x00, 0x00, 
	0x00, 0x00, 0x02, 0x00, 0x00, 0x00, 0x09, 0x09, 
	0x09, 0x09, 0x09, 0x09, 0x01, 0x01, 0x01, 0x01, 
	0x00, 0x00, 0x06, 0x05, 0x08, 0x08, 0x08, 0x02, 
	0x02, 0x00, 0x06, 0x00, 0x01, 0x00, 0x01, 0x02, 
	0x02, 0x02, 0x02, 0x04, 0x08, 0x0c, 0x04, 0x02, 
	0x02, 0x01, 0x01, 0x09, 0x01, 0x01, 0x01, 0x00, 
	0x00, 0x00, 0x01, 0x09, 0x07, 0x00, 0x01, 0x00, 
	0x00, 0x01, 0x09, 0x07, 0x09, 0x01, 0x00, 0x00, 
	0x09, 0x01, 0x01, 0x01, 0x09, 0x09, 0x07, 0x07, 
	0x09, 0x09, 0x01, 0x01, 0x01, 0x01, 0x00, 0x00, 
	0x02, 0x02, 0x02, 0x04, 0x08, 0x08, 0x02, 0x02, 
	0x02, 0x02, 0x02, 0x02, 0x02, 0x00, 0x00, 0x01, 
	0x00, 0x02, 0x02, 0x02, 0x04, 0x08, 0x04, 0x02, 
	0x02, 0x01, 0x01, 0x01, 0x01, 0x00, 0x00, 0x01, 
	0x01, 0x01, 0x01, 0x01, 0x01, 0x01, 0x01, 0x00, 
	0x09, 0x00, 0x07, 0x01, 0x00, 0x01, 0x09, 0x00, 
	0x01, 0x01, 0x09, 0x01, 0x01, 0x09, 0x07, 0x01, 
	0x01, 0x01, 0x00, 0x00, 0x01, 0x00, 0x00, 0x00, 
	0x02, 0x02, 0x02, 0x02, 0x08, 0x02, 0x02, 0x02, 
	0x02, 0x00, 0x02, 0x02, 0x00, 0x01, 0x00, 0x00, 
	0x00, 0x02, 0x04, 0x04, 0x08, 0x02, 0x04, 0x02, 
	0x02, 0x06, 0x09, 0x01, 0x01, 0x01, 0x09, 0x00, 
	0x00, 0x07, 0x01, 0x01, 0x09, 0x01, 0x00, 0x09, 
	0x00, 0x00, 0x00, 0x09, 0x00, 0x01, 0x01, 0x00, 
	0x07, 0x01, 0x07, 0x07, 0x07, 0x07, 0x07, 0x07, 
	0x09, 0x01, 0x00, 0x00, 0x00, 0x00, 0x00, 0x0b, 
	0x02, 0x02, 0x02, 0x08, 0x02, 0x02, 0x02, 0x02, 
	0x02, 0x00, 0x02, 0x02, 0x00, 0x00, 0x00, 0x01, 
	0x00, 0x08, 0x02, 0x02, 0x08, 0x04, 0x04, 0x04, 
	0x02, 0x01, 0x09, 0x01, 0x09, 0x07, 0x01, 0x01, 
	0x00, 0x00, 0x00, 0x01, 0x00, 0x09, 0x01, 0x09, 
	0x01, 0x01, 0x01, 0x01, 0x00, 0x01, 0x00, 0x07, 
	0x0f, 0x07, 0x01, 0x01, 0x10, 0x07, 0x07, 0x07, 
	0x09, 0x01, 0x00, 0x00, 0x00, 0x00, 0x0b, 0x02, 
	0x02, 0x02, 0x02, 0x04, 0x02, 0x02, 0x02, 0x02, 
	0x02, 0x02, 0x00, 0x02, 0x01, 0x07, 0x01, 0x01, 
	0x02, 0x02, 0x02, 0x04, 0x04, 0x04, 0x08, 0x08, 
	0x02, 0x02, 0x00, 0x00, 0x07, 0x01, 0x09, 0x01, 
	0x01, 0x01, 0x01, 0x01, 0x09, 0x00, 0x01, 0x00, 
	0x01, 0x00, 0x00, 0x07, 0x01, 0x09, 0x01, 0x07, 
	0x00, 0x07, 0x07, 0x07, 0x07, 0x07, 0x07, 0x09, 
	0x00, 0x00, 0x00, 0x06, 0x02, 0x02, 0x0b, 0x02, 
	0x02, 0x02, 0x02, 0x05, 0x02, 0x02, 0x02, 0x02, 
	0x02, 0x02, 0x00, 0x00, 0x07, 0x02, 0x0a, 0x0a, 
	0x00, 0x02, 0x04, 0x04, 0x03, 0x0c, 0x08, 0x08, 
	0x04, 0x02, 0x00, 0x01, 0x01, 0x09, 0x01, 0x00, 
	0x01, 0x01, 0x01, 0x01, 0x11, 0x00, 0x00, 0x00, 
	0x00, 0x09, 0x07, 0x00, 0x07, 0x07, 0x07, 0x12, 
	0x07, 0x07, 0x0f, 0x07, 0x07, 0x07, 0x00, 0x00, 
	0x00, 0x00, 0x06, 0x0b, 0x02, 0x02, 0x06, 0x06, 
	0x02, 0x02, 0x02, 0x02, 0x02, 0x02, 0x02, 0x02, 
	0x02, 0x02, 0x02, 0x09, 0x07, 0x07, 0x0a, 0x07, 
	0x02, 0x02, 0x04, 0x04, 0x0c, 0x0c, 0x03, 0x04, 
	0x04, 0x04, 0x01, 0x00, 0x01, 0x09, 0x00, 0x00, 
	0x01, 0x01, 0x01, 0x01, 0x01, 0x01, 0x00, 0x01, 
	0x09, 0x07, 0x07, 0x07, 0x12, 0x07, 0x07, 0x07, 
	0x00, 0x0f, 0x09, 0x07, 0x09, 0x01, 0x00, 0x00, 
	0x00, 0x0b, 0x02, 0x02, 0x06, 0x06, 0x06, 0x02, 
	0x02, 0x02, 0x02, 0x02, 0x02, 0x02, 0x02, 0x02, 
	0x02, 0x02, 0x01, 0x00, 0x07, 0x10, 0x07, 0x02, 
	0x02, 0x04, 0x04, 0x04, 0x0c, 0x0c, 0x0c, 0x0c, 
	0x02, 0x02, 0x02, 0x00, 0x01, 0x01, 0x00, 0x00, 
	0x00, 0x01, 0x00, 0x02, 0x00, 0x01, 0x00, 0x01, 
	0x09, 0x07, 0x00, 0x07, 0x07, 0x07, 0x07, 0x07, 
	0x00, 0x00, 0x09, 0x00, 0x00, 0x00, 0x00, 0x00, 
	0x06, 0x02, 0x06, 0x06, 0x02, 0x06, 0x06, 0x02, 
	0x02, 0x02, 0x02, 0x02, 0x02, 0x05, 0x05, 0x02, 
	0x02, 0x00, 0x01, 0x00, 0x07, 0x07, 0x07, 0x02, 
	0x02, 0x04, 0x03, 0x03, 0x0c, 0x0c, 0x0c, 0x02, 
	0x02, 0x02, 0x01, 0x01, 0x09, 0x00, 0x00, 0x00, 
	0x02, 0x00, 0x02, 0x00, 0x01, 0x00, 0x00, 0x07, 
	0x01, 0x07, 0x00, 0x07, 0x0a, 0x0a, 0x07, 0x07, 
	0x07, 0x07, 0x00, 0x00, 0x00, 0x00, 0x02, 0x02, 
	0x0b, 0x02, 0x02, 0x0b, 0x02, 0x02, 0x02, 0x0b, 
	0x02, 0x02, 0x02, 0x02, 0x00, 0x08, 0x02, 0x01, 
	0x01, 0x01, 0x01, 0x00, 0x07, 0x07, 0x07, 0x01, 
	0x02, 0x04, 0x03, 0x03, 0x0c, 0x0c, 0x02, 0x00, 
	0x02, 0x01, 0x07, 0x01, 0x00, 0x00, 0x02, 0x06, 
	0x02, 0x02, 0x00, 0x00, 0x00, 0x00, 0x00, 0x01, 
	0x07, 0x07, 0x07, 0x07, 0x07, 0x07, 0x01, 0x01, 
	0x00, 0x06, 0x02, 0x02, 0x02, 0x00, 0x06, 0x06, 
	0x00, 0x00, 0x00, 0x00, 0x00, 0x0b, 0x00, 0x02, 
	0x0b, 0x02, 0x02, 0x02, 0x08, 0x08, 0x02, 0x01, 
	0x01, 0x01, 0x00, 0x07, 0x07, 0x00, 0x00, 0x00, 
	0x02, 0x04, 0x04, 0x03, 0x0c, 0x0c, 0x02, 0x00, 
	0x07, 0x07, 0x01, 0x01, 0x09, 0x00, 0x02, 0x02, 
	0x02, 0x02, 0x02, 0x00, 0x00, 0x00, 0x00, 0x09, 
	0x01, 0x00, 0x00, 0x01, 0x01, 0x01, 0x02, 0x01, 
	0x02, 0x02, 0x02, 0x02, 0x02, 0x02, 0x00, 0x00, 
	0x00, 0x00, 0x00, 0x00, 0x01, 0x00, 0x02, 0x00, 
	0x02, 0x02, 0x02, 0x04, 0x08, 0x02, 0x01, 0x01, 
	0x07, 0x07, 0x01, 0x07, 0x07, 0x01, 0x01, 0x00, 
	0x05, 0x05, 0x04, 0x03, 0x0c, 0x02, 0x00, 0x00, 
	0x07, 0x07, 0x07, 0x07, 0x00, 0x02, 0x02, 0x02, 
	0x02, 0x02, 0x02, 0x01, 0x07, 0x01, 0x07, 0x00, 
	0x02, 0x00, 0x02, 0x02, 0x02, 0x02, 0x02, 0x02, 
	0x02, 0x02, 0x02, 0x02, 0x0b, 0x0b, 0x00, 0x00, 
	0x01, 0x01, 0x01, 0x01, 0x00, 0x00, 0x01, 0x02, 
	0x02, 0x04, 0x04, 0x0c, 0x08, 0x00, 0x01, 0x01, 
	0x01, 0x01, 0x07, 0x07, 0x00, 0x01, 0x00, 0x04, 
	0x04, 0x08, 0x04, 0x08, 0x08, 0x02, 0x00, 0x00, 
	0x01, 0x00, 0x00, 0x00, 0x02, 0x05, 0x05, 0x04, 
	0x06, 0x06, 0x06, 0x09, 0x01, 0x0b, 0x0b, 0x02, 
	0x05, 0x05, 0x05, 0x08, 0x08, 0x02, 0x02, 0x02, 
	0x02, 0x02, 0x02, 0x02, 0x02, 0x01, 0x01, 0x07, 
	0x01, 0x09, 0x01, 0x0b, 0x01, 0x0b, 0x02, 0x02, 
	0x04, 0x04, 0x0c, 0x0c, 0x04, 0x02, 0x02, 0x01, 
	0x00, 0x00, 0x07, 0x00, 0x01, 0x01, 0x02, 0x05, 
	0x08, 0x04, 0x08, 0x08, 0x02, 0x02, 0x09, 0x09, 
	0x00, 0x01, 0x00, 0x02, 0x05, 0x08, 0x08, 0x05, 
	0x06, 0x01, 0x09, 0x06, 0x01, 0x02, 0x02, 0x02, 
	0x05, 0x08, 0x04, 0x04, 0x02, 0x02, 0x0b, 0x0b, 
	0x02, 0x02, 0x02, 0x0b, 0x01, 0x01, 0x07, 0x07, 
	0x01, 0x01, 0x0b, 0x01, 0x02, 0x02, 0x02, 0x02, 
	0x05, 0x03, 0x03, 0x0c, 0x02, 0x02, 0x01, 0x01, 
	0x07, 0x01, 0x01, 0x01, 0x01, 0x01, 0x02, 0x05, 
	0x04, 0x08, 0x02, 0x06, 0x02, 0x02, 0x09, 0x00, 
	0x01, 0x02, 0x02, 0x02, 0x08, 0x04, 0x05, 0x05, 
	0x06, 0x06, 0x01, 0x06, 0x02, 0x02, 0x04, 0x02, 
	0x08, 0x05, 0x05, 0x05, 0x02, 0x02, 0x02, 0x02, 
	0x02, 0x00, 0x00, 0x01, 0x01, 0x07, 0x07, 0x07, 
	0x01, 0x01, 0x0b, 0x0b, 0x02, 0x02, 0x02, 0x02, 
	0x04, 0x0c, 0x0c, 0x03, 0x02, 0x02, 0x02, 0x0f, 
	0x01, 0x00, 0x09, 0x09, 0x01, 0x02, 0x04, 0x04, 
	0x02, 0x02, 0x06, 0x06, 0x00, 0x00, 0x00, 0x00, 
	0x00, 0x02, 0x02, 0x02, 0x05, 0x08, 0x02, 0x02, 
	0x01, 0x01, 0x06, 0x04, 0x02, 0x04, 0x04, 0x02, 
	0x04, 0x05, 0x05, 0x00, 0x01, 0x0b, 0x01, 0x0b, 
	0x01, 0x01, 0x00, 0x00, 0x07, 0x01, 0x07, 0x07, 
	0x0b, 0x02, 0x01, 0x02, 0x02, 0x02, 0x02, 0x04, 
	0x0c, 0x0c, 0x0c, 0x04, 0x01, 0x01, 0x01, 0x01, 
	0x00, 0x09, 0x00, 0x01, 0x05, 0x04, 0x05, 0x05, 
	
};

Gfx rr_dl_siro_suna_pal_rgba16_aligner[] = {gsSPEndDisplayList()};
u8 rr_dl_siro_suna_pal_rgba16[] = {
	0xb5, 0x65, 0xb5, 0x63, 0xbd, 0xa5, 0xcd, 0xe7, 
	0xc5, 0xe5, 0xc5, 0xa5, 0xbd, 0x65, 0xad, 0x23, 
	0xc5, 0xe7, 0xb5, 0x23, 0xad, 0x21, 0xb5, 0xa5, 
	0xce, 0x27, 0xcd, 0xe9, 0xce, 0x29, 0xad, 0x63, 
	0xa4, 0xe1, 0xb5, 0x25, 0xad, 0x65, 
};

Gfx rr_dl_kusa_suna_ci8_aligner[] = {gsSPEndDisplayList()};
u8 rr_dl_kusa_suna_ci8[] = {
	0x00, 0x01, 0x01, 0x02, 0x02, 0x00, 0x00, 0x00, 
	0x00, 0x00, 0x00, 0x00, 0x01, 0x01, 0x00, 0x00, 
	0x02, 0x02, 0x02, 0x02, 0x00, 0x00, 0x01, 0x01, 
	0x01, 0x01, 0x01, 0x02, 0x02, 0x02, 0x02, 0x00, 
	0x00, 0x00, 0x01, 0x01, 0x00, 0x02, 0x00, 0x01, 
	0x01, 0x01, 0x01, 0x00, 0x00, 0x01, 0x00, 0x00, 
	0x00, 0x02, 0x00, 0x01, 0x00, 0x00, 0x01, 0x03, 
	0x04, 0x04, 0x03, 0x02, 0x02, 0x02, 0x02, 0x02, 
	0x00, 0x00, 0x01, 0x01, 0x01, 0x01, 0x01, 0x01, 
	0x00, 0x00, 0x05, 0x01, 0x00, 0x00, 0x00, 0x00, 
	0x01, 0x00, 0x01, 0x01, 0x00, 0x00, 0x01, 0x01, 
	0x03, 0x03, 0x01, 0x01, 0x02, 0x02, 0x00, 0x00, 
	0x00, 0x02, 0x00, 0x01, 0x01, 0x01, 0x06, 0x01, 
	0x00, 0x00, 0x00, 0x00, 0x00, 0x02, 0x02, 0x02, 
	0x00, 0x02, 0x01, 0x03, 0x03, 0x03, 0x01, 0x03, 
	0x01, 0x02, 0x02, 0x01, 0x00, 0x00, 0x00, 0x00, 
	0x00, 0x00, 0x01, 0x01, 0x00, 0x00, 0x00, 0x00, 
	0x00, 0x00, 0x05, 0x04, 0x01, 0x00, 0x00, 0x00, 
	0x00, 0x00, 0x01, 0x01, 0x03, 0x03, 0x03, 0x01, 
	0x01, 0x03, 0x03, 0x03, 0x01, 0x01, 0x01, 0x01, 
	0x01, 0x01, 0x00, 0x00, 0x00, 0x00, 0x02, 0x00, 
	0x05, 0x04, 0x04, 0x05, 0x03, 0x03, 0x03, 0x01, 
	0x01, 0x00, 0x00, 0x02, 0x00, 0x01, 0x01, 0x00, 
	0x01, 0x03, 0x01, 0x03, 0x01, 0x01, 0x04, 0x03, 
	0x00, 0x00, 0x01, 0x01, 0x01, 0x00, 0x00, 0x00, 
	0x00, 0x05, 0x00, 0x00, 0x00, 0x00, 0x00, 0x01, 
	0x00, 0x00, 0x02, 0x02, 0x00, 0x01, 0x01, 0x00, 
	0x00, 0x00, 0x01, 0x01, 0x00, 0x01, 0x01, 0x01, 
	0x00, 0x00, 0x01, 0x01, 0x01, 0x01, 0x02, 0x02, 
	0x00, 0x00, 0x00, 0x00, 0x01, 0x00, 0x00, 0x01, 
	0x00, 0x00, 0x00, 0x00, 0x00, 0x01, 0x01, 0x00, 
	0x02, 0x02, 0x01, 0x00, 0x00, 0x01, 0x01, 0x01, 
	0x02, 0x02, 0x00, 0x00, 0x00, 0x01, 0x00, 0x00, 
	0x00, 0x01, 0x01, 0x04, 0x04, 0x01, 0x00, 0x02, 
	0x00, 0x00, 0x00, 0x00, 0x01, 0x01, 0x01, 0x00, 
	0x00, 0x00, 0x01, 0x01, 0x01, 0x01, 0x00, 0x02, 
	0x02, 0x00, 0x02, 0x00, 0x00, 0x00, 0x00, 0x00, 
	0x00, 0x00, 0x01, 0x04, 0x04, 0x04, 0x01, 0x00, 
	0x00, 0x02, 0x02, 0x02, 0x00, 0x00, 0x03, 0x04, 
	0x01, 0x00, 0x00, 0x01, 0x01, 0x00, 0x02, 0x02, 
	0x00, 0x01, 0x01, 0x01, 0x01, 0x00, 0x00, 0x01, 
	0x01, 0x00, 0x00, 0x00, 0x00, 0x01, 0x00, 0x00, 
	0x00, 0x00, 0x00, 0x00, 0x01, 0x01, 0x03, 0x04, 
	0x03, 0x01, 0x00, 0x01, 0x01, 0x01, 0x00, 0x00, 
	0x00, 0x00, 0x00, 0x00, 0x01, 0x01, 0x03, 0x03, 
	0x01, 0x00, 0x00, 0x00, 0x02, 0x02, 0x00, 0x01, 
	0x00, 0x00, 0x00, 0x03, 0x01, 0x01, 0x01, 0x01, 
	0x03, 0x01, 0x01, 0x03, 0x04, 0x04, 0x01, 0x02, 
	0x03, 0x07, 0x00, 0x00, 0x02, 0x02, 0x00, 0x00, 
	0x01, 0x00, 0x02, 0x02, 0x02, 0x00, 0x01, 0x00, 
	0x01, 0x01, 0x01, 0x01, 0x01, 0x01, 0x00, 0x00, 
	0x00, 0x00, 0x01, 0x03, 0x06, 0x06, 0x00, 0x00, 
	0x07, 0x07, 0x00, 0x00, 0x02, 0x08, 0x02, 0x00, 
	0x01, 0x00, 0x02, 0x02, 0x00, 0x00, 0x01, 0x00, 
	0x05, 0x05, 0x05, 0x05, 0x03, 0x03, 0x01, 0x01, 
	0x01, 0x03, 0x01, 0x01, 0x00, 0x00, 0x00, 0x00, 
	0x00, 0x00, 0x00, 0x00, 0x00, 0x00, 0x00, 0x00, 
	0x02, 0x02, 0x02, 0x02, 0x00, 0x01, 0x00, 0x00, 
	0x00, 0x00, 0x01, 0x05, 0x01, 0x01, 0x00, 0x00, 
	0x01, 0x01, 0x01, 0x01, 0x00, 0x02, 0x02, 0x00, 
	0x00, 0x00, 0x00, 0x00, 0x00, 0x00, 0x00, 0x00, 
	0x00, 0x00, 0x00, 0x00, 0x00, 0x00, 0x00, 0x00, 
	0x00, 0x00, 0x00, 0x00, 0x00, 0x00, 0x00, 0x00, 
	0x00, 0x00, 0x00, 0x00, 0x00, 0x00, 0x00, 0x00, 
	0x00, 0x00, 0x00, 0x00, 0x00, 0x00, 0x00, 0x00, 
	0x00, 0x00, 0x00, 0x00, 0x00, 0x00, 0x00, 0x00, 
	0x00, 0x00, 0x00, 0x00, 0x09, 0x09, 0x00, 0x00, 
	0x00, 0x00, 0x09, 0x00, 0x00, 0x00, 0x00, 0x00, 
	0x00, 0x00, 0x00, 0x00, 0x00, 0x00, 0x00, 0x00, 
	0x00, 0x00, 0x00, 0x00, 0x00, 0x00, 0x00, 0x00, 
	0x00, 0x00, 0x00, 0x00, 0x00, 0x00, 0x00, 0x00, 
	0x00, 0x00, 0x00, 0x00, 0x00, 0x00, 0x00, 0x00, 
	0x02, 0x00, 0x00, 0x00, 0x00, 0x00, 0x00, 0x00, 
	0x00, 0x02, 0x00, 0x00, 0x00, 0x00, 0x00, 0x00, 
	0x00, 0x00, 0x00, 0x01, 0x01, 0x00, 0x00, 0x00, 
	0x00, 0x00, 0x00, 0x00, 0x00, 0x00, 0x02, 0x02, 
	0x0a, 0x00, 0x02, 0x00, 0x00, 0x00, 0x00, 0x00, 
	0x00, 0x00, 0x00, 0x00, 0x00, 0x00, 0x00, 0x00, 
	0x00, 0x00, 0x00, 0x01, 0x00, 0x00, 0x0b, 0x0b, 
	0x0a, 0x02, 0x00, 0x00, 0x00, 0x00, 0x0c, 0x0d, 
	0x0a, 0x0a, 0x0a, 0x0a, 0x0a, 0x0a, 0x0a, 0x0e, 
	0x0f, 0x10, 0x10, 0x10, 0x00, 0x00, 0x00, 0x00, 
	0x00, 0x00, 0x00, 0x11, 0x0f, 0x0a, 0x0a, 0x12, 
	0x0a, 0x0a, 0x0a, 0x00, 0x00, 0x00, 0x13, 0x14, 
	0x12, 0x0a, 0x0a, 0x12, 0x0a, 0x0a, 0x0a, 0x0e, 
	0x0f, 0x10, 0x13, 0x13, 0x13, 0x13, 0x00, 0x00, 
	0x00, 0x00, 0x00, 0x00, 0x0a, 0x0a, 0x0a, 0x15, 
	0x15, 0x16, 0x0a, 0x00, 0x00, 0x13, 0x13, 0x14, 
	0x12, 0x17, 0x0a, 0x12, 0x14, 0x0a, 0x0e, 0x18, 
	0x10, 0x13, 0x13, 0x13, 0x13, 0x13, 0x13, 0x13, 
	0x00, 0x13, 0x13, 0x12, 0x0a, 0x0a, 0x12, 0x15, 
	0x15, 0x16, 0x0a, 0x00, 0x00, 0x13, 0x13, 0x14, 
	0x12, 0x17, 0x17, 0x19, 0x14, 0x0a, 0x18, 0x18, 
	0x10, 0x14, 0x14, 0x13, 0x00, 0x1a, 0x1b, 0x13, 
	0x00, 0x13, 0x12, 0x12, 0x0a, 0x12, 0x12, 0x15, 
	0x15, 0x16, 0x0a, 0x00, 0x00, 0x13, 0x14, 0x1c, 
	0x1d, 0x1d, 0x1d, 0x1e, 0x1f, 0x20, 0x20, 0x20, 
	0x21, 0x1c, 0x1c, 0x21, 0x11, 0x22, 0x22, 0x22, 
	0x23, 0x24, 0x24, 0x24, 0x21, 0x21, 0x21, 0x25, 
	0x26, 0x26, 0x26, 0x26, 0x21, 0x21, 0x21, 0x21, 
	0x27, 0x1d, 0x1d, 0x1d, 0x20, 0x20, 0x20, 0x1f, 
	0x21, 0x1c, 0x21, 0x21, 0x11, 0x22, 0x22, 0x28, 
	0x23, 0x23, 0x24, 0x24, 0x21, 0x21, 0x21, 0x21, 
	0x29, 0x29, 0x26, 0x26, 0x21, 0x21, 0x21, 0x28, 
	0x2a, 0x27, 0x27, 0x2a, 0x23, 0x23, 0x23, 0x20, 
	0x21, 0x29, 0x2b, 0x29, 0x22, 0x22, 0x28, 0x2a, 
	0x2c, 0x2c, 0x2c, 0x23, 0x2d, 0x2d, 0x2d, 0x28, 
	0x2b, 0x2b, 0x29, 0x2e, 0x2f, 0x2f, 0x28, 0x2a, 
	0x2a, 0x2a, 0x2a, 0x2a, 0x30, 0x30, 0x30, 0x30, 
	0x29, 0x2b, 0x2b, 0x2b, 0x28, 0x28, 0x2a, 0x2a, 
	0x2a, 0x2a, 0x2a, 0x2a, 0x28, 0x28, 0x28, 0x28, 
	0x2b, 0x2b, 0x2b, 0x2b, 0x28, 0x28, 0x2a, 0x2a, 
	0x31, 0x31, 0x31, 0x31, 0x32, 0x33, 0x33, 0x33, 
	0x2a, 0x2a, 0x34, 0x34, 0x2a, 0x31, 0x31, 0x31, 
	0x31, 0x31, 0x31, 0x31, 0x2a, 0x2a, 0x35, 0x35, 
	0x34, 0x31, 0x31, 0x31, 0x31, 0x31, 0x31, 0x31, 
	0x36, 0x36, 0x36, 0x35, 0x31, 0x32, 0x32, 0x31, 
	0x31, 0x31, 0x31, 0x31, 0x31, 0x31, 0x31, 0x35, 
	0x36, 0x35, 0x35, 0x36, 0x35, 0x35, 0x35, 0x35, 
	0x31, 0x36, 0x36, 0x36, 0x36, 0x36, 0x36, 0x36, 
	0x36, 0x36, 0x36, 0x36, 0x36, 0x36, 0x36, 0x36, 
	0x31, 0x36, 0x36, 0x36, 0x36, 0x36, 0x36, 0x36, 
	0x36, 0x36, 0x36, 0x36, 0x36, 0x36, 0x36, 0x36, 
	0x36, 0x36, 0x36, 0x36, 0x37, 0x37, 0x37, 0x37, 
	0x38, 0x38, 0x38, 0x36, 0x36, 0x36, 0x36, 0x36, 
	0x36, 0x36, 0x36, 0x36, 0x36, 0x36, 0x36, 0x36, 
	0x36, 0x36, 0x37, 0x37, 0x37, 0x37, 0x36, 0x37, 
	0x37, 0x37, 0x37, 0x37, 0x38, 0x38, 0x38, 0x38, 
	0x38, 0x38, 0x38, 0x38, 0x37, 0x37, 0x36, 0x36, 
	0x36, 0x36, 0x36, 0x36, 0x36, 0x36, 0x36, 0x36, 
	0x36, 0x37, 0x37, 0x37, 0x37, 0x37, 0x37, 0x37, 
	0x37, 0x37, 0x38, 0x38, 0x39, 0x39, 0x38, 0x38, 
	0x38, 0x38, 0x38, 0x37, 0x37, 0x36, 0x36, 0x36, 
	0x36, 0x36, 0x36, 0x36, 0x36, 0x36, 0x36, 0x36, 
	0x36, 0x37, 0x37, 0x37, 0x37, 0x37, 0x36, 0x37, 
	0x36, 0x36, 0x37, 0x38, 0x39, 0x39, 0x39, 0x39, 
	0x38, 0x37, 0x37, 0x37, 0x36, 0x36, 0x36, 0x36, 
	0x36, 0x36, 0x36, 0x36, 0x36, 0x36, 0x36, 0x36, 
	0x36, 0x36, 0x37, 0x37, 0x37, 0x37, 0x37, 0x37, 
	0x36, 0x37, 0x38, 0x38, 0x39, 0x38, 0x39, 0x38, 
	0x37, 0x37, 0x36, 0x36, 0x36, 0x36, 0x36, 0x36, 
	0x36, 0x36, 0x36, 0x36, 0x36, 0x36, 0x36, 0x36, 
	0x36, 0x36, 0x37, 0x37, 0x37, 0x37, 0x37, 0x37, 
	0x36, 0x36, 0x37, 0x37, 0x38, 0x38, 0x38, 0x37, 
	0x37, 0x37, 0x37, 0x37, 0x37, 0x37, 0x37, 0x37, 
	0x37, 0x37, 0x36, 0x37, 0x36, 0x36, 0x36, 0x37, 
	0x36, 0x36, 0x36, 0x36, 0x37, 0x37, 0x37, 0x37, 
	0x36, 0x37, 0x36, 0x37, 0x37, 0x37, 0x37, 0x37, 
	0x38, 0x37, 0x38, 0x38, 0x38, 0x38, 0x38, 0x38, 
	0x37, 0x37, 0x37, 0x36, 0x36, 0x36, 0x36, 0x37, 
	0x36, 0x36, 0x36, 0x36, 0x36, 0x37, 0x37, 0x37, 
	0x36, 0x36, 0x36, 0x37, 0x37, 0x37, 0x37, 0x37, 
	0x38, 0x38, 0x38, 0x38, 0x38, 0x38, 0x38, 0x38, 
	0x37, 0x36, 0x36, 0x37, 0x36, 0x36, 0x36, 0x36, 
	0x36, 0x36, 0x36, 0x36, 0x36, 0x36, 0x37, 0x37, 
	0x37, 0x37, 0x37, 0x37, 0x37, 0x38, 0x38, 0x38, 
	0x38, 0x38, 0x38, 0x38, 0x38, 0x38, 0x38, 0x37, 
	0x37, 0x36, 0x36, 0x36, 0x36, 0x36, 0x36, 0x37, 
	0x36, 0x36, 0x36, 0x36, 0x36, 0x36, 0x36, 0x37, 
	0x37, 0x37, 0x37, 0x38, 0x38, 0x38, 0x38, 0x38, 
	0x38, 0x38, 0x38, 0x38, 0x38, 0x37, 0x37, 0x37, 
	0x36, 0x36, 0x36, 0x36, 0x36, 0x36, 0x36, 0x37, 
	0x36, 0x36, 0x36, 0x36, 0x36, 0x36, 0x36, 0x37, 
	0x37, 0x37, 0x38, 0x38, 0x38, 0x38, 0x38, 0x38, 
	0x38, 0x38, 0x38, 0x38, 0x38, 0x37, 0x37, 0x36, 
	0x36, 0x36, 0x36, 0x36, 0x36, 0x36, 0x37, 0x37, 
	0x36, 0x36, 0x36, 0x36, 0x36, 0x36, 0x36, 0x36, 
	0x37, 0x37, 0x38, 0x38, 0x38, 0x38, 0x38, 0x38, 
	0x38, 0x38, 0x37, 0x37, 0x37, 0x37, 0x36, 0x36, 
	0x36, 0x36, 0x36, 0x36, 0x36, 0x36, 0x37, 0x37, 
	0x36, 0x36, 0x36, 0x36, 0x36, 0x36, 0x36, 0x36, 
	0x36, 0x37, 0x38, 0x38, 0x38, 0x38, 0x38, 0x38, 
	0x37, 0x37, 0x37, 0x37, 0x37, 0x37, 0x36, 0x36, 
	0x36, 0x36, 0x36, 0x36, 0x36, 0x36, 0x37, 0x37, 
	0x36, 0x36, 0x36, 0x36, 0x36, 0x36, 0x36, 0x36, 
	0x36, 0x37, 0x38, 0x37, 0x38, 0x38, 0x38, 0x38, 
	0x37, 0x37, 0x37, 0x37, 0x37, 0x37, 0x37, 0x36, 
	0x36, 0x36, 0x36, 0x36, 0x36, 0x37, 0x37, 0x37, 
	0x37, 0x37, 0x37, 0x37, 0x37, 0x37, 0x36, 0x37, 
	0x36, 0x37, 0x37, 0x37, 0x38, 0x38, 0x38, 0x38, 
	0x36, 0x36, 0x37, 0x37, 0x37, 0x37, 0x38, 0x37, 
	0x37, 0x36, 0x37, 0x36, 0x36, 0x37, 0x37, 0x37, 
	0x37, 0x37, 0x37, 0x37, 0x37, 0x37, 0x38, 0x38, 
	0x37, 0x36, 0x37, 0x37, 0x37, 0x37, 0x37, 0x37, 
	0x36, 0x36, 0x36, 0x37, 0x38, 0x38, 0x38, 0x38, 
	0x37, 0x37, 0x37, 0x37, 0x36, 0x37, 0x37, 0x37, 
	0x37, 0x36, 0x37, 0x37, 0x38, 0x38, 0x38, 0x38, 
	0x38, 0x37, 0x37, 0x37, 0x37, 0x37, 0x37, 0x37, 
	0x36, 0x36, 0x37, 0x37, 0x38, 0x38, 0x38, 0x38, 
	0x38, 0x38, 0x37, 0x37, 0x37, 0x37, 0x37, 0x37, 
	0x36, 0x36, 0x36, 0x37, 0x37, 0x37, 0x38, 0x38, 
	0x38, 0x37, 0x37, 0x36, 0x36, 0x37, 0x36, 0x36, 
	0x36, 0x36, 0x36, 0x37, 0x37, 0x37, 0x37, 0x38, 
	0x37, 0x38, 0x37, 0x37, 0x37, 0x37, 0x37, 0x37, 
	0x36, 0x36, 0x36, 0x36, 0x37, 0x37, 0x37, 0x37, 
	0x37, 0x37, 0x37, 0x36, 0x36, 0x36, 0x36, 0x36, 
	0x36, 0x36, 0x36, 0x36, 0x36, 0x36, 0x36, 0x36, 
	0x36, 0x37, 0x37, 0x37, 0x37, 0x37, 0x37, 0x36, 
	0x36, 0x36, 0x36, 0x36, 0x36, 0x37, 0x37, 0x37, 
	0x37, 0x37, 0x36, 0x37, 0x37, 0x36, 0x36, 0x36, 
	0x36, 0x36, 0x36, 0x36, 0x36, 0x36, 0x36, 0x36, 
	0x36, 0x36, 0x36, 0x36, 0x36, 0x37, 0x36, 0x36, 
	0x36, 0x36, 0x36, 0x36, 0x36, 0x36, 0x36, 0x36, 
	0x37, 0x37, 0x37, 0x36, 0x36, 0x36, 0x36, 0x36, 
	0x3a, 0x36, 0x36, 0x36, 0x36, 0x36, 0x36, 0x36, 
	0x36, 0x36, 0x36, 0x36, 0x36, 0x36, 0x36, 0x36, 
	0x36, 0x36, 0x36, 0x36, 0x36, 0x36, 0x36, 0x36, 
	0x36, 0x36, 0x36, 0x36, 0x36, 0x36, 0x36, 0x36, 
	0x3a, 0x3a, 0x3a, 0x3a, 0x36, 0x36, 0x36, 0x36, 
	0x36, 0x36, 0x36, 0x36, 0x36, 0x36, 0x36, 0x36, 
	0x3a, 0x36, 0x36, 0x36, 0x36, 0x36, 0x36, 0x36, 
	0x36, 0x36, 0x36, 0x36, 0x36, 0x36, 0x36, 0x36, 
	0x3b, 0x3b, 0x3a, 0x3a, 0x3a, 0x3a, 0x3a, 0x3a, 
	0x3a, 0x3a, 0x3a, 0x3a, 0x3a, 0x3a, 0x3a, 0x3a, 
	0x3a, 0x3a, 0x3a, 0x3a, 0x3a, 0x3a, 0x3a, 0x3a, 
	0x31, 0x31, 0x31, 0x36, 0x36, 0x3a, 0x3a, 0x3a, 
	0x3c, 0x3c, 0x3c, 0x3c, 0x2b, 0x3a, 0x3a, 0x3a, 
	0x3a, 0x3c, 0x3c, 0x3c, 0x3b, 0x3b, 0x3b, 0x3b, 
	0x3b, 0x3b, 0x3b, 0x3b, 0x34, 0x34, 0x34, 0x3a, 
	0x31, 0x31, 0x31, 0x31, 0x3a, 0x3a, 0x3b, 0x3b, 
	0x3c, 0x3d, 0x3d, 0x3d, 0x27, 0x27, 0x2b, 0x2b, 
	0x3c, 0x3d, 0x3d, 0x3d, 0x3e, 0x3e, 0x3e, 0x3b, 
	0x3b, 0x27, 0x27, 0x27, 0x3e, 0x3e, 0x3e, 0x3e, 
	0x3e, 0x3e, 0x2a, 0x2a, 0x3b, 0x3b, 0x2b, 0x2b, 
	0x3f, 0x3f, 0x3f, 0x40, 0x30, 0x30, 0x30, 0x30, 
	0x2f, 0x2f, 0x2f, 0x2f, 0x41, 0x42, 0x3e, 0x3e, 
	0x30, 0x43, 0x44, 0x30, 0x41, 0x2f, 0x2f, 0x41, 
	0x45, 0x45, 0x29, 0x29, 0x28, 0x28, 0x46, 0x46, 
	0x17, 0x17, 0x40, 0x40, 0x47, 0x47, 0x47, 0x24, 
	0x21, 0x44, 0x44, 0x00, 0x01, 0x01, 0x41, 0x42, 
	0x44, 0x44, 0x44, 0x00, 0x01, 0x01, 0x01, 0x01, 
	0x45, 0x45, 0x01, 0x01, 0x20, 0x20, 0x20, 0x20, 
	0x17, 0x00, 0x00, 0x00, 0x01, 0x01, 0x24, 0x24, 
	0x21, 0x44, 0x00, 0x00, 0x01, 0x01, 0x01, 0x01, 
	0x44, 0x00, 0x00, 0x00, 0x01, 0x01, 0x01, 0x11, 
	0x45, 0x01, 0x01, 0x09, 0x20, 0x00, 0x00, 0x00, 
	0x00, 0x00, 0x00, 0x00, 0x01, 0x01, 0x24, 0x24, 
	0x44, 0x00, 0x00, 0x00, 0x01, 0x01, 0x01, 0x01, 
	0x00, 0x00, 0x00, 0x00, 0x01, 0x01, 0x01, 0x11, 
	0x01, 0x01, 0x01, 0x09, 0x00, 0x00, 0x00, 0x00, 
	0x00, 0x00, 0x00, 0x00, 0x00, 0x00, 0x00, 0x13, 
	0x00, 0x00, 0x00, 0x01, 0x01, 0x01, 0x00, 0x00, 
	0x00, 0x00, 0x00, 0x00, 0x00, 0x00, 0x01, 0x01, 
	0x00, 0x00, 0x00, 0x00, 0x00, 0x00, 0x00, 0x00, 
	0x00, 0x00, 0x00, 0x00, 0x00, 0x00, 0x00, 0x00, 
	0x00, 0x00, 0x00, 0x01, 0x01, 0x00, 0x00, 0x00, 
	0x00, 0x00, 0x00, 0x00, 0x00, 0x00, 0x00, 0x00, 
	0x00, 0x00, 0x00, 0x00, 0x00, 0x00, 0x00, 0x00, 
	0x00, 0x00, 0x00, 0x00, 0x00, 0x00, 0x00, 0x00, 
	0x00, 0x00, 0x00, 0x01, 0x01, 0x00, 0x00, 0x00, 
	0x00, 0x00, 0x00, 0x00, 0x00, 0x00, 0x00, 0x00, 
	0x00, 0x00, 0x00, 0x00, 0x00, 0x00, 0x00, 0x00, 
	0x00, 0x00, 0x00, 0x00, 0x00, 0x00, 0x00, 0x00, 
	0x00, 0x00, 0x00, 0x01, 0x00, 0x00, 0x00, 0x00, 
	0x00, 0x00, 0x00, 0x00, 0x00, 0x00, 0x00, 0x00, 
	0x00, 0x00, 0x00, 0x00, 0x00, 0x00, 0x00, 0x00, 
	
};

Gfx rr_dl_kusa_suna_pal_rgba16_aligner[] = {gsSPEndDisplayList()};
u8 rr_dl_kusa_suna_pal_rgba16[] = {
	0x44, 0x8f, 0x4c, 0x8f, 0x3c, 0x8f, 0x54, 0xd1, 
	0x5c, 0xd1, 0x54, 0x91, 0x64, 0xd1, 0x4c, 0x91, 
	0x3c, 0x4f, 0x44, 0x4f, 0x3c, 0x4d, 0x3c, 0x8d, 
	0x34, 0x4d, 0x34, 0x0d, 0x44, 0x8d, 0x54, 0x8d, 
	0x4c, 0x8d, 0x54, 0x8f, 0x3c, 0x0d, 0x44, 0x4d, 
	0x3b, 0xcb, 0x33, 0x4b, 0x3b, 0x8b, 0x4c, 0x4f, 
	0x5c, 0x8f, 0x43, 0xcd, 0x44, 0x0d, 0x3b, 0xcd, 
	0x3b, 0x4d, 0x64, 0x13, 0x4b, 0x8f, 0x4b, 0xcd, 
	0x54, 0x51, 0x54, 0x11, 0x5c, 0x11, 0x64, 0x93, 
	0x44, 0x0f, 0x43, 0x4d, 0x4b, 0xcf, 0x94, 0x9b, 
	0x94, 0x9d, 0x8c, 0x99, 0xad, 0x21, 0xa4, 0xdf, 
	0x94, 0xdb, 0x74, 0x57, 0x74, 0x15, 0x6c, 0x55, 
	0x84, 0x99, 0xb5, 0x63, 0xa5, 0x21, 0x94, 0xdd, 
	0xb5, 0x23, 0xbd, 0x65, 0xbd, 0xa5, 0xc5, 0xa5, 
	0xc5, 0xe5, 0xc5, 0xe7, 0xb5, 0x65, 0xad, 0x23, 
	0xa4, 0xe1, 0x8c, 0x9b, 0x9c, 0xdf, 0x64, 0x55, 
	0x5c, 0x91, 0x6c, 0x95, 0x7c, 0x99, 0x64, 0x15, 
	0x4c, 0x51, 0x64, 0x91, 0x7c, 0x97, 0x5c, 0x93, 
	
};

Gfx rr_dl_sango_ci4_aligner[] = {gsSPEndDisplayList()};
u8 rr_dl_sango_ci4[] = {
	0x01, 0x11, 0x02, 0x22, 0x11, 0x13, 0x41, 0x14, 
	0x20, 0x00, 0x02, 0x04, 0x42, 0x20, 0x04, 0x10, 
	0x01, 0x11, 0x04, 0x20, 0x11, 0x13, 0x51, 0x12, 
	0x20, 0x12, 0x62, 0x11, 0x02, 0x20, 0x01, 0x11, 
	0x41, 0x11, 0x02, 0x41, 0x10, 0x03, 0x11, 0x22, 
	0x04, 0x24, 0x77, 0x11, 0x15, 0x41, 0x11, 0x11, 
	0x44, 0x11, 0x22, 0x01, 0x10, 0x22, 0x14, 0x20, 
	0x02, 0x20, 0x47, 0x11, 0x85, 0x51, 0x11, 0x11, 
	0x02, 0x22, 0x22, 0x11, 0x10, 0x22, 0x58, 0x15, 
	0x02, 0x40, 0x42, 0x28, 0x81, 0x51, 0x11, 0x55, 
	0x11, 0x22, 0x22, 0x10, 0x02, 0x22, 0x58, 0x13, 
	0x22, 0x40, 0x25, 0x44, 0x55, 0x21, 0x11, 0x23, 
	0x04, 0x24, 0x22, 0x00, 0x02, 0x20, 0x11, 0x14, 
	0x20, 0x00, 0x25, 0x11, 0x22, 0x55, 0x11, 0x42, 
	0x22, 0x21, 0x12, 0x20, 0x22, 0x11, 0x84, 0x12, 
	0x11, 0x00, 0x25, 0x11, 0x22, 0x54, 0x11, 0x02, 
	0x22, 0x00, 0x02, 0x22, 0x21, 0x10, 0x11, 0x11, 
	0x14, 0x04, 0x21, 0x15, 0x24, 0x15, 0x11, 0x02, 
	0x24, 0x02, 0x42, 0x23, 0x51, 0x11, 0x11, 0x01, 
	0x42, 0x02, 0x01, 0x11, 0x55, 0x14, 0x44, 0x22, 
	0x44, 0x44, 0x27, 0x45, 0x10, 0x11, 0x00, 0x02, 
	0x49, 0x22, 0x11, 0x11, 0x01, 0x11, 0x02, 0x20, 
	0x20, 0x22, 0x20, 0x00, 0x24, 0x11, 0x10, 0x02, 
	0x46, 0x22, 0x01, 0x51, 0x11, 0x11, 0x14, 0xa0, 
	0x22, 0x26, 0x20, 0x02, 0x24, 0x10, 0x11, 0x43, 
	0x22, 0xa2, 0x22, 0x41, 0x11, 0x11, 0x42, 0xb0, 
	0x09, 0x92, 0x04, 0x44, 0x22, 0x11, 0x18, 0x58, 
	0x52, 0x24, 0x22, 0x41, 0x04, 0x14, 0x44, 0x22, 
	0x20, 0x92, 0x02, 0x24, 0x44, 0x81, 0x11, 0x3c, 
	0x15, 0x04, 0x29, 0x24, 0x02, 0x24, 0x44, 0x22, 
	0x20, 0x22, 0x22, 0x40, 0x05, 0x10, 0x02, 0x18, 
	0x11, 0x00, 0x29, 0x20, 0x02, 0x20, 0x22, 0x9d, 
	0x40, 0x00, 0x27, 0x74, 0x04, 0x10, 0x02, 0x21, 
	0x10, 0x14, 0x09, 0x20, 0x42, 0x22, 0x22, 0x22, 
	0x4e, 0x40, 0x07, 0x72, 0x04, 0x00, 0x02, 0x21, 
	0x10, 0x04, 0x24, 0x92, 0x22, 0x42, 0x22, 0x0d, 
	0x22, 0x22, 0x42, 0x97, 0x42, 0x24, 0x42, 0x20, 
	0x02, 0x24, 0x24, 0x22, 0x01, 0x02, 0x22, 0x22, 
	0x22, 0x42, 0x22, 0x22, 0x22, 0x20, 0x11, 0x10, 
	0x22, 0x22, 0x24, 0x00, 0x11, 0x02, 0x72, 0x22, 
	0x00, 0x11, 0x12, 0x22, 0x24, 0x01, 0x11, 0x11, 
	0x12, 0x22, 0x40, 0x11, 0x18, 0x17, 0x22, 0x40, 
	0x11, 0x11, 0x10, 0x42, 0x22, 0x40, 0x04, 0x44, 
	0x15, 0x24, 0x00, 0x11, 0x11, 0x35, 0x34, 0x01, 
	0x11, 0x11, 0x11, 0x00, 0x22, 0x20, 0x04, 0x01, 
	0x44, 0x22, 0x40, 0x10, 0x14, 0x21, 0x04, 0x41, 
	0x00, 0x10, 0x11, 0x52, 0x72, 0x22, 0x20, 0x41, 
	0x44, 0x22, 0x00, 0x10, 0x22, 0x45, 0x84, 0x20, 
	0x22, 0x22, 0x42, 0x22, 0x22, 0x44, 0x22, 0x40, 
	0x42, 0x22, 0x00, 0x12, 0x20, 0x11, 0x52, 0x44, 
	0x04, 0x22, 0x22, 0x22, 0x04, 0x40, 0x42, 0x22, 
	0x22, 0x22, 0x00, 0x02, 0x00, 0x11, 0x52, 0x20, 
	0x11, 0x22, 0x02, 0x22, 0x00, 0x40, 0x01, 0x12, 
	0x22, 0x22, 0x40, 0x42, 0x04, 0x11, 0x54, 0x24, 
	0x11, 0x22, 0x27, 0x22, 0x44, 0x41, 0x11, 0x11, 
	0x44, 0x22, 0x22, 0x22, 0x00, 0x11, 0x04, 0x24, 
	0x14, 0x22, 0x02, 0x22, 0x42, 0x41, 0x18, 0x11, 
	0x10, 0x22, 0x00, 0x22, 0x00, 0x41, 0x42, 0x25, 
	0x22, 0x21, 0x10, 0x14, 0x24, 0x51, 0x81, 0x11, 
	0x04, 0x24, 0x40, 0x22, 0x44, 0x20, 0x42, 0x44, 
	0x44, 0x22, 0x44, 0x44, 0x20, 0x51, 0x11, 0x10, 
	0x01, 0x20, 0x02, 0x04, 0x22, 0x24, 0x24, 0x44, 
	0x41, 0x42, 0x22, 0x22, 0x01, 0x55, 0x11, 0x11, 
	0x11, 0x00, 0x02, 0x22, 0x22, 0x22, 0x04, 0x50, 
	
};

Gfx rr_dl_sango_pal_rgba16_aligner[] = {gsSPEndDisplayList()};
u8 rr_dl_sango_pal_rgba16[] = {
	0xce, 0x2b, 0xd6, 0x2b, 0xcd, 0xe9, 0xd5, 0xe9, 
	0xcd, 0xeb, 0xd5, 0xeb, 0xc5, 0xa7, 0xcd, 0xa9, 
	0xd6, 0x2d, 0xc5, 0xe9, 0xcd, 0xa7, 0xc5, 0xa9, 
	0xde, 0x2d, 0xc5, 0xeb, 0xc6, 0x2b, 
};

Gfx rr_dl_tutikabe_ci8_aligner[] = {gsSPEndDisplayList()};
u8 rr_dl_tutikabe_ci8[] = {
	0x00, 0x01, 0x02, 0x03, 0x03, 0x04, 0x04, 0x05, 
	0x00, 0x04, 0x06, 0x07, 0x08, 0x04, 0x09, 0x04, 
	0x04, 0x00, 0x05, 0x01, 0x08, 0x03, 0x06, 0x02, 
	0x03, 0x03, 0x02, 0x07, 0x03, 0x06, 0x02, 0x03, 
	0x0a, 0x09, 0x03, 0x03, 0x03, 0x00, 0x00, 0x03, 
	0x09, 0x0a, 0x03, 0x07, 0x09, 0x05, 0x05, 0x04, 
	0x03, 0x09, 0x0a, 0x09, 0x09, 0x04, 0x07, 0x03, 
	0x0b, 0x02, 0x0c, 0x07, 0x07, 0x02, 0x06, 0x06, 
	0x08, 0x09, 0x0a, 0x09, 0x08, 0x05, 0x04, 0x03, 
	0x03, 0x05, 0x05, 0x04, 0x0d, 0x0d, 0x09, 0x03, 
	0x07, 0x02, 0x08, 0x05, 0x04, 0x03, 0x0e, 0x04, 
	0x09, 0x03, 0x09, 0x09, 0x09, 0x08, 0x09, 0x06, 
	0x08, 0x08, 0x0a, 0x04, 0x04, 0x08, 0x07, 0x03, 
	0x03, 0x04, 0x0f, 0x0f, 0x0d, 0x09, 0x06, 0x06, 
	0x10, 0x10, 0x07, 0x05, 0x05, 0x04, 0x0e, 0x03, 
	0x07, 0x09, 0x04, 0x01, 0x01, 0x09, 0x07, 0x02, 
	0x11, 0x12, 0x08, 0x00, 0x05, 0x07, 0x02, 0x06, 
	0x06, 0x09, 0x05, 0x0f, 0x09, 0x07, 0x13, 0x06, 
	0x06, 0x03, 0x04, 0x03, 0x04, 0x00, 0x05, 0x03, 
	0x03, 0x09, 0x01, 0x14, 0x14, 0x05, 0x0a, 0x04, 
	0x02, 0x12, 0x02, 0x04, 0x04, 0x07, 0x07, 0x02, 
	0x03, 0x03, 0x09, 0x05, 0x07, 0x02, 0x03, 0x10, 
	0x03, 0x04, 0x04, 0x03, 0x03, 0x04, 0x00, 0x05, 
	0x05, 0x05, 0x01, 0x15, 0x16, 0x0f, 0x17, 0x08, 
	0x02, 0x02, 0x07, 0x01, 0x0a, 0x03, 0x03, 0x09, 
	0x04, 0x09, 0x09, 0x0a, 0x08, 0x02, 0x06, 0x06, 
	0x03, 0x03, 0x03, 0x03, 0x04, 0x06, 0x03, 0x05, 
	0x05, 0x11, 0x01, 0x16, 0x16, 0x05, 0x0a, 0x04, 
	0x06, 0x06, 0x08, 0x05, 0x17, 0x03, 0x03, 0x04, 
	0x18, 0x09, 0x09, 0x0a, 0x08, 0x03, 0x03, 0x03, 
	0x0e, 0x06, 0x04, 0x19, 0x04, 0x06, 0x07, 0x09, 
	0x09, 0x07, 0x11, 0x16, 0x05, 0x03, 0x04, 0x05, 
	0x06, 0x13, 0x04, 0x00, 0x0f, 0x04, 0x1a, 0x04, 
	0x04, 0x09, 0x0a, 0x01, 0x09, 0x0a, 0x04, 0x04, 
	0x1b, 0x04, 0x00, 0x00, 0x04, 0x03, 0x02, 0x12, 
	0x07, 0x02, 0x09, 0x0f, 0x09, 0x04, 0x04, 0x0b, 
	0x04, 0x04, 0x0a, 0x04, 0x16, 0x00, 0x04, 0x04, 
	0x0a, 0x05, 0x17, 0x0f, 0x0f, 0x00, 0x04, 0x00, 
	0x00, 0x00, 0x04, 0x04, 0x04, 0x03, 0x07, 0x09, 
	0x07, 0x07, 0x0f, 0x17, 0x05, 0x0f, 0x00, 0x04, 
	0x00, 0x09, 0x12, 0x02, 0x00, 0x0f, 0x05, 0x05, 
	0x0d, 0x17, 0x0f, 0x0d, 0x1c, 0x0f, 0x05, 0x04, 
	0x00, 0x04, 0x03, 0x02, 0x02, 0x07, 0x0a, 0x0f, 
	0x09, 0x09, 0x1c, 0x17, 0x04, 0x04, 0x00, 0x0f, 
	0x09, 0x02, 0x10, 0x06, 0x03, 0x03, 0x09, 0x0a, 
	0x0a, 0x08, 0x02, 0x12, 0x03, 0x0a, 0x0f, 0x1d, 
	0x04, 0x04, 0x09, 0x04, 0x09, 0x09, 0x09, 0x05, 
	0x05, 0x05, 0x00, 0x04, 0x03, 0x03, 0x03, 0x04, 
	0x06, 0x10, 0x13, 0x03, 0x1b, 0x03, 0x0a, 0x05, 
	0x07, 0x06, 0x10, 0x1e, 0x02, 0x02, 0x0a, 0x0f, 
	0x0f, 0x09, 0x0a, 0x0d, 0x05, 0x09, 0x03, 0x0b, 
	0x04, 0x04, 0x0f, 0x05, 0x07, 0x06, 0x03, 0x06, 
	0x06, 0x06, 0x03, 0x1f, 0x00, 0x00, 0x0f, 0x05, 
	0x06, 0x10, 0x0c, 0x07, 0x04, 0x02, 0x07, 0x0a, 
	0x0f, 0x05, 0x1c, 0x1c, 0x05, 0x09, 0x07, 0x04, 
	0x03, 0x05, 0x16, 0x0a, 0x03, 0x02, 0x03, 0x02, 
	0x06, 0x04, 0x00, 0x00, 0x18, 0x00, 0x0f, 0x08, 
	0x10, 0x10, 0x0c, 0x09, 0x00, 0x03, 0x07, 0x07, 
	0x05, 0x0f, 0x1c, 0x0a, 0x11, 0x08, 0x03, 0x03, 
	0x04, 0x0f, 0x05, 0x02, 0x04, 0x00, 0x08, 0x03, 
	0x03, 0x04, 0x00, 0x04, 0x03, 0x0a, 0x0d, 0x09, 
	0x06, 0x0c, 0x03, 0x09, 0x00, 0x08, 0x09, 0x09, 
	0x05, 0x09, 0x03, 0x02, 0x11, 0x0a, 0x03, 0x04, 
	0x0f, 0x05, 0x06, 0x10, 0x08, 0x00, 0x05, 0x04, 
	0x03, 0x09, 0x04, 0x09, 0x07, 0x09, 0x05, 0x05, 
	0x04, 0x04, 0x03, 0x03, 0x08, 0x04, 0x04, 0x09, 
	0x17, 0x08, 0x02, 0x03, 0x04, 0x00, 0x05, 0x20, 
	0x0f, 0x02, 0x0c, 0x0c, 0x07, 0x09, 0x0a, 0x00, 
	0x03, 0x07, 0x03, 0x03, 0x09, 0x01, 0x05, 0x09, 
	0x0a, 0x05, 0x05, 0x04, 0x0a, 0x05, 0x03, 0x09, 
	0x0f, 0x09, 0x06, 0x02, 0x00, 0x16, 0x16, 0x00, 
	0x07, 0x10, 0x0c, 0x08, 0x04, 0x03, 0x0a, 0x16, 
	0x0b, 0x02, 0x06, 0x06, 0x08, 0x01, 0x09, 0x03, 
	0x08, 0x05, 0x00, 0x0f, 0x17, 0x04, 0x08, 0x0a, 
	0x0d, 0x05, 0x04, 0x04, 0x20, 0x16, 0x0f, 0x03, 
	0x10, 0x10, 0x11, 0x0a, 0x04, 0x09, 0x05, 0x16, 
	0x04, 0x09, 0x03, 0x07, 0x09, 0x09, 0x02, 0x06, 
	0x06, 0x03, 0x04, 0x0f, 0x1c, 0x05, 0x05, 0x0f, 
	0x01, 0x05, 0x00, 0x0f, 0x16, 0x09, 0x05, 0x05, 
	0x02, 0x06, 0x08, 0x05, 0x04, 0x05, 0x00, 0x00, 
	0x04, 0x09, 0x03, 0x08, 0x05, 0x05, 0x08, 0x03, 
	0x0c, 0x06, 0x06, 0x08, 0x0f, 0x1c, 0x16, 0x0f, 
	0x07, 0x12, 0x09, 0x04, 0x03, 0x0c, 0x03, 0x0f, 
	0x0a, 0x08, 0x1b, 0x21, 0x04, 0x04, 0x03, 0x04, 
	0x05, 0x0a, 0x09, 0x0f, 0x16, 0x0f, 0x04, 0x05, 
	0x03, 0x04, 0x09, 0x02, 0x02, 0x05, 0x00, 0x05, 
	0x07, 0x12, 0x09, 0x07, 0x02, 0x03, 0x04, 0x09, 
	0x05, 0x05, 0x04, 0x04, 0x03, 0x03, 0x03, 0x22, 
	0x05, 0x17, 0x05, 0x0f, 0x23, 0x16, 0x00, 0x04, 
	0x18, 0x00, 0x00, 0x08, 0x09, 0x05, 0x04, 0x07, 
	0x07, 0x08, 0x04, 0x04, 0x03, 0x18, 0x04, 0x06, 
	0x07, 0x04, 0x18, 0x03, 0x22, 0x03, 0x04, 0x07, 
	0x09, 0x08, 0x11, 0x09, 0x05, 0x16, 0x00, 0x04, 
	0x19, 0x04, 0x07, 0x03, 0x04, 0x05, 0x09, 0x03, 
	0x03, 0x04, 0x0a, 0x00, 0x0f, 0x05, 0x02, 0x10, 
	0x0c, 0x03, 0x04, 0x09, 0x03, 0x03, 0x00, 0x04, 
	0x02, 0x1e, 0x24, 0x07, 0x09, 0x16, 0x0f, 0x21, 
	0x0e, 0x02, 0x06, 0x07, 0x04, 0x05, 0x0a, 0x08, 
	0x03, 0x19, 0x00, 0x00, 0x0a, 0x07, 0x06, 0x02, 
	0x07, 0x02, 0x02, 0x08, 0x04, 0x09, 0x05, 0x0f, 
	0x0c, 0x1e, 0x0c, 0x07, 0x09, 0x0f, 0x0f, 0x00, 
	0x0a, 0x08, 0x03, 0x04, 0x05, 0x00, 0x0a, 0x03, 
	0x03, 0x00, 0x25, 0x0f, 0x03, 0x0c, 0x08, 0x03, 
	0x04, 0x09, 0x09, 0x07, 0x03, 0x05, 0x05, 0x05, 
	0x06, 0x12, 0x02, 0x02, 0x09, 0x05, 0x05, 0x00, 
	0x05, 0x09, 0x07, 0x01, 0x16, 0x16, 0x00, 0x04, 
	0x04, 0x05, 0x0a, 0x04, 0x04, 0x03, 0x09, 0x05, 
	0x0d, 0x05, 0x04, 0x0e, 0x04, 0x05, 0x05, 0x09, 
	0x07, 0x07, 0x02, 0x03, 0x04, 0x04, 0x07, 0x03, 
	0x09, 0x09, 0x09, 0x05, 0x0f, 0x16, 0x00, 0x05, 
	0x04, 0x02, 0x10, 0x06, 0x03, 0x09, 0x09, 0x0d, 
	0x0a, 0x04, 0x08, 0x04, 0x04, 0x05, 0x09, 0x07, 
	0x07, 0x02, 0x07, 0x08, 0x17, 0x05, 0x02, 0x06, 
	0x06, 0x03, 0x04, 0x05, 0x08, 0x09, 0x07, 0x02, 
	0x0c, 0x0c, 0x0c, 0x06, 0x06, 0x09, 0x09, 0x05, 
	0x09, 0x00, 0x00, 0x05, 0x00, 0x04, 0x03, 0x02, 
	0x03, 0x03, 0x07, 0x0a, 0x16, 0x00, 0x09, 0x06, 
	0x06, 0x04, 0x0a, 0x04, 0x07, 0x09, 0x07, 0x0c, 
	0x06, 0x03, 0x03, 0x0e, 0x03, 0x09, 0x05, 0x0d, 
	0x0f, 0x00, 0x0f, 0x16, 0x0f, 0x04, 0x03, 0x02, 
	0x04, 0x04, 0x09, 0x08, 0x07, 0x04, 0x05, 0x04, 
	0x05, 0x0f, 0x05, 0x09, 0x09, 0x09, 0x07, 0x02, 
	0x03, 0x04, 0x04, 0x09, 0x09, 0x0a, 0x05, 0x0f, 
	0x23, 0x16, 0x0f, 0x16, 0x0f, 0x05, 0x04, 0x02, 
	0x05, 0x01, 0x02, 0x03, 0x06, 0x06, 0x04, 0x0f, 
	0x20, 0x20, 0x09, 0x09, 0x0a, 0x0a, 0x04, 0x00, 
	0x04, 0x04, 0x09, 0x08, 0x08, 0x11, 0x07, 0x02, 
	0x09, 0x00, 0x05, 0x05, 0x05, 0x05, 0x04, 0x04, 
	
};

Gfx rr_dl_tutikabe_pal_rgba16_aligner[] = {gsSPEndDisplayList()};
u8 rr_dl_tutikabe_pal_rgba16[] = {
	0xc5, 0xa5, 0xc5, 0xe9, 0xd6, 0x6b, 0xd6, 0x29, 
	0xcd, 0xe7, 0xc5, 0xa7, 0xde, 0x6b, 0xd6, 0x2b, 
	0xce, 0x29, 0xcd, 0xe9, 0xc5, 0xe7, 0xd5, 0xe9, 
	0xde, 0x6d, 0xbd, 0xa7, 0xd6, 0x27, 0xbd, 0x65, 
	0xde, 0xad, 0xce, 0x2b, 0xd6, 0x6d, 0xd6, 0x69, 
	0xc5, 0xa9, 0xbd, 0x67, 0xb5, 0x25, 0xbd, 0xa5, 
	0xcd, 0xa7, 0xcd, 0xa5, 0xce, 0x27, 0xd5, 0xe7, 
	0xb5, 0x65, 0xc5, 0x65, 0xde, 0xaf, 0xc5, 0xe5, 
	0xac, 0xe3, 0xcd, 0xe5, 0xde, 0x29, 0xad, 0x25, 
	0xde, 0x6f, 0xb5, 0x23, 
};

Gfx rr_dl_water_ci4_aligner[] = {gsSPEndDisplayList()};
u8 rr_dl_water_ci4[] = {
	0x00, 0x00, 0x11, 0x22, 0x31, 0x11, 0x11, 0x11, 
	0x11, 0x11, 0x11, 0x13, 0x31, 0x11, 0x00, 0x10, 
	0x00, 0x01, 0x11, 0x24, 0x33, 0x11, 0x11, 0x22, 
	0x22, 0x23, 0x31, 0x13, 0x31, 0x11, 0x01, 0x10, 
	0x00, 0x00, 0x13, 0x24, 0x53, 0x33, 0x24, 0x44, 
	0x44, 0x44, 0x66, 0x66, 0x63, 0x11, 0x00, 0x00, 
	0x00, 0x00, 0x13, 0x24, 0x77, 0x77, 0x74, 0x42, 
	0x24, 0x44, 0x88, 0x88, 0x86, 0x11, 0x00, 0x00, 
	0x00, 0x00, 0x19, 0x47, 0x77, 0x88, 0x22, 0x11, 
	0x11, 0xa9, 0x35, 0xbb, 0x79, 0x11, 0x00, 0x00, 
	0x00, 0x00, 0x14, 0x77, 0x89, 0x99, 0x11, 0x11, 
	0x00, 0x00, 0x03, 0x55, 0x74, 0x11, 0x00, 0x00, 
	0x10, 0x01, 0x97, 0x74, 0x00, 0x00, 0x10, 0x00, 
	0x00, 0x00, 0x00, 0x35, 0x44, 0x91, 0x10, 0x00, 
	0x11, 0x0a, 0x47, 0x49, 0x00, 0x00, 0x00, 0x00, 
	0x00, 0x00, 0x00, 0x03, 0x44, 0x49, 0x00, 0x01, 
	0x11, 0x19, 0x5b, 0x51, 0x00, 0x00, 0x00, 0x00, 
	0x00, 0x00, 0x00, 0x11, 0x36, 0x66, 0x31, 0x11, 
	0x11, 0x14, 0xbb, 0x56, 0x00, 0x00, 0x00, 0x00, 
	0x00, 0x00, 0x00, 0x01, 0x13, 0x88, 0x33, 0x11, 
	0x99, 0x98, 0xbb, 0x56, 0x10, 0x00, 0x00, 0x00, 
	0x00, 0x00, 0x00, 0x01, 0x13, 0x68, 0x75, 0x33, 
	0x44, 0x88, 0x56, 0x55, 0x91, 0x00, 0x00, 0x00, 
	0x00, 0x00, 0x00, 0x00, 0x11, 0x38, 0x75, 0x55, 
	0x44, 0x22, 0x33, 0x57, 0x40, 0x00, 0x00, 0x00, 
	0x00, 0x00, 0x00, 0x00, 0x00, 0x34, 0x78, 0x88, 
	0x23, 0x30, 0x11, 0x37, 0xc9, 0x00, 0x00, 0x00, 
	0x00, 0x00, 0x00, 0x00, 0x00, 0x04, 0x78, 0x33, 
	0x00, 0x00, 0x11, 0x35, 0xc9, 0x00, 0x00, 0x00, 
	0x00, 0x00, 0x00, 0x00, 0x00, 0x02, 0x78, 0x30, 
	0x00, 0x00, 0x11, 0x35, 0xc9, 0x00, 0x00, 0x00, 
	0x00, 0x00, 0x00, 0x00, 0x00, 0x04, 0x78, 0x30, 
	0x00, 0x00, 0x00, 0x16, 0x86, 0x33, 0x10, 0x00, 
	0x00, 0x00, 0x00, 0x00, 0x00, 0x02, 0x88, 0x10, 
	0x00, 0x00, 0x01, 0x16, 0x88, 0x63, 0x11, 0x00, 
	0x00, 0x00, 0x00, 0x00, 0x00, 0x06, 0x88, 0x11, 
	0x00, 0x00, 0x01, 0x16, 0x68, 0x86, 0x11, 0x00, 
	0x00, 0x00, 0x00, 0x00, 0x00, 0x12, 0x84, 0x11, 
	0x01, 0x00, 0x11, 0x16, 0x33, 0x66, 0xd1, 0x10, 
	0x00, 0x00, 0x00, 0x00, 0x00, 0x12, 0x84, 0x11, 
	0x11, 0x33, 0x99, 0x99, 0x11, 0x12, 0x42, 0x11, 
	0x00, 0x00, 0x00, 0x00, 0x00, 0x94, 0x88, 0x31, 
	0x33, 0x68, 0xdd, 0x99, 0x00, 0x01, 0x32, 0x21, 
	0x10, 0x00, 0x00, 0x00, 0x09, 0xd4, 0x88, 0x22, 
	0x36, 0x88, 0x77, 0x9a, 0x00, 0x00, 0x12, 0x42, 
	0x31, 0x00, 0x00, 0x01, 0x9d, 0x44, 0x22, 0x22, 
	0x11, 0x36, 0xd7, 0xd9, 0x00, 0x00, 0x13, 0x44, 
	0x43, 0x10, 0x00, 0x19, 0x44, 0xd9, 0x11, 0x11, 
	0x00, 0x01, 0x98, 0x79, 0x10, 0x00, 0x11, 0x3d, 
	0x88, 0x2a, 0x11, 0x65, 0x88, 0x90, 0x00, 0x00, 
	0x00, 0x00, 0x19, 0x78, 0x31, 0x00, 0x01, 0x13, 
	0x28, 0x88, 0x66, 0x65, 0x89, 0x00, 0x00, 0x00, 
	0x00, 0x00, 0x19, 0x87, 0x41, 0x10, 0x00, 0x11, 
	0x22, 0x87, 0x55, 0xbb, 0xd0, 0x00, 0x00, 0x00, 
	0x00, 0x00, 0x11, 0x97, 0x43, 0x10, 0x00, 0x00, 
	0xaa, 0x28, 0xbb, 0xbb, 0x90, 0x00, 0x00, 0x00, 
	0x00, 0x00, 0x00, 0x3b, 0x83, 0x00, 0x00, 0x00, 
	0x00, 0x19, 0x88, 0x88, 0x21, 0x00, 0x00, 0x00, 
	0x00, 0x00, 0x00, 0x3b, 0x83, 0x00, 0x00, 0x00, 
	0x00, 0x11, 0x33, 0x28, 0x21, 0x00, 0x00, 0x00, 
	0x01, 0x00, 0x00, 0x35, 0x60, 0x00, 0x00, 0x00, 
	0x00, 0x01, 0x11, 0x32, 0x31, 0x00, 0x00, 0x00, 
	0x10, 0x00, 0x00, 0x35, 0x60, 0x00, 0x00, 0x00, 
	0x00, 0x00, 0x11, 0x12, 0x31, 0x00, 0x00, 0x00, 
	
};

Gfx rr_dl_water_pal_rgba16_aligner[] = {gsSPEndDisplayList()};
u8 rr_dl_water_pal_rgba16[] = {
	0x3c, 0xb9, 0x44, 0xb9, 0x54, 0xbb, 0x4c, 0xb9, 
	0x5c, 0xfb, 0x5c, 0xb9, 0x54, 0xb9, 0x6d, 0x3b, 
	0x64, 0xfb, 0x4c, 0xbb, 0x44, 0xbb, 0x75, 0x3b, 
	0x6c, 0xfb, 0x5c, 0xbb, 
};

Vtx rr_dl_r0_node_mesh_layer_1_vtx_cull[8] = {
	{{ {-10722, -317, 10722}, 0, {0, 0}, {0, 0, 0, 0} }},
	{{ {-10722, 1296, 10722}, 0, {0, 0}, {0, 0, 0, 0} }},
	{{ {-10722, 1296, -10722}, 0, {0, 0}, {0, 0, 0, 0} }},
	{{ {-10722, -317, -10722}, 0, {0, 0}, {0, 0, 0, 0} }},
	{{ {10722, -317, 10722}, 0, {0, 0}, {0, 0, 0, 0} }},
	{{ {10722, 1296, 10722}, 0, {0, 0}, {0, 0, 0, 0} }},
	{{ {10722, 1296, -10722}, 0, {0, 0}, {0, 0, 0, 0} }},
	{{ {10722, -317, -10722}, 0, {0, 0}, {0, 0, 0, 0} }},
};

Vtx rr_dl_r0_node_mesh_layer_1_vtx_0[104] = {
	{{ {-1466, 419, -1273}, 0, {-4214, -576}, {0, 127, 0, 255} }},
	{{ {-1381, 419, -1051}, 0, {-3764, -1296}, {252, 127, 4, 255} }},
	{{ {-1245, 419, -1182}, 0, {-3268, -816}, {221, 90, 83, 255} }},
	{{ {-1114, 419, -900}, 0, {-2710, -1570}, {254, 127, 2, 255} }},
	{{ {-1300, 413, -872}, 0, {-3396, -1638}, {249, 127, 8, 255} }},
	{{ {-1058, 413, -601}, 0, {-2468, -2370}, {248, 126, 11, 255} }},
	{{ {-833, 419, -746}, 0, {-1504, -1982}, {0, 127, 2, 255} }},
	{{ {-877, 413, -519}, 0, {-1988, -2584}, {253, 124, 28, 255} }},
	{{ {-221, 414, -628}, 0, {1182, -2260}, {4, 127, 8, 255} }},
	{{ {-294, 398, -449}, 0, {804, -2776}, {3, 122, 34, 255} }},
	{{ {59, 379, -453}, 0, {2314, -2764}, {14, 120, 38, 255} }},
	{{ {241, 371, -546}, 0, {3060, -2560}, {21, 121, 31, 255} }},
	{{ {245, 408, -875}, 0, {3110, -1638}, {7, 127, 9, 255} }},
	{{ {499, 371, -707}, 0, {4200, -2084}, {27, 120, 33, 255} }},
	{{ {645, 371, -869}, 0, {4824, -1654}, {39, 118, 28, 255} }},
	{{ {687, 408, -1276}, 0, {5002, -566}, {17, 126, 6, 255} }},
	{{ {781, 371, -1083}, 0, {5500, -952}, {50, 115, 22, 255} }},
	{{ {847, 371, -1346}, 0, {5690, -380}, {45, 118, 11, 255} }},
	{{ {806, 395, -1797}, 0, {5514, 824}, {30, 123, 3, 255} }},
	{{ {488, 419, -1829}, 0, {4152, 910}, {6, 127, 1, 255} }},
	{{ {744, 413, -2030}, 0, {5246, 1446}, {20, 125, 255, 255} }},
	{{ {490, 419, -2012}, 0, {4160, 1400}, {5, 127, 1, 255} }},
	{{ {707, 413, -2143}, 0, {5090, 1746}, {17, 126, 254, 255} }},
	{{ {390, 430, -2280}, 0, {3732, 2114}, {79, 100, 254, 255} }},
	{{ {572, 419, -2398}, 0, {4510, 2430}, {7, 127, 254, 255} }},
	{{ {237, 430, -2631}, 0, {3076, 3052}, {6, 127, 253, 255} }},
	{{ {227, 430, -1855}, 0, {3034, 980}, {72, 94, 46, 255} }},
	{{ {408, 419, -1611}, 0, {3864, 328}, {4, 127, 2, 255} }},
	{{ {302, 419, -1407}, 0, {3460, -216}, {2, 127, 2, 255} }},
	{{ {-70, 419, -1551}, 0, {1764, 168}, {76, 86, 55, 255} }},
	{{ {132, 419, -1172}, 0, {2518, -846}, {2, 127, 2, 255} }},
	{{ {-252, 419, -1182}, 0, {984, -816}, {54, 100, 56, 255} }},
	{{ {-5, 419, -1020}, 0, {1976, -1200}, {2, 127, 2, 255} }},
	{{ {132, 419, -1172}, 0, {2518, -846}, {2, 127, 2, 255} }},
	{{ {-252, 419, -1182}, 0, {984, -816}, {54, 100, 56, 255} }},
	{{ {-228, 419, -902}, 0, {1088, -1566}, {1, 127, 1, 255} }},
	{{ {-485, 419, -787}, 0, {-52, -1786}, {0, 127, 2, 255} }},
	{{ {-725, 419, -961}, 0, {-1042, -1408}, {1, 103, 74, 255} }},
	{{ {-833, 419, -746}, 0, {-1504, -1982}, {0, 127, 2, 255} }},
	{{ {-1114, 419, -900}, 0, {-2710, -1570}, {254, 127, 2, 255} }},
	{{ {-1245, 419, -1182}, 0, {-3268, -816}, {221, 90, 83, 255} }},
	{{ {-221, 414, -628}, 0, {1182, -2260}, {4, 127, 8, 255} }},
	{{ {245, 408, -875}, 0, {3110, -1638}, {7, 127, 9, 255} }},
	{{ {302, 419, -1407}, 0, {3460, -216}, {2, 127, 2, 255} }},
	{{ {687, 408, -1276}, 0, {5002, -566}, {17, 126, 6, 255} }},
	{{ {408, 419, -1611}, 0, {3864, 328}, {4, 127, 2, 255} }},
	{{ {488, 419, -1829}, 0, {4152, 910}, {6, 127, 1, 255} }},
	{{ {-786, 678, -1860}, 0, {1152, 230}, {203, 85, 78, 255} }},
	{{ {-1195, 678, -2016}, 0, {-1594, 736}, {200, 102, 51, 255} }},
	{{ {-576, 678, -1646}, 0, {2558, -462}, {219, 99, 70, 255} }},
	{{ {-1142, 678, -1614}, 0, {-1450, -372}, {0, 127, 0, 255} }},
	{{ {-1319, 678, -1766}, 0, {-2472, -50}, {248, 127, 252, 255} }},
	{{ {-1381, 659, -1960}, 0, {-2698, 572}, {242, 126, 2, 255} }},
	{{ {-1428, 678, -2223}, 0, {-2700, 1220}, {251, 127, 6, 255} }},
	{{ {-1311, 678, -2373}, 0, {-2374, 1890}, {174, 96, 8, 255} }},
	{{ {-1285, 678, -2599}, 0, {-2200, 2622}, {0, 127, 0, 255} }},
	{{ {-1547, 678, -2309}, 0, {-3808, 1704}, {1, 127, 3, 255} }},
	{{ {-1547, 637, -1907}, 0, {-3964, 386}, {7, 127, 2, 255} }},
	{{ {-1474, 678, -1543}, 0, {-3326, -816}, {249, 127, 251, 255} }},
	{{ {-1187, 678, -1314}, 0, {-1306, -1472}, {0, 127, 0, 255} }},
	{{ {-887, 678, -1507}, 0, {1086, -848}, {0, 127, 0, 255} }},
	{{ {-742, 678, -1113}, 0, {1612, -2082}, {0, 127, 0, 255} }},
	{{ {-643, 678, -1450}, 0, {2256, -982}, {0, 127, 0, 255} }},
	{{ {-477, 678, -1438}, 0, {3314, -962}, {0, 127, 0, 255} }},
	{{ {-742, 678, -1113}, 0, {1612, -2082}, {0, 127, 0, 255} }},
	{{ {-356, 678, -1264}, 0, {4236, -1574}, {0, 127, 0, 255} }},
	{{ {-477, 678, -1438}, 0, {3314, -962}, {0, 127, 0, 255} }},
	{{ {-187, 678, -1573}, 0, {5174, -698}, {0, 127, 0, 255} }},
	{{ {-576, 678, -1646}, 0, {2558, -462}, {219, 99, 70, 255} }},
	{{ {-643, 678, -1450}, 0, {2256, -982}, {0, 127, 0, 255} }},
	{{ {-887, 678, -1507}, 0, {1086, -848}, {0, 127, 0, 255} }},
	{{ {-1142, 678, -1614}, 0, {-1450, -372}, {0, 127, 0, 255} }},
	{{ {-629, 983, -1936}, 0, {-2938, -1198}, {0, 127, 0, 255} }},
	{{ {-521, 983, -1802}, 0, {-1962, -1828}, {0, 127, 0, 255} }},
	{{ {-411, 983, -2016}, 0, {-1226, -808}, {53, 105, 48, 255} }},
	{{ {-303, 983, -1910}, 0, {-374, -1324}, {0, 127, 0, 255} }},
	{{ {-105, 983, -1717}, 0, {1180, -2268}, {0, 127, 0, 255} }},
	{{ {-160, 983, -2083}, 0, {898, -224}, {0, 127, 0, 255} }},
	{{ {110, 983, -1935}, 0, {2870, -1202}, {0, 127, 0, 255} }},
	{{ {-118, 983, -2353}, 0, {750, 850}, {0, 127, 0, 255} }},
	{{ {249, 983, -2300}, 0, {3962, 574}, {0, 127, 0, 255} }},
	{{ {8, 983, -2638}, 0, {2068, 2216}, {0, 127, 0, 255} }},
	{{ {-193, 983, -2570}, 0, {-230, 1806}, {0, 127, 0, 255} }},
	{{ {-199, 983, -2713}, 0, {444, 2584}, {0, 127, 0, 255} }},
	{{ {-411, 983, -2753}, 0, {-1226, 2780}, {46, 109, 209, 255} }},
	{{ {-318, 983, -2385}, 0, {-494, 986}, {82, 97, 0, 255} }},
	{{ {-3659, 477, -3301}, 0, {-1372, 688}, {0, 127, 0, 255} }},
	{{ {-3770, 477, -2959}, 0, {-1844, -52}, {0, 127, 0, 255} }},
	{{ {-3230, 477, -3102}, 0, {454, 258}, {0, 127, 0, 255} }},
	{{ {-3528, 477, -2625}, 0, {-814, -772}, {0, 127, 0, 255} }},
	{{ {-3108, 477, -2556}, 0, {974, -922}, {0, 127, 0, 255} }},
	{{ {-2832, 477, -2776}, 0, {2146, -448}, {0, 127, 0, 255} }},
	{{ {-2662, 477, -3132}, 0, {2706, 306}, {0, 127, 0, 255} }},
	{{ {-2962, 477, -3547}, 0, {1596, 1218}, {0, 127, 0, 255} }},
	{{ {-3363, 477, -3647}, 0, {406, 1498}, {0, 127, 0, 255} }},
	{{ {-512, 1296, -2653}, 0, {2908, 1544}, {0, 127, 0, 255} }},
	{{ {-803, 1296, -2722}, 0, {548, 1840}, {0, 127, 0, 255} }},
	{{ {-801, 1296, -2358}, 0, {564, 292}, {0, 127, 0, 255} }},
	{{ {-1117, 1296, -2653}, 0, {-2000, 1544}, {0, 127, 0, 255} }},
	{{ {-1187, 1296, -2373}, 0, {-2566, 354}, {0, 127, 0, 255} }},
	{{ {-1093, 1296, -2117}, 0, {-1812, -734}, {0, 127, 0, 255} }},
	{{ {-791, 1296, -1977}, 0, {642, -1328}, {0, 127, 0, 255} }},
	{{ {-512, 1296, -2117}, 0, {2908, -734}, {0, 127, 0, 255} }},
	{{ {-419, 1296, -2385}, 0, {3662, 404}, {0, 127, 0, 255} }},
};

Gfx rr_dl_r0_node_mesh_layer_1_tri_0[] = {
	gsSPVertex(rr_dl_r0_node_mesh_layer_1_vtx_0 + 0, 32, 0),
	gsSP2Triangles(0, 1, 2, 0, 3, 2, 1, 0),
	gsSP2Triangles(1, 4, 3, 0, 5, 3, 4, 0),
	gsSP2Triangles(3, 5, 6, 0, 7, 6, 5, 0),
	gsSP2Triangles(6, 7, 8, 0, 9, 8, 7, 0),
	gsSP2Triangles(8, 9, 10, 0, 10, 11, 8, 0),
	gsSP2Triangles(12, 8, 11, 0, 11, 13, 12, 0),
	gsSP2Triangles(14, 12, 13, 0, 12, 14, 15, 0),
	gsSP2Triangles(16, 15, 14, 0, 15, 16, 17, 0),
	gsSP2Triangles(17, 18, 15, 0, 19, 15, 18, 0),
	gsSP2Triangles(18, 20, 19, 0, 21, 19, 20, 0),
	gsSP2Triangles(20, 22, 21, 0, 23, 21, 22, 0),
	gsSP2Triangles(22, 24, 23, 0, 25, 23, 24, 0),
	gsSP2Triangles(23, 26, 21, 0, 19, 21, 26, 0),
	gsSP2Triangles(26, 27, 19, 0, 27, 26, 28, 0),
	gsSP2Triangles(29, 28, 26, 0, 28, 29, 30, 0),
	gsSP1Triangle(29, 31, 30, 0),
	gsSPVertex(rr_dl_r0_node_mesh_layer_1_vtx_0 + 32, 32, 0),
	gsSP2Triangles(0, 1, 2, 0, 2, 3, 0, 0),
	gsSP2Triangles(3, 2, 4, 0, 5, 4, 2, 0),
	gsSP2Triangles(5, 6, 4, 0, 6, 5, 7, 0),
	gsSP2Triangles(8, 7, 5, 0, 9, 4, 6, 0),
	gsSP2Triangles(4, 9, 3, 0, 10, 3, 9, 0),
	gsSP2Triangles(3, 10, 0, 0, 1, 0, 10, 0),
	gsSP2Triangles(10, 11, 1, 0, 10, 12, 11, 0),
	gsSP2Triangles(13, 11, 12, 0, 12, 14, 13, 0),
	gsSP2Triangles(15, 16, 17, 0, 18, 17, 16, 0),
	gsSP2Triangles(18, 16, 19, 0, 20, 19, 16, 0),
	gsSP2Triangles(16, 21, 20, 0, 21, 16, 22, 0),
	gsSP2Triangles(22, 23, 21, 0, 24, 21, 23, 0),
	gsSP2Triangles(21, 24, 25, 0, 25, 20, 21, 0),
	gsSP2Triangles(20, 25, 19, 0, 26, 19, 25, 0),
	gsSP2Triangles(19, 26, 18, 0, 27, 18, 26, 0),
	gsSP2Triangles(27, 28, 18, 0, 28, 27, 29, 0),
	gsSP2Triangles(28, 29, 30, 0, 31, 30, 29, 0),
	gsSPVertex(rr_dl_r0_node_mesh_layer_1_vtx_0 + 64, 31, 0),
	gsSP2Triangles(0, 1, 2, 0, 3, 2, 1, 0),
	gsSP2Triangles(3, 4, 2, 0, 5, 2, 4, 0),
	gsSP2Triangles(5, 4, 6, 0, 4, 7, 6, 0),
	gsSP2Triangles(8, 9, 10, 0, 11, 10, 9, 0),
	gsSP2Triangles(11, 9, 12, 0, 12, 13, 11, 0),
	gsSP2Triangles(13, 12, 14, 0, 15, 13, 14, 0),
	gsSP2Triangles(14, 16, 15, 0, 17, 15, 16, 0),
	gsSP2Triangles(17, 18, 15, 0, 18, 17, 19, 0),
	gsSP2Triangles(19, 20, 18, 0, 21, 18, 20, 0),
	gsSP2Triangles(21, 15, 18, 0, 15, 21, 13, 0),
	gsSP2Triangles(10, 13, 21, 0, 10, 11, 13, 0),
	gsSP2Triangles(22, 23, 24, 0, 25, 24, 23, 0),
	gsSP2Triangles(24, 25, 26, 0, 26, 27, 24, 0),
	gsSP2Triangles(28, 24, 27, 0, 28, 29, 24, 0),
	gsSP2Triangles(30, 24, 29, 0, 24, 30, 22, 0),
	gsSPVertex(rr_dl_r0_node_mesh_layer_1_vtx_0 + 95, 9, 0),
	gsSP2Triangles(0, 1, 2, 0, 3, 2, 1, 0),
	gsSP2Triangles(2, 3, 4, 0, 4, 5, 2, 0),
	gsSP2Triangles(6, 2, 5, 0, 6, 7, 2, 0),
	gsSP2Triangles(8, 2, 7, 0, 2, 8, 0, 0),
	gsSPEndDisplayList(),
};

Vtx rr_dl_r0_node_mesh_layer_1_vtx_1[63] = {
	{{ {2655, 0, -4228}, 0, {448, 1794}, {255, 118, 208, 255} }},
	{{ {2840, 105, -4102}, 0, {1086, 1264}, {60, 75, 173, 255} }},
	{{ {2871, 0, -4162}, 0, {1212, 1544}, {29, 117, 215, 255} }},
	{{ {2650, 105, -4149}, 0, {440, 1442}, {250, 80, 158, 255} }},
	{{ {2411, 0, -4143}, 0, {-406, 1448}, {228, 120, 226, 255} }},
	{{ {2492, 105, -4092}, 0, {-96, 1224}, {198, 82, 178, 255} }},
	{{ {2303, 0, -3929}, 0, {-770, 588}, {211, 118, 251, 255} }},
	{{ {2371, 105, -3930}, 0, {-506, 598}, {156, 75, 233, 255} }},
	{{ {2376, 0, -3692}, 0, {-490, -326}, {217, 116, 33, 255} }},
	{{ {2411, 105, -3726}, 0, {-372, -188}, {176, 72, 68, 255} }},
	{{ {2633, 0, -3583}, 0, {380, -770}, {254, 117, 49, 255} }},
	{{ {2661, 105, -3657}, 0, {478, -452}, {2, 77, 101, 255} }},
	{{ {2917, 0, -3664}, 0, {1362, -474}, {31, 117, 39, 255} }},
	{{ {2887, 105, -3711}, 0, {1244, -242}, {68, 75, 77, 255} }},
	{{ {3042, 0, -3923}, 0, {1794, 592}, {41, 120, 252, 255} }},
	{{ {2966, 105, -3922}, 0, {1514, 566}, {96, 82, 243, 255} }},
	{{ {2857, 204, -3922}, 0, {1144, 570}, {57, 113, 247, 255} }},
	{{ {2809, 204, -4026}, 0, {980, 968}, {46, 108, 207, 255} }},
	{{ {2662, 204, -4060}, 0, {480, 1100}, {253, 112, 197, 255} }},
	{{ {2529, 204, -4007}, 0, {28, 896}, {217, 112, 211, 255} }},
	{{ {2461, 204, -3907}, 0, {-202, 514}, {196, 111, 245, 255} }},
	{{ {2507, 204, -3783}, 0, {-46, 34}, {221, 113, 47, 255} }},
	{{ {2665, 204, -3744}, 0, {490, -116}, {1, 113, 59, 255} }},
	{{ {2822, 204, -3789}, 0, {1026, 58}, {45, 112, 41, 255} }},
	{{ {-2525, 0, 2318}, 0, {1426, 560}, {26, 123, 241, 255} }},
	{{ {-2657, 0, 2016}, 0, {1234, 1160}, {19, 125, 245, 255} }},
	{{ {-2699, 86, 2378}, 0, {1016, 438}, {48, 115, 232, 255} }},
	{{ {-2854, 0, 1712}, 0, {1042, 1760}, {18, 124, 238, 255} }},
	{{ {-2939, 65, 1794}, 0, {784, 1580}, {53, 104, 206, 255} }},
	{{ {-3307, 58, 1589}, 0, {144, 1960}, {14, 110, 194, 255} }},
	{{ {-3204, 0, 1456}, 0, {188, 2256}, {8, 126, 239, 255} }},
	{{ {-3483, 0, 1409}, 0, {-298, 2044}, {254, 126, 240, 255} }},
	{{ {-3307, 58, 1589}, 0, {144, 1960}, {14, 110, 194, 255} }},
	{{ {-3483, 0, 1409}, 0, {-298, 2044}, {254, 126, 240, 255} }},
	{{ {-3668, 58, 1648}, 0, {-586, 1596}, {220, 112, 207, 255} }},
	{{ {-3778, 0, 1523}, 0, {-784, 1832}, {245, 126, 243, 255} }},
	{{ {-4016, 0, 1867}, 0, {-1226, 1072}, {241, 126, 251, 255} }},
	{{ {-3851, 58, 2003}, 0, {-902, 1032}, {195, 111, 247, 255} }},
	{{ {-4034, 0, 2224}, 0, {-1300, 554}, {240, 126, 2, 255} }},
	{{ {-3768, 58, 2516}, 0, {-758, 218}, {189, 102, 34, 255} }},
	{{ {-3887, 0, 2563}, 0, {-1376, 38}, {236, 125, 13, 255} }},
	{{ {-3559, 0, 2901}, 0, {-880, -662}, {233, 123, 21, 255} }},
	{{ {-3213, 58, 3117}, 0, {84, -608}, {230, 117, 42, 255} }},
	{{ {-3292, 0, 3275}, 0, {-384, -1360}, {244, 126, 14, 255} }},
	{{ {-2904, 0, 3494}, 0, {366, -1382}, {253, 126, 11, 255} }},
	{{ {-2571, 58, 3266}, 0, {932, -950}, {12, 122, 32, 255} }},
	{{ {-2477, 0, 3504}, 0, {1114, -1404}, {4, 127, 10, 255} }},
	{{ {-2227, 0, 3248}, 0, {1454, -954}, {11, 126, 7, 255} }},
	{{ {-2300, 58, 2929}, 0, {1404, -414}, {49, 117, 254, 255} }},
	{{ {-2170, 0, 2969}, 0, {1792, -504}, {22, 125, 255, 255} }},
	{{ {-2294, 0, 2636}, 0, {1608, 28}, {20, 125, 245, 255} }},
	{{ {-2699, 86, 2378}, 0, {1016, 438}, {48, 115, 232, 255} }},
	{{ {-2525, 0, 2318}, 0, {1426, 560}, {26, 123, 241, 255} }},
	{{ {-2523, 174, 2866}, 0, {1016, -314}, {41, 120, 253, 255} }},
	{{ {-2925, 174, 2466}, 0, {708, 296}, {27, 124, 2, 255} }},
	{{ {-3109, 291, 1960}, 0, {486, 1372}, {43, 116, 227, 255} }},
	{{ {-2939, 65, 1794}, 0, {784, 1580}, {53, 104, 206, 255} }},
	{{ {-3312, 291, 1825}, 0, {136, 1586}, {20, 114, 203, 255} }},
	{{ {-3539, 291, 1818}, 0, {-360, 1326}, {222, 111, 204, 255} }},
	{{ {-3638, 291, 2032}, 0, {-532, 986}, {198, 113, 247, 255} }},
	{{ {-3606, 291, 2498}, 0, {-476, 246}, {203, 110, 35, 255} }},
	{{ {-3154, 174, 2879}, 0, {310, -358}, {252, 123, 33, 255} }},
	{{ {-2717, 174, 3026}, 0, {678, -570}, {3, 122, 34, 255} }},
};

Gfx rr_dl_r0_node_mesh_layer_1_tri_1[] = {
	gsSPVertex(rr_dl_r0_node_mesh_layer_1_vtx_1 + 0, 32, 0),
	gsSP2Triangles(0, 1, 2, 0, 1, 0, 3, 0),
	gsSP2Triangles(4, 3, 0, 0, 3, 4, 5, 0),
	gsSP2Triangles(6, 5, 4, 0, 5, 6, 7, 0),
	gsSP2Triangles(8, 7, 6, 0, 7, 8, 9, 0),
	gsSP2Triangles(10, 9, 8, 0, 9, 10, 11, 0),
	gsSP2Triangles(12, 11, 10, 0, 11, 12, 13, 0),
	gsSP2Triangles(14, 13, 12, 0, 13, 14, 15, 0),
	gsSP2Triangles(2, 15, 14, 0, 15, 2, 1, 0),
	gsSP2Triangles(15, 1, 16, 0, 17, 16, 1, 0),
	gsSP2Triangles(1, 3, 17, 0, 18, 17, 3, 0),
	gsSP2Triangles(3, 5, 18, 0, 19, 18, 5, 0),
	gsSP2Triangles(19, 5, 20, 0, 7, 20, 5, 0),
	gsSP2Triangles(7, 9, 20, 0, 21, 20, 9, 0),
	gsSP2Triangles(9, 11, 21, 0, 22, 21, 11, 0),
	gsSP2Triangles(11, 13, 22, 0, 23, 22, 13, 0),
	gsSP2Triangles(23, 13, 16, 0, 15, 16, 13, 0),
	gsSP2Triangles(16, 17, 23, 0, 18, 23, 17, 0),
	gsSP2Triangles(23, 18, 22, 0, 19, 22, 18, 0),
	gsSP2Triangles(22, 19, 21, 0, 20, 21, 19, 0),
	gsSP2Triangles(24, 25, 26, 0, 27, 26, 25, 0),
	gsSP2Triangles(26, 27, 28, 0, 29, 28, 27, 0),
	gsSP2Triangles(27, 30, 29, 0, 31, 29, 30, 0),
	gsSPVertex(rr_dl_r0_node_mesh_layer_1_vtx_1 + 32, 31, 0),
	gsSP2Triangles(0, 1, 2, 0, 3, 2, 1, 0),
	gsSP2Triangles(2, 3, 4, 0, 4, 5, 2, 0),
	gsSP2Triangles(4, 6, 5, 0, 7, 5, 6, 0),
	gsSP2Triangles(6, 8, 7, 0, 9, 7, 8, 0),
	gsSP2Triangles(7, 9, 10, 0, 11, 10, 9, 0),
	gsSP2Triangles(10, 11, 12, 0, 13, 10, 12, 0),
	gsSP2Triangles(12, 14, 13, 0, 15, 13, 14, 0),
	gsSP2Triangles(13, 15, 16, 0, 15, 17, 16, 0),
	gsSP2Triangles(18, 16, 17, 0, 16, 18, 19, 0),
	gsSP2Triangles(20, 19, 18, 0, 19, 21, 16, 0),
	gsSP2Triangles(19, 22, 21, 0, 22, 19, 23, 0),
	gsSP2Triangles(24, 23, 19, 0, 24, 0, 23, 0),
	gsSP2Triangles(25, 23, 0, 0, 25, 0, 26, 0),
	gsSP2Triangles(2, 26, 0, 0, 26, 2, 5, 0),
	gsSP2Triangles(5, 27, 26, 0, 5, 7, 27, 0),
	gsSP2Triangles(28, 27, 7, 0, 7, 10, 28, 0),
	gsSP2Triangles(29, 28, 10, 0, 10, 30, 29, 0),
	gsSP2Triangles(10, 13, 30, 0, 21, 30, 13, 0),
	gsSP2Triangles(13, 16, 21, 0, 30, 21, 22, 0),
	gsSP2Triangles(22, 29, 30, 0, 29, 22, 28, 0),
	gsSP2Triangles(23, 28, 22, 0, 23, 25, 28, 0),
	gsSP2Triangles(27, 28, 25, 0, 25, 26, 27, 0),
	gsSPEndDisplayList(),
};

Vtx rr_dl_r0_node_mesh_layer_1_vtx_2[470] = {
	{{ {-7794, -317, -7881}, 0, {-19041, 4784}, {250, 127, 250, 255} }},
	{{ {-10690, -317, -2928}, 0, {-20628, -804}, {249, 127, 255, 255} }},
	{{ {-5054, 0, -2523}, 0, {-10060, 928}, {251, 127, 0, 255} }},
	{{ {-10722, -317, 2809}, 0, {-16410, -6039}, {250, 127, 1, 255} }},
	{{ {-4562, 0, 2200}, 0, {-5648, -3192}, {252, 127, 0, 255} }},
	{{ {-10690, -317, -2928}, 0, {-20628, -801}, {249, 127, 255, 255} }},
	{{ {7881, -317, -7794}, 0, {9572, 10543}, {5, 127, 251, 255} }},
	{{ {3302, 0, -4385}, 0, {3772, 5736}, {3, 127, 253, 255} }},
	{{ {10722, -317, -2809}, 0, {18460, 7065}, {7, 127, 254, 255} }},
	{{ {10690, -317, 2928}, 0, {22677, 1826}, {7, 127, 2, 255} }},
	{{ {5360, 0, 930}, 0, {11478, 1662}, {4, 127, 1, 255} }},
	{{ {7794, -317, 7881}, 0, {21090, -3761}, {4, 127, 5, 255} }},
	{{ {2809, -317, 10722}, 0, {14127, -8205}, {2, 127, 7, 255} }},
	{{ {1094, 0, 5713}, 0, {7272, -4284}, {1, 127, 4, 255} }},
	{{ {-2928, -317, 10690}, 0, {3655, -10314}, {254, 127, 7, 255} }},
	{{ {2809, -317, 10722}, 0, {14126, -8206}, {2, 127, 7, 255} }},
	{{ {7794, -317, 7881}, 0, {21089, -3762}, {4, 127, 5, 255} }},
	{{ {2665, 0, 3668}, 0, {8610, -1836}, {2, 127, 2, 255} }},
	{{ {7881, -317, -7794}, 0, {9570, 10543}, {5, 127, 251, 255} }},
	{{ {2928, -317, -10690}, 0, {-1609, 11338}, {2, 127, 249, 255} }},
	{{ {1044, 0, -5169}, 0, {-924, 5608}, {253, 127, 250, 255} }},
	{{ {2928, -317, -10690}, 0, {-1606, 11337}, {2, 127, 249, 255} }},
	{{ {-2809, -317, -10722}, 0, {-12077, 9227}, {254, 127, 248, 255} }},
	{{ {-2592, 0, -6088}, 0, {-8232, 5092}, {255, 127, 251, 255} }},
	{{ {-2809, -317, -10722}, 0, {-12079, 9229}, {254, 127, 248, 255} }},
	{{ {-7794, -317, -7881}, 0, {-19043, 4784}, {250, 127, 250, 255} }},
	{{ {-4576, 0, -4634}, 0, {-10762, 3028}, {252, 127, 253, 255} }},
	{{ {-7881, -317, 7794}, 0, {-7522, -9519}, {251, 127, 5, 255} }},
	{{ {-3801, 0, 3986}, 0, {-2930, -4534}, {254, 127, 4, 255} }},
	{{ {-10722, -317, 2809}, 0, {-16411, -6041}, {250, 127, 1, 255} }},
	{{ {10690, -317, 2928}, 0, {22676, 1824}, {7, 127, 2, 255} }},
	{{ {10722, -317, -2809}, 0, {18458, 7062}, {7, 127, 254, 255} }},
	{{ {5219, 0, -511}, 0, {10150, 2922}, {4, 127, 255, 255} }},
	{{ {-7881, -317, 7794}, 0, {-7523, -9518}, {251, 127, 5, 255} }},
	{{ {-2928, -317, 10690}, 0, {3655, -10313}, {254, 127, 7, 255} }},
	{{ {-922, 0, 5049}, 0, {3106, -4430}, {254, 127, 3, 255} }},
	{{ {-4554, 0, -1297}, 0, {-8236, -2}, {251, 127, 4, 255} }},
	{{ {-5054, 0, -2523}, 0, {-10060, 928}, {251, 127, 0, 255} }},
	{{ {-10690, -317, -2928}, 0, {-20630, -803}, {249, 127, 255, 255} }},
	{{ {-3649, 0, -2432}, 0, {-7434, 1368}, {215, 103, 62, 255} }},
	{{ {-3194, 0, -1952}, 0, {-6248, 1100}, {0, 127, 0, 255} }},
	{{ {-3801, 0, -580}, 0, {-6332, -376}, {254, 127, 0, 255} }},
	{{ {-10690, -317, -2928}, 0, {-20625, -796}, {249, 127, 255, 255} }},
	{{ {-3054, 0, -2323}, 0, {-6270, 1490}, {20, 105, 69, 255} }},
	{{ {-2757, 0, -2373}, 0, {-5764, 1646}, {0, 127, 0, 255} }},
	{{ {-2680, 0, -2663}, 0, {-5840, 1938}, {61, 92, 63, 255} }},
	{{ {-2320, 0, -2793}, 0, {-5282, 2192}, {0, 127, 0, 255} }},
	{{ {-2392, 0, -2964}, 0, {-5540, 2320}, {65, 102, 41, 255} }},
	{{ {-1526, 0, -3459}, 0, {-4332, 3094}, {0, 127, 0, 255} }},
	{{ {-1947, 0, -3759}, 0, {-5322, 3210}, {60, 106, 37, 255} }},
	{{ {-1564, 0, -4308}, 0, {-5034, 3852}, {62, 103, 42, 255} }},
	{{ {-878, 0, -4117}, 0, {-3642, 3934}, {0, 127, 0, 255} }},
	{{ {-18, 0, -3878}, 0, {-1898, 4036}, {0, 127, 255, 255} }},
	{{ {-728, 0, -4386}, 0, {-3568, 4236}, {0, 127, 0, 255} }},
	{{ {-811, 0, -5455}, 0, {-4516, 5178}, {3, 127, 254, 255} }},
	{{ {2928, -317, -10690}, 0, {-1607, 11337}, {2, 127, 249, 255} }},
	{{ {-1288, 0, -4788}, 0, {-4888, 4392}, {12, 126, 253, 255} }},
	{{ {-1560, 0, -5167}, 0, {-5666, 4636}, {9, 126, 246, 255} }},
	{{ {-1517, 0, -6066}, 0, {-6258, 5472}, {1, 127, 252, 255} }},
	{{ {2928, -317, -10690}, 0, {-1606, 11336}, {2, 127, 249, 255} }},
	{{ {-1972, 0, -5449}, 0, {-6626, 4740}, {3, 126, 244, 255} }},
	{{ {-2592, 0, -6088}, 0, {-8232, 5092}, {255, 127, 251, 255} }},
	{{ {-2592, 0, -6088}, 0, {-8232, 5092}, {255, 127, 251, 255} }},
	{{ {-1517, 0, -6066}, 0, {-6258, 5472}, {1, 127, 252, 255} }},
	{{ {2928, -317, -10690}, 0, {-1606, 11337}, {2, 127, 249, 255} }},
	{{ {-2433, 0, -5212}, 0, {-7290, 4352}, {226, 114, 209, 255} }},
	{{ {-1972, 0, -5449}, 0, {-6626, 4740}, {3, 126, 244, 255} }},
	{{ {-3657, 0, -5534}, 0, {-9760, 4190}, {252, 127, 251, 255} }},
	{{ {-2809, -317, -10722}, 0, {-12076, 9228}, {254, 127, 248, 255} }},
	{{ {-3050, 0, -4635}, 0, {-7984, 3596}, {207, 110, 216, 255} }},
	{{ {-4576, 0, -4634}, 0, {-10762, 3028}, {252, 127, 253, 255} }},
	{{ {-2809, -317, -10722}, 0, {-12080, 9229}, {254, 127, 248, 255} }},
	{{ {-3634, 0, -3767}, 0, {-8402, 2590}, {190, 97, 207, 255} }},
	{{ {-4955, 0, -3709}, 0, {-10764, 2044}, {250, 127, 255, 255} }},
	{{ {-7794, -317, -7881}, 0, {-19034, 4789}, {250, 127, 250, 255} }},
	{{ {-3859, 0, -3384}, 0, {-8526, 2156}, {177, 95, 225, 255} }},
	{{ {-5054, 0, -2523}, 0, {-10060, 928}, {251, 127, 0, 255} }},
	{{ {-7794, -317, -7881}, 0, {-19042, 4782}, {250, 127, 250, 255} }},
	{{ {-3966, 0, -2913}, 0, {-8370, 1688}, {183, 103, 13, 255} }},
	{{ {-3649, 0, -2432}, 0, {-7434, 1368}, {215, 103, 62, 255} }},
	{{ {-3801, 0, 3986}, 0, {-2930, -4534}, {254, 127, 4, 255} }},
	{{ {-4345, 0, 3145}, 0, {-4548, -3970}, {252, 127, 2, 255} }},
	{{ {-10722, -317, 2809}, 0, {-16412, -6038}, {250, 127, 1, 255} }},
	{{ {-3559, 0, 2901}, 0, {-3298, -3456}, {233, 123, 21, 255} }},
	{{ {-3292, 0, 3275}, 0, {-2532, -3696}, {244, 126, 14, 255} }},
	{{ {-2993, 0, 4115}, 0, {-1364, -4350}, {255, 127, 3, 255} }},
	{{ {-7881, -317, 7794}, 0, {-7522, -9523}, {251, 127, 5, 255} }},
	{{ {-2904, 0, 3494}, 0, {-1662, -3752}, {253, 126, 11, 255} }},
	{{ {-2477, 0, 3504}, 0, {-876, -3602}, {4, 127, 10, 255} }},
	{{ {-1789, 0, 3688}, 0, {512, -3512}, {0, 127, 0, 255} }},
	{{ {-922, 0, 5049}, 0, {3106, -4430}, {254, 127, 3, 255} }},
	{{ {-7881, -317, 7794}, 0, {-7524, -9518}, {251, 127, 5, 255} }},
	{{ {-962, 0, 4018}, 0, {2266, -3504}, {0, 127, 0, 255} }},
	{{ {-314, 0, 3079}, 0, {2746, -2410}, {0, 127, 0, 255} }},
	{{ {-962, 0, 4018}, 0, {2266, -3504}, {0, 127, 0, 255} }},
	{{ {-165, 0, 3936}, 0, {3656, -3134}, {236, 125, 252, 255} }},
	{{ {-314, 0, 3079}, 0, {2746, -2410}, {0, 127, 0, 255} }},
	{{ {-154, 0, 4355}, 0, {3988, -3512}, {241, 126, 5, 255} }},
	{{ {-922, 0, 5049}, 0, {3106, -4430}, {254, 127, 3, 255} }},
	{{ {91, 0, 4747}, 0, {4726, -3778}, {248, 126, 9, 255} }},
	{{ {-7, 0, 5829}, 0, {5352, -4798}, {255, 127, 5, 255} }},
	{{ {-2928, -317, 10690}, 0, {3664, -10321}, {254, 127, 7, 255} }},
	{{ {483, 0, 4971}, 0, {5606, -3834}, {252, 126, 13, 255} }},
	{{ {1094, 0, 5713}, 0, {7272, -4284}, {1, 127, 4, 255} }},
	{{ {-2928, -317, 10690}, 0, {3653, -10311}, {254, 127, 7, 255} }},
	{{ {919, 0, 4985}, 0, {6410, -3686}, {2, 126, 13, 255} }},
	{{ {1418, 0, 4813}, 0, {7192, -3342}, {9, 126, 14, 255} }},
	{{ {2001, 0, 5308}, 0, {8622, -3576}, {3, 127, 4, 255} }},
	{{ {2809, -317, 10722}, 0, {14123, -8213}, {2, 127, 7, 255} }},
	{{ {1806, 0, 4423}, 0, {7608, -2844}, {12, 126, 9, 255} }},
	{{ {2491, 0, 4705}, 0, {9066, -2844}, {15, 126, 3, 255} }},
	{{ {2809, -317, 10722}, 0, {14124, -8206}, {2, 127, 7, 255} }},
	{{ {2024, 0, 4010}, 0, {7696, -2386}, {17, 126, 4, 255} }},
	{{ {2665, 0, 3668}, 0, {8610, -1836}, {2, 127, 2, 255} }},
	{{ {2809, -317, 10722}, 0, {14133, -8201}, {2, 127, 7, 255} }},
	{{ {2007, 0, 3606}, 0, {7364, -2024}, {14, 126, 252, 255} }},
	{{ {2251, 0, 2786}, 0, {7198, -1186}, {0, 127, 0, 255} }},
	{{ {2707, 0, 2170}, 0, {7570, -456}, {0, 127, 0, 255} }},
	{{ {3781, 0, 2430}, 0, {9720, -294}, {1, 127, 2, 255} }},
	{{ {7794, -317, 7881}, 0, {21089, -3758}, {4, 127, 5, 255} }},
	{{ {3377, 0, 1729}, 0, {8464, 196}, {252, 126, 12, 255} }},
	{{ {2963, 0, 1426}, 0, {7484, 318}, {244, 126, 7, 255} }},
	{{ {2362, 0, 1365}, 0, {6344, 148}, {0, 127, 0, 255} }},
	{{ {2518, 0, 758}, 0, {6174, 760}, {0, 127, 0, 255} }},
	{{ {2924, 0, 1033}, 0, {7118, 660}, {244, 126, 252, 255} }},
	{{ {3227, 0, 716}, 0, {7434, 1062}, {241, 126, 244, 255} }},
	{{ {2762, 0, 160}, 0, {6174, 1394}, {0, 127, 0, 255} }},
	{{ {2518, 0, 758}, 0, {6174, 760}, {0, 127, 0, 255} }},
	{{ {3227, 0, 716}, 0, {7434, 1062}, {241, 126, 244, 255} }},
	{{ {3434, 0, 437}, 0, {7604, 1394}, {237, 125, 246, 255} }},
	{{ {3538, 0, 136}, 0, {7570, 1706}, {236, 125, 253, 255} }},
	{{ {3538, 0, -137}, 0, {7366, 1954}, {235, 125, 4, 255} }},
	{{ {3434, 0, -424}, 0, {6962, 2178}, {241, 126, 2, 255} }},
	{{ {2956, 0, -742}, 0, {5854, 2288}, {0, 127, 0, 255} }},
	{{ {3450, 0, -753}, 0, {6746, 2482}, {246, 126, 250, 255} }},
	{{ {3351, 0, -1401}, 0, {6084, 3036}, {0, 127, 0, 255} }},
	{{ {3755, 0, -945}, 0, {7158, 2770}, {254, 126, 243, 255} }},
	{{ {3785, 0, -1458}, 0, {6832, 3248}, {0, 127, 0, 255} }},
	{{ {4011, 0, -883}, 0, {7672, 2810}, {7, 126, 241, 255} }},
	{{ {4817, 0, -1247}, 0, {8868, 3442}, {3, 127, 254, 255} }},
	{{ {4349, 0, -661}, 0, {8452, 2734}, {12, 126, 245, 255} }},
	{{ {5219, 0, -511}, 0, {10150, 2922}, {4, 127, 255, 255} }},
	{{ {4558, 0, -258}, 0, {9134, 2444}, {16, 126, 251, 255} }},
	{{ {5468, 0, 65}, 0, {11032, 2490}, {5, 127, 254, 255} }},
	{{ {4646, 0, 215}, 0, {9646, 2046}, {17, 126, 254, 255} }},
	{{ {4668, 0, 639}, 0, {10002, 1668}, {17, 126, 1, 255} }},
	{{ {5360, 0, 930}, 0, {11478, 1662}, {4, 127, 1, 255} }},
	{{ {4553, 0, 1196}, 0, {10208, 1120}, {11, 126, 6, 255} }},
	{{ {5083, 0, 1651}, 0, {11512, 902}, {4, 127, 2, 255} }},
	{{ {4197, 0, 1630}, 0, {9884, 590}, {6, 127, 8, 255} }},
	{{ {4743, 0, 2190}, 0, {11294, 284}, {2, 127, 3, 255} }},
	{{ {3781, 0, 2430}, 0, {9720, -294}, {1, 127, 2, 255} }},
	{{ {3797, 0, 1760}, 0, {9252, 324}, {2, 126, 11, 255} }},
	{{ {3377, 0, 1729}, 0, {8464, 196}, {252, 126, 12, 255} }},
	{{ {7794, -317, 7881}, 0, {21090, -3766}, {4, 127, 5, 255} }},
	{{ {10690, -317, 2928}, 0, {22675, 1825}, {7, 127, 2, 255} }},
	{{ {10690, -317, 2928}, 0, {22669, 1825}, {7, 127, 2, 255} }},
	{{ {7794, -317, 7881}, 0, {21092, -3763}, {4, 127, 5, 255} }},
	{{ {7794, -317, 7881}, 0, {21089, -3761}, {4, 127, 5, 255} }},
	{{ {5083, 0, 1651}, 0, {11512, 902}, {4, 127, 2, 255} }},
	{{ {4743, 0, 2190}, 0, {11294, 284}, {2, 127, 3, 255} }},
	{{ {4817, 0, -1247}, 0, {8868, 3442}, {3, 127, 254, 255} }},
	{{ {5219, 0, -511}, 0, {10150, 2922}, {4, 127, 255, 255} }},
	{{ {10722, -317, -2809}, 0, {18465, 7068}, {7, 127, 254, 255} }},
	{{ {-4562, 0, 2200}, 0, {-5648, -3192}, {252, 127, 0, 255} }},
	{{ {-10722, -317, 2809}, 0, {-16410, -6044}, {250, 127, 1, 255} }},
	{{ {-4345, 0, 3145}, 0, {-4548, -3970}, {252, 127, 2, 255} }},
	{{ {-3887, 0, 2563}, 0, {-4148, -3270}, {236, 125, 13, 255} }},
	{{ {-3559, 0, 2901}, 0, {-3298, -3456}, {233, 123, 21, 255} }},
	{{ {-4034, 0, 2224}, 0, {-4668, -3016}, {240, 126, 2, 255} }},
	{{ {-4016, 0, 1867}, 0, {-4900, -2684}, {241, 126, 251, 255} }},
	{{ {-4310, 0, 1334}, 0, {-5832, -2308}, {253, 127, 255, 255} }},
	{{ {-3778, 0, 1523}, 0, {-4722, -2282}, {245, 126, 243, 255} }},
	{{ {-3785, 0, 952}, 0, {-5160, -1764}, {0, 127, 0, 255} }},
	{{ {-3483, 0, 1409}, 0, {-4270, -2068}, {254, 126, 240, 255} }},
	{{ {-3353, 0, 1139}, 0, {-4234, -1774}, {0, 127, 0, 255} }},
	{{ {-3204, 0, 1456}, 0, {-3726, -2008}, {8, 126, 239, 255} }},
	{{ {-2854, 0, 1712}, 0, {-2900, -2110}, {18, 124, 238, 255} }},
	{{ {-2392, 0, 1906}, 0, {-1914, -2114}, {0, 127, 0, 255} }},
	{{ {-2657, 0, 2016}, 0, {-2314, -2314}, {19, 125, 245, 255} }},
	{{ {-2525, 0, 2318}, 0, {-1848, -2540}, {26, 123, 241, 255} }},
	{{ {-1692, 0, 2330}, 0, {-322, -2240}, {0, 127, 0, 255} }},
	{{ {-2294, 0, 2636}, 0, {-1190, -2742}, {20, 125, 245, 255} }},
	{{ {-1603, 0, 3024}, 0, {358, -2840}, {0, 127, 0, 255} }},
	{{ {-2170, 0, 2969}, 0, {-718, -3000}, {22, 125, 255, 255} }},
	{{ {-2227, 0, 3248}, 0, {-612, -3276}, {11, 126, 7, 255} }},
	{{ {-1789, 0, 3688}, 0, {512, -3512}, {0, 127, 0, 255} }},
	{{ {-2477, 0, 3504}, 0, {-876, -3602}, {4, 127, 10, 255} }},
	{{ {-314, 0, 3079}, 0, {2746, -2410}, {0, 127, 0, 255} }},
	{{ {-784, 0, 2317}, 0, {1320, -1890}, {0, 127, 0, 255} }},
	{{ {-784, 0, 2317}, 0, {1320, -1890}, {0, 127, 0, 255} }},
	{{ {-314, 0, 3079}, 0, {2746, -2410}, {0, 127, 0, 255} }},
	{{ {712, 0, 1959}, 0, {3780, -1008}, {0, 127, 0, 255} }},
	{{ {797, 0, 2623}, 0, {4428, -1580}, {0, 127, 0, 255} }},
	{{ {466, 0, 3367}, 0, {4380, -2380}, {247, 125, 238, 255} }},
	{{ {80, 0, 3551}, 0, {3816, -2692}, {243, 125, 240, 255} }},
	{{ {-165, 0, 3936}, 0, {3656, -3134}, {236, 125, 252, 255} }},
	{{ {865, 0, 3155}, 0, {4950, -2040}, {249, 126, 240, 255} }},
	{{ {1298, 0, 3029}, 0, {5646, -1764}, {1, 126, 238, 255} }},
	{{ {1803, 0, 2583}, 0, {6232, -1170}, {0, 127, 0, 255} }},
	{{ {1787, 0, 3221}, 0, {6678, -1756}, {13, 125, 241, 255} }},
	{{ {2251, 0, 2786}, 0, {7198, -1186}, {0, 127, 0, 255} }},
	{{ {2007, 0, 3606}, 0, {7364, -2024}, {14, 126, 252, 255} }},
	{{ {2707, 0, 2170}, 0, {7570, -456}, {0, 127, 0, 255} }},
	{{ {2362, 0, 1365}, 0, {6344, 148}, {0, 127, 0, 255} }},
	{{ {1845, 0, 879}, 0, {5040, 400}, {0, 127, 0, 255} }},
	{{ {2518, 0, 758}, 0, {6174, 760}, {0, 127, 0, 255} }},
	{{ {2762, 0, 160}, 0, {6174, 1394}, {0, 127, 0, 255} }},
	{{ {2282, 0, -728}, 0, {4638, 2024}, {0, 127, 0, 255} }},
	{{ {2956, 0, -742}, 0, {5854, 2288}, {0, 127, 0, 255} }},
	{{ {3351, 0, -1401}, 0, {6084, 3036}, {0, 127, 0, 255} }},
	{{ {2319, 0, -2033}, 0, {3734, 3228}, {0, 127, 0, 255} }},
	{{ {3195, 0, -3201}, 0, {4460, 4618}, {0, 127, 0, 255} }},
	{{ {3785, 0, -1458}, 0, {6832, 3248}, {0, 127, 0, 255} }},
	{{ {4817, 0, -1247}, 0, {8868, 3442}, {3, 127, 254, 255} }},
	{{ {3478, 0, -3840}, 0, {4500, 5304}, {3, 127, 255, 255} }},
	{{ {10722, -317, -2809}, 0, {18457, 7065}, {7, 127, 254, 255} }},
	{{ {2917, 0, -3664}, 0, {3608, 4936}, {31, 117, 39, 255} }},
	{{ {3042, 0, -3923}, 0, {3642, 5218}, {41, 120, 252, 255} }},
	{{ {3302, 0, -4385}, 0, {3772, 5736}, {3, 127, 253, 255} }},
	{{ {10722, -317, -2809}, 0, {18464, 7063}, {7, 127, 254, 255} }},
	{{ {2871, 0, -4162}, 0, {3152, 5372}, {29, 117, 215, 255} }},
	{{ {3302, 0, -4385}, 0, {3772, 5736}, {3, 127, 253, 255} }},
	{{ {2915, 0, -4646}, 0, {2872, 5828}, {2, 127, 251, 255} }},
	{{ {2871, 0, -4162}, 0, {3152, 5372}, {29, 117, 215, 255} }},
	{{ {7881, -317, -7794}, 0, {9570, 10555}, {5, 127, 251, 255} }},
	{{ {2655, 0, -4228}, 0, {2712, 5352}, {255, 118, 208, 255} }},
	{{ {2425, 0, -4746}, 0, {1906, 5738}, {2, 127, 253, 255} }},
	{{ {7881, -317, -7794}, 0, {9570, 10535}, {5, 127, 251, 255} }},
	{{ {2411, 0, -4143}, 0, {2328, 5184}, {228, 120, 226, 255} }},
	{{ {2152, 0, -4136}, 0, {1862, 5080}, {14, 126, 254, 255} }},
	{{ {1864, 0, -4576}, 0, {1010, 5374}, {10, 126, 243, 255} }},
	{{ {1923, 0, -5121}, 0, {712, 5892}, {1, 127, 249, 255} }},
	{{ {7881, -317, -7794}, 0, {9567, 10543}, {5, 127, 251, 255} }},
	{{ {1464, 0, -4698}, 0, {190, 5336}, {255, 126, 241, 255} }},
	{{ {1044, 0, -5169}, 0, {-924, 5608}, {253, 127, 250, 255} }},
	{{ {7881, -317, -7794}, 0, {9570, 10546}, {5, 127, 251, 255} }},
	{{ {1050, 0, -4538}, 0, {-444, 5036}, {246, 126, 246, 255} }},
	{{ {495, 0, -4708}, 0, {-1582, 4984}, {241, 126, 246, 255} }},
	{{ {2928, -317, -10690}, 0, {-1600, 11335}, {2, 127, 249, 255} }},
	{{ {847, 0, -4132}, 0, {-510, 4590}, {241, 126, 254, 255} }},
	{{ {463, 0, -4019}, 0, {-1126, 4344}, {0, 127, 0, 255} }},
	{{ {-18, 0, -3878}, 0, {-1898, 4036}, {0, 127, 255, 255} }},
	{{ {2928, -317, -10690}, 0, {-1604, 11342}, {2, 127, 249, 255} }},
	{{ {749, 0, -3657}, 0, {-336, 4122}, {0, 127, 0, 255} }},
	{{ {979, 0, -3688}, 0, {60, 4236}, {243, 126, 11, 255} }},
	{{ {1492, 0, -3244}, 0, {1326, 4022}, {0, 127, 0, 255} }},
	{{ {1443, 0, -3482}, 0, {1058, 4220}, {255, 126, 16, 255} }},
	{{ {1936, 0, -3624}, 0, {1850, 4534}, {10, 126, 12, 255} }},
	{{ {2012, 0, -3424}, 0, {2140, 4380}, {0, 127, 0, 255} }},
	{{ {2120, 0, -3141}, 0, {2546, 4162}, {0, 127, 0, 255} }},
	{{ {1904, 0, -2842}, 0, {2376, 3810}, {0, 127, 0, 255} }},
	{{ {2319, 0, -2033}, 0, {3734, 3228}, {0, 127, 0, 255} }},
	{{ {2714, 0, -3069}, 0, {3682, 4318}, {0, 127, 0, 255} }},
	{{ {2319, 0, -2033}, 0, {3734, 3228}, {0, 127, 0, 255} }},
	{{ {3195, 0, -3201}, 0, {4460, 4618}, {0, 127, 0, 255} }},
	{{ {2714, 0, -3069}, 0, {3682, 4318}, {0, 127, 0, 255} }},
	{{ {2917, 0, -3664}, 0, {3608, 4936}, {31, 117, 39, 255} }},
	{{ {2633, 0, -3583}, 0, {3152, 4756}, {254, 117, 49, 255} }},
	{{ {2120, 0, -3141}, 0, {2546, 4162}, {0, 127, 0, 255} }},
	{{ {2376, 0, -3692}, 0, {2602, 4760}, {217, 116, 33, 255} }},
	{{ {2012, 0, -3424}, 0, {2140, 4380}, {0, 127, 0, 255} }},
	{{ {2303, 0, -3929}, 0, {2292, 4948}, {211, 118, 251, 255} }},
	{{ {1936, 0, -3624}, 0, {1850, 4534}, {10, 126, 12, 255} }},
	{{ {2152, 0, -4136}, 0, {1862, 5080}, {14, 126, 254, 255} }},
	{{ {2411, 0, -4143}, 0, {2328, 5184}, {228, 120, 226, 255} }},
	{{ {-4310, 0, 1334}, 0, {-5832, -2308}, {253, 127, 255, 255} }},
	{{ {-10690, -317, -2928}, 0, {-20626, -800}, {249, 127, 255, 255} }},
	{{ {-4562, 0, 2200}, 0, {-5648, -3192}, {252, 127, 0, 255} }},
	{{ {-10690, -317, -2928}, 0, {-20629, -801}, {249, 127, 255, 255} }},
	{{ {-3801, 0, -580}, 0, {-6332, -376}, {254, 127, 0, 255} }},
	{{ {-3785, 0, 952}, 0, {-5160, -1764}, {0, 127, 0, 255} }},
	{{ {-3353, 0, 1139}, 0, {-4234, -1774}, {0, 127, 0, 255} }},
	{{ {-1564, 0, -4308}, 0, {-5034, 3852}, {62, 103, 42, 255} }},
	{{ {-878, 0, -4117}, 0, {-3642, 3934}, {0, 127, 0, 255} }},
	{{ {-728, 0, -4386}, 0, {-3568, 4236}, {0, 127, 0, 255} }},
	{{ {-1288, 0, -4788}, 0, {-4888, 4392}, {12, 126, 253, 255} }},
	{{ {-803, 417, -2972}, 0, {1488, 1024}, {162, 249, 171, 255} }},
	{{ {-606, 300, -2425}, 0, {2048, 280}, {145, 219, 208, 255} }},
	{{ {-907, 520, -2935}, 0, {1190, 974}, {196, 208, 155, 255} }},
	{{ {-734, 425, -2435}, 0, {1782, 172}, {193, 155, 211, 255} }},
	{{ {-868, 433, -2369}, 0, {880, 36}, {227, 159, 180, 255} }},
	{{ {-1122, 302, -2218}, 0, {574, 0}, {50, 215, 147, 255} }},
	{{ {-1025, 422, -2326}, 0, {880, 36}, {17, 151, 187, 255} }},
	{{ {-1220, 521, -2826}, 0, {298, 826}, {240, 206, 140, 255} }},
	{{ {-1323, 419, -2790}, 0, {0, 776}, {4, 249, 129, 255} }},
	{{ {-1063, 549, -2880}, 0, {744, 900}, {220, 199, 148, 255} }},
	{{ {-1025, 422, -2326}, 0, {880, 36}, {17, 151, 187, 255} }},
	{{ {-1220, 521, -2826}, 0, {298, 826}, {240, 206, 140, 255} }},
	{{ {-868, 433, -2369}, 0, {880, 36}, {227, 159, 180, 255} }},
	{{ {-734, 425, -2435}, 0, {1782, 172}, {193, 155, 211, 255} }},
	{{ {-907, 520, -2935}, 0, {1190, 974}, {196, 208, 155, 255} }},
	{{ {-609, 0, -2425}, 0, {2048, 0}, {162, 74, 214, 255} }},
	{{ {-803, 417, -2972}, 0, {1522, 1020}, {162, 249, 171, 255} }},
	{{ {-854, 0, -3087}, 0, {1386, 86}, {220, 120, 234, 255} }},
	{{ {-606, 300, -2425}, 0, {2048, 802}, {145, 219, 208, 255} }},
	{{ {-1125, 0, -2219}, 0, {666, 0}, {43, 73, 161, 255} }},
	{{ {-1122, 302, -2218}, 0, {666, 804}, {50, 215, 147, 255} }},
	{{ {-1323, 419, -2790}, 0, {128, 1024}, {4, 249, 129, 255} }},
	{{ {-1371, 0, -2891}, 0, {0, 86}, {8, 121, 219, 255} }},
	{{ {-1323, 419, -2790}, 0, {-814, 1204}, {4, 249, 129, 255} }},
	{{ {-1371, 0, -2891}, 0, {-862, 1254}, {8, 121, 219, 255} }},
	{{ {-1786, 419, -2423}, 0, {-1278, 1006}, {165, 61, 192, 255} }},
	{{ {-1950, 0, -2525}, 0, {-1448, 1070}, {211, 112, 217, 255} }},
	{{ {-2308, 0, -1808}, 0, {-1788, 680}, {214, 120, 254, 255} }},
	{{ {-1899, 419, -1868}, 0, {-1392, 710}, {159, 82, 4, 255} }},
	{{ {-2191, 0, -1263}, 0, {-1678, 388}, {216, 120, 14, 255} }},
	{{ {-1694, 419, -1367}, 0, {-1186, 442}, {177, 86, 51, 255} }},
	{{ {-1916, 0, -645}, 0, {-1390, 52}, {222, 121, 20, 255} }},
	{{ {-1463, 399, -845}, 0, {-954, 162}, {215, 117, 29, 255} }},
	{{ {-1454, 0, -34}, 0, {-944, -270}, {236, 122, 27, 255} }},
	{{ {-1166, 387, -485}, 0, {-656, -32}, {228, 116, 43, 255} }},
	{{ {-548, 0, 356}, 0, {-38, -476}, {251, 123, 29, 255} }},
	{{ {-465, 210, -3}, 0, {46, -290}, {253, 114, 56, 255} }},
	{{ {470, 0, 354}, 0, {974, -476}, {7, 125, 21, 255} }},
	{{ {339, 166, -15}, 0, {850, -282}, {17, 118, 44, 255} }},
	{{ {1201, 0, -92}, 0, {1710, -238}, {14, 126, 14, 255} }},
	{{ {955, 122, -330}, 0, {1468, -114}, {31, 119, 30, 255} }},
	{{ {1181, 174, -890}, 0, {1696, 186}, {40, 119, 19, 255} }},
	{{ {955, 122, -330}, 0, {1468, -114}, {31, 119, 30, 255} }},
	{{ {1201, 0, -92}, 0, {1710, -238}, {14, 126, 14, 255} }},
	{{ {1605, 0, -739}, 0, {2120, 108}, {19, 125, 7, 255} }},
	{{ {1292, 184, -1472}, 0, {1806, 498}, {54, 115, 2, 255} }},
	{{ {1657, 0, -1485}, 0, {2168, 504}, {28, 124, 255, 255} }},
	{{ {1580, 0, -2195}, 0, {2082, 886}, {26, 124, 248, 255} }},
	{{ {870, 377, -2072}, 0, {1382, 818}, {48, 117, 246, 255} }},
	{{ {1181, 0, -2921}, 0, {1694, 1274}, {21, 124, 237, 255} }},
	{{ {683, 411, -2470}, 0, {1196, 1032}, {37, 119, 230, 255} }},
	{{ {435, 0, -3360}, 0, {946, 1500}, {13, 122, 223, 255} }},
	{{ {134, 430, -2866}, 0, {646, 1244}, {66, 77, 179, 255} }},
	{{ {-238, 430, -3081}, 0, {274, 1360}, {4, 59, 144, 255} }},
	{{ {-229, 0, -3312}, 0, {284, 1480}, {244, 111, 196, 255} }},
	{{ {-854, 0, -3087}, 0, {-344, 1354}, {220, 120, 234, 255} }},
	{{ {-803, 417, -2972}, 0, {-292, 1300}, {162, 249, 171, 255} }},
	{{ {970, 321, -1398}, 0, {1484, 458}, {50, 117, 9, 255} }},
	{{ {880, 291, -1035}, 0, {1394, 264}, {50, 114, 26, 255} }},
	{{ {621, 291, -628}, 0, {1134, 46}, {38, 115, 38, 255} }},
	{{ {227, 291, -333}, 0, {738, -112}, {22, 117, 44, 255} }},
	{{ {339, 166, -15}, 0, {850, -282}, {17, 118, 44, 255} }},
	{{ {-361, 332, -302}, 0, {150, -128}, {2, 117, 50, 255} }},
	{{ {-465, 210, -3}, 0, {46, -290}, {253, 114, 56, 255} }},
	{{ {-1166, 387, -485}, 0, {-656, -32}, {228, 116, 43, 255} }},
	{{ {1845, 0, 879}, 0, {5040, 400}, {0, 127, 0, 255} }},
	{{ {712, 0, 1959}, 0, {3780, -1008}, {0, 127, 0, 255} }},
	{{ {1803, 0, 2583}, 0, {6232, -1170}, {0, 127, 0, 255} }},
	{{ {797, 0, 2623}, 0, {4428, -1580}, {0, 127, 0, 255} }},
	{{ {4197, 0, 1630}, 0, {1534, -1168}, {6, 127, 8, 255} }},
	{{ {4553, 0, 1196}, 0, {1760, -526}, {11, 126, 6, 255} }},
	{{ {4000, 58, 1408}, 0, {1300, -754}, {16, 123, 26, 255} }},
	{{ {4327, 58, 1120}, 0, {1368, -398}, {27, 122, 20, 255} }},
	{{ {4327, 58, 1120}, 0, {1368, -398}, {27, 122, 20, 255} }},
	{{ {4553, 0, 1196}, 0, {1760, -526}, {11, 126, 6, 255} }},
	{{ {4476, 58, 700}, 0, {1566, 126}, {37, 121, 5, 255} }},
	{{ {4668, 0, 639}, 0, {1886, 136}, {17, 126, 1, 255} }},
	{{ {4448, 58, 224}, 0, {1894, 718}, {38, 121, 251, 255} }},
	{{ {4646, 0, 215}, 0, {2236, 722}, {17, 126, 254, 255} }},
	{{ {4558, 0, -258}, 0, {2118, 1342}, {16, 126, 251, 255} }},
	{{ {4373, 58, -186}, 0, {1798, 1228}, {36, 121, 245, 255} }},
	{{ {4210, 58, -548}, 0, {1588, 1678}, {29, 121, 229, 255} }},
	{{ {4349, 0, -661}, 0, {1864, 1798}, {12, 126, 245, 255} }},
	{{ {3872, 58, -740}, 0, {1146, 1916}, {5, 122, 223, 255} }},
	{{ {4011, 0, -883}, 0, {1408, 2154}, {7, 126, 241, 255} }},
	{{ {3755, 0, -945}, 0, {988, 2270}, {254, 126, 243, 255} }},
	{{ {3700, 58, -698}, 0, {922, 1864}, {237, 123, 230, 255} }},
	{{ {3450, 0, -753}, 0, {498, 1978}, {246, 126, 250, 255} }},
	{{ {3632, 58, -558}, 0, {832, 1692}, {221, 122, 253, 255} }},
	{{ {3434, 0, -424}, 0, {496, 1520}, {241, 126, 2, 255} }},
	{{ {3684, 58, -375}, 0, {898, 1464}, {217, 120, 9, 255} }},
	{{ {3720, 58, -137}, 0, {944, 1168}, {218, 121, 6, 255} }},
	{{ {3538, 0, -137}, 0, {614, 1162}, {235, 125, 4, 255} }},
	{{ {3538, 0, 136}, 0, {616, 838}, {236, 125, 253, 255} }},
	{{ {3732, 58, 151}, 0, {958, 810}, {220, 122, 252, 255} }},
	{{ {3626, 58, 443}, 0, {816, 446}, {225, 123, 243, 255} }},
	{{ {3434, 0, 437}, 0, {482, 450}, {237, 125, 246, 255} }},
	{{ {3445, 58, 754}, 0, {580, 60}, {231, 123, 237, 255} }},
	{{ {3227, 0, 716}, 0, {224, 136}, {241, 126, 244, 255} }},
	{{ {3117, 58, 1125}, 0, {146, -402}, {229, 124, 247, 255} }},
	{{ {2924, 0, 1033}, 0, {-208, -328}, {244, 126, 252, 255} }},
	{{ {3126, 58, 1341}, 0, {158, -670}, {230, 123, 15, 255} }},
	{{ {2963, 0, 1426}, 0, {-178, -872}, {244, 126, 7, 255} }},
	{{ {3377, 0, 1729}, 0, {504, -1244}, {252, 126, 12, 255} }},
	{{ {3491, 58, 1506}, 0, {634, -876}, {249, 123, 30, 255} }},
	{{ {3797, 0, 1760}, 0, {1020, -1206}, {2, 126, 11, 255} }},
	{{ {3491, 58, 1506}, 0, {634, -876}, {249, 123, 30, 255} }},
	{{ {3377, 0, 1729}, 0, {504, -1244}, {252, 126, 12, 255} }},
	{{ {4000, 58, 1408}, 0, {1300, -754}, {16, 123, 26, 255} }},
	{{ {4197, 0, 1630}, 0, {1534, -1168}, {6, 127, 8, 255} }},
	{{ {3743, 116, 1373}, 0, {966, -712}, {7, 121, 37, 255} }},
	{{ {3526, 116, 1260}, 0, {682, -570}, {246, 126, 12, 255} }},
	{{ {3926, 116, 1178}, 0, {1074, -562}, {11, 126, 12, 255} }},
	{{ {4327, 58, 1120}, 0, {1368, -398}, {27, 122, 20, 255} }},
	{{ {4171, 116, 1017}, 0, {1166, -268}, {18, 125, 15, 255} }},
	{{ {4476, 58, 700}, 0, {1566, 126}, {37, 121, 5, 255} }},
	{{ {4302, 116, 618}, 0, {1340, 228}, {22, 125, 2, 255} }},
	{{ {4448, 58, 224}, 0, {1894, 718}, {38, 121, 251, 255} }},
	{{ {4280, 116, 228}, 0, {1676, 712}, {22, 125, 253, 255} }},
	{{ {4188, 116, -176}, 0, {1556, 1216}, {20, 125, 249, 255} }},
	{{ {4373, 58, -186}, 0, {1798, 1228}, {36, 121, 245, 255} }},
	{{ {4210, 58, -548}, 0, {1588, 1678}, {29, 121, 229, 255} }},
	{{ {4044, 116, -475}, 0, {1370, 1588}, {15, 124, 236, 255} }},
	{{ {3872, 58, -740}, 0, {1146, 1916}, {5, 122, 223, 255} }},
	{{ {3790, 116, -483}, 0, {1038, 1598}, {232, 125, 250, 255} }},
	{{ {3700, 58, -698}, 0, {922, 1864}, {237, 123, 230, 255} }},
	{{ {3632, 58, -558}, 0, {832, 1692}, {221, 122, 253, 255} }},
	{{ {3684, 58, -375}, 0, {898, 1464}, {217, 120, 9, 255} }},
	{{ {3832, 116, -361}, 0, {1092, 1446}, {233, 125, 6, 255} }},
	{{ {3720, 58, -137}, 0, {944, 1168}, {218, 121, 6, 255} }},
	{{ {3905, 116, -118}, 0, {1186, 1144}, {238, 126, 3, 255} }},
	{{ {3732, 58, 151}, 0, {958, 810}, {220, 122, 252, 255} }},
	{{ {3922, 116, 193}, 0, {1206, 756}, {239, 126, 255, 255} }},
	{{ {3860, 116, 516}, 0, {1124, 354}, {242, 126, 252, 255} }},
	{{ {3626, 58, 443}, 0, {816, 446}, {225, 123, 243, 255} }},
	{{ {3778, 116, 765}, 0, {1014, 44}, {246, 126, 250, 255} }},
	{{ {3445, 58, 754}, 0, {580, 60}, {231, 123, 237, 255} }},
	{{ {3486, 116, 1121}, 0, {630, -396}, {243, 126, 251, 255} }},
	{{ {3778, 116, 765}, 0, {1014, 44}, {246, 126, 250, 255} }},
	{{ {3445, 58, 754}, 0, {580, 60}, {231, 123, 237, 255} }},
	{{ {3117, 58, 1125}, 0, {146, -402}, {229, 124, 247, 255} }},
	{{ {3526, 116, 1260}, 0, {682, -570}, {246, 126, 12, 255} }},
	{{ {3126, 58, 1341}, 0, {158, -670}, {230, 123, 15, 255} }},
	{{ {3491, 58, 1506}, 0, {634, -876}, {249, 123, 30, 255} }},
	{{ {3926, 116, 1178}, 0, {1074, -562}, {11, 126, 12, 255} }},
	{{ {4171, 116, 1017}, 0, {1166, -268}, {18, 125, 15, 255} }},
	{{ {4302, 116, 618}, 0, {1340, 228}, {22, 125, 2, 255} }},
	{{ {3860, 116, 516}, 0, {1124, 354}, {242, 126, 252, 255} }},
	{{ {3922, 116, 193}, 0, {1206, 756}, {239, 126, 255, 255} }},
	{{ {4280, 116, 228}, 0, {1676, 712}, {22, 125, 253, 255} }},
	{{ {3905, 116, -118}, 0, {1186, 1144}, {238, 126, 3, 255} }},
	{{ {4188, 116, -176}, 0, {1556, 1216}, {20, 125, 249, 255} }},
	{{ {4044, 116, -475}, 0, {1370, 1588}, {15, 124, 236, 255} }},
	{{ {3832, 116, -361}, 0, {1092, 1446}, {233, 125, 6, 255} }},
	{{ {3790, 116, -483}, 0, {1038, 1598}, {232, 125, 250, 255} }},
	{{ {-154, 0, 4355}, 0, {-568, -104}, {241, 126, 5, 255} }},
	{{ {91, 0, 4747}, 0, {50, -258}, {248, 126, 9, 255} }},
	{{ {24, 58, 4290}, 0, {-300, 68}, {225, 123, 13, 255} }},
	{{ {554, 58, 4764}, 0, {652, -186}, {247, 123, 31, 255} }},
	{{ {483, 0, 4971}, 0, {670, -412}, {252, 126, 13, 255} }},
	{{ {919, 0, 4985}, 0, {1282, -236}, {2, 126, 13, 255} }},
	{{ {1298, 58, 4672}, 0, {1604, 50}, {17, 122, 31, 255} }},
	{{ {1418, 0, 4813}, 0, {1896, -60}, {9, 126, 14, 255} }},
	{{ {1806, 0, 4423}, 0, {2116, 368}, {12, 126, 9, 255} }},
	{{ {1855, 58, 3987}, 0, {2002, 706}, {43, 119, 10, 255} }},
	{{ {2024, 0, 4010}, 0, {2336, 796}, {17, 126, 4, 255} }},
	{{ {2007, 0, 3606}, 0, {2006, 1052}, {14, 126, 252, 255} }},
	{{ {1699, 58, 3324}, 0, {1514, 1166}, {33, 118, 222, 255} }},
	{{ {1787, 0, 3221}, 0, {1678, 1308}, {13, 125, 241, 255} }},
	{{ {1298, 0, 3029}, 0, {742, 1348}, {1, 126, 238, 255} }},
	{{ {1699, 58, 3324}, 0, {1514, 1166}, {33, 118, 222, 255} }},
	{{ {1787, 0, 3221}, 0, {1678, 1308}, {13, 125, 241, 255} }},
	{{ {1267, 58, 3185}, 0, {770, 1196}, {254, 119, 212, 255} }},
	{{ {865, 0, 3155}, 0, {364, 1176}, {249, 126, 240, 255} }},
	{{ {708, 58, 3447}, 0, {186, 874}, {242, 123, 228, 255} }},
	{{ {466, 0, 3367}, 0, {-14, 1006}, {247, 125, 238, 255} }},
	{{ {80, 0, 3551}, 0, {-708, 706}, {243, 125, 240, 255} }},
	{{ {232, 58, 3609}, 0, {-370, 644}, {234, 117, 213, 255} }},
	{{ {-18, 58, 3886}, 0, {-562, 372}, {213, 118, 240, 255} }},
	{{ {-165, 0, 3936}, 0, {-824, 280}, {236, 125, 252, 255} }},
	{{ {-154, 0, 4355}, 0, {-568, -104}, {241, 126, 5, 255} }},
	{{ {24, 58, 4290}, 0, {-300, 68}, {225, 123, 13, 255} }},
	{{ {229, 116, 4202}, 0, {-72, 180}, {238, 125, 9, 255} }},
	{{ {554, 58, 4764}, 0, {652, -186}, {247, 123, 31, 255} }},
	{{ {623, 116, 4584}, 0, {654, -30}, {249, 125, 23, 255} }},
	{{ {1298, 58, 4672}, 0, {1604, 50}, {17, 122, 31, 255} }},
	{{ {1136, 116, 4491}, 0, {1294, 156}, {5, 126, 18, 255} }},
	{{ {1632, 174, 3933}, 0, {1674, 700}, {29, 124, 7, 255} }},
	{{ {1855, 58, 3987}, 0, {2002, 706}, {43, 119, 10, 255} }},
	{{ {1551, 145, 3468}, 0, {1328, 1044}, {20, 123, 232, 255} }},
	{{ {1234, 116, 3345}, 0, {840, 1070}, {246, 123, 227, 255} }},
	{{ {820, 116, 3855}, 0, {544, 582}, {254, 127, 250, 255} }},
	{{ {216, 116, 3820}, 0, {-282, 476}, {236, 124, 239, 255} }},
};

Gfx rr_dl_r0_node_mesh_layer_1_tri_2[] = {
	gsSPVertex(rr_dl_r0_node_mesh_layer_1_vtx_2 + 0, 30, 0),
	gsSP2Triangles(0, 1, 2, 0, 3, 4, 5, 0),
	gsSP2Triangles(6, 7, 8, 0, 9, 10, 11, 0),
	gsSP2Triangles(12, 13, 14, 0, 15, 16, 17, 0),
	gsSP2Triangles(18, 19, 20, 0, 21, 22, 23, 0),
	gsSP2Triangles(24, 25, 26, 0, 27, 28, 29, 0),
	gsSPVertex(rr_dl_r0_node_mesh_layer_1_vtx_2 + 30, 32, 0),
	gsSP2Triangles(0, 1, 2, 0, 3, 4, 5, 0),
	gsSP2Triangles(6, 7, 8, 0, 7, 6, 9, 0),
	gsSP2Triangles(10, 9, 6, 0, 10, 6, 11, 0),
	gsSP2Triangles(12, 11, 6, 0, 9, 10, 13, 0),
	gsSP2Triangles(14, 13, 10, 0, 13, 14, 15, 0),
	gsSP2Triangles(16, 15, 14, 0, 15, 16, 17, 0),
	gsSP2Triangles(18, 17, 16, 0, 18, 19, 17, 0),
	gsSP2Triangles(19, 18, 20, 0, 21, 20, 18, 0),
	gsSP2Triangles(22, 21, 18, 0, 22, 23, 21, 0),
	gsSP2Triangles(23, 22, 24, 0, 25, 24, 22, 0),
	gsSP2Triangles(24, 26, 23, 0, 26, 24, 27, 0),
	gsSP2Triangles(24, 28, 27, 0, 24, 29, 28, 0),
	gsSP2Triangles(30, 27, 28, 0, 28, 31, 30, 0),
	gsSPVertex(rr_dl_r0_node_mesh_layer_1_vtx_2 + 62, 32, 0),
	gsSP2Triangles(0, 1, 2, 0, 3, 4, 0, 0),
	gsSP2Triangles(0, 5, 3, 0, 5, 0, 6, 0),
	gsSP2Triangles(7, 3, 5, 0, 7, 5, 8, 0),
	gsSP2Triangles(9, 8, 5, 0, 8, 10, 7, 0),
	gsSP2Triangles(8, 11, 10, 0, 11, 8, 12, 0),
	gsSP2Triangles(13, 10, 11, 0, 14, 13, 11, 0),
	gsSP2Triangles(15, 14, 11, 0, 13, 14, 16, 0),
	gsSP2Triangles(17, 16, 14, 0, 18, 19, 20, 0),
	gsSP2Triangles(19, 18, 21, 0, 22, 21, 18, 0),
	gsSP2Triangles(23, 22, 18, 0, 18, 24, 23, 0),
	gsSP2Triangles(23, 25, 22, 0, 25, 23, 26, 0),
	gsSP2Triangles(27, 26, 23, 0, 23, 28, 27, 0),
	gsSP2Triangles(28, 23, 29, 0, 30, 27, 28, 0),
	gsSP1Triangle(31, 27, 30, 0),
	gsSPVertex(rr_dl_r0_node_mesh_layer_1_vtx_2 + 94, 32, 0),
	gsSP2Triangles(0, 1, 2, 0, 1, 0, 3, 0),
	gsSP2Triangles(4, 3, 0, 0, 3, 4, 5, 0),
	gsSP2Triangles(6, 5, 4, 0, 6, 4, 7, 0),
	gsSP2Triangles(5, 6, 8, 0, 9, 8, 6, 0),
	gsSP2Triangles(6, 10, 9, 0, 8, 9, 11, 0),
	gsSP2Triangles(12, 11, 9, 0, 9, 13, 12, 0),
	gsSP2Triangles(9, 14, 13, 0, 15, 12, 13, 0),
	gsSP2Triangles(13, 16, 15, 0, 16, 13, 17, 0),
	gsSP2Triangles(18, 15, 16, 0, 18, 16, 19, 0),
	gsSP2Triangles(20, 19, 16, 0, 19, 21, 18, 0),
	gsSP2Triangles(21, 19, 22, 0, 23, 22, 19, 0),
	gsSP2Triangles(19, 24, 23, 0, 24, 19, 25, 0),
	gsSP2Triangles(26, 23, 24, 0, 26, 27, 23, 0),
	gsSP2Triangles(28, 23, 27, 0, 27, 29, 28, 0),
	gsSP2Triangles(27, 30, 29, 0, 30, 31, 29, 0),
	gsSPVertex(rr_dl_r0_node_mesh_layer_1_vtx_2 + 126, 32, 0),
	gsSP2Triangles(0, 1, 2, 0, 2, 3, 0, 0),
	gsSP2Triangles(4, 0, 3, 0, 0, 4, 5, 0),
	gsSP2Triangles(0, 5, 6, 0, 0, 6, 7, 0),
	gsSP2Triangles(8, 7, 6, 0, 7, 8, 9, 0),
	gsSP2Triangles(10, 9, 8, 0, 9, 10, 11, 0),
	gsSP2Triangles(12, 11, 10, 0, 11, 12, 13, 0),
	gsSP2Triangles(14, 13, 12, 0, 13, 14, 15, 0),
	gsSP2Triangles(16, 15, 14, 0, 15, 16, 17, 0),
	gsSP2Triangles(18, 17, 16, 0, 17, 18, 19, 0),
	gsSP2Triangles(17, 19, 20, 0, 21, 20, 19, 0),
	gsSP2Triangles(20, 21, 22, 0, 23, 22, 21, 0),
	gsSP2Triangles(23, 24, 22, 0, 24, 23, 25, 0),
	gsSP2Triangles(26, 25, 23, 0, 25, 26, 27, 0),
	gsSP2Triangles(28, 24, 25, 0, 15, 17, 29, 0),
	gsSP2Triangles(20, 30, 17, 0, 22, 31, 20, 0),
	gsSPVertex(rr_dl_r0_node_mesh_layer_1_vtx_2 + 158, 32, 0),
	gsSP2Triangles(0, 1, 2, 0, 3, 4, 5, 0),
	gsSP2Triangles(6, 7, 8, 0, 6, 8, 9, 0),
	gsSP2Triangles(10, 9, 8, 0, 9, 11, 6, 0),
	gsSP2Triangles(12, 6, 11, 0, 6, 12, 13, 0),
	gsSP2Triangles(14, 13, 12, 0, 13, 14, 15, 0),
	gsSP2Triangles(16, 15, 14, 0, 16, 17, 15, 0),
	gsSP2Triangles(17, 16, 18, 0, 18, 19, 17, 0),
	gsSP2Triangles(20, 17, 19, 0, 19, 21, 20, 0),
	gsSP2Triangles(22, 20, 21, 0, 20, 22, 23, 0),
	gsSP2Triangles(24, 23, 22, 0, 23, 24, 25, 0),
	gsSP2Triangles(24, 26, 25, 0, 27, 25, 26, 0),
	gsSP2Triangles(25, 27, 28, 0, 29, 28, 27, 0),
	gsSP2Triangles(30, 25, 28, 0, 25, 30, 23, 0),
	gsSP1Triangle(31, 23, 30, 0),
	gsSPVertex(rr_dl_r0_node_mesh_layer_1_vtx_2 + 190, 32, 0),
	gsSP2Triangles(0, 1, 2, 0, 3, 2, 1, 0),
	gsSP2Triangles(3, 1, 4, 0, 5, 4, 1, 0),
	gsSP2Triangles(5, 1, 6, 0, 4, 7, 3, 0),
	gsSP2Triangles(8, 3, 7, 0, 3, 8, 9, 0),
	gsSP2Triangles(10, 9, 8, 0, 9, 10, 11, 0),
	gsSP2Triangles(12, 11, 10, 0, 11, 13, 9, 0),
	gsSP2Triangles(14, 9, 13, 0, 9, 14, 15, 0),
	gsSP2Triangles(16, 15, 14, 0, 16, 17, 15, 0),
	gsSP2Triangles(18, 15, 17, 0, 17, 19, 18, 0),
	gsSP2Triangles(20, 18, 19, 0, 18, 20, 21, 0),
	gsSP2Triangles(22, 21, 20, 0, 20, 23, 22, 0),
	gsSP2Triangles(24, 22, 23, 0, 22, 24, 25, 0),
	gsSP2Triangles(26, 25, 24, 0, 22, 25, 27, 0),
	gsSP2Triangles(28, 27, 25, 0, 25, 29, 28, 0),
	gsSP2Triangles(25, 30, 29, 0, 31, 28, 29, 0),
	gsSPVertex(rr_dl_r0_node_mesh_layer_1_vtx_2 + 222, 32, 0),
	gsSP2Triangles(0, 1, 2, 0, 0, 3, 1, 0),
	gsSP2Triangles(4, 2, 1, 0, 1, 5, 4, 0),
	gsSP2Triangles(5, 1, 6, 0, 7, 4, 5, 0),
	gsSP2Triangles(7, 5, 8, 0, 9, 8, 5, 0),
	gsSP2Triangles(5, 10, 9, 0, 5, 11, 10, 0),
	gsSP2Triangles(12, 9, 10, 0, 10, 13, 12, 0),
	gsSP2Triangles(13, 10, 14, 0, 15, 12, 13, 0),
	gsSP2Triangles(13, 16, 15, 0, 16, 13, 17, 0),
	gsSP2Triangles(18, 15, 16, 0, 16, 19, 18, 0),
	gsSP2Triangles(19, 16, 20, 0, 21, 20, 16, 0),
	gsSP2Triangles(22, 19, 20, 0, 22, 18, 19, 0),
	gsSP2Triangles(18, 22, 23, 0, 24, 23, 22, 0),
	gsSP2Triangles(23, 24, 25, 0, 26, 25, 24, 0),
	gsSP2Triangles(24, 27, 26, 0, 27, 24, 28, 0),
	gsSP2Triangles(29, 28, 24, 0, 28, 29, 30, 0),
	gsSP1Triangle(31, 28, 30, 0),
	gsSPVertex(rr_dl_r0_node_mesh_layer_1_vtx_2 + 254, 32, 0),
	gsSP2Triangles(0, 1, 2, 0, 3, 2, 1, 0),
	gsSP2Triangles(2, 3, 4, 0, 2, 4, 5, 0),
	gsSP2Triangles(6, 5, 4, 0, 5, 6, 7, 0),
	gsSP2Triangles(8, 7, 6, 0, 8, 9, 7, 0),
	gsSP2Triangles(9, 8, 10, 0, 11, 10, 8, 0),
	gsSP2Triangles(12, 13, 14, 0, 15, 12, 16, 0),
	gsSP2Triangles(17, 16, 12, 0, 16, 17, 18, 0),
	gsSP2Triangles(19, 20, 21, 0, 19, 21, 22, 0),
	gsSP2Triangles(23, 24, 25, 0, 26, 25, 24, 0),
	gsSP2Triangles(26, 24, 27, 0, 28, 27, 24, 0),
	gsSP2Triangles(28, 29, 27, 0, 29, 28, 30, 0),
	gsSP1Triangle(31, 30, 28, 0),
	gsSPVertex(rr_dl_r0_node_mesh_layer_1_vtx_2 + 286, 32, 0),
	gsSP2Triangles(0, 1, 2, 0, 0, 3, 1, 0),
	gsSP2Triangles(3, 0, 4, 0, 5, 4, 0, 0),
	gsSP2Triangles(6, 7, 8, 0, 7, 6, 9, 0),
	gsSP2Triangles(10, 9, 6, 0, 10, 11, 9, 0),
	gsSP2Triangles(11, 10, 12, 0, 13, 12, 10, 0),
	gsSP2Triangles(14, 15, 16, 0, 17, 16, 15, 0),
	gsSP2Triangles(16, 17, 18, 0, 16, 18, 19, 0),
	gsSP2Triangles(20, 19, 18, 0, 19, 20, 21, 0),
	gsSP2Triangles(22, 21, 20, 0, 21, 22, 23, 0),
	gsSP2Triangles(24, 23, 22, 0, 23, 24, 25, 0),
	gsSP2Triangles(26, 25, 24, 0, 25, 26, 27, 0),
	gsSP2Triangles(28, 27, 26, 0, 27, 28, 29, 0),
	gsSP2Triangles(30, 29, 28, 0, 29, 30, 31, 0),
	gsSPVertex(rr_dl_r0_node_mesh_layer_1_vtx_2 + 318, 32, 0),
	gsSP2Triangles(0, 1, 2, 0, 2, 3, 0, 0),
	gsSP2Triangles(4, 0, 3, 0, 3, 5, 4, 0),
	gsSP2Triangles(6, 4, 5, 0, 4, 6, 7, 0),
	gsSP2Triangles(8, 7, 6, 0, 7, 8, 9, 0),
	gsSP2Triangles(10, 9, 8, 0, 10, 11, 9, 0),
	gsSP2Triangles(11, 10, 12, 0, 13, 12, 10, 0),
	gsSP2Triangles(13, 14, 12, 0, 15, 12, 14, 0),
	gsSP2Triangles(7, 16, 4, 0, 0, 4, 16, 0),
	gsSP2Triangles(16, 17, 0, 0, 1, 0, 17, 0),
	gsSP2Triangles(17, 18, 1, 0, 19, 1, 18, 0),
	gsSP2Triangles(1, 19, 20, 0, 21, 20, 19, 0),
	gsSP2Triangles(20, 21, 22, 0, 23, 22, 21, 0),
	gsSP2Triangles(24, 25, 26, 0, 27, 26, 25, 0),
	gsSP2Triangles(28, 29, 30, 0, 31, 30, 29, 0),
	gsSPVertex(rr_dl_r0_node_mesh_layer_1_vtx_2 + 350, 32, 0),
	gsSP2Triangles(0, 1, 2, 0, 3, 2, 1, 0),
	gsSP2Triangles(2, 3, 4, 0, 5, 4, 3, 0),
	gsSP2Triangles(5, 6, 4, 0, 7, 4, 6, 0),
	gsSP2Triangles(6, 8, 7, 0, 8, 6, 9, 0),
	gsSP2Triangles(9, 10, 8, 0, 9, 11, 10, 0),
	gsSP2Triangles(12, 10, 11, 0, 10, 12, 13, 0),
	gsSP2Triangles(14, 13, 12, 0, 13, 14, 15, 0),
	gsSP2Triangles(16, 15, 14, 0, 15, 16, 17, 0),
	gsSP2Triangles(18, 17, 16, 0, 16, 19, 18, 0),
	gsSP2Triangles(20, 18, 19, 0, 18, 20, 21, 0),
	gsSP2Triangles(22, 21, 20, 0, 20, 23, 22, 0),
	gsSP2Triangles(24, 22, 23, 0, 23, 25, 24, 0),
	gsSP2Triangles(26, 24, 25, 0, 25, 27, 26, 0),
	gsSP2Triangles(28, 26, 27, 0, 27, 29, 28, 0),
	gsSP2Triangles(30, 28, 29, 0, 28, 30, 31, 0),
	gsSPVertex(rr_dl_r0_node_mesh_layer_1_vtx_2 + 382, 32, 0),
	gsSP2Triangles(0, 1, 2, 0, 0, 3, 1, 0),
	gsSP2Triangles(3, 0, 4, 0, 5, 1, 3, 0),
	gsSP2Triangles(1, 5, 6, 0, 7, 6, 5, 0),
	gsSP2Triangles(5, 3, 7, 0, 3, 8, 7, 0),
	gsSP2Triangles(9, 7, 8, 0, 10, 9, 8, 0),
	gsSP2Triangles(9, 10, 11, 0, 12, 11, 10, 0),
	gsSP2Triangles(12, 13, 11, 0, 13, 12, 14, 0),
	gsSP2Triangles(15, 14, 12, 0, 14, 15, 16, 0),
	gsSP2Triangles(16, 17, 14, 0, 17, 16, 18, 0),
	gsSP2Triangles(19, 17, 18, 0, 18, 20, 19, 0),
	gsSP2Triangles(21, 19, 20, 0, 19, 21, 22, 0),
	gsSP2Triangles(19, 22, 23, 0, 24, 23, 22, 0),
	gsSP2Triangles(23, 24, 25, 0, 26, 25, 24, 0),
	gsSP2Triangles(25, 26, 27, 0, 28, 27, 26, 0),
	gsSP2Triangles(26, 29, 28, 0, 30, 28, 29, 0),
	gsSP1Triangle(29, 31, 30, 0),
	gsSPVertex(rr_dl_r0_node_mesh_layer_1_vtx_2 + 414, 32, 0),
	gsSP2Triangles(0, 1, 2, 0, 2, 3, 0, 0),
	gsSP2Triangles(4, 0, 3, 0, 3, 5, 4, 0),
	gsSP2Triangles(6, 4, 5, 0, 4, 7, 0, 0),
	gsSP2Triangles(1, 0, 7, 0, 7, 8, 1, 0),
	gsSP2Triangles(9, 1, 8, 0, 1, 9, 10, 0),
	gsSP2Triangles(11, 10, 9, 0, 11, 9, 12, 0),
	gsSP2Triangles(11, 12, 13, 0, 14, 13, 12, 0),
	gsSP2Triangles(13, 14, 15, 0, 13, 15, 16, 0),
	gsSP2Triangles(17, 16, 15, 0, 18, 19, 20, 0),
	gsSP2Triangles(21, 20, 19, 0, 19, 22, 21, 0),
	gsSP2Triangles(23, 21, 22, 0, 21, 23, 24, 0),
	gsSP2Triangles(25, 24, 23, 0, 24, 25, 26, 0),
	gsSP2Triangles(24, 26, 27, 0, 26, 28, 27, 0),
	gsSP2Triangles(29, 27, 28, 0, 29, 30, 27, 0),
	gsSP1Triangle(29, 31, 30, 0),
	gsSPVertex(rr_dl_r0_node_mesh_layer_1_vtx_2 + 446, 24, 0),
	gsSP2Triangles(0, 1, 2, 0, 0, 3, 1, 0),
	gsSP2Triangles(3, 0, 4, 0, 3, 4, 5, 0),
	gsSP2Triangles(6, 5, 4, 0, 5, 6, 7, 0),
	gsSP2Triangles(5, 7, 8, 0, 9, 8, 7, 0),
	gsSP2Triangles(7, 10, 9, 0, 11, 9, 10, 0),
	gsSP2Triangles(11, 12, 9, 0, 13, 9, 12, 0),
	gsSP2Triangles(12, 14, 13, 0, 15, 13, 14, 0),
	gsSP2Triangles(14, 16, 15, 0, 17, 15, 16, 0),
	gsSP2Triangles(17, 16, 18, 0, 19, 18, 16, 0),
	gsSP2Triangles(18, 19, 1, 0, 1, 20, 18, 0),
	gsSP2Triangles(20, 1, 3, 0, 20, 3, 21, 0),
	gsSP2Triangles(5, 21, 3, 0, 21, 5, 22, 0),
	gsSP2Triangles(23, 22, 5, 0, 8, 23, 5, 0),
	gsSP2Triangles(8, 9, 23, 0, 9, 13, 23, 0),
	gsSP2Triangles(22, 23, 13, 0, 13, 15, 22, 0),
	gsSP2Triangles(17, 22, 15, 0, 22, 17, 21, 0),
	gsSP2Triangles(18, 21, 17, 0, 21, 18, 20, 0),
	gsSPEndDisplayList(),
};

Vtx rr_dl_r0_node_mesh_layer_1_vtx_3[180] = {
	{{ {-70, 419, -1551}, 0, {-6141, 1879}, {76, 86, 55, 255} }},
	{{ {-70, 678, -1551}, 0, {-5841, 827}, {75, 29, 99, 255} }},
	{{ {-252, 419, -1182}, 0, {-4563, 1901}, {54, 100, 56, 255} }},
	{{ {-252, 678, -1182}, 0, {-4563, 827}, {68, 81, 70, 255} }},
	{{ {-725, 419, -961}, 0, {-3169, 1901}, {1, 103, 74, 255} }},
	{{ {-725, 678, -961}, 0, {-3169, 827}, {2, 79, 99, 255} }},
	{{ {-742, 678, -1113}, 0, {-3169, 39}, {0, 127, 0, 255} }},
	{{ {-356, 678, -1264}, 0, {-4563, 39}, {0, 127, 0, 255} }},
	{{ {-70, 678, -1551}, 0, {-5759, 827}, {75, 29, 99, 255} }},
	{{ {-187, 678, -1573}, 0, {-5759, 39}, {0, 127, 0, 255} }},
	{{ {-1187, 678, -1314}, 0, {-1775, 39}, {0, 127, 0, 255} }},
	{{ {-1245, 678, -1182}, 0, {-1775, 827}, {219, 90, 82, 255} }},
	{{ {-1474, 678, -1543}, 0, {17, 39}, {249, 127, 251, 255} }},
	{{ {-1586, 678, -1415}, 0, {17, 827}, {196, 101, 48, 255} }},
	{{ {-1547, 637, -1907}, 0, {1611, 39}, {7, 127, 2, 255} }},
	{{ {-1726, 678, -1849}, 0, {1611, 827}, {199, 113, 5, 255} }},
	{{ {-1547, 678, -2309}, 0, {3205, 39}, {1, 127, 3, 255} }},
	{{ {-1656, 678, -2354}, 0, {3205, 827}, {191, 103, 220, 255} }},
	{{ {-1266, 678, -2765}, 0, {4599, 827}, {177, 37, 164, 255} }},
	{{ {-1285, 678, -2599}, 0, {4599, 39}, {0, 127, 0, 255} }},
	{{ {-1786, 419, -2423}, 0, {3205, 1593}, {165, 61, 192, 255} }},
	{{ {-1323, 419, -2790}, 0, {4599, 1593}, {4, 249, 129, 255} }},
	{{ {-1266, 678, -2765}, 0, {4613, 885}, {177, 37, 164, 255} }},
	{{ {-1899, 419, -1868}, 0, {1611, 1593}, {159, 82, 4, 255} }},
	{{ {-1694, 419, -1367}, 0, {17, 1779}, {177, 86, 51, 255} }},
	{{ {-1245, 419, -1182}, 0, {-1775, 1901}, {221, 90, 83, 255} }},
	{{ {-3363, 477, -3647}, 0, {2137, -79}, {0, 127, 0, 255} }},
	{{ {-3423, 477, -3896}, 0, {2609, 677}, {198, 99, 201, 255} }},
	{{ {-3659, 477, -3301}, 0, {795, 387}, {0, 127, 0, 255} }},
	{{ {-3852, 477, -3391}, 0, {1019, 697}, {171, 86, 217, 255} }},
	{{ {-3634, 0, -3767}, 0, {2787, 1769}, {190, 97, 207, 255} }},
	{{ {-2940, 166, -4641}, 0, {4389, 1533}, {190, 80, 183, 255} }},
	{{ {-3050, 0, -4635}, 0, {4325, 1327}, {207, 110, 216, 255} }},
	{{ {-3634, 0, -3767}, 0, {2787, 1769}, {190, 97, 207, 255} }},
	{{ {-2940, 166, -4641}, 0, {4389, 1533}, {190, 80, 183, 255} }},
	{{ {-3859, 0, -3384}, 0, {1019, 1691}, {177, 95, 225, 255} }},
	{{ {-3852, 477, -3391}, 0, {1019, 697}, {171, 86, 217, 255} }},
	{{ {-3960, 477, -2908}, 0, {-57, 769}, {159, 80, 19, 255} }},
	{{ {-3966, 0, -2913}, 0, {-57, 1617}, {183, 103, 13, 255} }},
	{{ {-3643, 477, -2440}, 0, {-1515, 787}, {202, 81, 82, 255} }},
	{{ {-3649, 0, -2432}, 0, {-1515, 1599}, {215, 103, 62, 255} }},
	{{ {-3054, 0, -2323}, 0, {-2959, 1619}, {20, 105, 69, 255} }},
	{{ {-3057, 477, -2329}, 0, {-2821, 811}, {27, 79, 96, 255} }},
	{{ {-2693, 477, -2661}, 0, {-3911, 673}, {68, 89, 60, 255} }},
	{{ {-2680, 0, -2663}, 0, {-3911, 1713}, {61, 92, 63, 255} }},
	{{ {-2392, 0, -2964}, 0, {-4375, 1767}, {65, 102, 41, 255} }},
	{{ {-2436, 477, -3143}, 0, {-4541, 535}, {71, 101, 30, 255} }},
	{{ {-1965, 170, -3877}, 0, {-5113, 1653}, {92, 74, 47, 255} }},
	{{ {-1947, 0, -3759}, 0, {-5421, 1007}, {60, 106, 37, 255} }},
	{{ {-2071, 291, -3989}, 0, {-5233, 1571}, {50, 117, 255, 255} }},
	{{ {-2308, 349, -3916}, 0, {-5533, 1165}, {24, 123, 235, 255} }},
	{{ {-2758, 352, -4282}, 0, {-6413, 1155}, {14, 123, 229, 255} }},
	{{ {-2721, 291, -4538}, 0, {-6517, 1441}, {250, 120, 214, 255} }},
	{{ {-3423, 477, -3896}, 0, {-7003, 587}, {198, 99, 201, 255} }},
	{{ {-2940, 166, -4641}, 0, {-6669, 1731}, {190, 80, 183, 255} }},
	{{ {-2835, 477, -3756}, 0, {-6201, 371}, {11, 126, 241, 255} }},
	{{ {-3363, 477, -3647}, 0, {-7531, 127}, {0, 127, 0, 255} }},
	{{ {-2962, 477, -3547}, 0, {-6255, -229}, {0, 127, 0, 255} }},
	{{ {-2662, 477, -3132}, 0, {-4049, 209}, {0, 127, 0, 255} }},
	{{ {-2832, 477, -2776}, 0, {-3697, 373}, {0, 127, 0, 255} }},
	{{ {-3108, 477, -2556}, 0, {-2841, 473}, {0, 127, 0, 255} }},
	{{ {-3528, 477, -2625}, 0, {-1503, 503}, {0, 127, 0, 255} }},
	{{ {-3770, 477, -2959}, 0, {-135, 485}, {0, 127, 0, 255} }},
	{{ {-3659, 477, -3301}, 0, {795, 387}, {0, 127, 0, 255} }},
	{{ {-1947, 0, -3759}, 0, {-811, 1667}, {60, 106, 37, 255} }},
	{{ {-1564, 0, -4308}, 0, {-755, 1323}, {62, 103, 42, 255} }},
	{{ {-1965, 170, -3877}, 0, {-753, 1643}, {92, 74, 47, 255} }},
	{{ {-1580, 76, -4321}, 0, {-751, 1305}, {89, 76, 50, 255} }},
	{{ {-1288, 0, -4788}, 0, {-681, 1009}, {12, 126, 253, 255} }},
	{{ {-1719, 157, -4354}, 0, {-671, 1367}, {42, 120, 254, 255} }},
	{{ {-1560, 0, -5167}, 0, {-401, 981}, {9, 126, 246, 255} }},
	{{ {-2344, 149, -4974}, 0, {-163, 1327}, {5, 122, 222, 255} }},
	{{ {-1972, 0, -5449}, 0, {-151, 957}, {3, 126, 244, 255} }},
	{{ {-2427, 72, -5158}, 0, {-57, 1611}, {215, 97, 185, 255} }},
	{{ {-2433, 0, -5212}, 0, {-37, 1253}, {226, 114, 209, 255} }},
	{{ {-2940, 166, -4641}, 0, {-41, 1639}, {190, 80, 183, 255} }},
	{{ {-3050, 0, -4635}, 0, {7, 1703}, {207, 110, 216, 255} }},
	{{ {-2721, 291, -4538}, 0, {-173, 1493}, {250, 120, 214, 255} }},
	{{ {-2071, 291, -3989}, 0, {-665, 1633}, {50, 117, 255, 255} }},
	{{ {227, 430, -1855}, 0, {-1595, 1879}, {72, 94, 46, 255} }},
	{{ {-70, 678, -1551}, 0, {-759, 1505}, {75, 29, 99, 255} }},
	{{ {-70, 419, -1551}, 0, {-759, 1875}, {76, 86, 55, 255} }},
	{{ {227, 983, -1855}, 0, {-1603, 633}, {80, 84, 51, 255} }},
	{{ {390, 430, -2280}, 0, {-2053, 1917}, {79, 100, 254, 255} }},
	{{ {390, 983, -2280}, 0, {-2117, 719}, {98, 80, 250, 255} }},
	{{ {134, 430, -2866}, 0, {-1333, 1791}, {66, 77, 179, 255} }},
	{{ {84, 983, -2743}, 0, {-1193, 773}, {55, 93, 190, 255} }},
	{{ {-238, 430, -3081}, 0, {-287, 1685}, {4, 59, 144, 255} }},
	{{ {-210, 983, -2827}, 0, {-367, 773}, {9, 103, 182, 255} }},
	{{ {-803, 692, -2913}, 0, {1303, 1453}, {236, 32, 135, 255} }},
	{{ {-803, 417, -2972}, 0, {1303, 1671}, {162, 249, 171, 255} }},
	{{ {-692, 983, -2822}, 0, {993, 773}, {28, 26, 135, 255} }},
	{{ {-786, 678, -1860}, 0, {171, 1873}, {203, 85, 78, 255} }},
	{{ {-791, 983, -1877}, 0, {39, 1461}, {221, 27, 119, 255} }},
	{{ {-1195, 678, -2016}, 0, {741, 1847}, {200, 102, 51, 255} }},
	{{ {-1195, 1296, -2016}, 0, {707, 763}, {185, 79, 70, 255} }},
	{{ {-1195, 1296, -2016}, 0, {707, 763}, {185, 79, 70, 255} }},
	{{ {-791, 983, -1877}, 0, {39, 1461}, {221, 27, 119, 255} }},
	{{ {-791, 1296, -1877}, 0, {39, 755}, {1, 81, 98, 255} }},
	{{ {-411, 983, -2016}, 0, {-577, 1911}, {53, 105, 48, 255} }},
	{{ {-411, 1296, -2016}, 0, {-577, 791}, {74, 78, 67, 255} }},
	{{ {-318, 983, -2385}, 0, {-1165, 1873}, {82, 97, 0, 255} }},
	{{ {-318, 1296, -2385}, 0, {-1165, 709}, {96, 83, 254, 255} }},
	{{ {-411, 983, -2753}, 0, {-1787, 1889}, {46, 109, 209, 255} }},
	{{ {-439, 1296, -2747}, 0, {-1809, 713}, {64, 81, 183, 255} }},
	{{ {-692, 983, -2822}, 0, {-2263, 1817}, {28, 26, 135, 255} }},
	{{ {-803, 1296, -2823}, 0, {-2535, 697}, {255, 89, 165, 255} }},
	{{ {-803, 692, -2913}, 0, {-2487, 1753}, {236, 32, 135, 255} }},
	{{ {-1196, 1296, -2710}, 0, {-3375, 671}, {191, 85, 188, 255} }},
	{{ {-1266, 678, -2765}, 0, {-3267, 1727}, {177, 37, 164, 255} }},
	{{ {-1063, 549, -2880}, 0, {-2889, 1177}, {220, 199, 148, 255} }},
	{{ {-907, 520, -2935}, 0, {-2689, 1159}, {196, 208, 155, 255} }},
	{{ {-803, 417, -2972}, 0, {-2491, 1139}, {162, 249, 171, 255} }},
	{{ {-1220, 521, -2826}, 0, {-3089, 1195}, {240, 206, 140, 255} }},
	{{ {-1323, 419, -2790}, 0, {-3289, 1215}, {4, 249, 129, 255} }},
	{{ {-1195, 678, -2016}, 0, {741, 1847}, {200, 102, 51, 255} }},
	{{ {-1311, 678, -2373}, 0, {1359, 1929}, {174, 96, 8, 255} }},
	{{ {-1311, 1296, -2373}, 0, {1313, 695}, {160, 84, 3, 255} }},
	{{ {-1187, 1296, -2373}, 0, {1289, 67}, {0, 127, 0, 255} }},
	{{ {-1093, 1296, -2117}, 0, {697, 129}, {0, 127, 0, 255} }},
	{{ {-791, 1296, -1977}, 0, {29, 181}, {0, 127, 0, 255} }},
	{{ {-512, 1296, -2117}, 0, {-581, 167}, {0, 127, 0, 255} }},
	{{ {-419, 1296, -2385}, 0, {-1153, 125}, {0, 127, 0, 255} }},
	{{ {-512, 1296, -2653}, 0, {-1757, 103}, {0, 127, 0, 255} }},
	{{ {-803, 1296, -2722}, 0, {-2469, 101}, {0, 127, 0, 255} }},
	{{ {-1117, 1296, -2653}, 0, {-3259, 87}, {0, 127, 0, 255} }},
	{{ {-1117, 1296, -2653}, 0, {1943, 87}, {0, 127, 0, 255} }},
	{{ {-1196, 1296, -2710}, 0, {1935, 675}, {191, 85, 188, 255} }},
	{{ {-1196, 1296, -2710}, 0, {1935, 675}, {191, 85, 188, 255} }},
	{{ {-1266, 678, -2765}, 0, {2051, 1805}, {177, 37, 164, 255} }},
	{{ {-1311, 1296, -2373}, 0, {1313, 695}, {160, 84, 3, 255} }},
	{{ {-1311, 678, -2373}, 0, {1359, 1929}, {174, 96, 8, 255} }},
	{{ {-1466, 419, -1273}, 0, {10307, 489}, {0, 127, 0, 255} }},
	{{ {-1694, 419, -1367}, 0, {10827, 905}, {177, 86, 51, 255} }},
	{{ {-1381, 419, -1051}, 0, {8953, 489}, {252, 127, 4, 255} }},
	{{ {-1463, 399, -845}, 0, {7749, 1213}, {215, 117, 29, 255} }},
	{{ {-1300, 413, -872}, 0, {7651, 489}, {249, 127, 8, 255} }},
	{{ {-1166, 387, -485}, 0, {6023, 1213}, {228, 116, 43, 255} }},
	{{ {-1058, 413, -601}, 0, {5885, 489}, {248, 126, 11, 255} }},
	{{ {-877, 413, -519}, 0, {5201, 489}, {253, 124, 28, 255} }},
	{{ {-361, 332, -302}, 0, {3521, 1213}, {2, 117, 50, 255} }},
	{{ {-294, 398, -449}, 0, {2987, 489}, {3, 122, 34, 255} }},
	{{ {59, 379, -453}, 0, {1603, 489}, {14, 120, 38, 255} }},
	{{ {227, 291, -333}, 0, {1141, 1213}, {22, 117, 44, 255} }},
	{{ {241, 371, -546}, 0, {759, 489}, {21, 121, 31, 255} }},
	{{ {621, 291, -628}, 0, {-461, 1213}, {38, 115, 38, 255} }},
	{{ {499, 371, -707}, 0, {-355, 489}, {27, 120, 33, 255} }},
	{{ {645, 371, -869}, 0, {-911, 489}, {39, 118, 28, 255} }},
	{{ {880, 291, -1035}, 0, {-1989, 1213}, {50, 114, 26, 255} }},
	{{ {781, 371, -1083}, 0, {-1841, 489}, {50, 115, 22, 255} }},
	{{ {847, 371, -1346}, 0, {-3123, 489}, {45, 118, 11, 255} }},
	{{ {970, 321, -1398}, 0, {-3313, 1213}, {50, 117, 9, 255} }},
	{{ {806, 395, -1797}, 0, {-4965, 489}, {30, 123, 3, 255} }},
	{{ {870, 377, -2072}, 0, {-6387, 1213}, {48, 117, 246, 255} }},
	{{ {744, 413, -2030}, 0, {-6045, 489}, {20, 125, 255, 255} }},
	{{ {707, 413, -2143}, 0, {-6387, 489}, {17, 126, 254, 255} }},
	{{ {683, 411, -2470}, 0, {-7915, 1213}, {37, 119, 230, 255} }},
	{{ {572, 419, -2398}, 0, {-7915, 489}, {7, 127, 254, 255} }},
	{{ {237, 430, -2631}, 0, {-9667, 489}, {6, 127, 253, 255} }},
	{{ {134, 430, -2866}, 0, {-10553, 961}, {66, 77, 179, 255} }},
	{{ {-692, 983, -2822}, 0, {993, 173}, {28, 26, 135, 255} }},
	{{ {-524, 983, -2780}, 0, {517, 173}, {0, 127, 0, 255} }},
	{{ {-210, 983, -2827}, 0, {-367, 773}, {9, 103, 182, 255} }},
	{{ {-411, 983, -2753}, 0, {201, 173}, {46, 109, 209, 255} }},
	{{ {-199, 983, -2713}, 0, {-397, 173}, {0, 127, 0, 255} }},
	{{ {8, 983, -2638}, 0, {-1011, 173}, {0, 127, 0, 255} }},
	{{ {84, 983, -2743}, 0, {-1193, 773}, {55, 93, 190, 255} }},
	{{ {249, 983, -2300}, 0, {-2109, 173}, {0, 127, 0, 255} }},
	{{ {390, 983, -2280}, 0, {-2117, 719}, {98, 80, 250, 255} }},
	{{ {110, 983, -1935}, 0, {-1527, 165}, {0, 127, 0, 255} }},
	{{ {227, 983, -1855}, 0, {-1603, 633}, {80, 84, 51, 255} }},
	{{ {-105, 983, -1717}, 0, {-763, 93}, {0, 127, 0, 255} }},
	{{ {-70, 983, -1551}, 0, {-759, 773}, {30, 78, 95, 255} }},
	{{ {-576, 983, -1646}, 0, {665, 773}, {210, 82, 85, 255} }},
	{{ {-521, 983, -1802}, 0, {777, 107}, {0, 127, 0, 255} }},
	{{ {-629, 983, -1936}, 0, {1127, 111}, {0, 127, 0, 255} }},
	{{ {-791, 983, -1877}, 0, {1271, 773}, {221, 27, 119, 255} }},
	{{ {-786, 678, -1860}, 0, {1245, 1989}, {203, 85, 78, 255} }},
	{{ {-576, 678, -1646}, 0, {533, 2011}, {219, 99, 70, 255} }},
	{{ {-70, 678, -1551}, 0, {-759, 1505}, {75, 29, 99, 255} }},
};

Gfx rr_dl_r0_node_mesh_layer_1_tri_3[] = {
	gsSPVertex(rr_dl_r0_node_mesh_layer_1_vtx_3 + 0, 32, 0),
	gsSP2Triangles(0, 1, 2, 0, 3, 2, 1, 0),
	gsSP2Triangles(2, 3, 4, 0, 5, 4, 3, 0),
	gsSP2Triangles(5, 3, 6, 0, 7, 6, 3, 0),
	gsSP2Triangles(3, 8, 7, 0, 9, 7, 8, 0),
	gsSP2Triangles(6, 10, 5, 0, 11, 5, 10, 0),
	gsSP2Triangles(12, 11, 10, 0, 11, 12, 13, 0),
	gsSP2Triangles(14, 13, 12, 0, 13, 14, 15, 0),
	gsSP2Triangles(16, 15, 14, 0, 16, 17, 15, 0),
	gsSP2Triangles(17, 16, 18, 0, 19, 18, 16, 0),
	gsSP2Triangles(17, 20, 15, 0, 20, 17, 21, 0),
	gsSP2Triangles(22, 21, 17, 0, 23, 15, 20, 0),
	gsSP2Triangles(15, 23, 13, 0, 24, 13, 23, 0),
	gsSP2Triangles(13, 24, 11, 0, 25, 11, 24, 0),
	gsSP2Triangles(11, 25, 5, 0, 4, 5, 25, 0),
	gsSP2Triangles(26, 27, 28, 0, 29, 28, 27, 0),
	gsSP2Triangles(27, 30, 29, 0, 27, 31, 30, 0),
	gsSPVertex(rr_dl_r0_node_mesh_layer_1_vtx_3 + 32, 32, 0),
	gsSP2Triangles(0, 1, 2, 0, 3, 4, 1, 0),
	gsSP2Triangles(4, 3, 5, 0, 6, 5, 3, 0),
	gsSP2Triangles(5, 6, 7, 0, 8, 7, 6, 0),
	gsSP2Triangles(7, 8, 9, 0, 7, 9, 10, 0),
	gsSP2Triangles(11, 10, 9, 0, 9, 12, 11, 0),
	gsSP2Triangles(13, 11, 12, 0, 13, 14, 11, 0),
	gsSP2Triangles(14, 13, 15, 0, 16, 15, 13, 0),
	gsSP2Triangles(15, 17, 14, 0, 17, 18, 14, 0),
	gsSP2Triangles(18, 17, 19, 0, 20, 19, 17, 0),
	gsSP2Triangles(19, 20, 21, 0, 22, 21, 20, 0),
	gsSP2Triangles(21, 23, 19, 0, 21, 24, 23, 0),
	gsSP2Triangles(25, 23, 24, 0, 23, 25, 14, 0),
	gsSP2Triangles(26, 14, 25, 0, 26, 11, 14, 0),
	gsSP2Triangles(11, 26, 27, 0, 11, 27, 10, 0),
	gsSP2Triangles(28, 10, 27, 0, 10, 28, 7, 0),
	gsSP2Triangles(29, 7, 28, 0, 7, 29, 5, 0),
	gsSP2Triangles(30, 5, 29, 0, 5, 30, 4, 0),
	gsSP2Triangles(31, 4, 30, 0, 23, 14, 18, 0),
	gsSP1Triangle(18, 19, 23, 0),
	gsSPVertex(rr_dl_r0_node_mesh_layer_1_vtx_3 + 64, 32, 0),
	gsSP2Triangles(0, 1, 2, 0, 3, 2, 1, 0),
	gsSP2Triangles(4, 3, 1, 0, 3, 4, 5, 0),
	gsSP2Triangles(6, 5, 4, 0, 5, 6, 7, 0),
	gsSP2Triangles(8, 7, 6, 0, 8, 9, 7, 0),
	gsSP2Triangles(9, 8, 10, 0, 10, 11, 9, 0),
	gsSP2Triangles(11, 10, 12, 0, 13, 9, 11, 0),
	gsSP2Triangles(13, 7, 9, 0, 7, 13, 5, 0),
	gsSP2Triangles(14, 5, 13, 0, 5, 14, 3, 0),
	gsSP2Triangles(2, 3, 14, 0, 15, 16, 17, 0),
	gsSP2Triangles(16, 15, 18, 0, 19, 18, 15, 0),
	gsSP2Triangles(18, 19, 20, 0, 21, 20, 19, 0),
	gsSP2Triangles(20, 21, 22, 0, 23, 22, 21, 0),
	gsSP2Triangles(23, 24, 22, 0, 24, 23, 25, 0),
	gsSP2Triangles(26, 25, 23, 0, 24, 25, 27, 0),
	gsSP2Triangles(28, 29, 30, 0, 31, 30, 29, 0),
	gsSPVertex(rr_dl_r0_node_mesh_layer_1_vtx_3 + 96, 32, 0),
	gsSP2Triangles(0, 1, 2, 0, 3, 2, 1, 0),
	gsSP2Triangles(2, 3, 4, 0, 5, 4, 3, 0),
	gsSP2Triangles(4, 5, 6, 0, 7, 6, 5, 0),
	gsSP2Triangles(6, 7, 8, 0, 9, 8, 7, 0),
	gsSP2Triangles(8, 9, 10, 0, 11, 10, 9, 0),
	gsSP2Triangles(10, 11, 12, 0, 13, 12, 11, 0),
	gsSP2Triangles(11, 14, 13, 0, 14, 11, 15, 0),
	gsSP2Triangles(16, 15, 11, 0, 14, 17, 13, 0),
	gsSP2Triangles(18, 13, 17, 0, 19, 0, 20, 0),
	gsSP2Triangles(21, 20, 0, 0, 21, 0, 22, 0),
	gsSP2Triangles(23, 22, 0, 0, 0, 2, 23, 0),
	gsSP2Triangles(24, 23, 2, 0, 2, 4, 24, 0),
	gsSP2Triangles(25, 24, 4, 0, 4, 6, 25, 0),
	gsSP2Triangles(26, 25, 6, 0, 6, 8, 26, 0),
	gsSP2Triangles(27, 26, 8, 0, 8, 10, 27, 0),
	gsSP2Triangles(28, 27, 10, 0, 10, 12, 28, 0),
	gsSP2Triangles(29, 28, 12, 0, 22, 30, 21, 0),
	gsSP1Triangle(31, 21, 30, 0),
	gsSPVertex(rr_dl_r0_node_mesh_layer_1_vtx_3 + 128, 32, 0),
	gsSP2Triangles(0, 1, 2, 0, 3, 2, 1, 0),
	gsSP2Triangles(4, 5, 6, 0, 7, 6, 5, 0),
	gsSP2Triangles(6, 7, 8, 0, 9, 8, 7, 0),
	gsSP2Triangles(8, 9, 10, 0, 11, 10, 9, 0),
	gsSP2Triangles(9, 12, 11, 0, 13, 11, 12, 0),
	gsSP2Triangles(13, 12, 14, 0, 15, 14, 12, 0),
	gsSP2Triangles(14, 15, 16, 0, 17, 16, 15, 0),
	gsSP2Triangles(16, 17, 18, 0, 19, 18, 17, 0),
	gsSP2Triangles(20, 19, 17, 0, 20, 21, 19, 0),
	gsSP2Triangles(21, 20, 22, 0, 23, 22, 20, 0),
	gsSP2Triangles(22, 23, 24, 0, 25, 24, 23, 0),
	gsSP2Triangles(25, 26, 24, 0, 26, 25, 27, 0),
	gsSP2Triangles(28, 27, 25, 0, 28, 29, 27, 0),
	gsSP2Triangles(29, 28, 30, 0, 31, 30, 28, 0),
	gsSPVertex(rr_dl_r0_node_mesh_layer_1_vtx_3 + 160, 20, 0),
	gsSP2Triangles(0, 1, 2, 0, 3, 2, 1, 0),
	gsSP2Triangles(3, 4, 2, 0, 5, 2, 4, 0),
	gsSP2Triangles(5, 6, 2, 0, 6, 5, 7, 0),
	gsSP2Triangles(6, 7, 8, 0, 9, 8, 7, 0),
	gsSP2Triangles(8, 9, 10, 0, 11, 10, 9, 0),
	gsSP2Triangles(10, 11, 12, 0, 13, 12, 11, 0),
	gsSP2Triangles(13, 11, 14, 0, 15, 13, 14, 0),
	gsSP2Triangles(15, 16, 13, 0, 16, 17, 13, 0),
	gsSP2Triangles(18, 13, 17, 0, 13, 18, 12, 0),
	gsSP2Triangles(19, 12, 18, 0, 12, 19, 10, 0),
	gsSPEndDisplayList(),
};

Vtx rr_dl_r0_node_mesh_layer_1_vtx_4[54] = {
	{{ {-2301, 0, -1807}, 0, {-426, 1054}, {0, 127, 0, 255} }},
	{{ {-1950, 0, -2525}, 0, {-136, 1634}, {0, 127, 0, 255} }},
	{{ {-2308, 0, -1808}, 0, {-610, 1160}, {0, 127, 0, 255} }},
	{{ {-1125, 0, -2219}, 0, {512, 1378}, {43, 73, 161, 255} }},
	{{ {-609, 0, -2425}, 0, {1160, 1634}, {162, 74, 214, 255} }},
	{{ {-1371, 0, -2891}, 0, {512, 1808}, {8, 121, 219, 255} }},
	{{ {-854, 0, -3087}, 0, {512, 2142}, {220, 120, 234, 255} }},
	{{ {-1526, 0, -3459}, 0, {-784, 2758}, {0, 127, 0, 255} }},
	{{ {-18, 0, -3878}, 0, {512, 3106}, {0, 127, 255, 255} }},
	{{ {-229, 0, -3312}, 0, {512, 2478}, {244, 111, 196, 255} }},
	{{ {435, 0, -3360}, 0, {1486, 2198}, {13, 122, 223, 255} }},
	{{ {749, 0, -3657}, 0, {1634, 2456}, {0, 127, 0, 255} }},
	{{ {1492, 0, -3244}, 0, {2758, 1808}, {0, 127, 0, 255} }},
	{{ {1181, 0, -2921}, 0, {2400, 1602}, {21, 124, 237, 255} }},
	{{ {1904, 0, -2842}, 0, {2844, 1484}, {0, 127, 0, 255} }},
	{{ {1580, 0, -2195}, 0, {2376, 1160}, {26, 124, 248, 255} }},
	{{ {2319, 0, -2033}, 0, {2932, 1160}, {0, 127, 0, 255} }},
	{{ {1657, 0, -1485}, 0, {2380, 842}, {28, 124, 255, 255} }},
	{{ {2282, 0, -728}, 0, {3106, 512}, {0, 127, 0, 255} }},
	{{ {1605, 0, -739}, 0, {2352, 512}, {19, 125, 7, 255} }},
	{{ {1201, 0, -92}, 0, {1808, 512}, {14, 126, 14, 255} }},
	{{ {1456, 0, 307}, 0, {1936, -164}, {0, 127, 0, 255} }},
	{{ {470, 0, 354}, 0, {1634, -136}, {7, 125, 21, 255} }},
	{{ {278, 0, 1084}, 0, {1160, -610}, {0, 127, 0, 255} }},
	{{ {-548, 0, 356}, 0, {892, -144}, {251, 123, 29, 255} }},
	{{ {-911, 0, 1409}, 0, {512, -784}, {0, 127, 0, 255} }},
	{{ {-1454, 0, -34}, 0, {236, 36}, {236, 122, 27, 255} }},
	{{ {-1950, 0, 1131}, 0, {-136, -610}, {0, 127, 0, 255} }},
	{{ {-2711, 0, 370}, 0, {-610, -136}, {0, 127, 0, 255} }},
	{{ {-1916, 0, -645}, 0, {-134, 512}, {222, 121, 20, 255} }},
	{{ {-2989, 0, -669}, 0, {-784, 512}, {0, 127, 0, 255} }},
	{{ {-2191, 0, -1263}, 0, {-372, 836}, {216, 120, 14, 255} }},
	{{ {-2308, 0, -1808}, 0, {-610, 1160}, {214, 120, 254, 255} }},
	{{ {-2989, 0, -669}, 0, {-784, 512}, {0, 127, 0, 255} }},
	{{ {-2191, 0, -1263}, 0, {-372, 836}, {216, 120, 14, 255} }},
	{{ {-3194, 0, -1952}, 0, {-1734, 1808}, {0, 127, 0, 255} }},
	{{ {-1950, 0, -2525}, 0, {-136, 1634}, {211, 112, 217, 255} }},
	{{ {-2757, 0, -2373}, 0, {-1482, 2060}, {0, 127, 0, 255} }},
	{{ {-2320, 0, -2793}, 0, {-1232, 2310}, {0, 127, 0, 255} }},
	{{ {-1526, 0, -3459}, 0, {-784, 2758}, {0, 127, 0, 255} }},
	{{ {-1371, 0, -2891}, 0, {512, 1808}, {8, 121, 219, 255} }},
	{{ {-3801, 0, -580}, 0, {-2082, 512}, {254, 127, 0, 255} }},
	{{ {-2711, 0, 370}, 0, {-610, -136}, {0, 127, 0, 255} }},
	{{ {-3353, 0, 1139}, 0, {-1734, -784}, {0, 127, 0, 255} }},
	{{ {-1950, 0, 1131}, 0, {-136, -610}, {0, 127, 0, 255} }},
	{{ {-2392, 0, 1906}, 0, {-1260, -1260}, {0, 127, 0, 255} }},
	{{ {-1692, 0, 2330}, 0, {-784, -1734}, {0, 127, 0, 255} }},
	{{ {-911, 0, 1409}, 0, {512, -784}, {0, 127, 0, 255} }},
	{{ {-784, 0, 2317}, 0, {512, -2082}, {0, 127, 0, 255} }},
	{{ {712, 0, 1959}, 0, {1808, -1734}, {0, 127, 0, 255} }},
	{{ {278, 0, 1084}, 0, {1160, -610}, {0, 127, 0, 255} }},
	{{ {1845, 0, 879}, 0, {2758, -784}, {0, 127, 0, 255} }},
	{{ {1456, 0, 307}, 0, {1936, -164}, {0, 127, 0, 255} }},
	{{ {2282, 0, -728}, 0, {3106, 512}, {0, 127, 0, 255} }},
};

Gfx rr_dl_r0_node_mesh_layer_1_tri_4[] = {
	gsSPVertex(rr_dl_r0_node_mesh_layer_1_vtx_4 + 0, 32, 0),
	gsSP2Triangles(0, 1, 2, 0, 3, 4, 5, 0),
	gsSP2Triangles(6, 5, 4, 0, 5, 6, 7, 0),
	gsSP2Triangles(8, 7, 6, 0, 6, 9, 8, 0),
	gsSP2Triangles(10, 8, 9, 0, 8, 10, 11, 0),
	gsSP2Triangles(12, 11, 10, 0, 10, 13, 12, 0),
	gsSP2Triangles(14, 12, 13, 0, 13, 15, 14, 0),
	gsSP2Triangles(16, 14, 15, 0, 15, 17, 16, 0),
	gsSP2Triangles(18, 16, 17, 0, 17, 19, 18, 0),
	gsSP2Triangles(20, 18, 19, 0, 18, 20, 21, 0),
	gsSP2Triangles(22, 21, 20, 0, 21, 22, 23, 0),
	gsSP2Triangles(24, 23, 22, 0, 23, 24, 25, 0),
	gsSP2Triangles(26, 25, 24, 0, 25, 26, 27, 0),
	gsSP2Triangles(28, 27, 26, 0, 26, 29, 28, 0),
	gsSP2Triangles(30, 28, 29, 0, 29, 31, 30, 0),
	gsSPVertex(rr_dl_r0_node_mesh_layer_1_vtx_4 + 32, 22, 0),
	gsSP2Triangles(0, 1, 2, 0, 0, 3, 1, 0),
	gsSP2Triangles(3, 0, 4, 0, 4, 5, 3, 0),
	gsSP2Triangles(4, 6, 5, 0, 6, 4, 7, 0),
	gsSP2Triangles(8, 7, 4, 0, 9, 1, 3, 0),
	gsSP2Triangles(1, 9, 10, 0, 11, 10, 9, 0),
	gsSP2Triangles(10, 11, 12, 0, 13, 12, 11, 0),
	gsSP2Triangles(12, 13, 14, 0, 12, 14, 15, 0),
	gsSP2Triangles(16, 15, 14, 0, 15, 16, 17, 0),
	gsSP2Triangles(15, 17, 18, 0, 19, 18, 17, 0),
	gsSP2Triangles(18, 19, 20, 0, 21, 20, 19, 0),
	gsSPEndDisplayList(),
};

Vtx rr_dl_r0_node_mesh_layer_1_vtx_5[24] = {
	{{ {1864, 0, -4576}, 0, {1148, 1582}, {255, 177, 183, 255} }},
	{{ {1980, 58, -4121}, 0, {1280, 788}, {255, 255, 255, 255} }},
	{{ {2152, 0, -4136}, 0, {1620, 812}, {255, 177, 183, 255} }},
	{{ {1776, 58, -4434}, 0, {982, 1272}, {255, 255, 255, 255} }},
	{{ {1464, 0, -4698}, 0, {528, 1786}, {255, 177, 183, 255} }},
	{{ {1468, 58, -4515}, 0, {532, 1396}, {220, 255, 222, 255} }},
	{{ {1050, 0, -4538}, 0, {-164, 1504}, {255, 177, 183, 255} }},
	{{ {1212, 58, -4416}, 0, {160, 1244}, {220, 255, 222, 255} }},
	{{ {847, 0, -4132}, 0, {-460, 808}, {255, 177, 183, 255} }},
	{{ {1017, 58, -4135}, 0, {-124, 810}, {220, 255, 222, 255} }},
	{{ {979, 0, -3688}, 0, {-232, 68}, {255, 177, 183, 255} }},
	{{ {1081, 58, -3782}, 0, {-30, 264}, {220, 255, 222, 255} }},
	{{ {1443, 0, -3482}, 0, {474, -292}, {255, 177, 183, 255} }},
	{{ {1485, 58, -3663}, 0, {558, 80}, {220, 255, 222, 255} }},
	{{ {1936, 0, -3624}, 0, {1268, -52}, {255, 177, 183, 255} }},
	{{ {1851, 58, -3757}, 0, {1092, 226}, {220, 255, 222, 255} }},
	{{ {1767, 349, -4118}, 0, {968, 782}, {255, 255, 255, 255} }},
	{{ {1698, 349, -4275}, 0, {868, 1028}, {255, 255, 255, 255} }},
	{{ {1486, 349, -4328}, 0, {560, 1108}, {255, 255, 255, 255} }},
	{{ {1296, 349, -4246}, 0, {282, 982}, {255, 255, 255, 255} }},
	{{ {1199, 349, -4095}, 0, {140, 748}, {255, 255, 255, 255} }},
	{{ {1265, 349, -3905}, 0, {238, 454}, {255, 255, 255, 255} }},
	{{ {1491, 349, -3844}, 0, {566, 360}, {255, 255, 255, 255} }},
	{{ {1717, 349, -3914}, 0, {896, 468}, {245, 255, 246, 255} }},
};

Gfx rr_dl_r0_node_mesh_layer_1_tri_5[] = {
	gsSPVertex(rr_dl_r0_node_mesh_layer_1_vtx_5 + 0, 24, 0),
	gsSP2Triangles(0, 1, 2, 0, 1, 0, 3, 0),
	gsSP2Triangles(4, 3, 0, 0, 3, 4, 5, 0),
	gsSP2Triangles(6, 5, 4, 0, 5, 6, 7, 0),
	gsSP2Triangles(8, 7, 6, 0, 7, 8, 9, 0),
	gsSP2Triangles(10, 9, 8, 0, 9, 10, 11, 0),
	gsSP2Triangles(12, 11, 10, 0, 11, 12, 13, 0),
	gsSP2Triangles(14, 13, 12, 0, 13, 14, 15, 0),
	gsSP2Triangles(2, 15, 14, 0, 15, 2, 1, 0),
	gsSP2Triangles(16, 15, 1, 0, 1, 3, 16, 0),
	gsSP2Triangles(17, 16, 3, 0, 3, 5, 17, 0),
	gsSP2Triangles(18, 17, 5, 0, 5, 7, 18, 0),
	gsSP2Triangles(19, 18, 7, 0, 7, 20, 19, 0),
	gsSP2Triangles(20, 7, 9, 0, 9, 11, 20, 0),
	gsSP2Triangles(21, 20, 11, 0, 11, 13, 21, 0),
	gsSP2Triangles(22, 21, 13, 0, 13, 15, 22, 0),
	gsSP2Triangles(23, 22, 15, 0, 15, 16, 23, 0),
	gsSP2Triangles(17, 23, 16, 0, 17, 18, 23, 0),
	gsSP2Triangles(22, 23, 18, 0, 18, 19, 22, 0),
	gsSP2Triangles(21, 22, 19, 0, 21, 19, 20, 0),
	gsSPEndDisplayList(),
};

Vtx rr_dl_r0_node_mesh_layer_4_vtx_cull[8] = {
	{{ {-10722, -317, 10722}, 0, {0, 0}, {0, 0, 0, 0} }},
	{{ {-10722, 1296, 10722}, 0, {0, 0}, {0, 0, 0, 0} }},
	{{ {-10722, 1296, -10722}, 0, {0, 0}, {0, 0, 0, 0} }},
	{{ {-10722, -317, -10722}, 0, {0, 0}, {0, 0, 0, 0} }},
	{{ {10722, -317, 10722}, 0, {0, 0}, {0, 0, 0, 0} }},
	{{ {10722, 1296, 10722}, 0, {0, 0}, {0, 0, 0, 0} }},
	{{ {10722, 1296, -10722}, 0, {0, 0}, {0, 0, 0, 0} }},
	{{ {10722, -317, -10722}, 0, {0, 0}, {0, 0, 0, 0} }},
};

Vtx rr_dl_r0_node_mesh_layer_4_vtx_0[20] = {
	{{ {-1189, 9, -2786}, 0, {1044, 1032}, {0, 127, 0, 255} }},
	{{ {-1133, 9, -2845}, 0, {-20, 1032}, {0, 127, 0, 255} }},
	{{ {-1248, 9, -2843}, 0, {1044, -8}, {0, 127, 0, 255} }},
	{{ {-1191, 9, -2901}, 0, {-20, -8}, {0, 127, 0, 255} }},
	{{ {1220, 14, -3216}, 0, {1044, 1032}, {0, 127, 0, 255} }},
	{{ {1197, 14, -3125}, 0, {-20, 1032}, {0, 127, 0, 255} }},
	{{ {1312, 14, -3193}, 0, {1044, -8}, {0, 127, 0, 255} }},
	{{ {1288, 14, -3102}, 0, {-20, -8}, {0, 127, 0, 255} }},
	{{ {-1285, 14, 119}, 0, {1044, 1032}, {0, 127, 0, 255} }},
	{{ {-1388, 14, 101}, 0, {-20, 1032}, {0, 127, 0, 255} }},
	{{ {-1303, 14, 222}, 0, {1044, -8}, {0, 127, 0, 255} }},
	{{ {-1406, 14, 204}, 0, {-20, -8}, {0, 127, 0, 255} }},
	{{ {-1273, 9, -2733}, 0, {1044, 1032}, {0, 127, 0, 255} }},
	{{ {-1221, 9, -2744}, 0, {-20, 1032}, {0, 127, 0, 255} }},
	{{ {-1285, 9, -2785}, 0, {1044, -8}, {0, 127, 0, 255} }},
	{{ {-1233, 9, -2796}, 0, {-20, -8}, {0, 127, 0, 255} }},
	{{ {1903, 14, 2945}, 0, {1044, 1032}, {0, 127, 0, 255} }},
	{{ {1748, 14, 2918}, 0, {-20, 1032}, {0, 127, 0, 255} }},
	{{ {1876, 14, 3100}, 0, {1044, -8}, {0, 127, 0, 255} }},
	{{ {1722, 14, 3073}, 0, {-20, -8}, {0, 127, 0, 255} }},
};

Gfx rr_dl_r0_node_mesh_layer_4_tri_0[] = {
	gsSPVertex(rr_dl_r0_node_mesh_layer_4_vtx_0 + 0, 20, 0),
	gsSP2Triangles(0, 1, 2, 0, 3, 2, 1, 0),
	gsSP2Triangles(4, 5, 6, 0, 7, 6, 5, 0),
	gsSP2Triangles(8, 9, 10, 0, 11, 10, 9, 0),
	gsSP2Triangles(12, 13, 14, 0, 15, 14, 13, 0),
	gsSP2Triangles(16, 17, 18, 0, 19, 18, 17, 0),
	gsSPEndDisplayList(),
};

Vtx rr_dl_Water_Box_Mesh_001_mesh_layer_5_vtx_cull[8] = {
	{{ {-11895, 0, 11895}, 0, {0, 0}, {0, 0, 0, 0} }},
	{{ {-11895, 0, 11895}, 0, {0, 0}, {0, 0, 0, 0} }},
	{{ {-11895, 0, -11895}, 0, {0, 0}, {0, 0, 0, 0} }},
	{{ {-11895, 0, -11895}, 0, {0, 0}, {0, 0, 0, 0} }},
	{{ {11895, 0, 11895}, 0, {0, 0}, {0, 0, 0, 0} }},
	{{ {11895, 0, 11895}, 0, {0, 0}, {0, 0, 0, 0} }},
	{{ {11895, 0, -11895}, 0, {0, 0}, {0, 0, 0, 0} }},
	{{ {11895, 0, -11895}, 0, {0, 0}, {0, 0, 0, 0} }},
};

Vtx rr_dl_Water_Box_Mesh_001_mesh_layer_5_vtx_0[4] = {
	{{ {-11895, 0, 11895}, 0, {-5420, 496}, {0, 127, 0, 255} }},
	{{ {11895, 0, 11895}, 0, {496, 6412}, {0, 127, 0, 255} }},
	{{ {11895, 0, -11895}, 0, {6412, 496}, {0, 127, 0, 255} }},
	{{ {-11895, 0, -11895}, 0, {496, -5420}, {0, 127, 0, 255} }},
};

Gfx rr_dl_Water_Box_Mesh_001_mesh_layer_5_tri_0[] = {
	gsSPVertex(rr_dl_Water_Box_Mesh_001_mesh_layer_5_vtx_0 + 0, 4, 0),
	gsSP2Triangles(0, 1, 2, 0, 0, 2, 3, 0),
	gsSPEndDisplayList(),
};

Gfx mat_rr_dl_green_f3d[] = {
	gsSPLightColor(LIGHT_1, 0xFFFFFFFF),
	gsSPLightColor(LIGHT_2, 0x7F7F7FFF),
	gsDPPipeSync(),
	gsDPSetCombineLERP(TEXEL0, 0, SHADE, 0, 0, 0, 0, ENVIRONMENT, TEXEL0, 0, SHADE, 0, 0, 0, 0, ENVIRONMENT),
	gsDPSetAlphaDither(G_AD_NOISE),
	gsDPSetTextureFilter(G_TF_POINT),
	gsDPSetTextureLUT(G_TT_RGBA16),
	gsSPTexture(65535, 65535, 0, 0, 1),
	gsDPSetTextureImage(G_IM_FMT_RGBA, G_IM_SIZ_16b, 1, rr_dl_kusa_pal_rgba16),
	gsDPSetTile(0, 0, 0, 256, 5, 0, G_TX_WRAP | G_TX_NOMIRROR, 0, 0, G_TX_WRAP | G_TX_NOMIRROR, 0, 0),
	gsDPLoadTLUTCmd(5, 9),
	gsDPSetTextureImage(G_IM_FMT_CI, G_IM_SIZ_16b, 1, rr_dl_kusa_ci4),
	gsDPSetTile(G_IM_FMT_CI, G_IM_SIZ_16b, 0, 0, 7, 0, G_TX_WRAP | G_TX_NOMIRROR, 0, 0, G_TX_WRAP | G_TX_NOMIRROR, 0, 0),
	gsDPLoadBlock(7, 0, 0, 127, 1024),
	gsDPSetTile(G_IM_FMT_CI, G_IM_SIZ_4b, 2, 0, 0, 0, G_TX_WRAP | G_TX_NOMIRROR, 4, 0, G_TX_WRAP | G_TX_NOMIRROR, 5, 0),
	gsDPSetTileSize(0, 0, 0, 124, 60),
	gsSPEndDisplayList(),
};

Gfx mat_revert_rr_dl_green_f3d[] = {
	gsDPPipeSync(),
	gsDPSetAlphaDither(G_AD_DISABLE),
	gsDPSetTextureFilter(G_TF_BILERP),
	gsDPSetTextureLUT(G_TT_NONE),
	gsSPEndDisplayList(),
};

Gfx mat_rr_dl_hitode_f3d[] = {
	gsSPClearGeometryMode(G_CULL_BACK),
	gsDPPipeSync(),
	gsDPSetCombineLERP(0, 0, 0, TEXEL0, 0, 0, 0, TEXEL0, 0, 0, 0, TEXEL0, 0, 0, 0, TEXEL0),
	gsDPSetAlphaDither(G_AD_NOISE),
	gsDPSetTextureFilter(G_TF_POINT),
	gsDPSetTextureLUT(G_TT_RGBA16),
	gsSPTexture(65535, 65535, 0, 0, 1),
	gsDPSetTextureImage(G_IM_FMT_RGBA, G_IM_SIZ_16b, 1, rr_dl_hitode02_pal_rgba16),
	gsDPSetTile(0, 0, 0, 256, 5, 0, G_TX_WRAP | G_TX_NOMIRROR, 0, 0, G_TX_WRAP | G_TX_NOMIRROR, 0, 0),
	gsDPLoadTLUTCmd(5, 37),
	gsDPSetTextureImage(G_IM_FMT_CI, G_IM_SIZ_8b_LOAD_BLOCK, 1, rr_dl_hitode02_ci8),
	gsDPSetTile(G_IM_FMT_CI, G_IM_SIZ_8b_LOAD_BLOCK, 0, 0, 7, 0, G_TX_WRAP | G_TX_NOMIRROR, 0, 0, G_TX_WRAP | G_TX_NOMIRROR, 0, 0),
	gsDPLoadBlock(7, 0, 0, 255, 1024),
	gsDPSetTile(G_IM_FMT_CI, G_IM_SIZ_8b, 2, 0, 0, 0, G_TX_WRAP | G_TX_NOMIRROR, 5, 0, G_TX_WRAP | G_TX_MIRROR, 4, 0),
	gsDPSetTileSize(0, 0, 0, 60, 124),
	gsSPEndDisplayList(),
};

Gfx mat_revert_rr_dl_hitode_f3d[] = {
	gsSPSetGeometryMode(G_CULL_BACK),
	gsDPPipeSync(),
	gsDPSetAlphaDither(G_AD_DISABLE),
	gsDPSetTextureFilter(G_TF_BILERP),
	gsDPSetTextureLUT(G_TT_NONE),
	gsSPEndDisplayList(),
};

Gfx mat_rr_dl_iwa_f3d[] = {
	gsSPLightColor(LIGHT_1, 0xFFFFFFFF),
	gsSPLightColor(LIGHT_2, 0x7F7F7FFF),
	gsDPPipeSync(),
	gsDPSetCombineLERP(TEXEL0, 0, SHADE, 0, 0, 0, 0, ENVIRONMENT, TEXEL0, 0, SHADE, 0, 0, 0, 0, ENVIRONMENT),
	gsDPSetAlphaDither(G_AD_NOISE),
	gsDPSetTextureFilter(G_TF_POINT),
	gsDPSetTextureLUT(G_TT_RGBA16),
	gsSPTexture(65535, 65535, 0, 0, 1),
	gsDPSetTextureImage(G_IM_FMT_RGBA, G_IM_SIZ_16b, 1, rr_dl_iwa_2_pal_rgba16),
	gsDPSetTile(0, 0, 0, 256, 5, 0, G_TX_WRAP | G_TX_NOMIRROR, 0, 0, G_TX_WRAP | G_TX_NOMIRROR, 0, 0),
	gsDPLoadTLUTCmd(5, 13),
	gsDPSetTextureImage(G_IM_FMT_CI, G_IM_SIZ_16b, 1, rr_dl_iwa_2_ci4),
	gsDPSetTile(G_IM_FMT_CI, G_IM_SIZ_16b, 0, 0, 7, 0, G_TX_WRAP | G_TX_NOMIRROR, 0, 0, G_TX_WRAP | G_TX_NOMIRROR, 0, 0),
	gsDPLoadBlock(7, 0, 0, 255, 1024),
	gsDPSetTile(G_IM_FMT_CI, G_IM_SIZ_4b, 2, 0, 0, 0, G_TX_WRAP | G_TX_NOMIRROR, 5, 0, G_TX_WRAP | G_TX_NOMIRROR, 5, 0),
	gsDPSetTileSize(0, 0, 0, 124, 124),
	gsSPEndDisplayList(),
};

Gfx mat_revert_rr_dl_iwa_f3d[] = {
	gsDPPipeSync(),
	gsDPSetAlphaDither(G_AD_DISABLE),
	gsDPSetTextureFilter(G_TF_BILERP),
	gsDPSetTextureLUT(G_TT_NONE),
	gsSPEndDisplayList(),
};

Gfx mat_rr_dl_j_suna02_f3d[] = {
	gsSPLightColor(LIGHT_1, 0xFFFFFFFF),
	gsSPLightColor(LIGHT_2, 0x7F7F7FFF),
	gsDPPipeSync(),
	gsDPSetCombineLERP(TEXEL0, 0, SHADE, 0, 0, 0, 0, ENVIRONMENT, TEXEL0, 0, SHADE, 0, 0, 0, 0, ENVIRONMENT),
	gsDPSetAlphaDither(G_AD_NOISE),
	gsDPSetTextureFilter(G_TF_POINT),
	gsDPSetTextureLUT(G_TT_RGBA16),
	gsSPTexture(65535, 65535, 0, 0, 1),
	gsDPSetTextureImage(G_IM_FMT_RGBA, G_IM_SIZ_16b, 1, rr_dl_siro_suna_pal_rgba16),
	gsDPSetTile(0, 0, 0, 256, 5, 0, G_TX_WRAP | G_TX_NOMIRROR, 0, 0, G_TX_WRAP | G_TX_NOMIRROR, 0, 0),
	gsDPLoadTLUTCmd(5, 18),
	gsDPSetTextureImage(G_IM_FMT_CI, G_IM_SIZ_8b_LOAD_BLOCK, 1, rr_dl_siro_suna_ci8),
	gsDPSetTile(G_IM_FMT_CI, G_IM_SIZ_8b_LOAD_BLOCK, 0, 0, 7, 0, G_TX_WRAP | G_TX_NOMIRROR, 0, 0, G_TX_WRAP | G_TX_NOMIRROR, 0, 0),
	gsDPLoadBlock(7, 0, 0, 1023, 256),
	gsDPSetTile(G_IM_FMT_CI, G_IM_SIZ_8b, 8, 0, 0, 0, G_TX_WRAP | G_TX_NOMIRROR, 5, 0, G_TX_WRAP | G_TX_NOMIRROR, 6, 0),
	gsDPSetTileSize(0, 0, 0, 252, 124),
	gsSPEndDisplayList(),
};

Gfx mat_revert_rr_dl_j_suna02_f3d[] = {
	gsDPPipeSync(),
	gsDPSetAlphaDither(G_AD_DISABLE),
	gsDPSetTextureFilter(G_TF_BILERP),
	gsDPSetTextureLUT(G_TT_NONE),
	gsSPEndDisplayList(),
};

Gfx mat_rr_dl_kusa_suna_f3d[] = {
	gsSPLightColor(LIGHT_1, 0xFFFFFFFF),
	gsSPLightColor(LIGHT_2, 0x7F7F7FFF),
	gsDPPipeSync(),
	gsDPSetCombineLERP(TEXEL0, 0, SHADE, 0, 0, 0, 0, ENVIRONMENT, TEXEL0, 0, SHADE, 0, 0, 0, 0, ENVIRONMENT),
	gsDPSetAlphaDither(G_AD_NOISE),
	gsDPSetTextureFilter(G_TF_POINT),
	gsDPSetTextureLUT(G_TT_RGBA16),
	gsSPTexture(65535, 65535, 0, 0, 1),
	gsDPSetTextureImage(G_IM_FMT_RGBA, G_IM_SIZ_16b, 1, rr_dl_kusa_suna_pal_rgba16),
	gsDPSetTile(0, 0, 0, 256, 5, 0, G_TX_WRAP | G_TX_NOMIRROR, 0, 0, G_TX_WRAP | G_TX_NOMIRROR, 0, 0),
	gsDPLoadTLUTCmd(5, 71),
	gsDPSetTextureImage(G_IM_FMT_CI, G_IM_SIZ_8b_LOAD_BLOCK, 1, rr_dl_kusa_suna_ci8),
	gsDPSetTile(G_IM_FMT_CI, G_IM_SIZ_8b_LOAD_BLOCK, 0, 0, 7, 0, G_TX_WRAP | G_TX_NOMIRROR, 0, 0, G_TX_WRAP | G_TX_NOMIRROR, 0, 0),
	gsDPLoadBlock(7, 0, 0, 1023, 512),
	gsDPSetTile(G_IM_FMT_CI, G_IM_SIZ_8b, 4, 0, 0, 0, G_TX_WRAP | G_TX_NOMIRROR, 6, 0, G_TX_WRAP | G_TX_NOMIRROR, 5, 0),
	gsDPSetTileSize(0, 0, 0, 124, 252),
	gsSPEndDisplayList(),
};

Gfx mat_revert_rr_dl_kusa_suna_f3d[] = {
	gsDPPipeSync(),
	gsDPSetAlphaDither(G_AD_DISABLE),
	gsDPSetTextureFilter(G_TF_BILERP),
	gsDPSetTextureLUT(G_TT_NONE),
	gsSPEndDisplayList(),
};

Gfx mat_rr_dl_sango_f3d[] = {
	gsSPLightColor(LIGHT_1, 0xFFFFFFFF),
	gsSPLightColor(LIGHT_2, 0x7F7F7FFF),
	gsDPPipeSync(),
	gsDPSetCombineLERP(TEXEL0, 0, SHADE, 0, 0, 0, 0, ENVIRONMENT, TEXEL0, 0, SHADE, 0, 0, 0, 0, ENVIRONMENT),
	gsDPSetAlphaDither(G_AD_NOISE),
	gsDPSetTextureFilter(G_TF_POINT),
	gsDPSetTextureLUT(G_TT_RGBA16),
	gsSPTexture(65535, 65535, 0, 0, 1),
	gsDPSetTextureImage(G_IM_FMT_RGBA, G_IM_SIZ_16b, 1, rr_dl_sango_pal_rgba16),
	gsDPSetTile(0, 0, 0, 256, 5, 0, G_TX_WRAP | G_TX_NOMIRROR, 0, 0, G_TX_WRAP | G_TX_NOMIRROR, 0, 0),
	gsDPLoadTLUTCmd(5, 14),
	gsDPSetTextureImage(G_IM_FMT_CI, G_IM_SIZ_16b, 1, rr_dl_sango_ci4),
	gsDPSetTile(G_IM_FMT_CI, G_IM_SIZ_16b, 0, 0, 7, 0, G_TX_WRAP | G_TX_NOMIRROR, 0, 0, G_TX_WRAP | G_TX_NOMIRROR, 0, 0),
	gsDPLoadBlock(7, 0, 0, 255, 1024),
	gsDPSetTile(G_IM_FMT_CI, G_IM_SIZ_4b, 2, 0, 0, 0, G_TX_WRAP | G_TX_NOMIRROR, 5, 0, G_TX_WRAP | G_TX_NOMIRROR, 5, 0),
	gsDPSetTileSize(0, 0, 0, 124, 124),
	gsSPEndDisplayList(),
};

Gfx mat_revert_rr_dl_sango_f3d[] = {
	gsDPPipeSync(),
	gsDPSetAlphaDither(G_AD_DISABLE),
	gsDPSetTextureFilter(G_TF_BILERP),
	gsDPSetTextureLUT(G_TT_NONE),
	gsSPEndDisplayList(),
};

Gfx mat_rr_dl_tutikabe_f3d[] = {
	gsSPClearGeometryMode(G_LIGHTING),
	gsDPPipeSync(),
	gsDPSetCombineLERP(TEXEL0, 0, SHADE, 0, ENVIRONMENT, 0, SHADE, 0, TEXEL0, 0, SHADE, 0, ENVIRONMENT, 0, SHADE, 0),
	gsDPSetAlphaDither(G_AD_NOISE),
	gsDPSetTextureFilter(G_TF_POINT),
	gsDPSetTextureLUT(G_TT_RGBA16),
	gsSPTexture(65535, 65535, 0, 0, 1),
	gsDPSetTextureImage(G_IM_FMT_RGBA, G_IM_SIZ_16b, 1, rr_dl_tutikabe_pal_rgba16),
	gsDPSetTile(0, 0, 0, 256, 5, 0, G_TX_WRAP | G_TX_NOMIRROR, 0, 0, G_TX_WRAP | G_TX_NOMIRROR, 0, 0),
	gsDPLoadTLUTCmd(5, 37),
	gsDPSetTextureImage(G_IM_FMT_CI, G_IM_SIZ_8b_LOAD_BLOCK, 1, rr_dl_tutikabe_ci8),
	gsDPSetTile(G_IM_FMT_CI, G_IM_SIZ_8b_LOAD_BLOCK, 0, 0, 7, 0, G_TX_WRAP | G_TX_NOMIRROR, 0, 0, G_TX_WRAP | G_TX_NOMIRROR, 0, 0),
	gsDPLoadBlock(7, 0, 0, 511, 512),
	gsDPSetTile(G_IM_FMT_CI, G_IM_SIZ_8b, 4, 0, 0, 0, G_TX_WRAP | G_TX_NOMIRROR, 5, 0, G_TX_WRAP | G_TX_NOMIRROR, 5, 0),
	gsDPSetTileSize(0, 0, 0, 124, 124),
	gsSPEndDisplayList(),
};

Gfx mat_revert_rr_dl_tutikabe_f3d[] = {
	gsSPSetGeometryMode(G_LIGHTING),
	gsDPPipeSync(),
	gsDPSetAlphaDither(G_AD_DISABLE),
	gsDPSetTextureFilter(G_TF_BILERP),
	gsDPSetTextureLUT(G_TT_NONE),
	gsSPEndDisplayList(),
};

Gfx mat_rr_dl_sm64_water_mat[] = {
	gsSPClearGeometryMode(G_CULL_BACK),
	gsSPLightColor(LIGHT_1, 0xFFFFFFFF),
	gsSPLightColor(LIGHT_2, 0x7F7F7FFF),
	gsDPPipeSync(),
	gsDPSetCombineLERP(TEXEL0, 0, SHADE, 0, TEXEL0, 0, PRIMITIVE, 0, TEXEL0, 0, SHADE, 0, TEXEL0, 0, PRIMITIVE, 0),
	gsDPSetAlphaDither(G_AD_NOISE),
	gsDPSetTextureLUT(G_TT_RGBA16),
	gsSPTexture(65535, 65535, 0, 0, 1),
	gsDPSetPrimColor(0, 0, 255, 255, 255, 153),
	gsDPSetTextureImage(G_IM_FMT_RGBA, G_IM_SIZ_16b, 1, rr_dl_water_pal_rgba16),
	gsDPSetTile(0, 0, 0, 256, 5, 0, G_TX_WRAP | G_TX_NOMIRROR, 0, 0, G_TX_WRAP | G_TX_NOMIRROR, 0, 0),
	gsDPLoadTLUTCmd(5, 13),
	gsDPSetTextureImage(G_IM_FMT_CI, G_IM_SIZ_16b, 1, rr_dl_water_ci4),
	gsDPSetTile(G_IM_FMT_CI, G_IM_SIZ_16b, 0, 0, 7, 0, G_TX_WRAP | G_TX_NOMIRROR, 0, 0, G_TX_WRAP | G_TX_NOMIRROR, 0, 0),
	gsDPLoadBlock(7, 0, 0, 255, 1024),
	gsDPSetTile(G_IM_FMT_CI, G_IM_SIZ_4b, 2, 0, 0, 0, G_TX_WRAP | G_TX_NOMIRROR, 5, 0, G_TX_WRAP | G_TX_NOMIRROR, 5, 0),
	gsDPSetTileSize(0, 0, 0, 124, 124),
	gsSPEndDisplayList(),
};

Gfx mat_revert_rr_dl_sm64_water_mat[] = {
	gsSPSetGeometryMode(G_CULL_BACK),
	gsDPPipeSync(),
	gsDPSetAlphaDither(G_AD_DISABLE),
	gsDPSetTextureLUT(G_TT_NONE),
	gsSPEndDisplayList(),
};

Gfx rr_dl_r0_node_mesh_layer_1[] = {
	gsSPClearGeometryMode(G_LIGHTING),
	gsSPVertex(rr_dl_r0_node_mesh_layer_1_vtx_cull + 0, 8, 0),
	gsSPSetGeometryMode(G_LIGHTING),
	gsSPCullDisplayList(0, 7),
	gsSPDisplayList(mat_rr_dl_green_f3d),
	gsSPDisplayList(rr_dl_r0_node_mesh_layer_1_tri_0),
	gsSPDisplayList(mat_revert_rr_dl_green_f3d),
	gsSPDisplayList(mat_rr_dl_iwa_f3d),
	gsSPDisplayList(rr_dl_r0_node_mesh_layer_1_tri_1),
	gsSPDisplayList(mat_revert_rr_dl_iwa_f3d),
	gsSPDisplayList(mat_rr_dl_j_suna02_f3d),
	gsSPDisplayList(rr_dl_r0_node_mesh_layer_1_tri_2),
	gsSPDisplayList(mat_revert_rr_dl_j_suna02_f3d),
	gsSPDisplayList(mat_rr_dl_kusa_suna_f3d),
	gsSPDisplayList(rr_dl_r0_node_mesh_layer_1_tri_3),
	gsSPDisplayList(mat_revert_rr_dl_kusa_suna_f3d),
	gsSPDisplayList(mat_rr_dl_sango_f3d),
	gsSPDisplayList(rr_dl_r0_node_mesh_layer_1_tri_4),
	gsSPDisplayList(mat_revert_rr_dl_sango_f3d),
	gsSPDisplayList(mat_rr_dl_tutikabe_f3d),
	gsSPDisplayList(rr_dl_r0_node_mesh_layer_1_tri_5),
	gsSPDisplayList(mat_revert_rr_dl_tutikabe_f3d),
	gsSPEndDisplayList(),
};

Gfx rr_dl_r0_node_mesh_layer_4[] = {
	gsSPClearGeometryMode(G_LIGHTING),
	gsSPVertex(rr_dl_r0_node_mesh_layer_4_vtx_cull + 0, 8, 0),
	gsSPSetGeometryMode(G_LIGHTING),
	gsSPCullDisplayList(0, 7),
	gsSPDisplayList(mat_rr_dl_hitode_f3d),
	gsSPDisplayList(rr_dl_r0_node_mesh_layer_4_tri_0),
	gsSPDisplayList(mat_revert_rr_dl_hitode_f3d),
	gsSPEndDisplayList(),
};

Gfx rr_dl_Water_Box_Mesh_001_mesh_layer_5[] = {
	gsSPClearGeometryMode(G_LIGHTING),
	gsSPVertex(rr_dl_Water_Box_Mesh_001_mesh_layer_5_vtx_cull + 0, 8, 0),
	gsSPSetGeometryMode(G_LIGHTING),
	gsSPCullDisplayList(0, 7),
	gsSPDisplayList(mat_rr_dl_sm64_water_mat),
	gsSPDisplayList(rr_dl_Water_Box_Mesh_001_mesh_layer_5_tri_0),
	gsSPDisplayList(mat_revert_rr_dl_sm64_water_mat),
	gsSPEndDisplayList(),
};

Gfx rr_dl_final_revert_mesh_layer_1[] = {
	gsDPPipeSync(),
	gsSPSetGeometryMode(G_LIGHTING),
	gsSPClearGeometryMode(G_TEXTURE_GEN),
	gsDPSetCombineLERP(0, 0, 0, SHADE, 0, 0, 0, ENVIRONMENT, 0, 0, 0, SHADE, 0, 0, 0, ENVIRONMENT),
	gsSPTexture(65535, 65535, 0, 0, 0),
	gsDPSetEnvColor(255, 255, 255, 255),
	gsDPSetAlphaCompare(G_AC_NONE),
	gsSPEndDisplayList(),
};

Gfx rr_dl_final_revert_mesh_layer_4[] = {
	gsDPPipeSync(),
	gsSPSetGeometryMode(G_LIGHTING),
	gsSPClearGeometryMode(G_TEXTURE_GEN),
	gsDPSetCombineLERP(0, 0, 0, SHADE, 0, 0, 0, ENVIRONMENT, 0, 0, 0, SHADE, 0, 0, 0, ENVIRONMENT),
	gsSPTexture(65535, 65535, 0, 0, 0),
	gsDPSetEnvColor(255, 255, 255, 255),
	gsDPSetAlphaCompare(G_AC_NONE),
	gsSPEndDisplayList(),
};

Gfx rr_dl_final_revert_mesh_layer_5[] = {
	gsDPPipeSync(),
	gsSPSetGeometryMode(G_LIGHTING),
	gsSPClearGeometryMode(G_TEXTURE_GEN),
	gsDPSetCombineLERP(0, 0, 0, SHADE, 0, 0, 0, ENVIRONMENT, 0, 0, 0, SHADE, 0, 0, 0, ENVIRONMENT),
	gsSPTexture(65535, 65535, 0, 0, 0),
	gsDPSetEnvColor(255, 255, 255, 255),
	gsDPSetAlphaCompare(G_AC_NONE),
	gsSPEndDisplayList(),
};

