Gfx castle_grounds_dl_mulittex1_i4_i4_aligner[] = {gsSPEndDisplayList()};
u8 castle_grounds_dl_mulittex1_i4_i4[] = {
	0xdc, 0xee, 0xed, 0xdc, 0xdd, 0xdc, 0xcd, 0xde, 
	0xed, 0xdd, 0xee, 0xed, 0xdd, 0xee, 0xee, 0xde, 
	0xee, 0xee, 0xcb, 0xdc, 0xcd, 0xdd, 0xcd, 0xed, 
	0xcc, 0xcd, 0xed, 0xcc, 0xcc, 0xcc, 0xdd, 0xdd, 
	0xdc, 0xee, 0xee, 0xdd, 0xee, 0xdc, 0xcd, 0xde, 
	0xed, 0xdd, 0xde, 0xdd, 0xdd, 0xdd, 0xed, 0xdd, 
	0xdd, 0xdd, 0xcc, 0xdc, 0xcd, 0xdd, 0xdd, 0xed, 
	0xcd, 0xde, 0xed, 0xbc, 0xcc, 0xcc, 0xdd, 0xdd, 
	0xdd, 0xdd, 0xed, 0xdd, 0xee, 0xdd, 0xdd, 0xdd, 
	0xdc, 0xdd, 0xdd, 0xdd, 0xdd, 0xcd, 0xdd, 0xec, 
	0xcc, 0xcd, 0xcc, 0xdd, 0xcc, 0xed, 0xdd, 0xdd, 
	0xdd, 0xde, 0xed, 0xcb, 0xcc, 0xcd, 0xdd, 0xdd, 
	0xdd, 0xdd, 0xdd, 0xcc, 0xde, 0xdd, 0xdd, 0xdd, 
	0xde, 0xdd, 0xdd, 0xdd, 0xdd, 0xdd, 0xdd, 0xed, 
	0xcd, 0xdd, 0xdd, 0xdd, 0xcc, 0xdd, 0xcd, 0xdd, 
	0xdc, 0xde, 0xed, 0xdc, 0xcc, 0xcd, 0xee, 0xdd, 
	0xdd, 0xde, 0xed, 0xcc, 0xdd, 0xed, 0xed, 0xdd, 
	0xee, 0xdd, 0xdd, 0xdd, 0xdd, 0xdd, 0xdc, 0xdd, 
	0xcc, 0xdd, 0xdd, 0xdd, 0xdc, 0xdc, 0xcd, 0xdd, 
	0xdc, 0xdd, 0xdc, 0xcc, 0xcc, 0xcd, 0xee, 0xdc, 
	0xdd, 0xdd, 0xed, 0xcc, 0xdd, 0xed, 0xdd, 0xde, 
	0xdd, 0xed, 0xdd, 0xdd, 0xdd, 0xcd, 0xcc, 0xcd, 
	0xdc, 0xdd, 0xdd, 0xcd, 0xdc, 0xdd, 0xdd, 0xdd, 
	0xdc, 0xed, 0xcb, 0xbc, 0xcc, 0xdd, 0xee, 0xdc, 
	0xdd, 0xdd, 0xdc, 0xbc, 0xcd, 0xdd, 0xdd, 0xee, 
	0xed, 0xdd, 0xdd, 0xdc, 0xcd, 0xdd, 0xdd, 0xdd, 
	0xdd, 0xcd, 0xdd, 0xcc, 0xdd, 0xed, 0xdd, 0xcd, 
	0xdd, 0xdd, 0xcb, 0xbc, 0xcd, 0xdd, 0xee, 0xdd, 
	0xdd, 0xdd, 0xdc, 0xcc, 0xdd, 0xdd, 0xee, 0xde, 
	0xde, 0xed, 0xdd, 0xdd, 0xdd, 0xdd, 0xdd, 0xdc, 
	0xdd, 0xcc, 0xdd, 0xcd, 0xdd, 0xed, 0xdd, 0xcc, 
	0xdd, 0xcc, 0xdd, 0xcc, 0xcd, 0xdd, 0xdd, 0xee, 
	0xdc, 0xdc, 0xcc, 0xcc, 0xdd, 0xdd, 0xde, 0xee, 
	0xdd, 0xdd, 0xdd, 0xdd, 0xde, 0xdd, 0xdd, 0xdc, 
	0xcd, 0xcc, 0xdd, 0xcd, 0xee, 0xdd, 0xdd, 0xdc, 
	0xdc, 0xcc, 0xcc, 0xcc, 0xde, 0xdd, 0xde, 0xee, 
	0xdc, 0xdd, 0xdd, 0xcc, 0xcc, 0xdd, 0xde, 0xee, 
	0xee, 0xee, 0xee, 0xdd, 0xed, 0xdd, 0xdd, 0xdc, 
	0xcd, 0xdc, 0xdd, 0xdd, 0xed, 0xed, 0xdd, 0xcc, 
	0xdd, 0xdc, 0xcc, 0xcd, 0xdd, 0xdd, 0xde, 0xee, 
	0xdc, 0xcd, 0xdd, 0xcd, 0xdc, 0xdd, 0xdd, 0xde, 
	0xee, 0xee, 0xed, 0xdd, 0xdd, 0xdd, 0xdd, 0xdd, 
	0xcd, 0xdc, 0xdd, 0xdd, 0xdd, 0xed, 0xdd, 0xcd, 
	0xdd, 0xdc, 0xcc, 0xdd, 0xdd, 0xdd, 0xee, 0xed, 
	0xdd, 0xdd, 0xdd, 0xcd, 0xdc, 0xdc, 0xdd, 0xde, 
	0xee, 0xee, 0xdd, 0xdd, 0xdd, 0xdd, 0xdc, 0xdd, 
	0xdd, 0xdc, 0xcd, 0xdd, 0xdd, 0xdd, 0xdd, 0xdd, 
	0xdd, 0xdd, 0xdd, 0xdd, 0xdd, 0xdd, 0xdd, 0xdd, 
	0xde, 0xed, 0xdd, 0xcc, 0xcd, 0xdd, 0xde, 0xde, 
	0xee, 0xed, 0xdd, 0xdd, 0xdd, 0xcc, 0xdc, 0xcc, 
	0xdd, 0xdc, 0xcd, 0xdd, 0xdd, 0xcd, 0xee, 0xdd, 
	0xdd, 0xdd, 0xdd, 0xdd, 0xdd, 0xdd, 0xdc, 0xcd, 
	0xde, 0xdc, 0xcd, 0xcb, 0xcc, 0xdd, 0xdd, 0xcd, 
	0xee, 0xee, 0xee, 0xdd, 0xdd, 0xdc, 0xcc, 0xcc, 
	0xcc, 0xcd, 0xdd, 0xdd, 0xdd, 0xdd, 0xee, 0xdd, 
	0xdd, 0xdd, 0xdc, 0xde, 0xec, 0xdd, 0xdc, 0xdd, 
	0xde, 0xcc, 0xdd, 0xcc, 0xdc, 0xcd, 0xdd, 0xdd, 
	0xdd, 0xed, 0xdd, 0xee, 0xdd, 0xcc, 0xcd, 0xcb, 
	0xcd, 0xdd, 0xdd, 0xdc, 0xde, 0xdd, 0xde, 0xdd, 
	0xdd, 0xdd, 0xcc, 0xde, 0xdc, 0xdd, 0xdd, 0xee, 
	0xdd, 0xcd, 0xdc, 0xcc, 0xdd, 0xdd, 0xde, 0xdd, 
	0xde, 0xee, 0xdd, 0xdd, 0xde, 0xdd, 0xdd, 0xdc, 
	0xcd, 0xdd, 0xdd, 0xdd, 0xdd, 0xdd, 0xde, 0xdd, 
	0xed, 0xdd, 0xdd, 0xcd, 0xdc, 0xcd, 0xdd, 0xee, 
	0xdc, 0xdd, 0xdd, 0xdd, 0xcc, 0xdd, 0xdd, 0xdd, 
	0xde, 0xed, 0xdd, 0xdd, 0xdd, 0xdd, 0xcd, 0xdd, 
	0xdd, 0xde, 0xed, 0xdd, 0xdd, 0xde, 0xdd, 0xdd, 
	0xdd, 0xcd, 0xdc, 0xcc, 0xdd, 0xdd, 0xde, 0xed, 
	0xcc, 0xdd, 0xcc, 0xde, 0xdd, 0xdd, 0xdd, 0xee, 
	0xed, 0xdd, 0xcd, 0xdd, 0xdd, 0xdd, 0xdd, 0xdd, 
	0xdc, 0xde, 0xde, 0xee, 0xed, 0xde, 0xee, 0xee, 
	0xdd, 0xdd, 0xdd, 0xcc, 0xcd, 0xdd, 0xee, 0xed, 
	0xcc, 0xcc, 0xcd, 0xdd, 0xdd, 0xdd, 0xde, 0xee, 
	0xed, 0xdd, 0xcd, 0xdd, 0xde, 0xdd, 0xdd, 0xdd, 
	0xdc, 0xdd, 0xdd, 0xdd, 0xdd, 0xdd, 0xee, 0xed, 
	0xdd, 0xdd, 0xdd, 0xcc, 0xcd, 0xdd, 0xee, 0xed, 
	0xcc, 0xcc, 0xdd, 0xdd, 0xdd, 0xdd, 0xdd, 0xde, 
	0xed, 0xdd, 0xcc, 0xdd, 0xde, 0xdc, 0xdd, 0xdd, 
	0xdc, 0xed, 0xde, 0xed, 0xdd, 0xdd, 0xdd, 0xdd, 
	0xde, 0xdc, 0xcc, 0xcc, 0xdc, 0xee, 0xee, 0xed, 
	0xdd, 0xcd, 0xdd, 0xdd, 0xde, 0xed, 0xed, 0xdd, 
	0xdd, 0xde, 0xdd, 0xdd, 0xdd, 0xcd, 0xdd, 0xdd, 
	0xdd, 0xdd, 0xee, 0xed, 0xdd, 0xdd, 0xdd, 0xde, 
	0xde, 0xdd, 0xcc, 0xcd, 0xdd, 0xee, 0xdd, 0xdd, 
	0xcd, 0xdd, 0xdd, 0xdd, 0xdd, 0xee, 0xed, 0xdd, 
	0xdd, 0xde, 0xdd, 0xdd, 0xcc, 0xcd, 0xdc, 0xcd, 
	0xdd, 0xdd, 0xdd, 0xdd, 0xdd, 0xdd, 0xcd, 0xdd, 
	0xee, 0xed, 0xdc, 0xdd, 0xde, 0xee, 0xdd, 0xcc, 
	0xcd, 0xdd, 0xdc, 0xdd, 0xee, 0xee, 0xee, 0xdd, 
	0xdd, 0xdd, 0xdd, 0xdd, 0xcc, 0xdd, 0xdd, 0xdd, 
	0xdd, 0xdd, 0xed, 0xdd, 0xdd, 0xdd, 0xcc, 0xcd, 
	0xde, 0xed, 0xdd, 0xcd, 0xde, 0xee, 0xdd, 0xdc, 
	0xcc, 0xdd, 0xcc, 0xdd, 0xdd, 0xdd, 0xdd, 0xdd, 
	0xdd, 0xde, 0xed, 0xdd, 0xdd, 0xdc, 0xcc, 0xdd, 
	0xdd, 0xee, 0xdd, 0xdd, 0xcd, 0xcc, 0xdd, 0xdd, 
	0xdd, 0xdd, 0xdc, 0xcc, 0xdd, 0xee, 0xdd, 0xdd, 
	0xcd, 0xdd, 0xdd, 0xdd, 0xed, 0xdd, 0xcd, 0xdd, 
	0xdc, 0xdd, 0xdc, 0xdd, 0xdd, 0xdc, 0xcc, 0xdd, 
	0xdd, 0xee, 0xed, 0xdd, 0xcd, 0xdc, 0xdd, 0xdd, 
	0xde, 0xdd, 0xdc, 0xdd, 0xdd, 0xee, 0xee, 0xdc, 
	0xcc, 0xdd, 0xdd, 0xdd, 0xed, 0xdd, 0xcc, 0xdd, 
	0xdd, 0xdd, 0xdd, 0xdc, 0xdc, 0xcc, 0xcd, 0xdd, 
	0xee, 0xdd, 0xed, 0xdd, 0xdc, 0xcc, 0xdd, 0xdd, 
	0xdd, 0xdd, 0xcc, 0xcd, 0xdd, 0xdd, 0xed, 0xcc, 
	0xdc, 0xdd, 0xdd, 0xdd, 0xdc, 0xdd, 0xdd, 0xdd, 
	0xde, 0xed, 0xcc, 0xdc, 0xcd, 0xdc, 0xcd, 0xdd, 
	0xee, 0xee, 0xee, 0xdd, 0xdc, 0xcd, 0xcc, 0xde, 
	0xdd, 0xdd, 0xcc, 0xcd, 0xed, 0xdd, 0xed, 0xcc, 
	0xdd, 0xdd, 0xdd, 0xdc, 0xcc, 0xdd, 0xdd, 0xdd, 
	0xdd, 0xdd, 0xdc, 0xdd, 0xdd, 0xcc, 0xdd, 0xdd, 
	0xee, 0xee, 0xee, 0xdd, 0xdc, 0xcd, 0xcd, 0xdd, 
	0xdd, 0xdd, 0xdd, 0xde, 0xdd, 0xcd, 0xed, 0xcd, 
	0xed, 0xcd, 0xdd, 0xdd, 0xdd, 0xdd, 0xed, 0xdd, 
	0xdd, 0xdd, 0xdd, 0xdd, 0xcc, 0xdc, 0xdd, 0xdd, 
	0xde, 0xdd, 0xed, 0xdd, 0xdc, 0xdc, 0xcd, 0xdd, 
	0xdd, 0xdd, 0xdd, 0xdd, 0xed, 0xcd, 0xed, 0xcd, 
	0xed, 0xdd, 0xdc, 0xdd, 0xdd, 0xdd, 0xed, 0xdd, 
	0xdd, 0xdc, 0xcc, 0xdd, 0xcc, 0xcc, 0xdd, 0xdd, 
	0xed, 0xdc, 0xdd, 0xdd, 0xdc, 0xcc, 0xce, 0xed, 
	0xdd, 0xdd, 0xdc, 0xdd, 0xdd, 0xcd, 0xdd, 0xcd, 
	0xde, 0xdc, 0xcc, 0xdd, 0xdd, 0xdd, 0xdd, 0xdd, 
	0xdd, 0xdc, 0xdd, 0xdd, 0xcc, 0xcc, 0xdd, 0xdd, 
	0xdc, 0xdd, 0xdd, 0xdd, 0xcc, 0xcc, 0xcd, 0xee, 
	0xde, 0xdd, 0xdc, 0xdc, 0xdd, 0xdd, 0xdd, 0xde, 
	0xde, 0xdd, 0xdd, 0xdc, 0xdd, 0xed, 0xdd, 0xdd, 
	0xdd, 0xdd, 0xdd, 0xdd, 0xdd, 0xcd, 0xdd, 0xdd, 
	0xdd, 0xdd, 0xdc, 0xdd, 0xcc, 0xcd, 0xde, 0xee, 
	0xed, 0xdd, 0xdd, 0xcd, 0xdd, 0xdd, 0xdd, 0xdd, 
	0xed, 0xdd, 0xdd, 0xdd, 0xdd, 0xee, 0xdd, 0xdd, 
	0xdd, 0xdd, 0xdc, 0xdd, 0xed, 0xde, 0xdd, 0xdc, 
	0xcd, 0xdd, 0xdd, 0xdd, 0xcd, 0xdd, 0xdd, 0xee, 
	0xdd, 0xdd, 0xdd, 0xcc, 0xcd, 0xcd, 0xdd, 0xdd, 
	0xdd, 0xdd, 0xdd, 0xde, 0xcd, 0xee, 0xdd, 0xdd, 
	0xdc, 0xcd, 0xec, 0xce, 0xdb, 0xbd, 0xcd, 0xdd, 
	0xcd, 0xdc, 0xde, 0xdd, 0xdd, 0xdc, 0xdd, 0xed, 
	0xed, 0xdd, 0xdd, 0xdc, 0xcc, 0xcd, 0xdd, 0xdc, 
	0xcd, 0xdd, 0xdd, 0xdd, 0xcd, 0xed, 0xdd, 0xcc, 
	0xcc, 0xdd, 0xdc, 0xcd, 0xdb, 0xac, 0xdd, 0xdd, 
	0xdd, 0xdd, 0xed, 0xdc, 0xcd, 0xdc, 0xdd, 0xdd, 
	0xdd, 0xdd, 0xdd, 0xdd, 0xdd, 0xcd, 0xdd, 0xec, 
	0xcc, 0xdd, 0xdd, 0xdd, 0xdd, 0xed, 0xdd, 0xdc, 
	0xcc, 0xdd, 0xdd, 0xdc, 0xcc, 0xcd, 0xdd, 0xdd, 
	0xdd, 0xcd, 0xdd, 0xcd, 0xdd, 0xdd, 0xed, 0xce, 
	0xdd, 0xdd, 0xdd, 0xdd, 0xdd, 0xdd, 0xdd, 0xed, 
	0xcc, 0xdd, 0xdd, 0xdd, 0xdd, 0xdd, 0xdd, 0xdd, 
	0xcc, 0xcd, 0xde, 0xdc, 0xcc, 0xbc, 0xdd, 0xdc, 
	0xdd, 0xde, 0xed, 0xcc, 0xdd, 0xee, 0xdd, 0xde, 
	0xed, 0xdd, 0xdd, 0xdd, 0xcd, 0xcd, 0xdc, 0xdd, 
	0xdc, 0xdd, 0xdc, 0xdd, 0xdd, 0xdd, 0xde, 0xed, 
	0xcc, 0xcd, 0xdd, 0xdc, 0xcd, 0xcd, 0xee, 0xdd, 
	0xdd, 0xde, 0xed, 0xcc, 0xdd, 0xed, 0xdd, 0xee, 
	0xed, 0xed, 0xdd, 0xdd, 0xdd, 0xdd, 0xdb, 0xcd, 
	0xdd, 0xdd, 0xdd, 0xcd, 0xdd, 0xcd, 0xdd, 0xdc, 
	0xcc, 0xdd, 0xdd, 0xdd, 0xdd, 0xde, 0xee, 0xee, 
	0xdd, 0xdd, 0xdd, 0xcc, 0xdd, 0xdd, 0xdd, 0xdd, 
	0xee, 0xed, 0xcc, 0xdc, 0xcd, 0xdd, 0xdd, 0xdd, 
	0xcd, 0xcc, 0xdd, 0xcd, 0xdd, 0xdd, 0xdd, 0xdc, 
	0xcd, 0xcd, 0xdd, 0xdc, 0xdd, 0xdd, 0xdd, 0xed, 
	0xdd, 0xdd, 0xdd, 0xdd, 0xdd, 0xdd, 0xdd, 0xdd, 
	0xde, 0xed, 0xcc, 0xdc, 0xdd, 0xdd, 0xdd, 0xdd, 
	0xcd, 0xcc, 0xdd, 0xcd, 0xde, 0xdd, 0xdd, 0xcc, 
	0xdc, 0xdd, 0xcc, 0xcc, 0xcd, 0xdd, 0xdd, 0xed, 
	0xdd, 0xdd, 0xdd, 0xed, 0xdd, 0xdd, 0xdd, 0xdd, 
	0xdd, 0xde, 0xed, 0xdd, 0xde, 0xdd, 0xdd, 0xdc, 
	0xcd, 0xdc, 0xdd, 0xdd, 0xed, 0xed, 0xdd, 0xcc, 
	0xdd, 0xdd, 0xdc, 0xcd, 0xdd, 0xdd, 0xde, 0xed, 
	0xdd, 0xdc, 0xdd, 0xdd, 0xdd, 0xdd, 0xdd, 0xdd, 
	0xde, 0xef, 0xed, 0xdd, 0xde, 0xdd, 0xdd, 0xdc, 
	0xcd, 0xdc, 0xcd, 0xdd, 0xdd, 0xdd, 0xdd, 0xdd, 
	0xdd, 0xdd, 0xdd, 0xcd, 0xdd, 0xdd, 0xee, 0xed, 
	0xdc, 0xcd, 0xdd, 0xcd, 0xdc, 0xdd, 0xdd, 0xdd, 
	0xee, 0xed, 0xdd, 0xdd, 0xdd, 0xdd, 0xdd, 0xdd, 
	0xdd, 0xdc, 0xcd, 0xdd, 0xdc, 0xdd, 0xdc, 0xcd, 
	0xdd, 0xcd, 0xdd, 0xcd, 0xdd, 0xdd, 0xdd, 0xdd, 
	0xcd, 0xdd, 0xdc, 0xcd, 0xdd, 0xdd, 0xed, 0xde, 
	0xee, 0xdd, 0xdd, 0xdd, 0xdc, 0xdd, 0xdc, 0xdd, 
	0xdd, 0xdc, 0xcd, 0xee, 0xdc, 0xcd, 0xdd, 0xdd, 
	0xdd, 0xdd, 0xcd, 0xdd, 0xdd, 0xdd, 0xdd, 0xdd, 
	0xde, 0xee, 0xdd, 0xcc, 0xcc, 0xcd, 0xdd, 0xdd, 
	0xed, 0xde, 0xed, 0xdd, 0xdd, 0xdd, 0xdc, 0xcc, 
	0xcd, 0xcc, 0xcd, 0xde, 0xdd, 0xdd, 0xde, 0xee, 
	0xdc, 0xdd, 0xcc, 0xde, 0xdc, 0xdd, 0xcd, 0xdc, 
	0xde, 0xec, 0xcd, 0xcc, 0xcc, 0xdd, 0xdd, 0xdd, 
	0xdd, 0xdd, 0xdd, 0xdd, 0xdc, 0xdd, 0xcc, 0xcc, 
	0xbc, 0xcc, 0xcd, 0xdd, 0xdd, 0xde, 0xed, 0xdd, 
	0xee, 0xed, 0xcc, 0xdd, 0xdd, 0xdc, 0xcd, 0xdd, 
	0xdd, 0xdc, 0xcc, 0xcb, 0xcd, 0xdd, 0xcd, 0xee, 
	0xdd, 0xdd, 0xdd, 0xdd, 0xcc, 0xdd, 0xcc, 0xcb, 
	0xcc, 0xcd, 0xdc, 0xcd, 0xdd, 0xdd, 0xdd, 0xde, 
	0xee, 0xed, 0xdd, 0xdd, 0xdd, 0xcc, 0xcc, 0xcd, 
	0xcd, 0xdc, 0xcc, 0xdc, 0xcd, 0xdd, 0xdd, 0xed, 
	0xdd, 0xdd, 0xdd, 0xdd, 0xdd, 0xcc, 0xcd, 0xdb, 
	0xcc, 0xcd, 0xdd, 0xcd, 0xde, 0xdd, 0xdd, 0xdd, 
	0xde, 0xed, 0xdd, 0xdd, 0xcc, 0xcd, 0xcc, 0xcc, 
	0xdd, 0xcc, 0xcc, 0xcc, 0xcd, 0xdd, 0xde, 0xed, 
	0xed, 0xdd, 0xdd, 0xed, 0xcc, 0xcc, 0xdd, 0xdd, 
	0xdd, 0xdd, 0xdd, 0xdd, 0xed, 0xdd, 0xdd, 0xdd, 
	0xde, 0xdd, 0xcd, 0xdc, 0xcc, 0xcd, 0xdc, 0xdd, 
	0xdc, 0xcd, 0xcb, 0xcc, 0xdd, 0xdd, 0xde, 0xde, 
	0xed, 0xdd, 0xdd, 0xdd, 0xdd, 0xdc, 0xcd, 0xdd, 
	0xdc, 0xdd, 0xdd, 0xdd, 0xed, 0xdd, 0xdd, 0xdd, 
	0xde, 0xdd, 0xcd, 0xcc, 0xcc, 0xdd, 0xee, 0xde, 
	0xcc, 0xcd, 0xcc, 0xdd, 0xdd, 0xdd, 0xee, 0xde, 
	0xed, 0xdd, 0xdc, 0xdd, 0xdd, 0xdc, 0xcd, 0xdd, 
	0xdd, 0xed, 0xdd, 0xdd, 0xdd, 0xdd, 0xdd, 0xdd, 
	0xdd, 0xdd, 0xdc, 0xcc, 0xdd, 0xdd, 0xde, 0xed, 
	0xcd, 0xdc, 0xdd, 0xdc, 0xdd, 0xed, 0xee, 0xdd, 
	0xde, 0xed, 0xdd, 0xdd, 0xdd, 0xdc, 0xcd, 0xdd, 
	0xdd, 0xed, 0xdd, 0xdd, 0xdd, 0xdd, 0xdd, 0xde, 
	0xdd, 0xdd, 0xcc, 0xdd, 0xdd, 0xee, 0xdd, 0xdd, 
	0xdd, 0xcd, 0xdd, 0xdd, 0xde, 0xed, 0xed, 0xdd, 
	0xee, 0xdc, 0xcd, 0xdd, 0xdd, 0xcc, 0xdd, 0xdd, 
	0xee, 0xdd, 0xdd, 0xed, 0xee, 0xdd, 0xcd, 0xdd, 
	0xee, 0xed, 0xdc, 0xdd, 0xde, 0xee, 0xdd, 0xcc, 
	0xdd, 0xdd, 0xdd, 0xdd, 0xdd, 0xee, 0xdd, 0xde, 
	0xde, 0xcc, 0xde, 0xdd, 0xcc, 0xcc, 0xdd, 0xdd, 
	0xee, 0xed, 0xdd, 0xdd, 0xdd, 0xcc, 0xdd, 0xdd, 
	0xde, 0xed, 0xdd, 0xdd, 0xde, 0xed, 0xdd, 0xdc, 
	0xcd, 0xdd, 0xcc, 0xdd, 0xdd, 0xde, 0xed, 0xdd, 
	0xdd, 0xcd, 0xde, 0xdd, 0xcc, 0xdc, 0xde, 0xdd, 
	0xde, 0xdd, 0xdd, 0xdd, 0xdc, 0xcc, 0xcc, 0xdd, 
	0xdd, 0xdd, 0xdc, 0xcc, 0xde, 0xee, 0xde, 0xdd, 
	0xcd, 0xdd, 0xcc, 0xcc, 0xdd, 0xdd, 0xee, 0xdd, 
	0xdc, 0xcd, 0xde, 0xdd, 0xdd, 0xdd, 0xdd, 0xdd, 
	0xde, 0xde, 0xed, 0xdc, 0xdc, 0xcc, 0xcc, 0xcd, 
	0xde, 0xdd, 0xdd, 0xcd, 0xdd, 0xee, 0xee, 0xdc, 
	0xcd, 0xdd, 0xdd, 0xdc, 0xdd, 0xde, 0xdd, 0xdd, 
	0xdc, 0xcd, 0xdd, 0xdd, 0xdd, 0xdd, 0xdd, 0xdd, 
	0xde, 0xde, 0xed, 0xdd, 0xdc, 0xcc, 0xcc, 0xdd, 
	0xdd, 0xdd, 0xcc, 0xcd, 0xdd, 0xdd, 0xed, 0xcc, 
	0xcc, 0xdc, 0xcd, 0xdd, 0xcd, 0xdd, 0xee, 0xcc, 
	0xcd, 0xdd, 0xdd, 0xdd, 0xdd, 0xdd, 0xdd, 0xdd, 
	0xde, 0xee, 0xee, 0xdd, 0xdc, 0xcd, 0xcc, 0xde, 
	0xed, 0xdd, 0xdc, 0xcd, 0xdd, 0xde, 0xed, 0xcc, 
	0xdc, 0xdc, 0xcd, 0xdd, 0xdd, 0xdd, 0xee, 0xdc, 
	0xdd, 0xdd, 0xdd, 0xcc, 0xdd, 0xdd, 0xdd, 0xdd, 
	0xde, 0xee, 0xee, 0xdd, 0xdc, 0xdc, 0xcc, 0xde, 
	0xdc, 0xdd, 0xdd, 0xdd, 0xdd, 0xdd, 0xed, 0xcd, 
	0xdd, 0xcd, 0xdd, 0xdd, 0xdd, 0xdd, 0xee, 0xed, 
	0xdd, 0xdd, 0xdd, 0xcd, 0xdd, 0xdd, 0xdd, 0xdd, 
	0xde, 0xec, 0xbd, 0xcd, 0xdc, 0xdc, 0xcd, 0xed, 
	0xdc, 0xdd, 0xdd, 0xde, 0xdd, 0xcd, 0xed, 0xcd, 
	0xed, 0xdc, 0xdd, 0xdd, 0xdd, 0xdd, 0xed, 0xdd, 
	0xcd, 0xdd, 0xdd, 0xdc, 0xdc, 0xdd, 0xdd, 0xdd, 
	0xcd, 0xdb, 0xac, 0xcd, 0xdc, 0xdb, 0xce, 0xed, 
	0xdd, 0xdd, 0xdc, 0xdd, 0xdd, 0xdd, 0xdd, 0xce, 
	0xed, 0xdd, 0xcc, 0xdd, 0xdd, 0xdd, 0xec, 0xdd, 
	0xdd, 0xdd, 0xed, 0xdd, 0xdc, 0xdd, 0xdd, 0xdc, 
	0xcd, 0xed, 0xcc, 0xdd, 0xcc, 0xcc, 0xcd, 0xee, 
	0xde, 0xdd, 0xdc, 0xde, 0xdd, 0xdd, 0xdd, 0xde, 
	0xee, 0xdd, 0xdc, 0xdd, 0xdd, 0xdd, 0xdd, 0xde, 
	0xdd, 0xdd, 0xdd, 0xcc, 0xdd, 0xdd, 0xdd, 0xdc, 
	0xcd, 0xee, 0xdc, 0xdc, 0xab, 0xcd, 0xdd, 0xde, 
	0xee, 0xde, 0xdd, 0xee, 0xdd, 0xed, 0xdd, 0xde, 
	0xde, 0xdd, 0xdd, 0xcd, 0xdc, 0xdc, 0xdd, 0xdd, 
	0xdd, 0xdd, 0xdc, 0xcc, 0xdd, 0xdd, 0xcd, 0xdc, 
	
};

Gfx castle_grounds_dl_NEWON0E223_i4_i4_aligner[] = {gsSPEndDisplayList()};
u8 castle_grounds_dl_NEWON0E223_i4_i4[] = {
	0xdd, 0xde, 0xee, 0xee, 0xee, 0xee, 0xee, 0xed, 
	0xdd, 0xdd, 0xed, 0xdd, 0xde, 0xed, 0xdd, 0xee, 
	0xee, 0xee, 0xed, 0xdd, 0xdd, 0xdd, 0xdd, 0xdd, 
	0xee, 0xee, 0xde, 0xee, 0xee, 0xdd, 0xde, 0xed, 
	0xee, 0xee, 0xef, 0xee, 0xee, 0xee, 0xdd, 0xdd, 
	0xdd, 0xde, 0xee, 0xee, 0xee, 0xdd, 0xde, 0xee, 
	0xee, 0xee, 0xed, 0xdd, 0xdd, 0xed, 0xdd, 0xdd, 
	0xee, 0xee, 0xdd, 0xdd, 0xde, 0xee, 0xed, 0xdd, 
	0xee, 0xee, 0xfe, 0xee, 0xee, 0xee, 0xee, 0xed, 
	0xdd, 0xde, 0xee, 0xed, 0xdd, 0xdd, 0xee, 0xee, 
	0xee, 0xed, 0xde, 0xde, 0xee, 0xed, 0xdd, 0xdd, 
	0xdd, 0xef, 0xed, 0xed, 0xdd, 0xee, 0xde, 0xee, 
	0xee, 0xcd, 0xef, 0xef, 0xee, 0xee, 0xee, 0xde, 
	0xed, 0xdd, 0xdd, 0xdd, 0xdd, 0xee, 0xee, 0xee, 
	0xdd, 0xdd, 0xee, 0xee, 0xee, 0xee, 0xdd, 0xdd, 
	0xed, 0xde, 0xee, 0xed, 0xee, 0xee, 0xee, 0xee, 
	0xed, 0xcd, 0xee, 0xee, 0xee, 0xee, 0xde, 0xed, 
	0xdd, 0xdd, 0xdd, 0xee, 0xee, 0xee, 0xee, 0xee, 
	0xed, 0xde, 0xee, 0xee, 0xdd, 0xee, 0xed, 0xdd, 
	0xed, 0xde, 0xee, 0xed, 0xee, 0xee, 0xee, 0xee, 
	0xdd, 0xde, 0xee, 0xee, 0xee, 0xee, 0xde, 0xee, 
	0xde, 0xee, 0xee, 0xee, 0xee, 0xde, 0xee, 0xee, 
	0xed, 0xde, 0xee, 0xee, 0xdd, 0xde, 0xdd, 0xdd, 
	0xdd, 0xde, 0xdd, 0xed, 0xdd, 0xee, 0xde, 0xee, 
	0xde, 0xdd, 0xee, 0xee, 0xde, 0xee, 0xde, 0xdd, 
	0xde, 0xee, 0xee, 0xed, 0xdd, 0xee, 0xee, 0xee, 
	0xed, 0xed, 0xee, 0xee, 0xee, 0xed, 0xde, 0xee, 
	0xdd, 0xdd, 0xdd, 0xdd, 0xdd, 0xdd, 0xdd, 0xed, 
	0xde, 0xee, 0xed, 0xed, 0xee, 0xee, 0xee, 0xee, 
	0xee, 0xee, 0xee, 0xed, 0xee, 0xee, 0xee, 0xee, 
	0xde, 0xed, 0xde, 0xee, 0xee, 0xed, 0xde, 0xed, 
	0xdd, 0xdd, 0xee, 0xdd, 0xdd, 0xdd, 0xde, 0xed, 
	0xcd, 0xdd, 0xee, 0xde, 0xee, 0xee, 0xee, 0xee, 
	0xee, 0xee, 0xee, 0xee, 0xee, 0xee, 0xed, 0xde, 
	0xee, 0xee, 0xde, 0xee, 0xee, 0xee, 0xee, 0xed, 
	0xdd, 0xdd, 0xee, 0xdd, 0xed, 0xde, 0xee, 0xed, 
	0xdd, 0xdd, 0xdd, 0xdd, 0xde, 0xee, 0xee, 0xee, 
	0xee, 0xed, 0xde, 0xee, 0xee, 0xee, 0xee, 0xee, 
	0xee, 0xee, 0xdd, 0xee, 0xee, 0xee, 0xee, 0xdd, 
	0xdd, 0xde, 0xdd, 0xde, 0xee, 0xee, 0xee, 0xed, 
	0xdd, 0xde, 0xdd, 0xdd, 0xdd, 0xee, 0xed, 0xde, 
	0xee, 0xed, 0xee, 0xee, 0xed, 0xee, 0xee, 0xee, 
	0xee, 0xee, 0xee, 0xee, 0xee, 0xee, 0xee, 0xee, 
	0xed, 0xee, 0xee, 0xee, 0xee, 0xee, 0xee, 0xdd, 
	0xdd, 0xdd, 0xdd, 0xdd, 0xdd, 0xee, 0xee, 0xee, 
	0xee, 0xee, 0xee, 0xee, 0xee, 0xee, 0xee, 0xee, 
	0xee, 0xee, 0xee, 0xee, 0xee, 0xee, 0xee, 0xee, 
	0xee, 0xee, 0xde, 0xed, 0xee, 0xee, 0xed, 0xdd, 
	0xed, 0xdd, 0xdd, 0xdd, 0xde, 0xdd, 0xee, 0xee, 
	0xee, 0xee, 0xee, 0xee, 0xee, 0xee, 0xee, 0xee, 
	0xee, 0xee, 0xee, 0xdd, 0xee, 0xee, 0xee, 0xee, 
	0xee, 0xee, 0xee, 0xee, 0xee, 0xee, 0xed, 0xdd, 
	0xee, 0xee, 0xdd, 0xdd, 0xdd, 0xde, 0xee, 0xee, 
	0xee, 0xee, 0xde, 0xde, 0xee, 0xee, 0xee, 0xee, 
	0xee, 0xee, 0xee, 0xde, 0xee, 0xee, 0xee, 0xee, 
	0xee, 0xee, 0xee, 0xee, 0xee, 0xee, 0xee, 0xed, 
	0xee, 0xee, 0xee, 0xed, 0xed, 0xee, 0xee, 0xee, 
	0xee, 0xee, 0xde, 0xdd, 0xee, 0xee, 0xdd, 0xee, 
	0xee, 0xee, 0xee, 0xee, 0xee, 0xee, 0xee, 0xee, 
	0xee, 0xde, 0xee, 0xee, 0xee, 0xee, 0xee, 0xee, 
	0xee, 0xee, 0xee, 0xee, 0xee, 0xee, 0xee, 0xee, 
	0xee, 0xee, 0xde, 0xdd, 0xdd, 0xee, 0xdd, 0xee, 
	0xee, 0xee, 0xee, 0xee, 0xee, 0xee, 0xee, 0xee, 
	0xee, 0xee, 0xee, 0xee, 0xee, 0xee, 0xee, 0xee, 
	0xee, 0xed, 0xee, 0xee, 0xee, 0xee, 0xde, 0xee, 
	0xee, 0xee, 0xee, 0xee, 0xdd, 0xdd, 0xdd, 0xee, 
	0xee, 0xee, 0xee, 0xed, 0xee, 0xde, 0xee, 0xee, 
	0xee, 0xee, 0xee, 0xee, 0xee, 0xee, 0xee, 0xee, 
	0xee, 0xed, 0xde, 0xee, 0xee, 0xee, 0xee, 0xee, 
	0xee, 0xde, 0xee, 0xed, 0xed, 0xdd, 0xdd, 0xde, 
	0xee, 0xee, 0xee, 0xed, 0xee, 0xde, 0xee, 0xee, 
	0xee, 0xee, 0xee, 0xee, 0xee, 0xee, 0xed, 0xde, 
	0xee, 0xee, 0xee, 0xee, 0xee, 0xee, 0xee, 0xee, 
	0xee, 0xee, 0xde, 0xee, 0xde, 0xdd, 0xee, 0xde, 
	0xee, 0xde, 0xee, 0xee, 0xee, 0xee, 0xee, 0xee, 
	0xfe, 0xee, 0xee, 0xee, 0xee, 0xee, 0xee, 0xde, 
	0xee, 0xee, 0xee, 0xee, 0xee, 0xee, 0xde, 0xee, 
	0xee, 0xee, 0xee, 0xee, 0xde, 0xee, 0xee, 0xee, 
	0xed, 0xdd, 0xee, 0xee, 0xee, 0xee, 0xee, 0xee, 
	0xee, 0xee, 0xee, 0xee, 0xee, 0xee, 0xdd, 0xee, 
	0xee, 0xde, 0xdd, 0xde, 0xee, 0xdd, 0xed, 0xde, 
	0xed, 0xdd, 0xee, 0xed, 0xee, 0xee, 0xee, 0xee, 
	0xee, 0xdd, 0xed, 0xee, 0xee, 0xee, 0xdd, 0xde, 
	0xee, 0xee, 0xee, 0xee, 0xed, 0xee, 0xee, 0xee, 
	0xed, 0xde, 0xed, 0xdd, 0xdd, 0xdd, 0xdd, 0xed, 
	0xdd, 0xdd, 0xee, 0xdd, 0xee, 0xee, 0xed, 0xdd, 
	0xed, 0xde, 0xdd, 0xdd, 0xee, 0xee, 0xdd, 0xee, 
	0xee, 0xee, 0xee, 0xee, 0xee, 0xee, 0xee, 0xee, 
	0xee, 0xee, 0xed, 0xdd, 0xdd, 0xed, 0xdd, 0xee, 
	0xee, 0xee, 0xdd, 0xdd, 0xee, 0xee, 0xed, 0xde, 
	0xee, 0xee, 0xed, 0xde, 0xee, 0xee, 0xee, 0xee, 
	0xee, 0xee, 0xee, 0xed, 0xed, 0xee, 0xee, 0xee, 
	0xee, 0xee, 0xee, 0xde, 0xdd, 0xed, 0xdd, 0xde, 
	0xee, 0xee, 0xde, 0xed, 0xde, 0xdd, 0xde, 0xee, 
	0xee, 0xee, 0xed, 0xde, 0xee, 0xde, 0xee, 0xee, 
	0xee, 0xee, 0xee, 0xed, 0xdd, 0xed, 0xee, 0xee, 
	0xee, 0xee, 0xee, 0xee, 0xee, 0xed, 0xdd, 0xdd, 
	0xee, 0xee, 0xee, 0xed, 0xee, 0xdd, 0xde, 0xee, 
	0xed, 0xdd, 0xed, 0xde, 0xed, 0xde, 0xee, 0xde, 
	0xee, 0xee, 0xee, 0xee, 0xdd, 0xdd, 0xee, 0xed, 
	0xee, 0xee, 0xee, 0xee, 0xee, 0xee, 0xed, 0xdd, 
	0xee, 0xde, 0xee, 0xee, 0xee, 0xdd, 0xdc, 0xde, 
	0xed, 0xdd, 0xee, 0xde, 0xed, 0xde, 0xee, 0xee, 
	0xee, 0xee, 0xee, 0xee, 0xee, 0xed, 0xee, 0xee, 
	0xee, 0xdd, 0xde, 0xee, 0xee, 0xee, 0xee, 0xdd, 
	0xde, 0xee, 0xee, 0xee, 0xee, 0xdd, 0xdc, 0xde, 
	0xdd, 0xdd, 0xde, 0xde, 0xee, 0xdd, 0xee, 0xee, 
	0xed, 0xed, 0xde, 0xee, 0xee, 0xdd, 0xdd, 0xee, 
	0xee, 0xee, 0xee, 0xee, 0xee, 0xee, 0xee, 0xee, 
	0xdd, 0xee, 0xee, 0xee, 0xee, 0xed, 0xdd, 0xee, 
	0xed, 0xdd, 0xdd, 0xdd, 0xde, 0xee, 0xde, 0xee, 
	0xed, 0xdd, 0xee, 0xee, 0xee, 0xee, 0xee, 0xee, 
	0xee, 0xee, 0xee, 0xee, 0xee, 0xee, 0xee, 0xed, 
	0xdd, 0xde, 0xee, 0xee, 0xee, 0xee, 0xee, 0xde, 
	0xee, 0xed, 0xed, 0xdd, 0xde, 0xee, 0xee, 0xed, 
	0xed, 0xdd, 0xee, 0xee, 0xee, 0xde, 0xee, 0xee, 
	0xee, 0xde, 0xee, 0xee, 0xee, 0xee, 0xee, 0xdd, 
	0xde, 0xee, 0xee, 0xee, 0xee, 0xee, 0xee, 0xee, 
	0xee, 0xee, 0xee, 0xed, 0xde, 0xde, 0xee, 0xee, 
	0xee, 0xdd, 0xde, 0xee, 0xed, 0xdd, 0xee, 0xee, 
	0xed, 0xdd, 0xdd, 0xde, 0xed, 0xde, 0xee, 0xed, 
	0xde, 0xee, 0xee, 0xee, 0xee, 0xee, 0xee, 0xee, 
	0xee, 0xee, 0xee, 0xee, 0xee, 0xde, 0xee, 0xee, 
	0xed, 0xdd, 0xee, 0xee, 0xee, 0xdd, 0xee, 0xee, 
	0xee, 0xee, 0xed, 0xdd, 0xed, 0xdd, 0xee, 0xed, 
	0xde, 0xdd, 0xee, 0xee, 0xee, 0xdd, 0xee, 0xed, 
	0xee, 0xed, 0xee, 0xee, 0xee, 0xee, 0xee, 0xee, 
	0xdd, 0xdd, 0xed, 0xdd, 0xde, 0xee, 0xdd, 0xde, 
	0xee, 0xee, 0xee, 0xdd, 0xdd, 0xdd, 0xdd, 0xee, 
	0xde, 0xee, 0xdd, 0xee, 0xee, 0xdd, 0xee, 0xdd, 
	0xed, 0xee, 0xee, 0xed, 0xee, 0xee, 0xee, 0xee, 
	0xdd, 0xdd, 0xdd, 0xdd, 0xde, 0xdd, 0xdd, 0xee, 
	0xee, 0xee, 0xed, 0xdd, 0xdd, 0xee, 0xed, 0xde, 
	0xee, 0xee, 0xdd, 0xee, 0xee, 0xee, 0xde, 0xee, 
	0xed, 0xee, 0xee, 0xee, 0xee, 0xee, 0xdd, 0xde, 
	0xee, 0xde, 0xee, 0xde, 0xee, 0xdd, 0xdd, 0xee, 
	0xee, 0xed, 0xdd, 0xee, 0xee, 0xed, 0xed, 0xdd, 
	0xde, 0xef, 0xed, 0xee, 0xee, 0xee, 0xde, 0xee, 
	0xee, 0xee, 0xfe, 0xee, 0xee, 0xee, 0xee, 0xee, 
	0xee, 0xde, 0xee, 0xed, 0xdd, 0xed, 0xdd, 0xee, 
	0xee, 0xdd, 0xed, 0xde, 0xde, 0xee, 0xde, 0xed, 
	0xdd, 0xde, 0xee, 0xde, 0xee, 0xee, 0xee, 0xde, 
	0xee, 0xde, 0xee, 0xee, 0xee, 0xee, 0xee, 0xee, 
	0xee, 0xed, 0xdd, 0xdd, 0xdd, 0xee, 0xed, 0xee, 
	0xee, 0xde, 0xed, 0xde, 0xdd, 0xee, 0xed, 0xdd, 
	0xdd, 0xde, 0xee, 0xee, 0xee, 0xee, 0xee, 0xee, 
	0xee, 0xee, 0xee, 0xee, 0xee, 0xee, 0xee, 0xee, 
	0xee, 0xed, 0xdd, 0xee, 0xee, 0xee, 0xdd, 0xdd, 
	0xdd, 0xde, 0xee, 0xee, 0xdd, 0xee, 0xed, 0xdd, 
	0xdd, 0xed, 0xdd, 0xee, 0xee, 0xee, 0xee, 0xee, 
	0xdd, 0xee, 0xee, 0xee, 0xee, 0xee, 0xed, 0xee, 
	0xee, 0xee, 0xee, 0xee, 0xed, 0xde, 0xdd, 0xdd, 
	0xde, 0xed, 0xee, 0xee, 0xde, 0xed, 0xde, 0xdd, 
	0xed, 0xdd, 0xdd, 0xee, 0xed, 0xdd, 0xde, 0xee, 
	0xee, 0xee, 0xee, 0xee, 0xee, 0xee, 0xee, 0xee, 
	0xee, 0xee, 0xee, 0xed, 0xdd, 0xde, 0xee, 0xed, 
	0xee, 0xed, 0xee, 0xed, 0xde, 0xed, 0xde, 0xdd, 
	0xdd, 0xdd, 0xde, 0xee, 0xed, 0xdd, 0xed, 0xee, 
	0xee, 0xed, 0xee, 0xde, 0xee, 0xee, 0xee, 0xee, 
	0xed, 0xee, 0xee, 0xed, 0xed, 0xee, 0xee, 0xdd, 
	0xee, 0xee, 0xee, 0xde, 0xde, 0xee, 0xee, 0xed, 
	0xdd, 0xdd, 0xee, 0xee, 0xee, 0xde, 0xed, 0xed, 
	0xdd, 0xee, 0xee, 0xdd, 0xde, 0xee, 0xee, 0xee, 
	0xee, 0xee, 0xee, 0xee, 0xee, 0xdd, 0xdd, 0xdd, 
	0xdd, 0xee, 0xee, 0xee, 0xee, 0xee, 0xee, 0xee, 
	0xee, 0xdd, 0xdd, 0xde, 0xee, 0xee, 0xee, 0xee, 
	0xdd, 0xdd, 0xdd, 0xde, 0xee, 0xee, 0xee, 0xee, 
	0xee, 0xee, 0xde, 0xee, 0xed, 0xdd, 0xdd, 0xee, 
	0xee, 0xee, 0xee, 0xee, 0xee, 0xee, 0xee, 0xee, 
	0xee, 0xed, 0xdd, 0xee, 0xee, 0xee, 0xee, 0xee, 
	0xdd, 0xdd, 0xdd, 0xdd, 0xde, 0xee, 0xee, 0xee, 
	0xee, 0xed, 0xde, 0xee, 0xee, 0xed, 0xee, 0xed, 
	0xde, 0xee, 0xee, 0xee, 0xee, 0xee, 0xee, 0xee, 
	0xee, 0xee, 0xee, 0xee, 0xee, 0xee, 0xed, 0xde, 
	0xed, 0xdd, 0xdd, 0xdd, 0xdd, 0xed, 0xee, 0xee, 
	0xee, 0xed, 0xee, 0xee, 0xee, 0xed, 0xee, 0xee, 
	0xde, 0xee, 0xee, 0xee, 0xee, 0xee, 0xee, 0xee, 
	0xed, 0xee, 0xee, 0xee, 0xee, 0xee, 0xee, 0xee, 
	0xed, 0xdd, 0xdd, 0xde, 0xdd, 0xdd, 0xee, 0xed, 
	0xee, 0xee, 0xee, 0xee, 0xee, 0xed, 0xdd, 0xdd, 
	0xed, 0xde, 0xee, 0xee, 0xee, 0xee, 0xee, 0xee, 
	0xee, 0xee, 0xee, 0xee, 0xee, 0xee, 0xee, 0xee, 
	0xee, 0xee, 0xdd, 0xde, 0xed, 0xde, 0xee, 0xee, 
	0xee, 0xee, 0xee, 0xee, 0xee, 0xee, 0xde, 0xee, 
	0xee, 0xde, 0xee, 0xde, 0xee, 0xed, 0xee, 0xee, 
	0xee, 0xee, 0xee, 0xee, 0xee, 0xee, 0xde, 0xee, 
	0xee, 0xee, 0xed, 0xee, 0xed, 0xee, 0xee, 0xee, 
	0xee, 0xee, 0xed, 0xdd, 0xdd, 0xee, 0xee, 0xee, 
	0xee, 0xee, 0xed, 0xde, 0xee, 0xee, 0xee, 0xee, 
	0xee, 0xee, 0xee, 0xee, 0xee, 0xef, 0xee, 0xee, 
	0xee, 0xee, 0xee, 0xed, 0xde, 0xee, 0xee, 0xee, 
	0xee, 0xee, 0xed, 0xdd, 0xde, 0xee, 0xee, 0xee, 
	0xde, 0xed, 0xdd, 0xde, 0xee, 0xee, 0xee, 0xee, 
	0xee, 0xee, 0xee, 0xee, 0xee, 0xee, 0xee, 0xee, 
	0xee, 0xee, 0xee, 0xee, 0xee, 0xee, 0xee, 0xee, 
	0xee, 0xee, 0xee, 0xee, 0xee, 0xed, 0xde, 0xdd, 
	0xee, 0xee, 0xee, 0xed, 0xde, 0xef, 0xee, 0xee, 
	0xee, 0xee, 0xee, 0xee, 0xee, 0xee, 0xee, 0xee, 
	0xee, 0xee, 0xee, 0xee, 0xee, 0xee, 0xee, 0xee, 
	0xee, 0xee, 0xee, 0xed, 0xed, 0xdd, 0xdd, 0xed, 
	0xee, 0xee, 0xee, 0xed, 0xdd, 0xde, 0xee, 0xee, 
	0xee, 0xee, 0xee, 0xee, 0xee, 0xee, 0xee, 0xee, 
	0xee, 0xee, 0xee, 0xee, 0xee, 0xee, 0xee, 0xed, 
	0xee, 0xee, 0xdd, 0xdd, 0xde, 0xee, 0xde, 0xed, 
	0xee, 0xee, 0xee, 0xee, 0xde, 0xdd, 0xee, 0xee, 
	0xee, 0xee, 0xee, 0xfe, 0xee, 0xee, 0xee, 0xee, 
	0xee, 0xee, 0xee, 0xde, 0xee, 0xee, 0xdd, 0xdd, 
	0xed, 0xee, 0xed, 0xdd, 0xde, 0xee, 0xee, 0xee, 
	0xee, 0xee, 0xee, 0xee, 0xee, 0xed, 0xdd, 0xee, 
	0xee, 0xee, 0xee, 0xee, 0xdd, 0xee, 0xee, 0xee, 
	0xee, 0xde, 0xed, 0xde, 0xed, 0xdd, 0xde, 0xee, 
	0xed, 0xde, 0xed, 0xdd, 0xdd, 0xde, 0xee, 0xee, 
	0xde, 0xee, 0xed, 0xde, 0xee, 0xee, 0xed, 0xee, 
	0xee, 0xee, 0xee, 0xee, 0xdd, 0xee, 0xee, 0xee, 
	0xed, 0xde, 0xed, 0xdd, 0xdd, 0xdd, 0xdd, 0xdd, 
	0xdd, 0xde, 0xdd, 0xdd, 0xdd, 0xdd, 0xee, 0xee, 
	0xdd, 0xdd, 0xdd, 0xee, 0xee, 0xee, 0xee, 0xee, 
	0xee, 0xde, 0xee, 0xee, 0xee, 0xee, 0xde, 0xed, 
	0xde, 0xee, 0xed, 0xdd, 0xdd, 0xdd, 0xdd, 0xdd, 
	0xde, 0xee, 0xdd, 0xdd, 0xdd, 0xdd, 0xdd, 0xdd, 
	0xdd, 0xdd, 0xdd, 0xde, 0xdd, 0xed, 0xee, 0xee, 
	0xed, 0xee, 0xee, 0xed, 0xdd, 0xdd, 0xee, 0xdd, 
	0xed, 0xee, 0xee, 0xed, 0xde, 0xed, 0xdd, 0xdd, 
	0xee, 0xee, 0xde, 0xed, 0xdd, 0xdd, 0xdd, 0xdd, 
	0xde, 0xdd, 0xde, 0xee, 0xed, 0xde, 0xee, 0xed, 
	0xed, 0xde, 0xee, 0xee, 0xdd, 0xdd, 0xee, 0xdd, 
	0xee, 0xee, 0xee, 0xee, 0xee, 0xee, 0xdd, 0xdd, 
	0xee, 0xee, 0xed, 0xee, 0xdd, 0xdd, 0xdd, 0xdd, 
	0xee, 0xdd, 0xde, 0xee, 0xdd, 0xdd, 0xee, 0xed, 
	0xed, 0xde, 0xdd, 0xee, 0xed, 0xee, 0xee, 0xdd, 
	0xee, 0xee, 0xee, 0xee, 0xee, 0xee, 0xde, 0xee, 
	0xdd, 0xde, 0xee, 0xee, 0xed, 0xdd, 0xdd, 0xdd, 
	0xee, 0xee, 0xde, 0xee, 0xee, 0xdd, 0xee, 0xdd, 
	0xde, 0xee, 0xee, 0xee, 0xee, 0xdd, 0xdd, 0xdd, 
	0xee, 0xdd, 0xde, 0xee, 0xee, 0xee, 0xee, 0xee, 
	0xdd, 0xee, 0xee, 0xee, 0xee, 0xed, 0xdd, 0xdd, 
	0xdd, 0xee, 0xee, 0xee, 0xed, 0xdd, 0xdd, 0xdd, 
	0xdd, 0xee, 0xee, 0xee, 0xee, 0xee, 0xee, 0xed, 
	0xee, 0xee, 0xee, 0xee, 0xee, 0xee, 0xee, 0xee, 
	0xee, 0xee, 0xee, 0xed, 0xee, 0xee, 0xee, 0xdd, 
	0xdd, 0xde, 0xee, 0xed, 0xee, 0xee, 0xdd, 0xdd, 
	0xdd, 0xde, 0xee, 0xee, 0xee, 0xde, 0xee, 0xee, 
	0xee, 0xee, 0xee, 0xee, 0xee, 0xee, 0xee, 0xee, 
	0xed, 0xdd, 0xee, 0xee, 0xee, 0xee, 0xee, 0xed, 
	0xee, 0xee, 0xee, 0xed, 0xee, 0xee, 0xee, 0xed, 
	0xdd, 0xdd, 0xde, 0xee, 0xed, 0xdd, 0xee, 0xee, 
	0xee, 0xed, 0xee, 0xee, 0xee, 0xee, 0xee, 0xee, 
	0xed, 0xdd, 0xee, 0xee, 0xee, 0xee, 0xee, 0xdd, 
	0xee, 0xee, 0xee, 0xee, 0xee, 0xee, 0xee, 0xed, 
	0xdd, 0xdd, 0xdd, 0xee, 0xee, 0xdd, 0xee, 0xee, 
	0xee, 0xdd, 0xdd, 0xde, 0xed, 0xde, 0xee, 0xee, 
	0xee, 0xed, 0xee, 0xee, 0xee, 0xee, 0xee, 0xee, 
	0xdd, 0xdd, 0xee, 0xee, 0xee, 0xee, 0xee, 0xee, 
	0xdd, 0xdd, 0xee, 0xdd, 0xee, 0xdd, 0xed, 0xde, 
	0xee, 0xee, 0xdd, 0xdd, 0xed, 0xdd, 0xee, 0xee, 
	0xee, 0xed, 0xde, 0xee, 0xee, 0xdd, 0xee, 0xee, 
	
};

Gfx castle_grounds_dl_castle_grounds_textures_0A000_rgba16_ci8_aligner[] = {gsSPEndDisplayList()};
u8 castle_grounds_dl_castle_grounds_textures_0A000_rgba16_ci8[] = {
	0x00, 0x01, 0x02, 0x01, 0x03, 0x04, 0x05, 0x06, 
	0x07, 0x08, 0x09, 0x00, 0x0a, 0x0b, 0x0c, 0x03, 
	0x0d, 0x09, 0x0e, 0x0f, 0x10, 0x11, 0x0f, 0x03, 
	0x12, 0x13, 0x14, 0x15, 0x16, 0x01, 0x15, 0x15, 
	0x10, 0x0f, 0x15, 0x17, 0x03, 0x18, 0x03, 0x19, 
	0x0f, 0x0f, 0x1a, 0x1a, 0x16, 0x15, 0x01, 0x01, 
	0x09, 0x09, 0x09, 0x19, 0x17, 0x01, 0x17, 0x1b, 
	0x01, 0x1c, 0x1d, 0x1c, 0x1a, 0x15, 0x17, 0x17, 
	0x1e, 0x10, 0x1a, 0x15, 0x1b, 0x1f, 0x20, 0x09, 
	0x21, 0x22, 0x23, 0x24, 0x22, 0x25, 0x26, 0x1c, 
	0x0d, 0x27, 0x27, 0x28, 0x0b, 0x17, 0x0f, 0x29, 
	0x1a, 0x26, 0x2a, 0x2b, 0x2c, 0x0f, 0x29, 0x00, 
	0x0f, 0x1a, 0x1a, 0x09, 0x2d, 0x2e, 0x2f, 0x13, 
	0x29, 0x22, 0x30, 0x1e, 0x29, 0x03, 0x31, 0x2a, 
	0x32, 0x33, 0x34, 0x19, 0x35, 0x00, 0x29, 0x36, 
	0x37, 0x38, 0x31, 0x39, 0x00, 0x10, 0x29, 0x3a, 
	0x0f, 0x00, 0x29, 0x17, 0x34, 0x33, 0x3b, 0x14, 
	0x3c, 0x35, 0x17, 0x34, 0x37, 0x31, 0x31, 0x31, 
	0x2f, 0x3d, 0x3e, 0x1c, 0x35, 0x1b, 0x13, 0x3f, 
	0x40, 0x2f, 0x02, 0x15, 0x2d, 0x41, 0x09, 0x17, 
	0x42, 0x09, 0x09, 0x17, 0x19, 0x0a, 0x43, 0x02, 
	0x33, 0x44, 0x2f, 0x45, 0x3e, 0x03, 0x07, 0x01, 
	0x3a, 0x3f, 0x46, 0x46, 0x3e, 0x47, 0x47, 0x48, 
	0x03, 0x00, 0x10, 0x22, 0x29, 0x09, 0x29, 0x17, 
	0x15, 0x19, 0x19, 0x17, 0x29, 0x09, 0x0a, 0x19, 
	0x35, 0x49, 0x1f, 0x37, 0x03, 0x34, 0x35, 0x01, 
	0x29, 0x00, 0x1c, 0x12, 0x3e, 0x3d, 0x32, 0x1b, 
	0x17, 0x2c, 0x1a, 0x22, 0x22, 0x10, 0x36, 0x26, 
	0x00, 0x17, 0x19, 0x0a, 0x0f, 0x29, 0x00, 0x1a, 
	0x0f, 0x15, 0x31, 0x34, 0x0f, 0x0f, 0x0f, 0x17, 
	0x29, 0x0f, 0x1a, 0x17, 0x13, 0x3e, 0x4a, 0x15, 
	0x17, 0x4b, 0x25, 0x15, 0x0f, 0x0f, 0x2c, 0x4c, 
	0x0a, 0x19, 0x19, 0x0a, 0x42, 0x19, 0x02, 0x35, 
	0x09, 0x17, 0x31, 0x35, 0x08, 0x10, 0x4d, 0x09, 
	0x35, 0x15, 0x0a, 0x0a, 0x01, 0x2f, 0x1b, 0x09, 
	0x19, 0x15, 0x25, 0x00, 0x17, 0x0f, 0x10, 0x17, 
	0x4e, 0x0a, 0x17, 0x19, 0x1e, 0x4f, 0x29, 0x15, 
	0x17, 0x20, 0x2f, 0x34, 0x0a, 0x17, 0x09, 0x0f, 
	0x50, 0x34, 0x2d, 0x2d, 0x03, 0x2e, 0x0c, 0x19, 
	0x19, 0x0f, 0x1a, 0x29, 0x09, 0x51, 0x52, 0x22, 
	0x0a, 0x0f, 0x1a, 0x1a, 0x10, 0x4f, 0x0f, 0x0a, 
	0x3a, 0x3f, 0x47, 0x0c, 0x0a, 0x19, 0x35, 0x17, 
	0x0a, 0x15, 0x00, 0x53, 0x3f, 0x2a, 0x00, 0x19, 
	0x49, 0x35, 0x29, 0x54, 0x4f, 0x4f, 0x0f, 0x29, 
	0x03, 0x2d, 0x26, 0x01, 0x0f, 0x09, 0x0f, 0x19, 
	0x3a, 0x38, 0x31, 0x07, 0x19, 0x19, 0x34, 0x1b, 
	0x09, 0x0f, 0x0f, 0x17, 0x1b, 0x3f, 0x3a, 0x17, 
	0x0c, 0x1c, 0x3a, 0x2d, 0x55, 0x56, 0x1c, 0x12, 
	0x37, 0x57, 0x0c, 0x50, 0x09, 0x09, 0x09, 0x4a, 
	0x32, 0x2f, 0x3c, 0x35, 0x19, 0x0f, 0x19, 0x1b, 
	0x1b, 0x19, 0x09, 0x09, 0x0d, 0x4a, 0x37, 0x58, 
	0x58, 0x35, 0x2d, 0x17, 0x4a, 0x4a, 0x12, 0x14, 
	0x56, 0x56, 0x33, 0x3b, 0x32, 0x33, 0x3c, 0x33, 
	0x37, 0x03, 0x34, 0x35, 0x34, 0x17, 0x0a, 0x17, 
	0x39, 0x17, 0x19, 0x17, 0x3a, 0x56, 0x1b, 0x0c, 
	0x58, 0x58, 0x48, 0x59, 0x5a, 0x37, 0x1c, 0x1c, 
	0x09, 0x17, 0x1b, 0x12, 0x2f, 0x1f, 0x5b, 0x39, 
	0x00, 0x17, 0x0a, 0x0a, 0x19, 0x29, 0x0f, 0x1a, 
	0x1a, 0x0f, 0x1a, 0x17, 0x2d, 0x29, 0x0f, 0x0a, 
	0x35, 0x3c, 0x1d, 0x05, 0x44, 0x20, 0x09, 0x29, 
	0x10, 0x0f, 0x17, 0x00, 0x48, 0x5c, 0x5b, 0x01, 
	0x29, 0x0f, 0x16, 0x22, 0x0f, 0x1a, 0x01, 0x1b, 
	0x15, 0x15, 0x15, 0x17, 0x1b, 0x1b, 0x19, 0x0f, 
	0x17, 0x01, 0x59, 0x07, 0x17, 0x17, 0x09, 0x09, 
	0x29, 0x09, 0x2d, 0x09, 0x1b, 0x2e, 0x1b, 0x0f, 
	0x0a, 0x0a, 0x5d, 0x1a, 0x1a, 0x15, 0x15, 0x35, 
	0x17, 0x17, 0x17, 0x17, 0x50, 0x35, 0x3a, 0x00, 
	0x17, 0x35, 0x02, 0x15, 0x0a, 0x17, 0x17, 0x01, 
	0x3a, 0x17, 0x2d, 0x09, 0x5e, 0x5f, 0x03, 0x19, 
	0x17, 0x15, 0x15, 0x15, 0x15, 0x0f, 0x16, 0x43, 
	0x0f, 0x0f, 0x10, 0x10, 0x0f, 0x0f, 0x17, 0x1c, 
	0x17, 0x3a, 0x12, 0x15, 0x0a, 0x17, 0x1a, 0x1a, 
	0x17, 0x17, 0x1c, 0x3a, 0x60, 0x61, 0x37, 0x2d, 
	0x35, 0x0f, 0x0f, 0x0f, 0x16, 0x22, 0x0f, 0x0a, 
	0x30, 0x62, 0x11, 0x1a, 0x0f, 0x16, 0x0a, 0x19, 
	0x4e, 0x35, 0x3c, 0x35, 0x17, 0x00, 0x1a, 0x0f, 
	0x16, 0x1a, 0x1c, 0x1b, 0x56, 0x63, 0x4a, 0x3a, 
	0x0c, 0x34, 0x19, 0x17, 0x0a, 0x1a, 0x1b, 0x02, 
	0x25, 0x1a, 0x0f, 0x0f, 0x0f, 0x64, 0x64, 0x19, 
	0x43, 0x65, 0x3b, 0x07, 0x19, 0x19, 0x2d, 0x17, 
	0x42, 0x42, 0x1a, 0x17, 0x3a, 0x3e, 0x38, 0x3f, 
	0x37, 0x03, 0x4a, 0x03, 0x38, 0x03, 0x38, 0x2f, 
	0x2a, 0x66, 0x67, 0x1b, 0x17, 0x0a, 0x35, 0x1b, 
	0x03, 0x33, 0x3b, 0x02, 0x19, 0x0f, 0x35, 0x49, 
	0x68, 0x42, 0x0f, 0x29, 0x17, 0x01, 0x02, 0x14, 
	0x14, 0x02, 0x1c, 0x13, 0x3e, 0x37, 0x1c, 0x1b, 
	0x03, 0x14, 0x2a, 0x31, 0x3c, 0x07, 0x0c, 0x3e, 
	0x14, 0x4a, 0x17, 0x17, 0x0f, 0x68, 0x17, 0x0c, 
	0x17, 0x0f, 0x09, 0x3a, 0x3a, 0x17, 0x35, 0x39, 
	0x69, 0x6a, 0x40, 0x2f, 0x38, 0x3a, 0x29, 0x55, 
	0x34, 0x35, 0x02, 0x31, 0x1d, 0x1d, 0x48, 0x3f, 
	0x12, 0x35, 0x0a, 0x17, 0x17, 0x00, 0x00, 0x0c, 
	0x4e, 0x64, 0x0f, 0x00, 0x29, 0x4f, 0x29, 0x6b, 
	0x00, 0x12, 0x47, 0x37, 0x1c, 0x2c, 0x1a, 0x17, 
	0x00, 0x0f, 0x1a, 0x17, 0x1c, 0x2a, 0x02, 0x00, 
	0x01, 0x15, 0x0f, 0x09, 0x29, 0x1a, 0x16, 0x0f, 
	0x68, 0x0a, 0x15, 0x25, 0x25, 0x29, 0x2d, 0x29, 
	0x29, 0x00, 0x12, 0x17, 0x1a, 0x0f, 0x1a, 0x01, 
	0x00, 0x15, 0x15, 0x17, 0x4c, 0x1d, 0x20, 0x19, 
	0x1a, 0x29, 0x1a, 0x0f, 0x0f, 0x1a, 0x0f, 0x0a, 
	0x00, 0x17, 0x15, 0x0f, 0x0f, 0x15, 0x17, 0x09, 
	0x0a, 0x5d, 0x3c, 0x17, 0x0a, 0x68, 0x17, 0x3c, 
	0x5b, 0x35, 0x29, 0x29, 0x1c, 0x40, 0x6c, 0x0a, 
	0x1a, 0x3a, 0x3a, 0x29, 0x0f, 0x10, 0x29, 0x00, 
	0x09, 0x0f, 0x0a, 0x0f, 0x0f, 0x1a, 0x00, 0x17, 
	0x00, 0x02, 0x31, 0x1b, 0x0f, 0x1e, 0x22, 0x17, 
	0x07, 0x00, 0x29, 0x0f, 0x03, 0x5f, 0x37, 0x09, 
	0x09, 0x17, 0x29, 0x2c, 0x29, 0x10, 0x4f, 0x17, 
	0x16, 0x16, 0x17, 0x19, 0x68, 0x68, 0x0f, 0x1a, 
	0x00, 0x2b, 0x14, 0x55, 0x19, 0x0f, 0x22, 0x0f, 
	0x01, 0x25, 0x2c, 0x10, 0x00, 0x47, 0x33, 0x28, 
	0x19, 0x0a, 0x16, 0x1a, 0x10, 0x22, 0x22, 0x16, 
	0x07, 0x01, 0x00, 0x17, 0x0f, 0x0f, 0x17, 0x00, 
	0x13, 0x32, 0x3f, 0x2d, 0x17, 0x17, 0x35, 0x35, 
	0x35, 0x4b, 0x07, 0x17, 0x1c, 0x2a, 0x2e, 0x33, 
	0x03, 0x01, 0x0f, 0x15, 0x29, 0x17, 0x3a, 0x3c, 
	0x00, 0x26, 0x2b, 0x12, 0x17, 0x34, 0x03, 0x14, 
	0x2f, 0x44, 0x3c, 0x1b, 0x25, 0x1a, 0x1c, 0x02, 
	0x0f, 0x42, 0x0f, 0x09, 0x1a, 0x13, 0x2f, 0x6d, 
	0x6e, 0x33, 0x20, 0x3c, 0x48, 0x48, 0x48, 0x12, 
	0x10, 0x0f, 0x02, 0x3e, 0x14, 0x2e, 0x6f, 0x70, 
	0x4a, 0x35, 0x1b, 0x1b, 0x29, 0x0f, 0x3a, 0x1c, 
	0x19, 0x0f, 0x09, 0x71, 0x21, 0x21, 0x27, 0x20, 
	0x2f, 0x5c, 0x72, 0x6e, 0x14, 0x26, 0x01, 0x3a, 
	0x4f, 0x68, 0x35, 0x1c, 0x73, 0x2e, 0x70, 0x53, 
	0x3a, 0x03, 0x13, 0x01, 0x74, 0x5d, 0x5d, 0x02, 
	0x1c, 0x2d, 0x2d, 0x19, 0x16, 0x75, 0x75, 0x0f, 
	0x2b, 0x76, 0x77, 0x5a, 0x37, 0x1a, 0x15, 0x13, 
	
};

Gfx castle_grounds_dl_castle_grounds_textures_0A000_rgba16_pal_rgba16_aligner[] = {gsSPEndDisplayList()};
u8 castle_grounds_dl_castle_grounds_textures_0A000_rgba16_pal_rgba16[] = {
	0xbe, 0x31, 0xbe, 0x2f, 0xb5, 0xed, 0xb5, 0xad, 
	0x9c, 0xa3, 0xa5, 0x67, 0xb5, 0xe9, 0xbe, 0x2d, 
	0xce, 0xb1, 0xce, 0x33, 0xce, 0x71, 0xce, 0x2f, 
	0xbd, 0xed, 0xc5, 0xf3, 0xd6, 0x35, 0xce, 0x73, 
	0xce, 0x75, 0xc6, 0x75, 0xad, 0xad, 0xb5, 0xaf, 
	0xa5, 0x6b, 0xc6, 0x71, 0xce, 0xb3, 0xc6, 0x31, 
	0xa4, 0xe5, 0xce, 0x31, 0xc6, 0x73, 0xbd, 0xef, 
	0xb5, 0xef, 0x9d, 0x27, 0xd6, 0xb5, 0xa5, 0x27, 
	0xbd, 0xad, 0xd6, 0x75, 0xce, 0xb5, 0xd6, 0xf5, 
	0xd6, 0xf7, 0xbe, 0x71, 0xb6, 0x2f, 0xcd, 0xf1, 
	0xcd, 0xef, 0xc6, 0x33, 0x9d, 0x29, 0xad, 0xed, 
	0xbe, 0x33, 0xc5, 0xf1, 0xa4, 0xe7, 0xa5, 0x29, 
	0xce, 0xf5, 0xa5, 0x69, 0xad, 0x2b, 0xb5, 0x6b, 
	0xc5, 0xef, 0xc6, 0x2f, 0xbd, 0xf3, 0xb5, 0x6d, 
	0xad, 0x6b, 0xb6, 0x2d, 0xbd, 0xf1, 0xad, 0x69, 
	0xb5, 0xab, 0x9c, 0xa7, 0xa5, 0x2b, 0xad, 0x6d, 
	0x9c, 0xe7, 0xcd, 0xf3, 0xd6, 0xb3, 0xce, 0x6f, 
	0xb5, 0x69, 0xac, 0xeb, 0x9d, 0x2b, 0x9c, 0xe9, 
	0xad, 0xab, 0xc5, 0xed, 0xbd, 0xaf, 0xbe, 0x6f, 
	0xb6, 0x31, 0xce, 0x77, 0xd6, 0xb1, 0xce, 0x35, 
	0xc6, 0x2d, 0xd6, 0x77, 0xd6, 0xb7, 0xb5, 0xf1, 
	0xc6, 0x35, 0xc5, 0xb1, 0xbd, 0xb1, 0xbd, 0x6f, 
	0xbd, 0xab, 0xad, 0xa9, 0xad, 0x29, 0xb5, 0xeb, 
	0x9c, 0xe5, 0xc6, 0x6f, 0xb5, 0xb1, 0x94, 0xa7, 
	0xb5, 0x6f, 0x9c, 0x67, 0xc6, 0xb5, 0xa4, 0xe9, 
	0xd6, 0x71, 0xbd, 0xeb, 0xa5, 0x6d, 0xad, 0xaf, 
	0xd6, 0x73, 0xad, 0xeb, 0xa5, 0xa9, 0xbe, 0x73, 
	0xc5, 0xad, 0xac, 0xe7, 0xad, 0x27, 0xa4, 0xa9, 
	0xad, 0x2d, 0xd6, 0x33, 0xa4, 0xa3, 0xad, 0xef, 
	0xb6, 0x6f, 0xde, 0xb7, 0x9d, 0x69, 0x8c, 0x63, 
	
};

Gfx castle_grounds_dl_castle_grounds_textures_04800_rgba16_i8_aligner[] = {gsSPEndDisplayList()};
u8 castle_grounds_dl_castle_grounds_textures_04800_rgba16_i8[] = {
	0x52, 0x62, 0x6a, 0x73, 0x7b, 0x83, 0x8b, 0x94, 
	0x9c, 0xa4, 0xac, 0xb4, 0xbd, 0xbd, 0xc5, 0xcd, 
	0xcd, 0xd5, 0xd5, 0xd5, 0xd5, 0xd5, 0xd5, 0xd5, 
	0xd5, 0xd5, 0xd5, 0xd5, 0xd5, 0xd5, 0xd5, 0xd5, 
	0x52, 0x62, 0x6a, 0x73, 0x7b, 0x8b, 0x94, 0x9c, 
	0x9c, 0xa4, 0xac, 0xb4, 0xbd, 0xc5, 0xc5, 0xcd, 
	0xcd, 0xd5, 0xd5, 0xd5, 0xd5, 0xd5, 0xde, 0xd5, 
	0xd5, 0xd5, 0xd5, 0xd5, 0xd5, 0xd5, 0xd5, 0xd5, 
	0x5a, 0x62, 0x6a, 0x73, 0x83, 0x8b, 0x94, 0x9c, 
	0xa4, 0xa4, 0xac, 0xb4, 0xbd, 0xc5, 0xc5, 0xcd, 
	0xcd, 0xd5, 0xd5, 0xd5, 0xd5, 0xde, 0xde, 0xde, 
	0xd5, 0xd5, 0xd5, 0xd5, 0xd5, 0xd5, 0xd5, 0xcd, 
	0x5a, 0x62, 0x6a, 0x73, 0x83, 0x8b, 0x94, 0x9c, 
	0xa4, 0xa4, 0xac, 0xb4, 0xbd, 0xc5, 0xc5, 0xcd, 
	0xcd, 0xd5, 0xd5, 0xd5, 0xd5, 0xde, 0xde, 0xde, 
	0xd5, 0xd5, 0xd5, 0xd5, 0xd5, 0xd5, 0xd5, 0xcd, 
	0x5a, 0x62, 0x6a, 0x73, 0x83, 0x8b, 0x94, 0x9c, 
	0x9c, 0xa4, 0xac, 0xb4, 0xbd, 0xc5, 0xc5, 0xcd, 
	0xd5, 0xd5, 0xd5, 0xd5, 0xde, 0xde, 0xde, 0xd5, 
	0xd5, 0xd5, 0xd5, 0xd5, 0xd5, 0xd5, 0xd5, 0xcd, 
	0x5a, 0x62, 0x6a, 0x73, 0x83, 0x8b, 0x94, 0x9c, 
	0x9c, 0xa4, 0xac, 0xb4, 0xbd, 0xc5, 0xc5, 0xcd, 
	0xd5, 0xd5, 0xd5, 0xde, 0xde, 0xde, 0xde, 0xd5, 
	0xd5, 0xd5, 0xd5, 0xd5, 0xd5, 0xd5, 0xd5, 0xcd, 
	0x5a, 0x62, 0x6a, 0x73, 0x7b, 0x83, 0x8b, 0x94, 
	0x9c, 0xa4, 0xac, 0xb4, 0xbd, 0xbd, 0xc5, 0xcd, 
	0xcd, 0xd5, 0xd5, 0xde, 0xde, 0xde, 0xd5, 0xd5, 
	0xd5, 0xd5, 0xd5, 0xd5, 0xd5, 0xd5, 0xd5, 0xcd, 
	0x5a, 0x62, 0x6a, 0x73, 0x7b, 0x83, 0x8b, 0x94, 
	0x9c, 0xa4, 0xac, 0xac, 0xb4, 0xbd, 0xc5, 0xc5, 
	0xcd, 0xd5, 0xd5, 0xd5, 0xd5, 0xd5, 0xd5, 0xd5, 
	0xd5, 0xd5, 0xd5, 0xd5, 0xd5, 0xd5, 0xd5, 0xcd, 
	0x5a, 0x62, 0x6a, 0x73, 0x7b, 0x83, 0x8b, 0x94, 
	0x9c, 0xa4, 0xa4, 0xac, 0xb4, 0xbd, 0xbd, 0xc5, 
	0xc5, 0xcd, 0xcd, 0xd5, 0xd5, 0xd5, 0xd5, 0xd5, 
	0xd5, 0xd5, 0xd5, 0xd5, 0xd5, 0xd5, 0xd5, 0xcd, 
	0x5a, 0x62, 0x62, 0x6a, 0x73, 0x83, 0x8b, 0x94, 
	0x9c, 0x9c, 0xa4, 0xac, 0xac, 0xb4, 0xbd, 0xbd, 
	0xc5, 0xcd, 0xcd, 0xd5, 0xd5, 0xd5, 0xd5, 0xd5, 
	0xd5, 0xd5, 0xd5, 0xd5, 0xd5, 0xd5, 0xd5, 0xcd, 
	0x5a, 0x62, 0x62, 0x6a, 0x73, 0x7b, 0x8b, 0x94, 
	0x9c, 0x9c, 0xa4, 0xac, 0xac, 0xb4, 0xbd, 0xbd, 
	0xc5, 0xc5, 0xcd, 0xcd, 0xd5, 0xd5, 0xd5, 0xd5, 
	0xd5, 0xd5, 0xd5, 0xd5, 0xd5, 0xd5, 0xd5, 0xcd, 
	0x5a, 0x62, 0x62, 0x6a, 0x73, 0x7b, 0x8b, 0x94, 
	0x9c, 0xa4, 0xa4, 0xac, 0xb4, 0xb4, 0xbd, 0xbd, 
	0xc5, 0xc5, 0xcd, 0xcd, 0xd5, 0xd5, 0xd5, 0xd5, 
	0xd5, 0xd5, 0xd5, 0xd5, 0xd5, 0xd5, 0xd5, 0xcd, 
	0x5a, 0x62, 0x6a, 0x6a, 0x73, 0x83, 0x8b, 0x94, 
	0x9c, 0xa4, 0xac, 0xac, 0xb4, 0xbd, 0xbd, 0xbd, 
	0xc5, 0xc5, 0xcd, 0xcd, 0xd5, 0xd5, 0xd5, 0xd5, 
	0xd5, 0xd5, 0xd5, 0xd5, 0xd5, 0xd5, 0xd5, 0xd5, 
	0x5a, 0x62, 0x6a, 0x73, 0x7b, 0x83, 0x8b, 0x94, 
	0x9c, 0xa4, 0xac, 0xb4, 0xbd, 0xbd, 0xc5, 0xc5, 
	0xc5, 0xcd, 0xcd, 0xd5, 0xd5, 0xd5, 0xd5, 0xd5, 
	0xd5, 0xd5, 0xd5, 0xd5, 0xd5, 0xd5, 0xd5, 0xd5, 
	0x5a, 0x62, 0x6a, 0x73, 0x7b, 0x83, 0x8b, 0x94, 
	0x9c, 0xac, 0xb4, 0xb4, 0xbd, 0xc5, 0xc5, 0xcd, 
	0xcd, 0xcd, 0xd5, 0xd5, 0xd5, 0xd5, 0xd5, 0xd5, 
	0xd5, 0xd5, 0xd5, 0xd5, 0xd5, 0xd5, 0xd5, 0xd5, 
	0x5a, 0x62, 0x73, 0x7b, 0x83, 0x8b, 0x94, 0x9c, 
	0xa4, 0xac, 0xb4, 0xbd, 0xc5, 0xc5, 0xcd, 0xcd, 
	0xd5, 0xd5, 0xd5, 0xd5, 0xd5, 0xd5, 0xd5, 0xd5, 
	0xd5, 0xd5, 0xd5, 0xd5, 0xd5, 0xd5, 0xd5, 0xd5, 
	0x5a, 0x62, 0x6a, 0x7b, 0x83, 0x8b, 0x94, 0x9c, 
	0xa4, 0xac, 0xb4, 0xbd, 0xc5, 0xc5, 0xcd, 0xd5, 
	0xd5, 0xd5, 0xd5, 0xd5, 0xd5, 0xd5, 0xd5, 0xd5, 
	0xd5, 0xd5, 0xd5, 0xd5, 0xd5, 0xd5, 0xd5, 0xd5, 
	0x5a, 0x62, 0x6a, 0x7b, 0x83, 0x8b, 0x94, 0x9c, 
	0xa4, 0xac, 0xb4, 0xbd, 0xc5, 0xcd, 0xcd, 0xd5, 
	0xd5, 0xd5, 0xd5, 0xd5, 0xd5, 0xd5, 0xd5, 0xd5, 
	0xd5, 0xd5, 0xd5, 0xd5, 0xd5, 0xd5, 0xd5, 0xd5, 
	0x5a, 0x62, 0x6a, 0x73, 0x83, 0x8b, 0x94, 0x9c, 
	0xa4, 0xac, 0xb4, 0xbd, 0xc5, 0xcd, 0xd5, 0xd5, 
	0xd5, 0xde, 0xde, 0xd5, 0xd5, 0xd5, 0xd5, 0xd5, 
	0xd5, 0xd5, 0xd5, 0xd5, 0xd5, 0xd5, 0xd5, 0xd5, 
	0x5a, 0x62, 0x62, 0x73, 0x7b, 0x8b, 0x94, 0x9c, 
	0xa4, 0xac, 0xb4, 0xbd, 0xc5, 0xcd, 0xcd, 0xd5, 
	0xd5, 0xd5, 0xde, 0xd5, 0xd5, 0xd5, 0xd5, 0xd5, 
	0xd5, 0xd5, 0xd5, 0xd5, 0xd5, 0xd5, 0xd5, 0xd5, 
	0x5a, 0x62, 0x62, 0x6a, 0x7b, 0x83, 0x94, 0x9c, 
	0xa4, 0xac, 0xb4, 0xbd, 0xbd, 0xc5, 0xcd, 0xcd, 
	0xd5, 0xd5, 0xd5, 0xd5, 0xd5, 0xd5, 0xd5, 0xd5, 
	0xd5, 0xd5, 0xd5, 0xd5, 0xd5, 0xd5, 0xd5, 0xd5, 
	0x5a, 0x62, 0x62, 0x6a, 0x73, 0x83, 0x8b, 0x9c, 
	0xa4, 0xac, 0xb4, 0xb4, 0xbd, 0xc5, 0xc5, 0xcd, 
	0xcd, 0xcd, 0xd5, 0xd5, 0xd5, 0xd5, 0xd5, 0xd5, 
	0xd5, 0xd5, 0xd5, 0xd5, 0xd5, 0xd5, 0xd5, 0xd5, 
	0x5a, 0x5a, 0x62, 0x6a, 0x73, 0x83, 0x8b, 0x9c, 
	0xa4, 0xac, 0xac, 0xb4, 0xbd, 0xbd, 0xc5, 0xc5, 
	0xcd, 0xcd, 0xcd, 0xd5, 0xd5, 0xd5, 0xd5, 0xd5, 
	0xd5, 0xd5, 0xd5, 0xd5, 0xd5, 0xd5, 0xd5, 0xd5, 
	0x52, 0x5a, 0x62, 0x6a, 0x73, 0x7b, 0x8b, 0x94, 
	0xa4, 0xac, 0xac, 0xb4, 0xbd, 0xbd, 0xbd, 0xc5, 
	0xc5, 0xcd, 0xcd, 0xcd, 0xd5, 0xd5, 0xd5, 0xd5, 
	0xd5, 0xd5, 0xd5, 0xd5, 0xde, 0xde, 0xd5, 0xd5, 
	0x52, 0x5a, 0x62, 0x62, 0x73, 0x7b, 0x8b, 0x94, 
	0x9c, 0xac, 0xb4, 0xb4, 0xbd, 0xbd, 0xc5, 0xc5, 
	0xcd, 0xcd, 0xcd, 0xd5, 0xd5, 0xd5, 0xd5, 0xd5, 
	0xd5, 0xd5, 0xd5, 0xd5, 0xde, 0xde, 0xd5, 0xd5, 
	0x52, 0x5a, 0x62, 0x62, 0x6a, 0x7b, 0x83, 0x94, 
	0x9c, 0xa4, 0xac, 0xb4, 0xbd, 0xc5, 0xc5, 0xcd, 
	0xcd, 0xcd, 0xd5, 0xd5, 0xd5, 0xd5, 0xd5, 0xd5, 
	0xd5, 0xd5, 0xd5, 0xde, 0xde, 0xde, 0xde, 0xd5, 
	0x52, 0x5a, 0x62, 0x62, 0x6a, 0x73, 0x83, 0x8b, 
	0x9c, 0xa4, 0xac, 0xb4, 0xbd, 0xc5, 0xcd, 0xcd, 
	0xd5, 0xd5, 0xd5, 0xd5, 0xd5, 0xd5, 0xd5, 0xd5, 
	0xd5, 0xd5, 0xde, 0xde, 0xde, 0xde, 0xde, 0xd5, 
	0x52, 0x5a, 0x62, 0x6a, 0x73, 0x73, 0x83, 0x8b, 
	0x94, 0x9c, 0xac, 0xb4, 0xbd, 0xc5, 0xcd, 0xd5, 
	0xd5, 0xd5, 0xd5, 0xd5, 0xd5, 0xd5, 0xd5, 0xde, 
	0xde, 0xde, 0xde, 0xde, 0xde, 0xde, 0xde, 0xd5, 
	0x52, 0x5a, 0x62, 0x6a, 0x73, 0x7b, 0x83, 0x8b, 
	0x94, 0x9c, 0xa4, 0xb4, 0xbd, 0xc5, 0xcd, 0xd5, 
	0xd5, 0xd5, 0xd5, 0xd5, 0xd5, 0xde, 0xde, 0xd5, 
	0xde, 0xde, 0xde, 0xde, 0xde, 0xde, 0xde, 0xd5, 
	0x52, 0x5a, 0x62, 0x73, 0x7b, 0x83, 0x83, 0x8b, 
	0x8b, 0x94, 0xa4, 0xac, 0xb4, 0xc5, 0xcd, 0xd5, 
	0xd5, 0xd5, 0xd5, 0xd5, 0xd5, 0xd5, 0xd5, 0xd5, 
	0xde, 0xde, 0xde, 0xde, 0xde, 0xde, 0xde, 0xd5, 
	0x52, 0x62, 0x6a, 0x7b, 0x83, 0x8b, 0x8b, 0x8b, 
	0x94, 0x94, 0x9c, 0xac, 0xb4, 0xbd, 0xcd, 0xd5, 
	0xd5, 0xd5, 0xd5, 0xd5, 0xd5, 0xd5, 0xd5, 0xd5, 
	0xde, 0xde, 0xde, 0xde, 0xde, 0xde, 0xde, 0xd5, 
	0x52, 0x62, 0x73, 0x83, 0x8b, 0x8b, 0x94, 0x94, 
	0x94, 0x9c, 0x9c, 0xa4, 0xb4, 0xbd, 0xc5, 0xcd, 
	0xd5, 0xd5, 0xd5, 0xd5, 0xd5, 0xd5, 0xd5, 0xd5, 
	0xde, 0xde, 0xde, 0xde, 0xde, 0xde, 0xde, 0xd5, 
	0x52, 0x62, 0x73, 0x83, 0x94, 0x94, 0x9c, 0x9c, 
	0x9c, 0x9c, 0x9c, 0xa4, 0xac, 0xbd, 0xc5, 0xcd, 
	0xcd, 0xd5, 0xd5, 0xd5, 0xd5, 0xd5, 0xd5, 0xd5, 
	0xde, 0xde, 0xde, 0xde, 0xde, 0xde, 0xde, 0xde, 
	0x52, 0x62, 0x73, 0x83, 0x94, 0x9c, 0x9c, 0x9c, 
	0x9c, 0xa4, 0xa4, 0xac, 0xb4, 0xb4, 0xbd, 0xc5, 
	0xcd, 0xcd, 0xd5, 0xd5, 0xd5, 0xd5, 0xd5, 0xd5, 
	0xde, 0xde, 0xde, 0xde, 0xde, 0xde, 0xde, 0xde, 
	0x52, 0x62, 0x73, 0x83, 0x94, 0x9c, 0xa4, 0xa4, 
	0xa4, 0xa4, 0xac, 0xac, 0xb4, 0xbd, 0xbd, 0xc5, 
	0xcd, 0xcd, 0xcd, 0xd5, 0xd5, 0xd5, 0xd5, 0xde, 
	0xde, 0xde, 0xde, 0xde, 0xde, 0xde, 0xde, 0xde, 
	0x52, 0x62, 0x73, 0x83, 0x94, 0x9c, 0xa4, 0xa4, 
	0xac, 0xac, 0xac, 0xb4, 0xb4, 0xbd, 0xbd, 0xc5, 
	0xc5, 0xcd, 0xcd, 0xcd, 0xd5, 0xd5, 0xd5, 0xde, 
	0xde, 0xde, 0xde, 0xde, 0xde, 0xde, 0xde, 0xde, 
	0x52, 0x5a, 0x6a, 0x7b, 0x8b, 0x9c, 0xa4, 0xa4, 
	0xac, 0xac, 0xb4, 0xb4, 0xbd, 0xbd, 0xbd, 0xc5, 
	0xc5, 0xc5, 0xcd, 0xcd, 0xd5, 0xd5, 0xd5, 0xd5, 
	0xde, 0xde, 0xde, 0xde, 0xde, 0xde, 0xde, 0xde, 
	0x52, 0x5a, 0x6a, 0x7b, 0x83, 0x94, 0x9c, 0xa4, 
	0xac, 0xac, 0xb4, 0xb4, 0xbd, 0xbd, 0xc5, 0xc5, 
	0xc5, 0xc5, 0xcd, 0xcd, 0xcd, 0xd5, 0xd5, 0xd5, 
	0xd5, 0xd5, 0xd5, 0xde, 0xde, 0xde, 0xde, 0xde, 
	0x52, 0x5a, 0x62, 0x73, 0x83, 0x8b, 0x9c, 0xa4, 
	0xac, 0xac, 0xb4, 0xbd, 0xbd, 0xbd, 0xc5, 0xc5, 
	0xc5, 0xcd, 0xcd, 0xcd, 0xcd, 0xcd, 0xd5, 0xd5, 
	0xd5, 0xd5, 0xd5, 0xde, 0xde, 0xde, 0xde, 0xde, 
	0x52, 0x5a, 0x62, 0x73, 0x7b, 0x8b, 0x94, 0x9c, 
	0xa4, 0xac, 0xb4, 0xbd, 0xbd, 0xc5, 0xc5, 0xc5, 
	0xcd, 0xcd, 0xcd, 0xcd, 0xcd, 0xcd, 0xcd, 0xd5, 
	0xd5, 0xd5, 0xd5, 0xd5, 0xde, 0xde, 0xde, 0xde, 
	0x52, 0x5a, 0x62, 0x6a, 0x7b, 0x83, 0x94, 0x9c, 
	0xa4, 0xac, 0xb4, 0xbd, 0xbd, 0xc5, 0xc5, 0xcd, 
	0xcd, 0xcd, 0xcd, 0xcd, 0xcd, 0xcd, 0xcd, 0xd5, 
	0xd5, 0xd5, 0xd5, 0xd5, 0xde, 0xde, 0xde, 0xde, 
	0x52, 0x62, 0x62, 0x6a, 0x7b, 0x83, 0x94, 0x9c, 
	0xa4, 0xac, 0xb4, 0xbd, 0xc5, 0xc5, 0xcd, 0xcd, 
	0xcd, 0xcd, 0xcd, 0xcd, 0xcd, 0xcd, 0xd5, 0xd5, 
	0xd5, 0xd5, 0xd5, 0xd5, 0xd5, 0xde, 0xde, 0xde, 
	0x52, 0x62, 0x62, 0x73, 0x7b, 0x83, 0x94, 0x9c, 
	0xac, 0xb4, 0xbd, 0xbd, 0xc5, 0xcd, 0xcd, 0xd5, 
	0xd5, 0xd5, 0xd5, 0xd5, 0xd5, 0xd5, 0xd5, 0xd5, 
	0xd5, 0xd5, 0xd5, 0xd5, 0xde, 0xde, 0xde, 0xde, 
	0x52, 0x62, 0x6a, 0x73, 0x7b, 0x8b, 0x94, 0x9c, 
	0xac, 0xb4, 0xbd, 0xc5, 0xcd, 0xcd, 0xd5, 0xd5, 
	0xd5, 0xd5, 0xd5, 0xd5, 0xd5, 0xd5, 0xd5, 0xd5, 
	0xd5, 0xd5, 0xd5, 0xd5, 0xde, 0xde, 0xde, 0xde, 
	0x5a, 0x62, 0x6a, 0x73, 0x7b, 0x8b, 0x94, 0x9c, 
	0xac, 0xb4, 0xbd, 0xc5, 0xcd, 0xd5, 0xd5, 0xde, 
	0xde, 0xde, 0xde, 0xde, 0xde, 0xde, 0xd5, 0xd5, 
	0xde, 0xde, 0xde, 0xde, 0xde, 0xde, 0xde, 0xde, 
	0x5a, 0x62, 0x6a, 0x73, 0x7b, 0x83, 0x8b, 0x9c, 
	0xa4, 0xac, 0xbd, 0xc5, 0xcd, 0xd5, 0xd5, 0xde, 
	0xde, 0xde, 0xde, 0xde, 0xde, 0xde, 0xde, 0xde, 
	0xde, 0xde, 0xde, 0xde, 0xde, 0xde, 0xde, 0xde, 
	0x5a, 0x62, 0x6a, 0x73, 0x7b, 0x83, 0x8b, 0x94, 
	0x9c, 0xac, 0xb4, 0xbd, 0xc5, 0xcd, 0xd5, 0xde, 
	0xde, 0xde, 0xde, 0xde, 0xde, 0xde, 0xde, 0xde, 
	0xde, 0xde, 0xde, 0xde, 0xde, 0xde, 0xde, 0xde, 
	0x5a, 0x62, 0x62, 0x6a, 0x73, 0x7b, 0x83, 0x8b, 
	0x9c, 0xa4, 0xac, 0xb4, 0xc5, 0xcd, 0xd5, 0xde, 
	0xde, 0xde, 0xde, 0xe6, 0xe6, 0xe6, 0xde, 0xde, 
	0xde, 0xde, 0xde, 0xde, 0xde, 0xde, 0xde, 0xde, 
	0x5a, 0x62, 0x62, 0x6a, 0x73, 0x7b, 0x83, 0x8b, 
	0x94, 0x9c, 0xa4, 0xb4, 0xbd, 0xc5, 0xcd, 0xd5, 
	0xde, 0xde, 0xde, 0xe6, 0xe6, 0xe6, 0xde, 0xde, 
	0xde, 0xde, 0xde, 0xde, 0xde, 0xde, 0xde, 0xd5, 
	0x5a, 0x62, 0x6a, 0x6a, 0x73, 0x7b, 0x7b, 0x83, 
	0x8b, 0x94, 0x9c, 0xac, 0xb4, 0xc5, 0xcd, 0xd5, 
	0xd5, 0xde, 0xde, 0xe6, 0xe6, 0xe6, 0xde, 0xde, 
	0xde, 0xde, 0xde, 0xde, 0xde, 0xde, 0xde, 0xde, 
	0x5a, 0x62, 0x6a, 0x73, 0x7b, 0x7b, 0x83, 0x83, 
	0x8b, 0x94, 0x9c, 0xa4, 0xb4, 0xbd, 0xc5, 0xcd, 
	0xd5, 0xd5, 0xde, 0xde, 0xde, 0xde, 0xde, 0xde, 
	0xde, 0xde, 0xde, 0xde, 0xde, 0xde, 0xde, 0xd5, 
	0x5a, 0x62, 0x73, 0x7b, 0x7b, 0x83, 0x83, 0x8b, 
	0x8b, 0x94, 0x9c, 0xa4, 0xb4, 0xbd, 0xc5, 0xcd, 
	0xd5, 0xd5, 0xd5, 0xde, 0xde, 0xde, 0xde, 0xde, 
	0xde, 0xde, 0xde, 0xde, 0xde, 0xde, 0xde, 0xd5, 
	0x5a, 0x62, 0x73, 0x7b, 0x83, 0x8b, 0x8b, 0x8b, 
	0x94, 0x94, 0x9c, 0xa4, 0xb4, 0xbd, 0xc5, 0xcd, 
	0xcd, 0xd5, 0xd5, 0xde, 0xde, 0xde, 0xde, 0xde, 
	0xde, 0xde, 0xde, 0xde, 0xde, 0xde, 0xde, 0xde, 
	0x5a, 0x62, 0x73, 0x83, 0x8b, 0x94, 0x94, 0x94, 
	0x94, 0x9c, 0xa4, 0xac, 0xb4, 0xbd, 0xc5, 0xcd, 
	0xcd, 0xcd, 0xd5, 0xd5, 0xd5, 0xde, 0xde, 0xde, 
	0xde, 0xde, 0xde, 0xde, 0xde, 0xde, 0xde, 0xd5, 
	0x5a, 0x62, 0x73, 0x83, 0x8b, 0x94, 0x94, 0x9c, 
	0x9c, 0x9c, 0xa4, 0xac, 0xb4, 0xbd, 0xc5, 0xcd, 
	0xcd, 0xcd, 0xd5, 0xd5, 0xd5, 0xde, 0xde, 0xde, 
	0xde, 0xde, 0xde, 0xde, 0xde, 0xde, 0xde, 0xde, 
	0x5a, 0x62, 0x73, 0x83, 0x8b, 0x94, 0x9c, 0x9c, 
	0xa4, 0xa4, 0xac, 0xb4, 0xb4, 0xbd, 0xc5, 0xcd, 
	0xcd, 0xd5, 0xd5, 0xd5, 0xd5, 0xde, 0xde, 0xde, 
	0xde, 0xde, 0xde, 0xde, 0xde, 0xde, 0xde, 0xd5, 
	0x52, 0x62, 0x6a, 0x7b, 0x8b, 0x94, 0x9c, 0x9c, 
	0xa4, 0xac, 0xac, 0xb4, 0xbd, 0xc5, 0xc5, 0xcd, 
	0xd5, 0xd5, 0xd5, 0xd5, 0xd5, 0xd5, 0xd5, 0xde, 
	0xde, 0xde, 0xde, 0xde, 0xde, 0xde, 0xde, 0xd5, 
	0x52, 0x5a, 0x6a, 0x73, 0x83, 0x8b, 0x9c, 0x9c, 
	0xa4, 0xac, 0xb4, 0xb4, 0xbd, 0xc5, 0xcd, 0xcd, 
	0xd5, 0xd5, 0xd5, 0xd5, 0xd5, 0xd5, 0xd5, 0xde, 
	0xde, 0xde, 0xd5, 0xd5, 0xd5, 0xde, 0xde, 0xd5, 
	0x52, 0x5a, 0x62, 0x73, 0x83, 0x8b, 0x94, 0x9c, 
	0xa4, 0xac, 0xb4, 0xb4, 0xbd, 0xc5, 0xcd, 0xcd, 
	0xcd, 0xd5, 0xd5, 0xd5, 0xd5, 0xd5, 0xd5, 0xd5, 
	0xde, 0xde, 0xd5, 0xd5, 0xd5, 0xd5, 0xde, 0xd5, 
	0x52, 0x5a, 0x62, 0x6a, 0x7b, 0x8b, 0x94, 0x9c, 
	0xa4, 0xac, 0xb4, 0xb4, 0xbd, 0xc5, 0xc5, 0xcd, 
	0xcd, 0xcd, 0xcd, 0xcd, 0xd5, 0xd5, 0xd5, 0xd5, 
	0xd5, 0xd5, 0xd5, 0xd5, 0xd5, 0xd5, 0xde, 0xd5, 
	0x52, 0x5a, 0x62, 0x6a, 0x7b, 0x83, 0x8b, 0x9c, 
	0xa4, 0xac, 0xac, 0xb4, 0xbd, 0xc5, 0xc5, 0xcd, 
	0xcd, 0xcd, 0xcd, 0xcd, 0xcd, 0xcd, 0xd5, 0xd5, 
	0xd5, 0xd5, 0xd5, 0xd5, 0xd5, 0xd5, 0xd5, 0xd5, 
	0x52, 0x5a, 0x62, 0x6a, 0x7b, 0x83, 0x8b, 0x94, 
	0x9c, 0xa4, 0xac, 0xb4, 0xbd, 0xc5, 0xc5, 0xcd, 
	0xcd, 0xcd, 0xcd, 0xcd, 0xcd, 0xcd, 0xd5, 0xd5, 
	0xd5, 0xd5, 0xd5, 0xd5, 0xd5, 0xd5, 0xd5, 0xd5, 
	0x52, 0x5a, 0x62, 0x73, 0x7b, 0x83, 0x8b, 0x94, 
	0x9c, 0xa4, 0xac, 0xb4, 0xbd, 0xc5, 0xc5, 0xcd, 
	0xcd, 0xcd, 0xcd, 0xcd, 0xd5, 0xd5, 0xd5, 0xd5, 
	0xd5, 0xd5, 0xd5, 0xd5, 0xd5, 0xd5, 0xd5, 0xd5, 
	0x52, 0x62, 0x6a, 0x73, 0x7b, 0x83, 0x8b, 0x94, 
	0x9c, 0xa4, 0xac, 0xb4, 0xbd, 0xbd, 0xc5, 0xcd, 
	0xcd, 0xcd, 0xd5, 0xd5, 0xd5, 0xd5, 0xd5, 0xd5, 
	0xd5, 0xd5, 0xd5, 0xd5, 0xd5, 0xd5, 0xd5, 0xd5, 
	
};

Gfx castle_grounds_dl_castle_grounds_textures_08800_rgba16_i8_aligner[] = {gsSPEndDisplayList()};
u8 castle_grounds_dl_castle_grounds_textures_08800_rgba16_i8[] = {
	0x52, 0x41, 0x41, 0x4a, 0x52, 0x52, 0x52, 0x52, 
	0x5a, 0x5a, 0x5a, 0x5a, 0x5a, 0x5a, 0x62, 0x62, 
	0x62, 0x62, 0x62, 0x6a, 0x6a, 0x73, 0x73, 0x7b, 
	0x7b, 0x83, 0x94, 0x9c, 0xac, 0xbd, 0xd5, 0xe6, 
	0x39, 0x41, 0x52, 0x52, 0x4a, 0x4a, 0x4a, 0x52, 
	0x52, 0x52, 0x52, 0x52, 0x52, 0x52, 0x52, 0x52, 
	0x52, 0x52, 0x5a, 0x5a, 0x5a, 0x5a, 0x62, 0x62, 
	0x6a, 0x73, 0x7b, 0x83, 0x94, 0xa4, 0xb4, 0xcd, 
	0x4a, 0x52, 0x4a, 0x41, 0x41, 0x4a, 0x4a, 0x4a, 
	0x4a, 0x4a, 0x4a, 0x4a, 0x4a, 0x4a, 0x4a, 0x4a, 
	0x52, 0x52, 0x52, 0x4a, 0x4a, 0x52, 0x52, 0x5a, 
	0x62, 0x6a, 0x6a, 0x73, 0x73, 0x83, 0x9c, 0xbd, 
	0x52, 0x41, 0x41, 0x41, 0x4a, 0x4a, 0x4a, 0x4a, 
	0x4a, 0x4a, 0x4a, 0x4a, 0x4a, 0x4a, 0x4a, 0x4a, 
	0x4a, 0x4a, 0x41, 0x4a, 0x4a, 0x52, 0x52, 0x5a, 
	0x5a, 0x5a, 0x5a, 0x5a, 0x62, 0x73, 0x83, 0xa4, 
	0x41, 0x41, 0x41, 0x41, 0x4a, 0x41, 0x41, 0x41, 
	0x4a, 0x4a, 0x52, 0x4a, 0x4a, 0x4a, 0x4a, 0x4a, 
	0x41, 0x41, 0x41, 0x41, 0x4a, 0x52, 0x5a, 0x5a, 
	0x5a, 0x52, 0x52, 0x52, 0x5a, 0x5a, 0x73, 0x9c, 
	0x39, 0x41, 0x41, 0x41, 0x41, 0x41, 0x41, 0x4a, 
	0x52, 0x52, 0x4a, 0x4a, 0x4a, 0x4a, 0x41, 0x41, 
	0x41, 0x41, 0x41, 0x4a, 0x52, 0x52, 0x52, 0x52, 
	0x4a, 0x4a, 0x4a, 0x4a, 0x4a, 0x52, 0x73, 0x9c, 
	0x41, 0x41, 0x41, 0x39, 0x41, 0x41, 0x52, 0x52, 
	0x52, 0x4a, 0x4a, 0x4a, 0x4a, 0x41, 0x41, 0x41, 
	0x41, 0x4a, 0x4a, 0x52, 0x52, 0x52, 0x4a, 0x4a, 
	0x41, 0x41, 0x41, 0x41, 0x4a, 0x62, 0x7b, 0x9c, 
	0x41, 0x39, 0x39, 0x41, 0x4a, 0x52, 0x52, 0x4a, 
	0x4a, 0x52, 0x52, 0x4a, 0x41, 0x41, 0x41, 0x41, 
	0x4a, 0x52, 0x52, 0x52, 0x4a, 0x4a, 0x41, 0x41, 
	0x41, 0x39, 0x41, 0x52, 0x5a, 0x6a, 0x7b, 0x94, 
	0x39, 0x39, 0x41, 0x5a, 0x62, 0x52, 0x4a, 0x4a, 
	0x52, 0x52, 0x4a, 0x41, 0x41, 0x41, 0x41, 0x4a, 
	0x52, 0x52, 0x5a, 0x4a, 0x41, 0x52, 0x52, 0x41, 
	0x41, 0x4a, 0x52, 0x5a, 0x62, 0x6a, 0x7b, 0x8b, 
	0x39, 0x4a, 0x5a, 0xc5, 0x4a, 0x4a, 0x94, 0x62, 
	0x52, 0x4a, 0x41, 0x4a, 0x41, 0x4a, 0x52, 0x52, 
	0x5a, 0x62, 0xa4, 0x41, 0x41, 0x41, 0x39, 0x7b, 
	0x83, 0x5a, 0x62, 0x5a, 0x62, 0x6a, 0x6a, 0x7b, 
	0x52, 0x5a, 0x4a, 0xde, 0x73, 0x52, 0xd5, 0x4a, 
	0x9c, 0x41, 0xb4, 0x94, 0x9c, 0x9c, 0x52, 0x94, 
	0xa4, 0x7b, 0x94, 0x41, 0x83, 0xb4, 0x4a, 0xb4, 
	0x94, 0x8b, 0xb4, 0x7b, 0xbd, 0x52, 0x62, 0x83, 
	0x52, 0x4a, 0x6a, 0xbd, 0x73, 0x52, 0x9c, 0x94, 
	0xa4, 0x62, 0xbd, 0x6a, 0xbd, 0xac, 0xb4, 0xac, 
	0x9c, 0x9c, 0x73, 0x41, 0x41, 0x8b, 0xac, 0xb4, 
	0x83, 0xb4, 0xbd, 0x8b, 0xac, 0x5a, 0x73, 0x8b, 
	0x41, 0x4a, 0x7b, 0x9c, 0x83, 0x41, 0x7b, 0x73, 
	0x83, 0x41, 0x73, 0x52, 0x7b, 0x8b, 0x7b, 0x83, 
	0x6a, 0x6a, 0x41, 0x4a, 0x8b, 0x83, 0x52, 0x9c, 
	0x52, 0x83, 0x83, 0x4a, 0x7b, 0x62, 0x6a, 0x73, 
	0x52, 0x5a, 0x52, 0x4a, 0x41, 0x41, 0x39, 0x41, 
	0x4a, 0x4a, 0x4a, 0x4a, 0x4a, 0x4a, 0x41, 0x41, 
	0x41, 0x41, 0x4a, 0x52, 0x52, 0x52, 0x52, 0x52, 
	0x4a, 0x41, 0x4a, 0x5a, 0x5a, 0x52, 0x5a, 0x6a, 
	0x5a, 0x4a, 0x41, 0x41, 0x39, 0x39, 0x41, 0x4a, 
	0x4a, 0x4a, 0x4a, 0x4a, 0x4a, 0x41, 0x41, 0x41, 
	0x41, 0x4a, 0x52, 0x52, 0x52, 0x52, 0x4a, 0x41, 
	0x41, 0x4a, 0x52, 0x52, 0x4a, 0x4a, 0x52, 0x6a, 
	0x41, 0x41, 0x39, 0x39, 0x39, 0x41, 0x4a, 0x4a, 
	0x4a, 0x4a, 0x4a, 0x41, 0x41, 0x41, 0x41, 0x4a, 
	0x4a, 0x52, 0x52, 0x52, 0x4a, 0x4a, 0x41, 0x4a, 
	0x52, 0x4a, 0x41, 0x41, 0x41, 0x4a, 0x5a, 0x73, 
	0x39, 0x39, 0x39, 0x39, 0x41, 0x41, 0x4a, 0x52, 
	0x4a, 0x52, 0x41, 0x39, 0x4a, 0x4a, 0x4a, 0x4a, 
	0x4a, 0x52, 0x4a, 0x4a, 0x4a, 0x4a, 0x4a, 0x4a, 
	0x4a, 0x41, 0x39, 0x39, 0x41, 0x52, 0x62, 0x73, 
	0x31, 0x39, 0x41, 0x41, 0x41, 0x4a, 0x6a, 0x9c, 
	0x94, 0x7b, 0x6a, 0x52, 0x7b, 0x83, 0x52, 0x62, 
	0x4a, 0x62, 0x52, 0x4a, 0x4a, 0x62, 0x4a, 0x41, 
	0x41, 0x39, 0x41, 0x4a, 0x4a, 0x52, 0x62, 0x6a, 
	0x39, 0x41, 0x41, 0x41, 0x4a, 0x52, 0x5a, 0xbd, 
	0xb4, 0x94, 0xa4, 0x4a, 0x8b, 0xac, 0x9c, 0xa4, 
	0x9c, 0xac, 0xac, 0x73, 0x4a, 0xb4, 0x8b, 0x9c, 
	0x52, 0x41, 0x4a, 0x4a, 0x52, 0x52, 0x52, 0x62, 
	0x41, 0x41, 0x4a, 0x52, 0x4a, 0x41, 0x41, 0x73, 
	0x41, 0x7b, 0x83, 0x4a, 0x73, 0x73, 0x83, 0x7b, 
	0xa4, 0x6a, 0x8b, 0x4a, 0x5a, 0x7b, 0x83, 0x41, 
	0x4a, 0x4a, 0x4a, 0x4a, 0x4a, 0x4a, 0x52, 0x5a, 
	0x41, 0x4a, 0x52, 0x41, 0x39, 0x39, 0x41, 0x4a, 
	0x52, 0x4a, 0x52, 0x52, 0x4a, 0x4a, 0x4a, 0x52, 
	0x6a, 0x41, 0x41, 0x41, 0x41, 0x41, 0x41, 0x4a, 
	0x4a, 0x4a, 0x4a, 0x41, 0x41, 0x4a, 0x52, 0x5a, 
	0x52, 0x4a, 0x39, 0x31, 0x39, 0x4a, 0x52, 0x52, 
	0x52, 0x52, 0x52, 0x4a, 0x4a, 0x4a, 0x4a, 0x41, 
	0x41, 0x41, 0x41, 0x41, 0x41, 0x4a, 0x4a, 0x4a, 
	0x4a, 0x4a, 0x41, 0x4a, 0x4a, 0x4a, 0x4a, 0x4a, 
	0x41, 0x39, 0x31, 0x41, 0x52, 0x52, 0x52, 0x52, 
	0x52, 0x52, 0x52, 0x4a, 0x4a, 0x41, 0x41, 0x41, 
	0x41, 0x41, 0x41, 0x4a, 0x4a, 0x4a, 0x4a, 0x4a, 
	0x41, 0x41, 0x4a, 0x4a, 0x41, 0x41, 0x41, 0x41, 
	0x31, 0x39, 0x4a, 0x52, 0x52, 0x52, 0x52, 0x52, 
	0x4a, 0x4a, 0x4a, 0x4a, 0x41, 0x41, 0x41, 0x41, 
	0x41, 0x41, 0x41, 0x4a, 0x4a, 0x41, 0x41, 0x41, 
	0x4a, 0x4a, 0x4a, 0x41, 0x41, 0x39, 0x39, 0x41, 
	0x41, 0x52, 0x52, 0x52, 0x52, 0x52, 0x4a, 0x4a, 
	0x4a, 0x4a, 0x4a, 0x41, 0x41, 0x41, 0x41, 0x41, 
	0x4a, 0x4a, 0x41, 0x41, 0x41, 0x41, 0x4a, 0x4a, 
	0x4a, 0x4a, 0x41, 0x39, 0x41, 0x41, 0x4a, 0x5a, 
	0x52, 0x52, 0x52, 0x52, 0x4a, 0x4a, 0x4a, 0x4a, 
	0x4a, 0x4a, 0x41, 0x41, 0x41, 0x41, 0x41, 0x4a, 
	0x41, 0x41, 0x41, 0x41, 0x41, 0x4a, 0x4a, 0x4a, 
	0x4a, 0x41, 0x41, 0x41, 0x41, 0x52, 0x5a, 0x62, 
	0x52, 0x52, 0x4a, 0x4a, 0x4a, 0x4a, 0x4a, 0x4a, 
	0x4a, 0x41, 0x41, 0x41, 0x4a, 0x4a, 0x41, 0x41, 
	0x41, 0x41, 0x41, 0x41, 0x4a, 0x4a, 0x4a, 0x4a, 
	0x41, 0x41, 0x41, 0x4a, 0x52, 0x62, 0x62, 0x62, 
	0x52, 0x4a, 0x4a, 0x4a, 0x4a, 0x52, 0x4a, 0x4a, 
	0x41, 0x41, 0x4a, 0x4a, 0x4a, 0x41, 0x41, 0x41, 
	0x41, 0x41, 0x4a, 0x4a, 0x4a, 0x4a, 0x4a, 0x4a, 
	0x4a, 0x4a, 0x52, 0x5a, 0x62, 0x62, 0x62, 0x5a, 
	0x4a, 0x4a, 0x4a, 0x52, 0x52, 0x4a, 0x4a, 0x41, 
	0x4a, 0x4a, 0x4a, 0x4a, 0x41, 0x41, 0x41, 0x41, 
	0x4a, 0x4a, 0x4a, 0x4a, 0x4a, 0x4a, 0x4a, 0x4a, 
	0x52, 0x5a, 0x5a, 0x62, 0x62, 0x5a, 0x52, 0x4a, 
	0x4a, 0x52, 0x52, 0x52, 0x4a, 0x4a, 0x4a, 0x4a, 
	0x52, 0x4a, 0x4a, 0x41, 0x41, 0x41, 0x41, 0x4a, 
	0x4a, 0x4a, 0x4a, 0x4a, 0x4a, 0x4a, 0x4a, 0x52, 
	0x5a, 0x62, 0x62, 0x62, 0x5a, 0x4a, 0x4a, 0x52, 
	0x52, 0x52, 0x52, 0x4a, 0x4a, 0x4a, 0x52, 0x52, 
	0x52, 0x4a, 0x41, 0x41, 0x41, 0x4a, 0x4a, 0x4a, 
	0x4a, 0x4a, 0x4a, 0x4a, 0x4a, 0x52, 0x52, 0x5a, 
	0x62, 0x62, 0x5a, 0x52, 0x4a, 0x52, 0x5a, 0x62, 
	0x52, 0x52, 0x4a, 0x4a, 0x52, 0x52, 0x52, 0x4a, 
	0x4a, 0x41, 0x41, 0x41, 0x4a, 0x4a, 0x4a, 0x4a, 
	0x4a, 0x4a, 0x4a, 0x52, 0x52, 0x5a, 0x5a, 0x62, 
	0x62, 0x5a, 0x52, 0x52, 0x52, 0x5a, 0x62, 0x62, 
	
};

Gfx castle_grounds_dl_rr_textures_00800_rgba16_i8_aligner[] = {gsSPEndDisplayList()};
u8 castle_grounds_dl_rr_textures_00800_rgba16_i8[] = {
	0x9c, 0xcd, 0xac, 0xc5, 0xb4, 0xc5, 0xa4, 0xee, 
	0xac, 0xbd, 0xc5, 0xa4, 0xd5, 0xde, 0xe6, 0xac, 
	0xbd, 0xa4, 0xd5, 0xcd, 0xac, 0xe6, 0xd5, 0x9c, 
	0xe6, 0xac, 0xc5, 0xa4, 0xc5, 0xac, 0xcd, 0xde, 
	0x9c, 0xd5, 0xac, 0xd5, 0xa4, 0xcd, 0xd5, 0xde, 
	0xac, 0xbd, 0xd5, 0xb4, 0xd5, 0xc5, 0xcd, 0xb4, 
	0xcd, 0xb4, 0xde, 0xc5, 0xac, 0xee, 0xd5, 0x9c, 
	0xf6, 0xac, 0xc5, 0x94, 0xc5, 0xb4, 0xcd, 0xde, 
	0x9c, 0xde, 0xb4, 0xd5, 0xa4, 0xcd, 0xd5, 0xde, 
	0xac, 0xbd, 0xd5, 0xb4, 0xde, 0xc5, 0xcd, 0xac, 
	0xcd, 0xbd, 0xe6, 0xc5, 0xac, 0xee, 0xde, 0x9c, 
	0xf6, 0xac, 0xcd, 0x94, 0xc5, 0xb4, 0xc5, 0xde, 
	0x9c, 0xe6, 0xb4, 0xd5, 0xa4, 0xd5, 0xcd, 0xe6, 
	0xac, 0xbd, 0xde, 0xbd, 0xde, 0xc5, 0xc5, 0xac, 
	0xd5, 0xbd, 0xe6, 0xc5, 0xac, 0xee, 0xde, 0x9c, 
	0xf6, 0xac, 0xd5, 0x8b, 0xbd, 0xb4, 0xc5, 0xe6, 
	0x9c, 0xe6, 0xb4, 0xd5, 0xa4, 0xd5, 0xcd, 0xde, 
	0xac, 0xbd, 0xde, 0xbd, 0xde, 0xc5, 0xc5, 0xa4, 
	0xde, 0xc5, 0xe6, 0xc5, 0xac, 0xee, 0xde, 0x9c, 
	0xf6, 0xb4, 0xde, 0x8b, 0xc5, 0xb4, 0xc5, 0xe6, 
	0x94, 0xe6, 0xb4, 0xd5, 0xac, 0xd5, 0xcd, 0xde, 
	0xac, 0xbd, 0xde, 0xbd, 0xde, 0xc5, 0xc5, 0xa4, 
	0xde, 0xc5, 0xee, 0xc5, 0xb4, 0xee, 0xde, 0x9c, 
	0xf6, 0xb4, 0xde, 0x8b, 0xc5, 0xb4, 0xcd, 0xe6, 
	0x9c, 0xe6, 0xb4, 0xd5, 0xac, 0xde, 0xcd, 0xde, 
	0xac, 0xb4, 0xde, 0xbd, 0xde, 0xc5, 0xbd, 0x9c, 
	0xde, 0xc5, 0xee, 0xc5, 0xb4, 0xe6, 0xd5, 0x9c, 
	0xf6, 0xb4, 0xde, 0x94, 0xc5, 0xb4, 0xcd, 0xe6, 
	0x9c, 0xe6, 0xb4, 0xd5, 0xac, 0xde, 0xc5, 0xde, 
	0xac, 0xb4, 0xe6, 0xbd, 0xe6, 0xc5, 0xbd, 0xb4, 
	0xe6, 0xc5, 0xee, 0xcd, 0xb4, 0xe6, 0xd5, 0x9c, 
	0xee, 0xb4, 0xde, 0x9c, 0xcd, 0xb4, 0xcd, 0xe6, 
	0x9c, 0xe6, 0xb4, 0xd5, 0xb4, 0xde, 0xc5, 0xde, 
	0xac, 0xb4, 0xde, 0xbd, 0xe6, 0xcd, 0xb4, 0xb4, 
	0xe6, 0xc5, 0xf6, 0xd5, 0xb4, 0xe6, 0xcd, 0x9c, 
	0xee, 0xb4, 0xd5, 0x9c, 0xcd, 0xb4, 0xd5, 0xde, 
	0x9c, 0xe6, 0xb4, 0xde, 0xb4, 0xde, 0xc5, 0xde, 
	0xac, 0xb4, 0xde, 0xbd, 0xe6, 0xcd, 0xb4, 0xc5, 
	0xe6, 0xc5, 0xf6, 0xd5, 0xbd, 0xde, 0xcd, 0x94, 
	0xe6, 0xb4, 0xd5, 0xbd, 0xd5, 0xac, 0xd5, 0xde, 
	0x94, 0xde, 0xb4, 0xde, 0xb4, 0xde, 0xc5, 0xde, 
	0xac, 0xb4, 0xde, 0xbd, 0xe6, 0xd5, 0xac, 0xc5, 
	0xe6, 0xc5, 0xf6, 0xd5, 0xc5, 0xde, 0xcd, 0xb4, 
	0xe6, 0xbd, 0xde, 0xb4, 0xd5, 0xac, 0xd5, 0xe6, 
	0x94, 0xde, 0xb4, 0xde, 0xb4, 0xde, 0xc5, 0xde, 
	0xac, 0xb4, 0xde, 0xbd, 0xee, 0xd5, 0xac, 0xc5, 
	0xe6, 0xc5, 0xf6, 0xde, 0xc5, 0xde, 0xcd, 0xac, 
	0xde, 0xbd, 0xe6, 0xb4, 0xde, 0xac, 0xde, 0xee, 
	0x8b, 0xde, 0xb4, 0xe6, 0xbd, 0xd5, 0xc5, 0xee, 
	0xac, 0xb4, 0xde, 0xbd, 0xee, 0xde, 0xb4, 0xbd, 
	0xe6, 0xc5, 0xf6, 0xe6, 0xcd, 0xde, 0xcd, 0x9c, 
	0xd5, 0xbd, 0xee, 0xb4, 0xde, 0xa4, 0xde, 0xee, 
	0x8b, 0xde, 0xb4, 0xee, 0xbd, 0xcd, 0xc5, 0xf6, 
	0xac, 0xbd, 0xde, 0xbd, 0xe6, 0xe6, 0xb4, 0xac, 
	0xe6, 0xc5, 0xf6, 0xe6, 0xbd, 0xd5, 0xd5, 0x94, 
	0xd5, 0xbd, 0xee, 0xa4, 0xe6, 0xa4, 0xde, 0xee, 
	0x8b, 0xe6, 0xb4, 0xee, 0xbd, 0xcd, 0xcd, 0xf6, 
	0xb4, 0xbd, 0xde, 0xbd, 0xee, 0xee, 0xbd, 0xa4, 
	0xe6, 0xcd, 0xf6, 0xee, 0xb4, 0xcd, 0xd5, 0x94, 
	0xde, 0xbd, 0xee, 0xac, 0xe6, 0x9c, 0xe6, 0xee, 
	0x8b, 0xe6, 0xac, 0xf6, 0xbd, 0xcd, 0xcd, 0xf6, 
	0xb4, 0xbd, 0xe6, 0xbd, 0xee, 0xee, 0xbd, 0xb4, 
	0xe6, 0xcd, 0xee, 0xee, 0xb4, 0xcd, 0xd5, 0x94, 
	0xde, 0xbd, 0xee, 0xac, 0xe6, 0x9c, 0xe6, 0xee, 
	0x94, 0xe6, 0xa4, 0xf6, 0xbd, 0xd5, 0xcd, 0xde, 
	0xb4, 0xcd, 0xde, 0xbd, 0xee, 0xee, 0xbd, 0xac, 
	0xe6, 0xcd, 0xf6, 0xee, 0xb4, 0xcd, 0xd5, 0x94, 
	0xde, 0xbd, 0xe6, 0xb4, 0xe6, 0x9c, 0xe6, 0xee, 
	0x94, 0xe6, 0xa4, 0xf6, 0xb4, 0xd5, 0xcd, 0xde, 
	0xb4, 0xd5, 0xd5, 0xbd, 0xe6, 0xf6, 0xbd, 0x9c, 
	0xe6, 0xcd, 0xf6, 0xee, 0xac, 0xc5, 0xd5, 0x8b, 
	0xe6, 0xbd, 0xe6, 0xb4, 0xee, 0x94, 0xee, 0xee, 
	0x8b, 0xe6, 0x9c, 0xf6, 0xb4, 0xbd, 0xcd, 0xee, 
	0xb4, 0xe6, 0xcd, 0xbd, 0xe6, 0xf6, 0xbd, 0x9c, 
	0xde, 0xcd, 0xf6, 0xf6, 0xac, 0xc5, 0xd5, 0x8b, 
	0xe6, 0xbd, 0xe6, 0xb4, 0xee, 0x94, 0xee, 0xee, 
	0x8b, 0xe6, 0x9c, 0xf6, 0xac, 0xbd, 0xcd, 0xee, 
	0xb4, 0xe6, 0xc5, 0xbd, 0xe6, 0xf6, 0xbd, 0x8b, 
	0xcd, 0xc5, 0xee, 0xf6, 0xac, 0xc5, 0xcd, 0x8b, 
	0xee, 0xbd, 0xe6, 0xac, 0xee, 0x8b, 0xee, 0xee, 
	0x8b, 0xe6, 0x9c, 0xf6, 0xac, 0xbd, 0xcd, 0xee, 
	0xb4, 0xee, 0xc5, 0xbd, 0xe6, 0xf6, 0xb4, 0x8b, 
	0xcd, 0xc5, 0xee, 0xf6, 0xac, 0xcd, 0xcd, 0x8b, 
	0xee, 0xbd, 0xde, 0xac, 0xee, 0x8b, 0xee, 0xf6, 
	0x8b, 0xe6, 0x9c, 0xf6, 0xac, 0xb4, 0xc5, 0xee, 
	0xb4, 0xee, 0xc5, 0xbd, 0xde, 0xee, 0xb4, 0x94, 
	0xde, 0xb4, 0xee, 0xee, 0xac, 0xcd, 0xd5, 0x94, 
	0xee, 0xbd, 0xde, 0xac, 0xee, 0x83, 0xf6, 0xf6, 
	0x8b, 0xde, 0x9c, 0xf6, 0xac, 0xac, 0xc5, 0xee, 
	0xb4, 0xee, 0xc5, 0xb4, 0xde, 0xee, 0xb4, 0x9c, 
	0xd5, 0xac, 0xee, 0xee, 0xac, 0xd5, 0xd5, 0x94, 
	0xf6, 0xbd, 0xde, 0xa4, 0xee, 0x7b, 0xf6, 0xf6, 
	0x8b, 0xde, 0x9c, 0xf6, 0xb4, 0xbd, 0xbd, 0xf6, 
	0xb4, 0xf6, 0xc5, 0xb4, 0xde, 0xee, 0xb4, 0xa4, 
	0xd5, 0xac, 0xee, 0xee, 0xb4, 0xd5, 0xd5, 0x9c, 
	0xf6, 0xbd, 0xde, 0xa4, 0xe6, 0x7b, 0xf6, 0xf6, 
	0x8b, 0xde, 0x9c, 0xf6, 0xb4, 0xbd, 0xbd, 0xf6, 
	0xb4, 0xf6, 0xc5, 0xb4, 0xde, 0xee, 0xbd, 0xa4, 
	0xd5, 0xac, 0xe6, 0xee, 0xb4, 0xde, 0xd5, 0x9c, 
	0xee, 0xbd, 0xde, 0xa4, 0xe6, 0x7b, 0xf6, 0xf6, 
	0x8b, 0xde, 0x9c, 0xc5, 0xb4, 0xbd, 0xb4, 0xf6, 
	0xb4, 0xf6, 0xc5, 0xb4, 0xde, 0xee, 0xc5, 0xac, 
	0xcd, 0xa4, 0xe6, 0xee, 0xb4, 0xde, 0xd5, 0x9c, 
	0xee, 0xbd, 0xde, 0x9c, 0xe6, 0x7b, 0xf6, 0xf6, 
	0x8b, 0xd5, 0x9c, 0xc5, 0xb4, 0xbd, 0xac, 0xf6, 
	0xb4, 0xf6, 0xc5, 0xb4, 0xd5, 0xe6, 0xc5, 0x94, 
	0xcd, 0xa4, 0xe6, 0xe6, 0xb4, 0xde, 0xd5, 0x9c, 
	0xde, 0xbd, 0xde, 0x9c, 0xde, 0x83, 0xee, 0xf6, 
	0x8b, 0xcd, 0x9c, 0xc5, 0xb4, 0xcd, 0xa4, 0xf6, 
	0xb4, 0xf6, 0xc5, 0xb4, 0xde, 0xe6, 0xcd, 0x9c, 
	0xbd, 0xa4, 0xe6, 0xe6, 0xb4, 0xde, 0xde, 0x9c, 
	0xd5, 0xbd, 0xde, 0xa4, 0xd5, 0x8b, 0xe6, 0xf6, 
	0x8b, 0xcd, 0x9c, 0xc5, 0xb4, 0xd5, 0xa4, 0xf6, 
	0xac, 0xf6, 0xcd, 0xac, 0xde, 0xe6, 0xd5, 0x9c, 
	0xcd, 0xa4, 0xde, 0xe6, 0xbd, 0xde, 0xde, 0xa4, 
	0xd5, 0xbd, 0xde, 0xa4, 0xcd, 0x94, 0xde, 0xf6, 
	0x8b, 0xcd, 0xa4, 0xc5, 0xb4, 0xd5, 0xa4, 0xf6, 
	0xac, 0xf6, 0xcd, 0xac, 0xde, 0xe6, 0xd5, 0xa4, 
	0xcd, 0xa4, 0xde, 0xde, 0xbd, 0xde, 0xde, 0xa4, 
	0xcd, 0xbd, 0xde, 0xa4, 0xcd, 0x9c, 0xd5, 0xf6, 
	0x94, 0xc5, 0xa4, 0xc5, 0xc5, 0xcd, 0x9c, 0xf6, 
	0xac, 0xf6, 0xcd, 0xac, 0xd5, 0xde, 0xde, 0xa4, 
	0xde, 0x9c, 0xde, 0xd5, 0xbd, 0xde, 0xde, 0xa4, 
	0xcd, 0xbd, 0xde, 0xa4, 0xc5, 0xa4, 0xcd, 0xf6, 
	0x94, 0xc5, 0xa4, 0xc5, 0xc5, 0xcd, 0x9c, 0xf6, 
	0xac, 0xf6, 0xc5, 0xac, 0xd5, 0xde, 0xe6, 0xac, 
	0xde, 0x9c, 0xd5, 0xd5, 0xb4, 0xde, 0xde, 0xa4, 
	0xcd, 0xbd, 0xd5, 0xa4, 0xc5, 0xa4, 0xcd, 0xee, 
	
};

Gfx castle_grounds_dl__11111texKinokoRed_ci4_ci4_aligner[] = {gsSPEndDisplayList()};
u8 castle_grounds_dl__11111texKinokoRed_ci4_ci4[] = {
	0x00, 0x00, 0x00, 0x00, 0x00, 0x00, 0x00, 0x00, 
	0x00, 0x00, 0x00, 0x00, 0x00, 0x00, 0x00, 0x00, 
	0x00, 0x00, 0x00, 0x00, 0x00, 0x00, 0x00, 0x00, 
	0x00, 0x00, 0x00, 0x00, 0x00, 0x00, 0x00, 0x00, 
	0x00, 0x00, 0x00, 0x00, 0x00, 0x00, 0x00, 0x00, 
	0x00, 0x00, 0x00, 0x00, 0x00, 0x00, 0x00, 0x00, 
	0x00, 0x00, 0x00, 0x00, 0x00, 0x00, 0x00, 0x00, 
	0x00, 0x00, 0x00, 0x00, 0x00, 0x00, 0x00, 0x00, 
	0x00, 0x00, 0x00, 0x00, 0x00, 0x00, 0x00, 0x00, 
	0x00, 0x00, 0x00, 0x00, 0x00, 0x00, 0x00, 0x00, 
	0x00, 0x00, 0x00, 0x00, 0x00, 0x00, 0x00, 0x00, 
	0x00, 0x00, 0x00, 0x00, 0x00, 0x00, 0x00, 0x00, 
	0x00, 0x00, 0x00, 0x00, 0x00, 0x00, 0x00, 0x00, 
	0x00, 0x00, 0x00, 0x00, 0x00, 0x00, 0x00, 0x00, 
	0x00, 0x00, 0x00, 0x00, 0x00, 0x00, 0x00, 0x00, 
	0x00, 0x00, 0x00, 0x00, 0x00, 0x00, 0x00, 0x00, 
	0x00, 0x00, 0x00, 0x00, 0x00, 0x00, 0x00, 0x00, 
	0x00, 0x00, 0x00, 0x00, 0x00, 0x00, 0x00, 0x00, 
	0x00, 0x00, 0x00, 0x00, 0x00, 0x00, 0x00, 0x00, 
	0x00, 0x00, 0x00, 0x00, 0x00, 0x00, 0x00, 0x00, 
	0x00, 0x00, 0x00, 0x00, 0x00, 0x00, 0x00, 0x00, 
	0x00, 0x00, 0x00, 0x00, 0x00, 0x00, 0x00, 0x00, 
	0x00, 0x00, 0x00, 0x00, 0x00, 0x00, 0x00, 0x00, 
	0x00, 0x00, 0x00, 0x00, 0x00, 0x00, 0x00, 0x00, 
	0x00, 0x00, 0x00, 0x00, 0x00, 0x00, 0x00, 0x00, 
	0x00, 0x00, 0x00, 0x00, 0x00, 0x00, 0x00, 0x00, 
	0x00, 0x00, 0x00, 0x00, 0x00, 0x00, 0x00, 0x00, 
	0x00, 0x00, 0x00, 0x00, 0x00, 0x00, 0x00, 0x00, 
	0x00, 0x00, 0x00, 0x00, 0x00, 0x00, 0x00, 0x00, 
	0x00, 0x00, 0x00, 0x00, 0x00, 0x00, 0x00, 0x00, 
	0x00, 0x00, 0x00, 0x00, 0x00, 0x00, 0x00, 0x00, 
	0x00, 0x00, 0x00, 0x00, 0x00, 0x00, 0x00, 0x00, 
	0x00, 0x00, 0x00, 0x00, 0x00, 0x00, 0x00, 0x00, 
	0x00, 0x00, 0x00, 0x00, 0x00, 0x00, 0x00, 0x00, 
	0x00, 0x00, 0x00, 0x00, 0x00, 0x00, 0x00, 0x00, 
	0x00, 0x00, 0x00, 0x00, 0x00, 0x00, 0x00, 0x00, 
	0x00, 0x00, 0x00, 0x00, 0x00, 0x00, 0x00, 0x00, 
	0x00, 0x00, 0x00, 0x00, 0x00, 0x00, 0x00, 0x00, 
	0x00, 0x00, 0x00, 0x00, 0x00, 0x00, 0x00, 0x00, 
	0x00, 0x00, 0x00, 0x00, 0x00, 0x00, 0x00, 0x00, 
	0x00, 0x00, 0x00, 0x00, 0x00, 0x00, 0x00, 0x00, 
	0x00, 0x00, 0x00, 0x00, 0x00, 0x00, 0x00, 0x00, 
	0x00, 0x00, 0x00, 0x00, 0x00, 0x00, 0x00, 0x00, 
	0x00, 0x00, 0x00, 0x00, 0x00, 0x00, 0x00, 0x00, 
	0x00, 0x00, 0x00, 0x00, 0x00, 0x00, 0x00, 0x00, 
	0x00, 0x00, 0x00, 0x00, 0x00, 0x00, 0x00, 0x00, 
	0x00, 0x00, 0x00, 0x00, 0x00, 0x00, 0x00, 0x00, 
	0x00, 0x00, 0x00, 0x00, 0x00, 0x00, 0x00, 0x00, 
	0x00, 0x00, 0x00, 0x00, 0x00, 0x00, 0x00, 0x00, 
	0x00, 0x00, 0x00, 0x00, 0x00, 0x00, 0x00, 0x00, 
	0x00, 0x00, 0x00, 0x00, 0x00, 0x00, 0x00, 0x00, 
	0x00, 0x00, 0x00, 0x00, 0x00, 0x00, 0x00, 0x00, 
	0x00, 0x00, 0x00, 0x00, 0x00, 0x00, 0x00, 0x00, 
	0x00, 0x00, 0x00, 0x00, 0x00, 0x00, 0x00, 0x00, 
	0x00, 0x00, 0x00, 0x00, 0x00, 0x00, 0x00, 0x00, 
	0x00, 0x00, 0x00, 0x00, 0x00, 0x00, 0x00, 0x00, 
	0x00, 0x00, 0x00, 0x01, 0x00, 0x00, 0x00, 0x00, 
	0x00, 0x00, 0x00, 0x00, 0x00, 0x00, 0x00, 0x00, 
	0x00, 0x00, 0x00, 0x00, 0x00, 0x00, 0x00, 0x00, 
	0x00, 0x00, 0x00, 0x00, 0x00, 0x00, 0x00, 0x00, 
	0x00, 0x00, 0x00, 0x01, 0x00, 0x00, 0x00, 0x00, 
	0x00, 0x00, 0x00, 0x00, 0x00, 0x00, 0x22, 0x22, 
	0x00, 0x00, 0x00, 0x00, 0x00, 0x00, 0x00, 0x00, 
	0x00, 0x00, 0x00, 0x00, 0x00, 0x00, 0x00, 0x00, 
	0x00, 0x00, 0x00, 0x01, 0x00, 0x00, 0x00, 0x00, 
	0x00, 0x00, 0x00, 0x02, 0x22, 0x33, 0x22, 0x22, 
	0x22, 0x00, 0x00, 0x00, 0x00, 0x00, 0x00, 0x00, 
	0x00, 0x00, 0x00, 0x00, 0x00, 0x00, 0x00, 0x00, 
	0x00, 0x00, 0x00, 0x01, 0x00, 0x00, 0x00, 0x00, 
	0x00, 0x00, 0x22, 0x34, 0x44, 0x44, 0x55, 0x53, 
	0x44, 0x32, 0x66, 0x00, 0x00, 0x00, 0x00, 0x00, 
	0x00, 0x00, 0x00, 0x00, 0x00, 0x00, 0x00, 0x00, 
	0x00, 0x00, 0x00, 0x00, 0x00, 0x00, 0x00, 0x00, 
	0x33, 0x33, 0x44, 0x45, 0x78, 0x88, 0x88, 0x88, 
	0x87, 0x55, 0x33, 0x33, 0x00, 0x00, 0x00, 0x00, 
	0x00, 0x00, 0x00, 0x00, 0x00, 0x00, 0x00, 0x00, 
	0x00, 0x00, 0x00, 0x00, 0x00, 0x00, 0x00, 0x00, 
	0x33, 0x33, 0x45, 0x88, 0x89, 0x99, 0x99, 0x99, 
	0x88, 0x88, 0x73, 0x33, 0x00, 0x00, 0x00, 0x00, 
	0x00, 0x00, 0x00, 0x00, 0x00, 0x00, 0x00, 0x00, 
	0x00, 0x00, 0x00, 0x00, 0x00, 0x00, 0x00, 0x06, 
	0x33, 0x35, 0x88, 0x89, 0x9a, 0xaa, 0x99, 0x99, 
	0x99, 0x98, 0x88, 0x73, 0x20, 0x00, 0x00, 0x00, 
	0x00, 0x00, 0x00, 0x00, 0x00, 0x00, 0x00, 0x00, 
	0x00, 0x00, 0x00, 0x00, 0x00, 0x00, 0x00, 0x62, 
	0x33, 0x77, 0x89, 0x99, 0xaa, 0xaa, 0xaa, 0xaa, 
	0x99, 0x99, 0x88, 0x87, 0x32, 0x00, 0x00, 0x00, 
	0x00, 0x00, 0x00, 0x00, 0x00, 0x00, 0x00, 0x00, 
	0x00, 0x00, 0x00, 0x00, 0x00, 0x00, 0x33, 0x33, 
	0x47, 0x88, 0x99, 0xaa, 0xaa, 0xab, 0xbb, 0xbb, 
	0xaa, 0xaa, 0xa9, 0x98, 0xc2, 0x22, 0x00, 0x00, 
	0x00, 0x00, 0x00, 0x00, 0x00, 0x00, 0x00, 0x00, 
	0x00, 0x00, 0x00, 0x00, 0x00, 0x00, 0x33, 0x33, 
	0x78, 0x89, 0x9a, 0xbb, 0xbb, 0xbb, 0xbb, 0xbb, 
	0xbb, 0xaa, 0xaa, 0xa9, 0x8c, 0x22, 0x00, 0x00, 
	0x00, 0x00, 0x00, 0x00, 0x00, 0x00, 0x00, 0x00, 
	0x00, 0x00, 0x00, 0x00, 0x00, 0x00, 0x33, 0x35, 
	0x88, 0x99, 0xab, 0xbb, 0xbb, 0xbb, 0xbb, 0xbb, 
	0xbb, 0xbb, 0xaa, 0xaa, 0x88, 0xd2, 0x00, 0x00, 
	0x00, 0x00, 0x00, 0x00, 0x00, 0x00, 0x00, 0x00, 
	0x00, 0x00, 0x00, 0x00, 0x00, 0x00, 0x33, 0x37, 
	0x89, 0x99, 0xbb, 0xbb, 0xbb, 0xbb, 0xbb, 0xbb, 
	0xbb, 0xbb, 0xaa, 0xaa, 0x88, 0x8d, 0x00, 0x00, 
	0x00, 0x00, 0x00, 0x00, 0x00, 0x00, 0x00, 0x00, 
	0x00, 0x00, 0x00, 0x00, 0x00, 0x00, 0x44, 0x78, 
	0x99, 0xab, 0xbb, 0xbb, 0xbb, 0xbb, 0xbb, 0xbb, 
	0xbb, 0xbb, 0xbb, 0xaa, 0xa9, 0x97, 0x00, 0x00, 
	0x00, 0x00, 0x00, 0x00, 0x00, 0x00, 0x00, 0x00, 
	0x00, 0x00, 0x00, 0x00, 0x00, 0x06, 0x44, 0x88, 
	0x9a, 0xbb, 0xbb, 0xbb, 0xbb, 0xbb, 0xbb, 0xbb, 
	0xbb, 0xbb, 0xbb, 0xba, 0xaa, 0x98, 0xd0, 0x00, 
	0x00, 0x00, 0x00, 0x00, 0x00, 0x00, 0x00, 0x00, 
	0x00, 0x00, 0x00, 0x00, 0x00, 0x02, 0x47, 0x89, 
	0x9a, 0xbb, 0xbb, 0xbb, 0xbb, 0xbb, 0xbb, 0xbb, 
	0xbb, 0xbb, 0xbb, 0xbb, 0xaa, 0x99, 0x70, 0x00, 
	0x00, 0x00, 0x00, 0x00, 0x00, 0x00, 0x00, 0x00, 
	0x00, 0x00, 0x00, 0x00, 0x00, 0x03, 0x48, 0x89, 
	0xab, 0xbb, 0xbb, 0xbb, 0xbb, 0xbb, 0xbb, 0xbb, 
	0xbb, 0xbb, 0xbb, 0xbb, 0xaa, 0xa9, 0x80, 0x00, 
	0x00, 0x00, 0x00, 0x00, 0x00, 0x00, 0x00, 0x00, 
	0x00, 0x00, 0x00, 0x00, 0x00, 0x23, 0x58, 0x99, 
	0xaa, 0xbb, 0xbb, 0xbb, 0xbb, 0xbb, 0xbb, 0xbb, 
	0xbb, 0xbb, 0xbb, 0xbb, 0xba, 0xa9, 0x8d, 0x00, 
	0x00, 0x00, 0x00, 0x00, 0x00, 0x00, 0x00, 0x00, 
	0x00, 0x00, 0x00, 0x00, 0x00, 0x23, 0x58, 0x99, 
	0xab, 0xbb, 0xbb, 0xbb, 0xbb, 0xbb, 0xbb, 0xbb, 
	0xbb, 0xbb, 0xbb, 0xbb, 0xba, 0xa9, 0x8d, 0x00, 
	0x00, 0x00, 0x00, 0x00, 0x00, 0x00, 0x00, 0x00, 
	0x00, 0x00, 0x00, 0x00, 0x00, 0x23, 0x78, 0x99, 
	0xab, 0xbb, 0xbb, 0xbb, 0xbb, 0xbb, 0xbb, 0xbb, 
	0xbb, 0xbb, 0xbb, 0xbb, 0xba, 0xa9, 0x8c, 0x00, 
	0x00, 0x00, 0x00, 0x00, 0x00, 0x00, 0x00, 0x00, 
	0x00, 0x00, 0x00, 0x00, 0x00, 0x23, 0x78, 0x99, 
	0xab, 0xbb, 0xbb, 0xbb, 0xbb, 0xbb, 0xbb, 0xbb, 
	0xbb, 0xbb, 0xbb, 0xbb, 0xba, 0xa9, 0x8c, 0x00, 
	0x00, 0x00, 0x00, 0x00, 0x00, 0x00, 0x00, 0x00, 
	0x00, 0x00, 0x00, 0x00, 0x00, 0x63, 0x78, 0x99, 
	0xab, 0xbb, 0xbb, 0xbb, 0xbb, 0xbb, 0xbb, 0xbb, 
	0xbb, 0xbb, 0xbb, 0xbb, 0xba, 0xa9, 0x8c, 0x00, 
	0x00, 0x00, 0x00, 0x00, 0x00, 0x00, 0x00, 0x00, 
	0x00, 0x00, 0x00, 0x00, 0x00, 0x63, 0x78, 0x99, 
	0xab, 0xbb, 0xbb, 0xbb, 0xbb, 0xbb, 0xbb, 0xbb, 
	0xbb, 0xbb, 0xbb, 0xbb, 0xba, 0xa9, 0x8c, 0x00, 
	0x00, 0x00, 0x00, 0x00, 0x00, 0x00, 0x00, 0x00, 
	0x00, 0x00, 0x00, 0x00, 0x00, 0x63, 0x78, 0x99, 
	0xab, 0xbb, 0xbb, 0xbb, 0xbb, 0xbb, 0xbb, 0xbb, 
	0xbb, 0xbb, 0xbb, 0xbb, 0xba, 0xa9, 0x8c, 0x00, 
	0x00, 0x00, 0x00, 0x00, 0x00, 0x00, 0x00, 0x00, 
	0x00, 0x00, 0x00, 0x00, 0x00, 0x02, 0x58, 0x99, 
	0xab, 0xbb, 0xbb, 0xbb, 0xbb, 0xbb, 0xbb, 0xbb, 
	0xbb, 0xbb, 0xbb, 0xbb, 0xba, 0xa9, 0x8c, 0x00, 
	0x00, 0x00, 0x00, 0x00, 0x00, 0x00, 0x00, 0x00, 
	0x00, 0x00, 0x00, 0x00, 0x00, 0x06, 0x2c, 0x99, 
	0xaa, 0xbb, 0xbb, 0xbb, 0xbb, 0xbb, 0xbb, 0xbb, 
	0xbb, 0xbb, 0xbb, 0xbb, 0xaa, 0x99, 0x8c, 0xd0, 
	0x00, 0x00, 0x00, 0x00, 0x00, 0x00, 0x00, 0x00, 
	0x00, 0x00, 0x00, 0x00, 0x00, 0x06, 0x2c, 0x99, 
	0xaa, 0xbb, 0xbb, 0xbb, 0xbb, 0xbb, 0xbb, 0xbb, 
	0xbb, 0xbb, 0xbb, 0xbb, 0xaa, 0x99, 0x8c, 0xd0, 
	0x00, 0x00, 0x00, 0x00, 0x00, 0x00, 0x00, 0x00, 
	0x00, 0x00, 0x00, 0x00, 0x00, 0x00, 0x2d, 0xc9, 
	0xaa, 0xab, 0xbb, 0xbb, 0xbb, 0xbb, 0xbb, 0xbb, 
	0xbb, 0xbb, 0xbb, 0xba, 0xa9, 0x98, 0x8c, 0xd0, 
	0x00, 0x00, 0x00, 0x00, 0x00, 0x00, 0x00, 0x00, 
	0x00, 0x00, 0x00, 0x00, 0x00, 0x00, 0x22, 0xc9, 
	0x9a, 0xab, 0xbb, 0xbb, 0xbb, 0xbb, 0xbb, 0xbb, 
	0xbb, 0xbb, 0xbb, 0xba, 0xa9, 0x98, 0xcd, 0xe0, 
	0x00, 0x00, 0x00, 0x00, 0x00, 0x00, 0x00, 0x00, 
	0x00, 0x66, 0x00, 0x00, 0x00, 0x00, 0x00, 0xd8, 
	0x9a, 0xaa, 0xbb, 0xbb, 0xbb, 0xbb, 0xbb, 0xbb, 
	0xbb, 0xbb, 0xbb, 0xba, 0x99, 0x98, 0xcd, 0x10, 
	0x00, 0x00, 0x00, 0x00, 0x00, 0x00, 0x00, 0x00, 
	0x00, 0x06, 0x00, 0x00, 0x00, 0x00, 0x00, 0x08, 
	0x99, 0xaa, 0xab, 0xbb, 0xbb, 0xbb, 0xbb, 0xbb, 
	0xbb, 0xbb, 0xbb, 0xa9, 0x99, 0x8c, 0xd1, 0x11, 
	0x00, 0x00, 0x00, 0x00, 0x00, 0x00, 0x00, 0x00, 
	0x00, 0x06, 0x00, 0x00, 0x00, 0x00, 0x00, 0x0d, 
	0xc9, 0x9a, 0xaa, 0xab, 0xbb, 0xbb, 0xbb, 0xbb, 
	0xbb, 0xba, 0xaa, 0x99, 0x98, 0x8c, 0xd1, 0x11, 
	0x00, 0x00, 0x00, 0x00, 0x00, 0x00, 0x00, 0x00, 
	0x00, 0x00, 0x00, 0x00, 0x00, 0x00, 0x00, 0x00, 
	0x7c, 0x99, 0xaa, 0xaa, 0xbb, 0xbb, 0xbb, 0xbb, 
	0xba, 0xaa, 0xa9, 0x99, 0x88, 0xcd, 0x11, 0x11, 
	0x00, 0x00, 0x00, 0x00, 0x00, 0x00, 0x00, 0x00, 
	0x00, 0x00, 0x00, 0x00, 0x00, 0x00, 0x00, 0x1f, 
	0xfd, 0x88, 0x99, 0x99, 0xaa, 0xaa, 0xbb, 0xbb, 
	0xaa, 0xaa, 0x99, 0x98, 0x88, 0xd1, 0x00, 0x00, 
	0x00, 0x00, 0x00, 0x00, 0x00, 0x00, 0x00, 0x00, 
	0x00, 0x00, 0x00, 0x00, 0x00, 0x00, 0x00, 0x01, 
	0xff, 0xd8, 0x89, 0x99, 0x9a, 0xaa, 0xaa, 0xaa, 
	0xaa, 0x99, 0x99, 0x88, 0x8d, 0x11, 0x00, 0x00, 
	0x00, 0x00, 0x00, 0x00, 0x00, 0x00, 0x00, 0x00, 
	0x00, 0x00, 0x00, 0x00, 0x00, 0x00, 0x00, 0x00, 
	0xff, 0xfd, 0xc8, 0x89, 0x99, 0x99, 0x99, 0x99, 
	0x99, 0x99, 0x88, 0x8c, 0xd1, 0x11, 0x00, 0x00, 
	0x00, 0x00, 0x00, 0x00, 0x00, 0x00, 0x00, 0x00, 
	0x00, 0x00, 0x00, 0x00, 0x00, 0x00, 0x00, 0x00, 
	0xff, 0xff, 0xdd, 0xc8, 0x88, 0x99, 0x99, 0x99, 
	0x99, 0x88, 0x88, 0xcd, 0x11, 0x11, 0x00, 0x00, 
	0x00, 0x00, 0x00, 0x00, 0x00, 0x00, 0x00, 0x00, 
	0x00, 0x00, 0x01, 0x11, 0x00, 0x00, 0x00, 0x00, 
	0x00, 0x1f, 0xfd, 0xcc, 0xc8, 0x88, 0x88, 0x88, 
	0x88, 0x88, 0xcd, 0xf0, 0x00, 0x00, 0x00, 0x00, 
	0x00, 0x00, 0x00, 0x00, 0x00, 0x00, 0x00, 0x00, 
	0x00, 0x00, 0x01, 0x11, 0x00, 0x00, 0x00, 0x00, 
	0x00, 0x00, 0x00, 0xfd, 0xdc, 0xcc, 0xcc, 0xcc, 
	0x8c, 0xcd, 0xf0, 0x00, 0x00, 0x00, 0x00, 0x00, 
	0x00, 0x00, 0x00, 0x00, 0x00, 0x00, 0x00, 0x00, 
	0x00, 0x00, 0x01, 0x11, 0x00, 0x00, 0x00, 0x00, 
	0x00, 0x00, 0x00, 0x00, 0xed, 0xdd, 0xdd, 0xdd, 
	0xdd, 0x11, 0x00, 0x00, 0x00, 0x00, 0x00, 0x00, 
	0x00, 0x00, 0x00, 0x00, 0x00, 0x00, 0x00, 0x00, 
	0x00, 0x00, 0x00, 0x01, 0x00, 0x00, 0x00, 0x00, 
	0x00, 0x00, 0x00, 0x00, 0xee, 0xee, 0xee, 0xee, 
	0x11, 0x11, 0x00, 0x00, 0x00, 0x00, 0x00, 0x00, 
	0x00, 0x00, 0x00, 0x00, 0x00, 0x00, 0x00, 0x00, 
	0x00, 0x00, 0x00, 0x00, 0x00, 0x00, 0x00, 0x00, 
	0x00, 0x00, 0x00, 0x00, 0x00, 0x00, 0x00, 0x00, 
	0x00, 0x00, 0x00, 0x00, 0x00, 0x00, 0x00, 0x00, 
	0x00, 0x00, 0x00, 0x00, 0x00, 0x00, 0x00, 0x00, 
	0x00, 0x00, 0x00, 0x00, 0x00, 0x00, 0x00, 0x00, 
	0x00, 0x00, 0x00, 0x00, 0x00, 0x00, 0x00, 0x00, 
	0x00, 0x00, 0x00, 0x00, 0x00, 0x00, 0x00, 0x00, 
	0x00, 0x00, 0x00, 0x00, 0x00, 0x00, 0x00, 0x00, 
	0x00, 0x00, 0x00, 0x00, 0x00, 0x00, 0x00, 0x00, 
	0x00, 0x00, 0x00, 0x00, 0x00, 0x00, 0x00, 0x00, 
	0x00, 0x00, 0x00, 0x00, 0x00, 0x00, 0x00, 0x00, 
	0x00, 0x00, 0x00, 0x00, 0x00, 0x00, 0x00, 0x00, 
	0x00, 0x00, 0x00, 0x00, 0x00, 0x00, 0x00, 0x00, 
	0x00, 0x00, 0x00, 0x00, 0x00, 0x00, 0x00, 0x00, 
	0x00, 0x00, 0x00, 0x00, 0x00, 0x00, 0x00, 0x00, 
	0x00, 0x00, 0x00, 0x00, 0x00, 0x00, 0x00, 0x00, 
	0x00, 0x00, 0x00, 0x00, 0x00, 0x00, 0x00, 0x00, 
	0x00, 0x00, 0x00, 0x00, 0x00, 0x00, 0x00, 0x00, 
	0x00, 0x00, 0x00, 0x00, 0x00, 0x00, 0x00, 0x00, 
	0x00, 0x00, 0x00, 0x00, 0x00, 0x00, 0x00, 0x00, 
	0x00, 0x00, 0x00, 0x00, 0x00, 0x00, 0x00, 0x00, 
	0x00, 0x00, 0x00, 0x00, 0x00, 0x00, 0x00, 0x00, 
	0x00, 0x00, 0x00, 0x00, 0x00, 0x00, 0x00, 0x00, 
	0x00, 0x00, 0x00, 0x00, 0x00, 0x00, 0x00, 0x00, 
	0x00, 0x00, 0x00, 0x00, 0x00, 0x00, 0x00, 0x00, 
	0x00, 0x00, 0x00, 0x00, 0x00, 0x00, 0x00, 0x00, 
	0x00, 0x00, 0x00, 0x00, 0x00, 0x00, 0x00, 0x00, 
	0x00, 0x00, 0x00, 0x00, 0x00, 0x00, 0x00, 0x00, 
	0x00, 0x00, 0x00, 0x00, 0x00, 0x00, 0x00, 0x00, 
	0x00, 0x00, 0x00, 0x00, 0x00, 0x00, 0x00, 0x00, 
	0x00, 0x00, 0x00, 0x00, 0x00, 0x00, 0x00, 0x00, 
	0x00, 0x00, 0x00, 0x00, 0x00, 0x00, 0x00, 0x00, 
	0x00, 0x00, 0x00, 0x00, 0x00, 0x00, 0x00, 0x00, 
	0x00, 0x00, 0x00, 0x00, 0x00, 0x00, 0x00, 0x00, 
	0x00, 0x00, 0x00, 0x00, 0x00, 0x00, 0x00, 0x00, 
	0x00, 0x00, 0x00, 0x00, 0x00, 0x00, 0x00, 0x00, 
	0x00, 0x00, 0x00, 0x00, 0x00, 0x00, 0x00, 0x00, 
	0x00, 0x00, 0x00, 0x00, 0x00, 0x00, 0x00, 0x00, 
	0x00, 0x00, 0x00, 0x00, 0x00, 0x00, 0x00, 0x00, 
	0x00, 0x00, 0x00, 0x00, 0x00, 0x00, 0x00, 0x00, 
	
};

Gfx castle_grounds_dl__11111texKinokoRed_ci4_pal_rgba16_aligner[] = {gsSPEndDisplayList()};
u8 castle_grounds_dl__11111texKinokoRed_ci4_pal_rgba16[] = {
	0xc8, 0xc3, 0xc9, 0x05, 0xb8, 0xc3, 0xa8, 0xc3, 
	0x89, 0x03, 0x92, 0x4b, 0xc0, 0xc3, 0xab, 0x93, 
	0xcd, 0x61, 0xd6, 0x6b, 0xef, 0x37, 0xff, 0xff, 
	0xd4, 0x1b, 0xd2, 0x91, 0xd1, 0x05, 0xd1, 0x89, 
	
};

Gfx castle_grounds_dl_coarse_dirt_ci8_ci8_aligner[] = {gsSPEndDisplayList()};
u8 castle_grounds_dl_coarse_dirt_ci8_ci8[] = {
	0x00, 0x01, 0x02, 0x03, 0x04, 0x05, 0x00, 0x04, 
	0x04, 0x03, 0x02, 0x01, 0x00, 0x06, 0x03, 0x07, 
	0x03, 0x01, 0x08, 0x05, 0x09, 0x0a, 0x01, 0x04, 
	0x03, 0x00, 0x04, 0x09, 0x09, 0x03, 0x0b, 0x0c, 
	0x06, 0x0d, 0x07, 0x00, 0x00, 0x01, 0x0a, 0x0e, 
	0x06, 0x0e, 0x01, 0x09, 0x01, 0x03, 0x09, 0x0a, 
	0x09, 0x04, 0x04, 0x09, 0x09, 0x0f, 0x07, 0x03, 
	0x10, 0x00, 0x04, 0x03, 0x0c, 0x0c, 0x00, 0x00, 
	0x04, 0x07, 0x09, 0x04, 0x03, 0x06, 0x08, 0x01, 
	0x00, 0x11, 0x12, 0x12, 0x06, 0x06, 0x06, 0x09, 
	0x09, 0x09, 0x02, 0x04, 0x09, 0x03, 0x0d, 0x10, 
	0x04, 0x05, 0x01, 0x00, 0x04, 0x08, 0x09, 0x01, 
	0x07, 0x03, 0x05, 0x01, 0x01, 0x09, 0x08, 0x03, 
	0x04, 0x03, 0x07, 0x03, 0x03, 0x07, 0x03, 0x04, 
	0x07, 0x06, 0x04, 0x03, 0x13, 0x0c, 0x03, 0x03, 
	0x04, 0x03, 0x04, 0x00, 0x0e, 0x03, 0x03, 0x03, 
	0x06, 0x03, 0x03, 0x00, 0x0f, 0x06, 0x07, 0x14, 
	0x07, 0x07, 0x09, 0x05, 0x05, 0x04, 0x03, 0x03, 
	0x03, 0x03, 0x04, 0x03, 0x15, 0x01, 0x04, 0x03, 
	0x0e, 0x06, 0x03, 0x08, 0x0a, 0x03, 0x04, 0x0e, 
	0x09, 0x08, 0x09, 0x06, 0x03, 0x03, 0x07, 0x06, 
	0x00, 0x04, 0x09, 0x04, 0x03, 0x0a, 0x09, 0x09, 
	0x07, 0x06, 0x07, 0x06, 0x00, 0x06, 0x10, 0x03, 
	0x02, 0x08, 0x05, 0x03, 0x03, 0x16, 0x03, 0x0a, 
	0x06, 0x06, 0x05, 0x08, 0x01, 0x09, 0x0a, 0x05, 
	0x09, 0x05, 0x04, 0x03, 0x05, 0x08, 0x0a, 0x04, 
	0x03, 0x01, 0x06, 0x09, 0x06, 0x03, 0x03, 0x0d, 
	0x06, 0x03, 0x04, 0x0a, 0x09, 0x15, 0x06, 0x00, 
	0x08, 0x03, 0x00, 0x0f, 0x17, 0x18, 0x09, 0x0a, 
	0x08, 0x19, 0x01, 0x0a, 0x04, 0x0b, 0x0c, 0x00, 
	0x17, 0x03, 0x0e, 0x07, 0x04, 0x0a, 0x09, 0x05, 
	0x09, 0x09, 0x1a, 0x01, 0x00, 0x0f, 0x06, 0x06, 
	0x03, 0x03, 0x15, 0x06, 0x03, 0x07, 0x00, 0x01, 
	0x01, 0x09, 0x01, 0x03, 0x09, 0x02, 0x04, 0x05, 
	0x06, 0x03, 0x0c, 0x0c, 0x1b, 0x03, 0x0d, 0x03, 
	0x03, 0x04, 0x09, 0x02, 0x02, 0x03, 0x03, 0x03, 
	0x04, 0x03, 0x01, 0x04, 0x04, 0x09, 0x02, 0x00, 
	0x08, 0x09, 0x0a, 0x04, 0x03, 0x00, 0x07, 0x04, 
	0x04, 0x03, 0x03, 0x03, 0x00, 0x03, 0x09, 0x05, 
	0x09, 0x09, 0x03, 0x09, 0x02, 0x02, 0x01, 0x04, 
	0x08, 0x04, 0x05, 0x03, 0x03, 0x09, 0x02, 0x03, 
	0x09, 0x00, 0x06, 0x00, 0x0e, 0x09, 0x00, 0x04, 
	0x04, 0x04, 0x09, 0x04, 0x04, 0x03, 0x04, 0x01, 
	0x03, 0x06, 0x0d, 0x03, 0x03, 0x06, 0x06, 0x05, 
	0x09, 0x02, 0x08, 0x01, 0x03, 0x04, 0x04, 0x0e, 
	0x1c, 0x03, 0x03, 0x06, 0x06, 0x03, 0x05, 0x15, 
	0x15, 0x09, 0x08, 0x05, 0x01, 0x04, 0x03, 0x06, 
	0x03, 0x1d, 0x08, 0x01, 0x07, 0x06, 0x06, 0x02, 
	0x01, 0x03, 0x06, 0x06, 0x06, 0x10, 0x11, 0x06, 
	0x09, 0x08, 0x0a, 0x01, 0x08, 0x05, 0x09, 0x01, 
	0x01, 0x07, 0x09, 0x0e, 0x05, 0x06, 0x09, 0x05, 
	0x03, 0x1b, 0x17, 0x0d, 0x06, 0x04, 0x04, 0x09, 
	0x04, 0x04, 0x02, 0x03, 0x00, 0x00, 0x03, 0x03, 
	0x04, 0x02, 0x0a, 0x02, 0x0a, 0x09, 0x03, 0x00, 
	0x06, 0x03, 0x06, 0x05, 0x03, 0x07, 0x03, 0x08, 
	0x01, 0x0a, 0x09, 0x09, 0x02, 0x0e, 0x0e, 0x06, 
	0x03, 0x0c, 0x06, 0x02, 0x15, 0x05, 0x0e, 0x04, 
	0x16, 0x00, 0x09, 0x04, 0x03, 0x06, 0x06, 0x10, 
	0x03, 0x04, 0x06, 0x06, 0x03, 0x03, 0x04, 0x05, 
	0x05, 0x03, 0x03, 0x0f, 0x05, 0x09, 0x08, 0x02, 
	0x09, 0x08, 0x02, 0x04, 0x04, 0x03, 0x03, 0x09, 
	0x03, 0x00, 0x0d, 0x06, 0x04, 0x1e, 0x17, 0x15, 
	0x04, 0x02, 0x04, 0x04, 0x03, 0x03, 0x05, 0x06, 
	0x03, 0x03, 0x01, 0x05, 0x05, 0x07, 0x10, 0x00, 
	0x06, 0x03, 0x04, 0x04, 0x03, 0x03, 0x0e, 0x10, 
	0x00, 0x06, 0x09, 0x09, 0x10, 0x0c, 0x00, 0x04, 
	0x03, 0x06, 0x00, 0x06, 0x05, 0x00, 0x04, 0x03, 
	0x00, 0x00, 0x0a, 0x06, 0x04, 0x00, 0x04, 0x00, 
	0x0e, 0x03, 0x03, 0x06, 0x03, 0x06, 0x04, 0x00, 
	0x03, 0x04, 0x03, 0x0f, 0x06, 0x00, 0x03, 0x06, 
	0x06, 0x00, 0x04, 0x03, 0x0a, 0x01, 0x04, 0x0b, 
	0x0e, 0x10, 0x00, 0x03, 0x06, 0x06, 0x10, 0x10, 
	0x06, 0x00, 0x03, 0x04, 0x00, 0x00, 0x04, 0x06, 
	0x00, 0x00, 0x04, 0x09, 0x04, 0x05, 0x01, 0x03, 
	0x06, 0x04, 0x03, 0x00, 0x04, 0x00, 0x03, 0x03, 
	0x05, 0x05, 0x07, 0x03, 0x10, 0x00, 0x0e, 0x0b, 
	0x05, 0x00, 0x00, 0x03, 0x05, 0x01, 0x03, 0x02, 
	0x09, 0x09, 0x00, 0x0f, 0x0f, 0x04, 0x00, 0x16, 
	0x0f, 0x09, 0x08, 0x05, 0x05, 0x05, 0x09, 0x04, 
	0x06, 0x06, 0x09, 0x09, 0x00, 0x06, 0x06, 0x03, 
	0x03, 0x03, 0x05, 0x0f, 0x0c, 0x11, 0x17, 0x06, 
	0x04, 0x04, 0x04, 0x09, 0x08, 0x06, 0x09, 0x00, 
	0x03, 0x09, 0x09, 0x04, 0x06, 0x01, 0x04, 0x15, 
	0x03, 0x04, 0x07, 0x06, 0x06, 0x10, 0x06, 0x06, 
	0x09, 0x00, 0x08, 0x04, 0x07, 0x07, 0x04, 0x09, 
	0x03, 0x05, 0x06, 0x06, 0x0c, 0x06, 0x06, 0x07, 
	0x04, 0x09, 0x04, 0x03, 0x05, 0x06, 0x1b, 0x06, 
	0x11, 0x06, 0x09, 0x04, 0x06, 0x06, 0x03, 0x04, 
	0x03, 0x04, 0x03, 0x04, 0x04, 0x05, 0x05, 0x04, 
	0x04, 0x05, 0x06, 0x0c, 0x06, 0x0e, 0x07, 0x03, 
	0x06, 0x0c, 0x00, 0x04, 0x00, 0x09, 0x0a, 0x03, 
	0x03, 0x05, 0x03, 0x03, 0x02, 0x05, 0x04, 0x1c, 
	0x09, 0x03, 0x00, 0x10, 0x06, 0x05, 0x09, 0x0a, 
	0x00, 0x06, 0x06, 0x03, 0x0e, 0x05, 0x04, 0x07, 
	0x00, 0x06, 0x0c, 0x0c, 0x06, 0x1b, 0x00, 0x07, 
	0x03, 0x01, 0x06, 0x06, 0x03, 0x04, 0x03, 0x01, 
	0x00, 0x06, 0x06, 0x07, 0x03, 0x09, 0x04, 0x05, 
	0x04, 0x01, 0x02, 0x04, 0x08, 0x09, 0x03, 0x00, 
	0x0e, 0x07, 0x03, 0x03, 0x0e, 0x03, 0x08, 0x03, 
	0x06, 0x00, 0x03, 0x09, 0x03, 0x03, 0x0e, 0x03, 
	0x05, 0x0e, 0x06, 0x04, 0x05, 0x00, 0x03, 0x05, 
	0x06, 0x00, 0x10, 0x00, 0x00, 0x04, 0x04, 0x04, 
	0x03, 0x08, 0x02, 0x04, 0x03, 0x03, 0x07, 0x03, 
	0x00, 0x03, 0x09, 0x03, 0x03, 0x06, 0x09, 0x01, 
	0x10, 0x08, 0x09, 0x03, 0x04, 0x04, 0x08, 0x08, 
	0x02, 0x01, 0x01, 0x09, 0x03, 0x03, 0x0e, 0x03, 
	0x04, 0x03, 0x09, 0x06, 0x10, 0x03, 0x0e, 0x10, 
	0x10, 0x03, 0x04, 0x08, 0x04, 0x09, 0x03, 0x06, 
	0x08, 0x08, 0x09, 0x09, 0x03, 0x09, 0x10, 0x07, 
	0x17, 0x0c, 0x09, 0x0a, 0x09, 0x06, 0x06, 0x04, 
	0x03, 0x04, 0x01, 0x09, 0x04, 0x03, 0x04, 0x01, 
	0x05, 0x03, 0x04, 0x03, 0x04, 0x03, 0x06, 0x03, 
	0x0c, 0x06, 0x10, 0x06, 0x00, 0x09, 0x06, 0x0d, 
	0x0c, 0x10, 0x00, 0x07, 0x02, 0x0a, 0x08, 0x05, 
	0x06, 0x00, 0x10, 0x10, 0x0e, 0x03, 0x00, 0x09, 
	0x09, 0x09, 0x01, 0x04, 0x06, 0x00, 0x00, 0x0b, 
	0x00, 0x03, 0x0e, 0x03, 0x03, 0x03, 0x09, 0x04, 
	0x04, 0x00, 0x05, 0x04, 0x03, 0x08, 0x03, 0x06, 
	0x07, 0x03, 0x03, 0x03, 0x00, 0x12, 0x0c, 0x0d, 
	0x06, 0x03, 0x03, 0x04, 0x04, 0x03, 0x00, 0x0c, 
	0x09, 0x03, 0x07, 0x06, 0x00, 0x03, 0x04, 0x05, 
	0x06, 0x03, 0x03, 0x03, 0x09, 0x04, 0x04, 0x07, 
	0x07, 0x07, 0x03, 0x06, 0x0c, 0x12, 0x06, 0x04, 
	0x03, 0x03, 0x16, 0x07, 0x06, 0x0c, 0x04, 0x02, 
	0x00, 0x03, 0x0a, 0x08, 0x01, 0x09, 0x04, 0x08, 
	0x0a, 0x09, 0x03, 0x07, 0x06, 0x03, 0x10, 0x0c, 
	0x00, 0x04, 0x10, 0x03, 0x04, 0x04, 0x03, 0x03, 
	0x04, 0x04, 0x03, 0x0c, 0x06, 0x04, 0x09, 0x09, 
	
};

Gfx castle_grounds_dl_coarse_dirt_ci8_pal_rgba16_aligner[] = {gsSPEndDisplayList()};
u8 castle_grounds_dl_coarse_dirt_ci8_pal_rgba16[] = {
	0x39, 0x03, 0x41, 0x83, 0x49, 0xc5, 0x39, 0x43, 
	0x41, 0x43, 0x41, 0x85, 0x31, 0x03, 0x31, 0x01, 
	0x49, 0x83, 0x49, 0x85, 0x51, 0xc5, 0x29, 0x03, 
	0x28, 0xc3, 0x20, 0x81, 0x41, 0x45, 0x39, 0x45, 
	0x28, 0xc1, 0x20, 0xc3, 0x31, 0x05, 0x20, 0x83, 
	0x30, 0xc3, 0x39, 0x01, 0x29, 0x01, 0x20, 0xc1, 
	0x39, 0x05, 0x51, 0xc7, 0x52, 0x05, 0x30, 0xc1, 
	0x49, 0xc7, 0x5a, 0x05, 0x39, 0x41, 
};

Gfx castle_grounds_dl_ccm_textures_05000_rgba16_rgba16_aligner[] = {gsSPEndDisplayList()};
u8 castle_grounds_dl_ccm_textures_05000_rgba16_rgba16[] = {
	0x41, 0xcd, 0x41, 0xcd, 0x41, 0xcd, 0x4a, 0x0f, 
	0x52, 0x51, 0x62, 0xd3, 0x83, 0xd9, 0xc5, 0xf1, 
	0xd6, 0xfb, 0xce, 0x75, 0xbd, 0xef, 0xa4, 0xe7, 
	0x7b, 0x59, 0x5a, 0x51, 0x52, 0x4f, 0x5a, 0x4f, 
	0x5a, 0x4f, 0x62, 0x91, 0x62, 0x91, 0x62, 0x91, 
	0x6a, 0x91, 0x6a, 0x91, 0x62, 0x93, 0x62, 0x91, 
	0x73, 0x13, 0x83, 0x13, 0x6a, 0x91, 0x72, 0xd3, 
	0x5a, 0x91, 0x52, 0x4f, 0x41, 0xcd, 0x41, 0xcd, 
	0xc3, 0xd3, 0xc3, 0xd5, 0xc3, 0xd5, 0xab, 0xd7, 
	0xa3, 0xd9, 0xb4, 0x19, 0xc4, 0xdd, 0xd5, 0x63, 
	0xcd, 0xed, 0xd6, 0xb7, 0xce, 0x33, 0x94, 0x21, 
	0x9b, 0xdb, 0x9a, 0xcd, 0xbb, 0x93, 0xcc, 0x15, 
	0xd4, 0x55, 0xd4, 0x15, 0xc3, 0xd3, 0xbb, 0x93, 
	0xb3, 0x93, 0xbb, 0xd3, 0xbc, 0x17, 0xc4, 0x15, 
	0xd4, 0x13, 0xd4, 0x55, 0xd4, 0x15, 0xcb, 0xd3, 
	0xcb, 0xd1, 0xcb, 0xd3, 0xcc, 0x15, 0xcb, 0xd3, 
	0xc3, 0xd5, 0xbc, 0x5b, 0xbc, 0x19, 0xb3, 0xd7, 
	0xb3, 0xd5, 0xcc, 0x99, 0xc4, 0x15, 0xc3, 0xd5, 
	0xbc, 0x59, 0xce, 0x33, 0xce, 0x77, 0x7b, 0x9b, 
	0xa3, 0xdb, 0xbb, 0x4f, 0xdc, 0x55, 0xdc, 0x55, 
	0xdc, 0x55, 0xdc, 0x57, 0xdc, 0x55, 0xd4, 0x57, 
	0xcc, 0x15, 0xd4, 0x13, 0xcb, 0xd3, 0xcc, 0x15, 
	0xc3, 0x91, 0xc4, 0x17, 0xbb, 0xd7, 0xbb, 0xd7, 
	0xbb, 0xd7, 0xbc, 0x19, 0xb3, 0x95, 0xbb, 0x51, 
	0xb3, 0x95, 0xb3, 0xd7, 0xab, 0xd7, 0xc4, 0x5b, 
	0xc4, 0x59, 0xb3, 0xd5, 0xb3, 0x93, 0xbb, 0x95, 
	0xb3, 0xd5, 0xc5, 0xef, 0xce, 0x75, 0x9c, 0xa3, 
	0x9b, 0xdb, 0xbb, 0x51, 0xcc, 0x17, 0xd4, 0x9b, 
	0xdd, 0x61, 0xde, 0x2f, 0xcc, 0xe1, 0xc4, 0x17, 
	0xc4, 0x17, 0xcb, 0xd5, 0xcc, 0x59, 0xcb, 0xd3, 
	0xc3, 0x91, 0xc3, 0x93, 0xc3, 0xd5, 0xc3, 0x93, 
	0xc4, 0x17, 0xc3, 0xd7, 0xc3, 0xd7, 0xbb, 0x53, 
	0xb3, 0x95, 0xb3, 0x95, 0xc4, 0x59, 0xcc, 0x9d, 
	0xbb, 0xd5, 0xbb, 0x51, 0xbb, 0x51, 0xbb, 0x53, 
	0xb3, 0x95, 0xbd, 0x6b, 0xce, 0x75, 0xb5, 0x6b, 
	0xb4, 0x9f, 0xbb, 0x51, 0xc3, 0x93, 0xcc, 0x17, 
	0xd4, 0x9b, 0xd4, 0xdf, 0xcc, 0x5b, 0xcc, 0x57, 
	0xd4, 0x9d, 0xcc, 0xdf, 0xd4, 0xe1, 0xcc, 0x17, 
	0xd4, 0x9d, 0xcc, 0x15, 0xc3, 0xd5, 0xc4, 0x17, 
	0xcc, 0x17, 0xcc, 0x17, 0xcb, 0xd5, 0xbb, 0x53, 
	0xb3, 0xd7, 0xbc, 0x17, 0xbc, 0x19, 0xb3, 0xd5, 
	0xbb, 0x93, 0xbb, 0xd3, 0xb3, 0x53, 0xb3, 0x11, 
	0xab, 0x53, 0xb5, 0x29, 0xc6, 0x35, 0xce, 0x75, 
	0xb4, 0x19, 0xb2, 0xcd, 0xc3, 0x4f, 0xc3, 0x51, 
	0xc3, 0x4f, 0xcb, 0x91, 0xcb, 0x8f, 0xcb, 0x8f, 
	0xc3, 0x91, 0xc3, 0x93, 0xcb, 0xd3, 0xcb, 0xd5, 
	0xcc, 0x17, 0xc3, 0x51, 0xbb, 0x0f, 0xbb, 0x93, 
	0xbb, 0xd5, 0xbb, 0x53, 0xb3, 0x95, 0xb3, 0x95, 
	0xbb, 0xd5, 0xbb, 0x11, 0xbc, 0x19, 0xbc, 0x5b, 
	0xbb, 0xd5, 0xbb, 0xd5, 0xab, 0x51, 0xa2, 0xcf, 
	0xa3, 0x53, 0xb5, 0x6b, 0xc6, 0x33, 0xb5, 0x6b, 
	0xc3, 0xd5, 0xbb, 0x0f, 0xbb, 0x0f, 0xc3, 0x0f, 
	0xc3, 0x91, 0xc3, 0x51, 0xc3, 0x0d, 0xcb, 0x4d, 
	0xc3, 0x51, 0xbb, 0x0f, 0xc3, 0x0f, 0xc3, 0x4f, 
	0xba, 0xcd, 0xc3, 0x0f, 0xbb, 0x0f, 0xc3, 0x4f, 
	0xbb, 0x51, 0xbb, 0x0f, 0xbb, 0x53, 0xbb, 0x95, 
	0xbb, 0x95, 0xb2, 0xcf, 0xbb, 0x53, 0xbc, 0x17, 
	0xc4, 0x9d, 0xbc, 0x5b, 0xab, 0xd7, 0xab, 0x97, 
	0xab, 0x95, 0xac, 0xe7, 0xbd, 0xaf, 0xc5, 0x69, 
	0xcb, 0xd3, 0xc3, 0x51, 0xbb, 0x0f, 0xc3, 0x51, 
	0xcb, 0x91, 0xcb, 0x91, 0xbb, 0x0f, 0xc3, 0x4f, 
	0xcb, 0x93, 0xc3, 0x51, 0xc3, 0x51, 0xcb, 0x91, 
	0xc3, 0x51, 0xba, 0xcf, 0xba, 0xcf, 0xba, 0xcd, 
	0xba, 0xcd, 0xbb, 0x0f, 0xbb, 0x53, 0xbb, 0x11, 
	0xaa, 0xcf, 0xaa, 0xcf, 0xaa, 0xd1, 0xab, 0x53, 
	0xb3, 0x95, 0xa3, 0xd7, 0xa3, 0x95, 0xbc, 0x9f, 
	0xb3, 0xd5, 0xb4, 0xe5, 0xc5, 0xf1, 0xbd, 0xad, 
	0xc3, 0x93, 0xcb, 0xd3, 0xd3, 0xd3, 0xd4, 0x13, 
	0xcb, 0xd3, 0xc3, 0x51, 0xaa, 0x8d, 0xb2, 0xcf, 
	0xb3, 0x11, 0xbb, 0x0f, 0xc3, 0x0f, 0xcb, 0x93, 
	0xd3, 0xd3, 0xcb, 0x93, 0xc3, 0x4f, 0xbb, 0x11, 
	0xaa, 0xcf, 0xba, 0xcf, 0xb2, 0xcf, 0xa2, 0x8d, 
	0x72, 0x0b, 0x93, 0x13, 0xac, 0x5d, 0xab, 0xd9, 
	0x93, 0x97, 0x7a, 0x91, 0x8b, 0x13, 0x9b, 0x97, 
	0x7a, 0x4d, 0x93, 0x9b, 0xc6, 0x33, 0xbd, 0xaf, 
	0x8a, 0x8f, 0x82, 0x0b, 0x8a, 0x4d, 0x82, 0x4d, 
	0x79, 0xcb, 0x69, 0x89, 0x61, 0x89, 0x61, 0x49, 
	0x69, 0x8b, 0x7a, 0x0b, 0x82, 0x0b, 0x7a, 0x0b, 
	0x82, 0x0d, 0x82, 0x4d, 0x8a, 0x8f, 0x92, 0x8f, 
	0x8a, 0x91, 0x8a, 0x4d, 0x79, 0xcb, 0x71, 0xcb, 
	0x39, 0x49, 0x39, 0x49, 0x39, 0x4b, 0x39, 0x49, 
	0x41, 0x8b, 0x49, 0xcd, 0x49, 0xcd, 0x52, 0x0f, 
	0x5a, 0x51, 0x9c, 0x63, 0xc6, 0x33, 0xb5, 0x6d, 
	0x83, 0x9d, 0x49, 0xcd, 0x31, 0x49, 0x31, 0x49, 
	0x31, 0x49, 0x39, 0x4b, 0x39, 0x4b, 0x39, 0x49, 
	0x39, 0x8b, 0x39, 0x4b, 0x39, 0x49, 0x39, 0x49, 
	0x39, 0x49, 0x39, 0x49, 0x39, 0x8b, 0x39, 0x4b, 
	0x39, 0x49, 0x39, 0x49, 0x41, 0x8b, 0x41, 0x8b, 
	0x52, 0x0d, 0x6a, 0x91, 0x72, 0xd1, 0x6a, 0x8f, 
	0x82, 0xd1, 0x72, 0x8f, 0x6a, 0x4f, 0x8b, 0x53, 
	0x9b, 0xd9, 0xc5, 0xab, 0xce, 0x75, 0xc5, 0xef, 
	0xad, 0x29, 0x93, 0xdb, 0x83, 0x57, 0x8b, 0x57, 
	0x93, 0x97, 0x8b, 0x97, 0x8b, 0x99, 0x93, 0xd9, 
	0x9b, 0x95, 0x93, 0x53, 0x7b, 0x57, 0x8b, 0x99, 
	0x8b, 0x97, 0x83, 0x55, 0x7b, 0x13, 0x73, 0x15, 
	0x83, 0x55, 0x7b, 0x17, 0x73, 0x15, 0x73, 0x15, 
	0xd4, 0x9b, 0xd4, 0x9b, 0xd4, 0xdf, 0xcc, 0x59, 
	0xc3, 0x4f, 0xd3, 0x91, 0xcb, 0xd1, 0xd3, 0xd3, 
	0xdc, 0x11, 0xcc, 0xdf, 0xce, 0x77, 0xc6, 0x35, 
	0xa4, 0xe5, 0xac, 0x1b, 0xac, 0x1b, 0xb4, 0x5d, 
	0xac, 0x1b, 0xa3, 0xd9, 0xa4, 0x1d, 0xa4, 0x1b, 
	0xb4, 0x19, 0xac, 0x19, 0x9c, 0x1d, 0xb4, 0x5d, 
	0xb4, 0x19, 0xc4, 0x5b, 0xbc, 0x5b, 0xb4, 0x19, 
	0xbc, 0x59, 0xcc, 0x9b, 0xbc, 0x59, 0xcc, 0x9b, 
	0xcc, 0x15, 0xcc, 0x59, 0xcc, 0x9b, 0xcc, 0x9d, 
	0xb3, 0x93, 0xd4, 0x57, 0xd4, 0x9b, 0xcc, 0x59, 
	0xd4, 0x13, 0xbc, 0x19, 0xce, 0x77, 0xce, 0x75, 
	0xc5, 0xad, 0xac, 0x1b, 0xac, 0x5d, 0xb4, 0x5d, 
	0x9b, 0xd9, 0x93, 0x99, 0x9b, 0xdd, 0x93, 0xdd, 
	0x9c, 0x1d, 0x94, 0x1f, 0xb4, 0xa1, 0xa4, 0x1d, 
	0x9b, 0xd9, 0xa3, 0x97, 0xb4, 0x19, 0xc4, 0x59, 
	0xbc, 0x19, 0xbb, 0xd7, 0xbc, 0x17, 0xc4, 0x19, 
	0xcb, 0xd3, 0xcc, 0x15, 0xcc, 0x15, 0xcc, 0x59, 
	0xbc, 0x5b, 0xcc, 0x9d, 0xc4, 0x5b, 0xcc, 0x9b, 
	0xcb, 0xd5, 0xbc, 0x19, 0xd6, 0x33, 0xce, 0xb7, 
	0xb4, 0xe3, 0xc4, 0x9b, 0xbc, 0x9f, 0xa3, 0xd9, 
	0x9b, 0x97, 0x9b, 0x99, 0x9b, 0xdb, 0x94, 0x1f, 
	0x9c, 0x1d, 0xa4, 0x1d, 0xb4, 0x5d, 0xb4, 0x5d, 
	0xac, 0x1b, 0xbb, 0xd5, 0xc3, 0xd3, 0xcc, 0x15, 
	0xc3, 0xd3, 0xc3, 0xd5, 0xc4, 0x17, 0xc4, 0x19, 
	0xb3, 0xd5, 0xb4, 0x17, 0xcc, 0x9d, 0xbc, 0x5b, 
	0xc4, 0x5b, 0xcc, 0x9b, 0xcc, 0x59, 0xc4, 0x59, 
	0xc3, 0xd5, 0xb3, 0xd9, 0xcd, 0xef, 0xd6, 0xb7, 
	0xa4, 0x61, 0xab, 0x53, 0x9b, 0x97, 0x9b, 0x97, 
	0xa3, 0x97, 0xa3, 0x99, 0xa3, 0xdd, 0x9c, 0x1f, 
	0xa4, 0x1d, 0xac, 0x1b, 0xac, 0x1b, 0xac, 0x5d, 
	0xbc, 0x9d, 0xbc, 0x9b, 0xb4, 0x19, 0xc4, 0x9b, 
	0xbc, 0x9d, 0xcc, 0xdd, 0xcc, 0x59, 0xc4, 0x59, 
	0xb3, 0xd7, 0xcc, 0x9b, 0xb4, 0x17, 0xb4, 0x19, 
	0xcc, 0x59, 0xcc, 0x59, 0xc4, 0x17, 0xc4, 0x17, 
	0xbb, 0xd5, 0xab, 0xd7, 0xc5, 0xf1, 0xd6, 0xb9, 
	0xa4, 0xa3, 0xa3, 0x97, 0x9b, 0x99, 0x9b, 0x99, 
	0xa3, 0x97, 0xab, 0x97, 0xa3, 0xdb, 0xac, 0x1d, 
	0xb4, 0x1b, 0xb4, 0x1b, 0xb4, 0x1b, 0xbc, 0x5b, 
	0xc4, 0xdd, 0xcc, 0xdd, 0xbc, 0x9d, 0xac, 0x1b, 
	0xbc, 0x17, 0xb4, 0x19, 0xb3, 0xd7, 0xb3, 0xd9, 
	0xab, 0xd7, 0xab, 0xd7, 0xbb, 0xd7, 0xab, 0x95, 
	0xab, 0x95, 0xbc, 0x17, 0xab, 0x95, 0xbc, 0x17, 
	0xbb, 0xd3, 0xa3, 0x95, 0xbd, 0xad, 0xce, 0x75, 
	0x8b, 0xdd, 0xab, 0xd7, 0x9b, 0x9b, 0x9b, 0x99, 
	0xab, 0xd9, 0xb3, 0xd7, 0xab, 0xd9, 0x8b, 0x57, 
	0xab, 0xd7, 0xab, 0xd7, 0xab, 0xd9, 0x93, 0x53, 
	0x9b, 0xd7, 0xc4, 0x9d, 0xcc, 0xdf, 0xc4, 0x59, 
	0xc4, 0x9b, 0xa3, 0x53, 0xa3, 0x53, 0xab, 0xd9, 
	0xbb, 0xd5, 0xab, 0x93, 0x9b, 0x53, 0xcc, 0x17, 
	0xb3, 0xd5, 0xcc, 0x57, 0xc4, 0x59, 0xcc, 0x9b, 
	0xbb, 0x93, 0x9b, 0x95, 0xb5, 0x6b, 0xbd, 0xaf, 
	0x83, 0x9b, 0xa3, 0x97, 0x9b, 0x99, 0x9b, 0x57, 
	0x9b, 0x97, 0xbc, 0x19, 0xa3, 0x97, 0x72, 0x93, 
	0x6a, 0x4f, 0x72, 0x4f, 0x72, 0xd3, 0x83, 0x15, 
	0x8b, 0x55, 0x9b, 0x95, 0xab, 0x95, 0xc4, 0x9b, 
	0xbc, 0x17, 0xab, 0xd7, 0xa3, 0x55, 0xa3, 0x55, 
	0x9a, 0x8d, 0xb3, 0x0f, 0xc3, 0xd5, 0xc4, 0x17, 
	0xc3, 0xd5, 0xb3, 0xd7, 0xc4, 0x17, 0xc4, 0x17, 
	0x92, 0x4d, 0x8b, 0x15, 0xb5, 0x6d, 0xbd, 0xad, 
	0x9c, 0x61, 0x94, 0x1d, 0x9b, 0x97, 0x93, 0x55, 
	0x83, 0x15, 0x93, 0x55, 0x9b, 0x55, 0x83, 0x15, 
	0x83, 0x15, 0x83, 0x13, 0x83, 0x13, 0x8b, 0x15, 
	0x8b, 0x15, 0x9b, 0x55, 0xa3, 0x95, 0xb4, 0x17, 
	0xb3, 0x93, 0xa3, 0x11, 0x9a, 0xcf, 0x9a, 0x8f, 
	0x39, 0x49, 0x39, 0x49, 0x39, 0x49, 0x41, 0x49, 
	0x39, 0x49, 0x39, 0x49, 0x49, 0x8b, 0x59, 0xcb, 
	0x51, 0x8b, 0x83, 0x59, 0xb5, 0xaf, 0xbd, 0xf3, 
	0xb5, 0x2b, 0x7b, 0x59, 0x5a, 0x91, 0x5a, 0x0f, 
	0x5a, 0x51, 0x52, 0x4f, 0x41, 0xcd, 0x41, 0x8b, 
	0x39, 0x8b, 0x41, 0x8b, 0x39, 0x49, 0x39, 0x49, 
	0x39, 0x4b, 0x41, 0x8b, 0x41, 0x8b, 0x49, 0x8b, 
	0x51, 0x8b, 0x41, 0x8b, 0x39, 0x49, 0x41, 0x8b, 
	0x4a, 0x0f, 0x4a, 0x0f, 0x41, 0xcd, 0x39, 0x8b, 
	0x39, 0x8b, 0x42, 0x0f, 0x4a, 0x51, 0x5a, 0x95, 
	0x73, 0x59, 0x9c, 0xe7, 0xbe, 0x33, 0xc6, 0x35, 
	0xbd, 0xaf, 0x94, 0x61, 0x6b, 0x17, 0x52, 0x51, 
	0x4a, 0x0f, 0x41, 0xcd, 0x41, 0xcd, 0x52, 0x51, 
	0x52, 0x51, 0x41, 0x8d, 0x39, 0x8b, 0x41, 0x8d, 
	0x52, 0x4f, 0x5a, 0x91, 0x5a, 0x93, 0x4a, 0x51, 
	0x4a, 0x0f, 0x4a, 0x0f, 0x4a, 0x4f, 0x4a, 0x51, 
	0x9b, 0xdb, 0x8b, 0x9b, 0xa3, 0xd9, 0xb4, 0x19, 
	0xac, 0x19, 0xab, 0xd9, 0xa3, 0xd9, 0x93, 0x57, 
	0x9c, 0x1d, 0xbd, 0xf1, 0xce, 0x77, 0xce, 0x33, 
	0xad, 0x2b, 0xb5, 0x27, 0x93, 0x99, 0xa3, 0xd9, 
	0xa4, 0x1b, 0xa4, 0x1b, 0xa3, 0xd9, 0xab, 0xd7, 
	0xb3, 0xd5, 0xb4, 0x17, 0xb4, 0x19, 0xb4, 0x19, 
	0xc4, 0x59, 0xc4, 0x59, 0xc4, 0x59, 0xc4, 0x9b, 
	0xcc, 0xdd, 0xcc, 0x9b, 0xc4, 0x59, 0xc4, 0x9b, 
	0xb4, 0x1f, 0xb4, 0x1f, 0xbc, 0x5d, 0xc4, 0x5d, 
	0xc4, 0x5d, 0xcc, 0x5b, 0xcc, 0x59, 0xa3, 0x0f, 
	0xa4, 0x1d, 0xce, 0x77, 0xce, 0xb9, 0xce, 0x75, 
	0xad, 0x2b, 0xc3, 0xd7, 0xab, 0x11, 0xb3, 0x53, 
	0xc4, 0x1b, 0xc4, 0x9f, 0xc4, 0xa1, 0xcc, 0x9f, 
	0xd4, 0x59, 0xdc, 0x55, 0xdb, 0xd3, 0xd4, 0x15, 
	0xdc, 0x57, 0xd4, 0x17, 0xbb, 0xd7, 0xcb, 0xd5, 
	0xd4, 0x15, 0xe4, 0x55, 0xdc, 0x57, 0xcb, 0xd7, 
	0xbc, 0x1b, 0xb3, 0xdb, 0xab, 0xdd, 0xb4, 0x1f, 
	0xb4, 0x1d, 0xb4, 0x1d, 0xb3, 0x97, 0xa3, 0x11, 
	0xac, 0xa1, 0xce, 0x75, 0xce, 0xb9, 0xce, 0x77, 
	0x8c, 0x63, 0xb3, 0x11, 0xa2, 0xd1, 0xb3, 0x13, 
	0xbc, 0x1b, 0xc4, 0xe3, 0xbc, 0xa3, 0xc4, 0xe3, 
	0xc4, 0x5f, 0xc4, 0x5d, 0xcc, 0x9b, 0xc5, 0x27, 
	0xcd, 0x27, 0xc4, 0x9f, 0xbc, 0x1d, 0xc4, 0x1b, 
	0xc4, 0x19, 0xcb, 0xd5, 0xc4, 0x5b, 0xc4, 0x1b, 
	0xc4, 0x1b, 0xb3, 0x99, 0xab, 0x99, 0xb3, 0xdd, 
	0xc4, 0x5f, 0xbc, 0x5d, 0xc4, 0x5b, 0xab, 0x53, 
	0xb4, 0xe5, 0xc6, 0x35, 0xd6, 0xb9, 0xce, 0xb9, 
	0xa5, 0x2b, 0xaa, 0xd1, 0xaa, 0x8f, 0xb3, 0x55, 
	0xbb, 0xd9, 0xbc, 0x5f, 0xbc, 0xa1, 0xc4, 0xe3, 
	0xc4, 0xe3, 0xcc, 0xe3, 0xcc, 0xe3, 0xc5, 0x27, 
	0xc4, 0xe5, 0xc4, 0xa3, 0xc4, 0xa1, 0xc4, 0xa1, 
	0xc4, 0x5b, 0xcc, 0x17, 0xc4, 0x19, 0xc4, 0x1b, 
	0xc4, 0x19, 0xc4, 0x1b, 0xbc, 0x5d, 0xbc, 0x5f, 
	0xc4, 0x9f, 0xc4, 0x5f, 0xbc, 0x5d, 0xb3, 0xd7, 
	0xac, 0x5d, 0xce, 0x75, 0xd6, 0xb9, 0xce, 0x77, 
	0x94, 0x63, 0xaa, 0xd1, 0xa2, 0x8f, 0xbc, 0x1b, 
	0xbb, 0x95, 0xc4, 0x19, 0xc4, 0xa1, 0xc4, 0xe5, 
	0xcd, 0x25, 0xcd, 0x25, 0xcc, 0xe3, 0xcc, 0xa1, 
	0xcd, 0x25, 0xc4, 0xe3, 0xc4, 0x5f, 0xc4, 0xa1, 
	0xc4, 0x5d, 0xcc, 0x17, 0xcc, 0x59, 0xc4, 0x19, 
	0xc3, 0xd9, 0xc3, 0xd9, 0xc4, 0x1b, 0xc4, 0x9f, 
	0xc4, 0x9f, 0xc4, 0x9f, 0xc4, 0x9f, 0xb3, 0xd7, 
	0xa3, 0xd9, 0xc6, 0x33, 0xd6, 0xb9, 0xbd, 0xf1, 
	0x9c, 0xe9, 0xa3, 0x13, 0xa2, 0x4d, 0xab, 0xdb, 
	0xbc, 0x5d, 0xbc, 0x19, 0xc4, 0xa1, 0xc4, 0xe5, 
	0xcd, 0x25, 0xcd, 0x25, 0xcc, 0xe3, 0xcc, 0xe1, 
	0xcd, 0x27, 0xc4, 0xe5, 0xc4, 0x5f, 0xc4, 0x5b, 
	0xcc, 0x5d, 0xcc, 0x19, 0xcc, 0x59, 0xcb, 0xd7, 
	0xbb, 0xd9, 0xc4, 0x1b, 0xc4, 0x5b, 0xc4, 0x5d, 
	0xbc, 0x1d, 0xc4, 0xa1, 0xc4, 0x9f, 0xa3, 0x55, 
	0x9b, 0x99, 0xc6, 0x31, 0xd6, 0xb9, 0xce, 0x77, 
	0xb5, 0xaf, 0xb3, 0x97, 0xa2, 0x4b, 0xab, 0x13, 
	0xc5, 0x25, 0xc4, 0x5d, 0xc4, 0x5d, 0xcd, 0x27, 
	0xcd, 0x67, 0xcd, 0x69, 0xcd, 0x27, 0xcc, 0xe3, 
	0xcc, 0xe3, 0xcc, 0xe1, 0xcc, 0x9d, 0xcc, 0x17, 
	0xcc, 0x17, 0xcc, 0x5b, 0xcc, 0x5d, 0xcb, 0xd7, 
	0xc3, 0xd7, 0xc3, 0xd7, 0xbb, 0xd9, 0xbb, 0xdb, 
	0xb3, 0xd9, 0xbc, 0x5d, 0xab, 0xd9, 0x92, 0xd1, 
	0x93, 0x99, 0xc5, 0xf1, 0xce, 0x77, 0xbd, 0xef, 
	0xb5, 0xad, 0xab, 0x99, 0xa2, 0x4d, 0xb3, 0x13, 
	0xbc, 0x5d, 0xc4, 0x5b, 0xcc, 0x5b, 0xcc, 0xe3, 
	0xcc, 0xe3, 0xbc, 0x5f, 0xcd, 0x25, 0xcc, 0xe3, 
	0xcc, 0xa1, 0xcc, 0x9f, 0xd4, 0x9f, 0xcc, 0x17, 
	0xbb, 0x93, 0xc3, 0xd5, 0xd4, 0x9d, 0xcb, 0xd7, 
	0x82, 0x53, 0x92, 0xd3, 0x8a, 0x93, 0x9b, 0x99, 
	0x8a, 0xd3, 0x8a, 0xcf, 0x8a, 0x4d, 0x82, 0x4d, 
	0x9b, 0xdd, 0xce, 0x77, 0xc5, 0xf1, 0xb5, 0x6b, 
	0xad, 0x6b, 0x93, 0x9d, 0x79, 0x49, 0x82, 0x0f, 
	0x9b, 0x55, 0xa3, 0x13, 0x8a, 0x4f, 0x92, 0xd3, 
	0x8a, 0x91, 0x92, 0x4d, 0xa3, 0x15, 0x9a, 0xd3, 
	0x9a, 0xd1, 0xab, 0x15, 0xab, 0x55, 0xa2, 0xcf, 
	0x82, 0x4f, 0x89, 0xcb, 0x8a, 0x4d, 0x82, 0x0d, 
	0x41, 0x8b, 0x39, 0x49, 0x49, 0x8b, 0x41, 0x8b, 
	0x5a, 0x0d, 0x6a, 0x4f, 0x6a, 0x4f, 0x6a, 0x4f, 
	0x9c, 0x21, 0xce, 0x77, 0xb5, 0xaf, 0xad, 0x29, 
	0xc5, 0xf1, 0xb5, 0x29, 0x72, 0xd5, 0x49, 0xcd, 
	0x49, 0xcd, 0x41, 0x8b, 0x41, 0x8b, 0x49, 0xcd, 
	0x41, 0x8b, 0x39, 0x49, 0x39, 0x49, 0x41, 0x4b, 
	0x41, 0x4b, 0x41, 0x8b, 0x41, 0x8b, 0x41, 0x8b, 
	0x39, 0x49, 0x39, 0x49, 0x39, 0x8b, 0x49, 0xcd, 
	
};

Gfx castle_grounds_dl_YukkinaTreeBreak00_ci4_ci4_aligner[] = {gsSPEndDisplayList()};
u8 castle_grounds_dl_YukkinaTreeBreak00_ci4_ci4[] = {
	0x00, 0x12, 0x34, 0x25, 0x66, 0x78, 0x99, 0x99, 
	0x47, 0xa3, 0xbb, 0xa6, 0xca, 0xd5, 0x4b, 0x00, 
	0x49, 0xc0, 0x45, 0xa5, 0xb5, 0x78, 0x87, 0x5e, 
	0xea, 0x28, 0x59, 0x78, 0x27, 0x63, 0x28, 0x00, 
	0x4b, 0x18, 0xa4, 0x8a, 0x6e, 0x58, 0x99, 0x99, 
	0x00, 0x55, 0xb8, 0x56, 0x75, 0xe5, 0x9b, 0x04, 
	0x49, 0x30, 0x7a, 0xa5, 0x85, 0x58, 0x27, 0x5a, 
	0x63, 0x2b, 0x99, 0x72, 0x83, 0x65, 0x21, 0x04, 
	0x5b, 0x15, 0xe3, 0x85, 0xee, 0x65, 0xbb, 0x99, 
	0x44, 0x5a, 0xb8, 0x5a, 0xbc, 0xea, 0xcb, 0x47, 
	0x09, 0xa3, 0x56, 0x6a, 0x0a, 0xab, 0x27, 0xa6, 
	0xe3, 0x04, 0xb3, 0x08, 0x4c, 0x6a, 0x81, 0x07, 
	0x38, 0x1a, 0x60, 0x8a, 0xe6, 0xdd, 0x8b, 0x39, 
	0x70, 0x5e, 0x08, 0x5a, 0xb3, 0x65, 0x08, 0x44, 
	0x0c, 0x3c, 0xca, 0xe5, 0xba, 0x50, 0x28, 0x5e, 
	0xd5, 0xcb, 0xb5, 0x48, 0x43, 0xe6, 0x21, 0x47, 
	0x78, 0x25, 0xeb, 0x8a, 0x66, 0xd3, 0x24, 0x37, 
	0x90, 0x5d, 0x0b, 0xc5, 0x0a, 0xe3, 0x48, 0x04, 
	0x47, 0x4c, 0x3a, 0xe5, 0x45, 0x74, 0xb2, 0xce, 
	0xd5, 0x9b, 0x45, 0x3b, 0xb5, 0xde, 0x88, 0xc7, 
	0x0b, 0x8a, 0x60, 0x0a, 0xee, 0x64, 0xb9, 0x97, 
	0x74, 0xae, 0x0b, 0x77, 0x4e, 0xa4, 0x38, 0xb4, 
	0xb4, 0x4c, 0xc6, 0x67, 0x84, 0xbc, 0x21, 0x76, 
	0xe3, 0x02, 0x29, 0x38, 0x85, 0xe5, 0x28, 0x79, 
	0xb0, 0x45, 0x58, 0x7e, 0x66, 0xe4, 0x83, 0x39, 
	0x94, 0x66, 0x40, 0x73, 0xce, 0x57, 0xc2, 0x07, 
	0x47, 0x75, 0x55, 0x54, 0xb5, 0x3c, 0x22, 0x5d, 
	0xea, 0x42, 0x27, 0x38, 0x85, 0xe7, 0x10, 0x73, 
	0x88, 0x47, 0x72, 0x4d, 0x3a, 0xd3, 0x87, 0x33, 
	0x77, 0x65, 0x44, 0x77, 0x7e, 0xa7, 0xc2, 0xb4, 
	0x47, 0xc5, 0xa5, 0xa7, 0x46, 0x57, 0x22, 0x5d, 
	0xe6, 0x82, 0x43, 0x70, 0x96, 0xd3, 0x80, 0x09, 
	0x82, 0x07, 0x72, 0x3d, 0x3a, 0xd7, 0x24, 0x33, 
	0x47, 0xd3, 0x07, 0x40, 0x7d, 0x54, 0x42, 0xb0, 
	0x47, 0x77, 0x35, 0xa0, 0x75, 0xc7, 0x21, 0x9e, 
	0xe6, 0x21, 0x45, 0xbb, 0x36, 0xd5, 0xbb, 0x03, 
	0xbb, 0x7e, 0x48, 0xa6, 0x96, 0xdc, 0x24, 0x93, 
	0x95, 0xe0, 0x77, 0x44, 0x3e, 0x53, 0x02, 0x00, 
	0x04, 0xc5, 0x35, 0xa0, 0x75, 0x30, 0x21, 0xce, 
	0xe6, 0x21, 0x05, 0x9b, 0x95, 0xd5, 0xbb, 0x0c, 
	0xb4, 0x5e, 0x88, 0x6a, 0x7a, 0xe7, 0x1b, 0x99, 
	0x75, 0x58, 0xc4, 0x44, 0x7a, 0x77, 0xb8, 0x00, 
	0x04, 0x35, 0x43, 0x68, 0xb3, 0x38, 0x12, 0x3e, 
	0xea, 0x22, 0x45, 0x38, 0x75, 0xd5, 0xb8, 0x49, 
	0xbb, 0xae, 0x82, 0x65, 0x07, 0x50, 0x1b, 0x97, 
	0x76, 0x50, 0x54, 0x0b, 0xca, 0x47, 0x78, 0x07, 
	0x00, 0x35, 0x7c, 0xa8, 0x4a, 0x58, 0x1b, 0x56, 
	0xaa, 0x82, 0x46, 0x6b, 0x4a, 0xe5, 0x08, 0x09, 
	0x8b, 0xee, 0x82, 0x65, 0x99, 0x30, 0x10, 0x37, 
	0x5d, 0x6c, 0x63, 0x40, 0x3a, 0x75, 0xb2, 0x44, 
	0xb0, 0x5a, 0x9c, 0x30, 0x5e, 0xa2, 0x27, 0xa6, 
	0x55, 0x82, 0x7a, 0xeb, 0x45, 0x65, 0x42, 0xb9, 
	0xb4, 0xda, 0x80, 0xe3, 0x75, 0x57, 0x28, 0x34, 
	0xce, 0xa4, 0x53, 0x4b, 0x75, 0xc9, 0x28, 0x77, 
	0x04, 0x35, 0x39, 0x0b, 0xaa, 0x72, 0x29, 0x65, 
	0x4a, 0x02, 0x06, 0xd0, 0x4a, 0xa5, 0x42, 0xb9, 
	0xb7, 0xea, 0x24, 0xd4, 0x46, 0x65, 0x82, 0x70, 
	0x7e, 0x5b, 0x33, 0x4b, 0x44, 0x00, 0x20, 0x77, 
	0x77, 0x5a, 0x33, 0x08, 0xac, 0x48, 0x2c, 0x63, 
	0x46, 0xb2, 0x0e, 0xd4, 0x05, 0x3c, 0xc2, 0x27, 
	0x09, 0xaa, 0x24, 0xec, 0x96, 0xe5, 0xbb, 0x74, 
	0x5d, 0x50, 0x33, 0x4b, 0xcc, 0x47, 0x2b, 0x79, 
	0x94, 0x56, 0x99, 0x94, 0x34, 0x81, 0x1b, 0x65, 
	0x05, 0x78, 0x4e, 0xd0, 0x03, 0x35, 0x58, 0x24, 
	0x0c, 0x35, 0x8c, 0x64, 0x76, 0xe6, 0xb2, 0x77, 
	0x5e, 0xc4, 0xc3, 0x02, 0xc3, 0xc0, 0x28, 0x47, 
	0x70, 0x75, 0x44, 0x4b, 0x04, 0x11, 0x80, 0xab, 
	0x13, 0x3b, 0x05, 0xab, 0x44, 0x5d, 0x32, 0x20, 
	0x05, 0x74, 0x89, 0x60, 0x76, 0xee, 0x81, 0x47, 
	0x55, 0x40, 0x75, 0x08, 0x7c, 0x30, 0x80, 0x07, 
	0x93, 0x33, 0x40, 0x70, 0x70, 0x12, 0x75, 0x68, 
	0x86, 0x37, 0x84, 0xa0, 0x70, 0x5d, 0x52, 0xb0, 
	0x46, 0xcb, 0xb0, 0x50, 0x76, 0x6e, 0xb1, 0x49, 
	0x37, 0x0b, 0x55, 0xbb, 0xc7, 0xcc, 0xb7, 0x74, 
	0x45, 0xe5, 0x47, 0xc0, 0xcb, 0x27, 0x95, 0xe4, 
	0x0d, 0x59, 0x89, 0xa4, 0x94, 0xae, 0xa8, 0x07, 
	0x9e, 0x3b, 0xc2, 0xb7, 0x76, 0x6e, 0x01, 0x43, 
	0x94, 0xb0, 0xac, 0xb0, 0x74, 0x77, 0x84, 0x44, 
	0x45, 0xa3, 0x7c, 0x54, 0x34, 0x24, 0x7a, 0xd5, 
	0x8a, 0xa9, 0x83, 0xa4, 0x94, 0xae, 0x69, 0x47, 
	0x5d, 0x40, 0x78, 0x47, 0x3e, 0x6e, 0x81, 0x93, 
	0x9b, 0x45, 0xa7, 0xb0, 0x77, 0xc7, 0x84, 0x04, 
	0x3a, 0x3c, 0x07, 0x69, 0x5c, 0x18, 0x7a, 0xda, 
	0x2c, 0xd7, 0x25, 0xa4, 0x90, 0x5e, 0x63, 0x00, 
	0x6a, 0x87, 0x4b, 0x04, 0x36, 0x6e, 0x82, 0x39, 
	0x7b, 0x3e, 0x67, 0x00, 0x77, 0x30, 0x84, 0x04, 
	0xae, 0xa5, 0x45, 0xe0, 0x53, 0x1b, 0x9a, 0xde, 
	0x4c, 0xe9, 0x85, 0x59, 0x99, 0x56, 0xa3, 0xb8, 
	0xe9, 0x83, 0x78, 0xb7, 0x56, 0xee, 0x81, 0x47, 
	0x9b, 0x7e, 0x50, 0x00, 0x77, 0xc0, 0xb4, 0x07, 
	0x5e, 0x59, 0xca, 0x64, 0x57, 0x2b, 0x96, 0xd5, 
	0xb5, 0x69, 0x23, 0x59, 0x97, 0x6d, 0xe5, 0x8b, 
	0xec, 0x03, 0x72, 0xb9, 0xee, 0xee, 0xb2, 0x79, 
	0x78, 0x46, 0x50, 0xbb, 0x77, 0x70, 0x04, 0x47, 
	0x56, 0x57, 0x3a, 0x6b, 0x44, 0x1b, 0x75, 0xd5, 
	0x86, 0x69, 0x2c, 0x57, 0x98, 0x9d, 0xe3, 0x27, 
	0xa7, 0x4a, 0x58, 0x27, 0xe6, 0xe6, 0x02, 0x93, 
	0x74, 0x56, 0x50, 0x00, 0x47, 0xcb, 0xb7, 0x44, 
	0xae, 0x37, 0x56, 0xeb, 0x7a, 0x22, 0x03, 0x65, 
	0xba, 0xa4, 0x85, 0x59, 0x9b, 0x8a, 0x58, 0x27, 
	0x4b, 0x7e, 0x52, 0x29, 0x66, 0xe5, 0x22, 0x44, 
	0x00, 0x3e, 0x50, 0x44, 0x43, 0x3b, 0xb0, 0xb7, 
	0xa6, 0x47, 0x5a, 0xa2, 0x0e, 0x81, 0xb3, 0xab, 
	0x06, 0x34, 0x83, 0xc4, 0x99, 0xb7, 0xc8, 0x2b, 
	0x8b, 0xce, 0x42, 0x8c, 0xee, 0xe9, 0x1b, 0x94, 
	0x04, 0xce, 0x30, 0x77, 0x7c, 0x50, 0x44, 0x0c, 
	0x55, 0x4c, 0x5a, 0xa8, 0x0a, 0x81, 0xb3, 0xd4, 
	0x7e, 0x77, 0xb5, 0xc0, 0x99, 0x83, 0xa8, 0x20, 
	0xb0, 0x5e, 0xb2, 0x85, 0xe6, 0xd0, 0x14, 0x39, 
	0x35, 0x5a, 0x30, 0x47, 0x73, 0xa0, 0x44, 0x03, 
	0x6a, 0xcc, 0x35, 0x38, 0x07, 0x82, 0x05, 0xdc, 
	0x3a, 0x44, 0x4a, 0x09, 0x99, 0x25, 0xd7, 0x8b, 
	0x07, 0xee, 0x08, 0x85, 0xe6, 0x6b, 0x10, 0x94, 
	0x75, 0x5a, 0x4b, 0x40, 0x05, 0x5b, 0x44, 0x45, 
	0xe6, 0x34, 0x40, 0x4b, 0x84, 0x08, 0x83, 0xda, 
	0x54, 0xb4, 0x53, 0x83, 0x94, 0xba, 0xe5, 0x47, 
	0xb4, 0x6a, 0x82, 0x85, 0x66, 0xa0, 0x10, 0x9b, 
	0xb5, 0xae, 0x08, 0x70, 0x4a, 0xa4, 0x99, 0x95, 
	0xe6, 0x30, 0x44, 0xb0, 0xb7, 0x0b, 0x2c, 0x6a, 
	0x58, 0x49, 0x5c, 0x89, 0x94, 0xb6, 0xac, 0x44, 
	0x87, 0xa6, 0x72, 0x2b, 0xc7, 0xcc, 0x12, 0xc0, 
	0x0e, 0x66, 0xb0, 0x74, 0x7a, 0xa7, 0x34, 0x75, 
	0x65, 0x0b, 0x47, 0x40, 0x87, 0x01, 0x1c, 0x75, 
	0x7b, 0xc7, 0x6c, 0x89, 0x30, 0xb6, 0xe7, 0x07, 
	0x05, 0x6e, 0xa2, 0x12, 0x04, 0x97, 0x2b, 0x3b, 
	0x0e, 0xea, 0x8b, 0x70, 0x36, 0x5c, 0xc4, 0x75, 
	0x57, 0x0b, 0x77, 0x90, 0x8c, 0x32, 0x8c, 0x76, 
	0x9b, 0x90, 0x67, 0x29, 0x3b, 0xbe, 0xd3, 0xb3, 
	0xca, 0xa6, 0x65, 0x82, 0xbc, 0x34, 0x84, 0x98, 
	0x3e, 0x5a, 0x88, 0x40, 0x35, 0x74, 0x44, 0x4b, 
	0x40, 0xb0, 0x3c, 0x78, 0x85, 0x32, 0x8c, 0xce, 
	0xcb, 0x94, 0x63, 0x89, 0x38, 0x0a, 0x5b, 0x29, 
	0x3a, 0x5e, 0xe6, 0x81, 0x75, 0x4c, 0x2b, 0x78, 
	0x3e, 0xae, 0x48, 0x77, 0x55, 0xc4, 0x77, 0x0b, 
	0x44, 0x03, 0xa5, 0x30, 0x3e, 0xc2, 0xb0, 0x0a, 
	0x04, 0x90, 0xa5, 0x24, 0x9b, 0x7a, 0x08, 0x84, 
	0x75, 0xa5, 0xa5, 0x11, 0x5e, 0xb4, 0x28, 0x7b, 
	0x5e, 0xed, 0x48, 0x73, 0xae, 0x57, 0x3c, 0x07, 
	0x97, 0x45, 0xac, 0x70, 0x56, 0xc2, 0x04, 0x45, 
	0x4c, 0x70, 0x65, 0x84, 0x94, 0x06, 0x58, 0x27, 
	0x00, 0xa5, 0xa4, 0x10, 0x6d, 0x00, 0x2b, 0x7b, 
	0xaa, 0xa5, 0x48, 0x83, 0x56, 0x57, 0x50, 0x24, 
	0x47, 0x45, 0xac, 0x44, 0x5a, 0x98, 0x39, 0xb5, 
	0x35, 0x74, 0x65, 0xb7, 0x49, 0x46, 0xe0, 0xb9, 
	0xb4, 0xae, 0xa8, 0xba, 0xdd, 0x4c, 0xb0, 0x77, 
	0xaa, 0x53, 0x50, 0x05, 0xc5, 0x59, 0x9b, 0x20, 
	0x47, 0x75, 0xac, 0x44, 0xc5, 0x90, 0x33, 0x03, 
	0x55, 0x90, 0x66, 0x07, 0x79, 0x95, 0x60, 0x44, 
	0x4c, 0x5a, 0x42, 0x0a, 0xe6, 0x0c, 0x70, 0xb4, 
	0x6e, 0xc3, 0x54, 0x7a, 0xaa, 0xa3, 0x9b, 0x24, 
	0x77, 0x4c, 0xa3, 0x00, 0x4b, 0xbb, 0x44, 0x84, 
	0xc3, 0x78, 0x55, 0x8b, 0x8c, 0x9c, 0x50, 0x8b, 
	0x0c, 0x55, 0xc8, 0xb5, 0xda, 0x85, 0x6c, 0xbb, 
	0x6a, 0x7a, 0x30, 0xb3, 0x55, 0x63, 0x9b, 0x87, 
	0x77, 0x07, 0x65, 0x7b, 0x8b, 0x84, 0x40, 0x80, 
	0x45, 0x30, 0x55, 0x8b, 0xb9, 0x40, 0xbb, 0x8b, 
	0x8b, 0xcc, 0x42, 0xce, 0xda, 0xba, 0x6c, 0x20, 
	0x67, 0xc6, 0x3b, 0xbc, 0x55, 0xac, 0x98, 0xb9, 
	0x77, 0x45, 0xa5, 0x54, 0xb0, 0x7c, 0x04, 0x43, 
	0x55, 0x34, 0x55, 0x04, 0x03, 0x35, 0x74, 0xb0, 
	0x08, 0x43, 0x81, 0x7d, 0x64, 0x0a, 0xa0, 0x26, 
	0x6b, 0x36, 0xcb, 0x45, 0x5a, 0x69, 0x9b, 0x89, 
	0x94, 0x83, 0x55, 0x57, 0xbb, 0xc7, 0x8b, 0x7a, 
	0xa6, 0x50, 0x77, 0x00, 0xb3, 0x35, 0x67, 0x8b, 
	0x4b, 0xb3, 0xb1, 0x9e, 0x67, 0x06, 0xa8, 0x8d, 
	0x38, 0x55, 0x78, 0x85, 0x55, 0x59, 0x4b, 0x80, 
	0x90, 0x8c, 0x55, 0xa4, 0x0b, 0x70, 0x8b, 0x36, 
	0xd6, 0x50, 0x74, 0x04, 0x27, 0x55, 0xa4, 0x2b, 
	0x77, 0xcc, 0x82, 0x3e, 0xd3, 0x06, 0x52, 0x25, 
	0xb2, 0xc4, 0x7b, 0x25, 0xc5, 0x59, 0xb2, 0x47, 
	0x98, 0x8a, 0xa5, 0x5b, 0x4b, 0xcb, 0x27, 0xce, 
	0xde, 0x5b, 0x43, 0xb9, 0x87, 0x53, 0xab, 0x80, 
	0xc5, 0x60, 0x11, 0xc6, 0x60, 0x0a, 0x71, 0x84, 
	0x28, 0xc7, 0xcb, 0xb6, 0x55, 0xa4, 0x22, 0x93, 
	0x38, 0x8a, 0x35, 0x54, 0x37, 0x90, 0x23, 0x56, 
	0xee, 0x5b, 0x45, 0x09, 0x8c, 0xcc, 0x64, 0xb0, 
	0x05, 0x41, 0x11, 0xca, 0x50, 0x76, 0x5b, 0x43, 
	0x0b, 0x9c, 0x78, 0x4e, 0x55, 0xa0, 0x20, 0x39, 
	0x9b, 0x85, 0xc5, 0xe5, 0x53, 0x90, 0x85, 0x6a, 
	0xed, 0x58, 0x7a, 0x78, 0x23, 0xa0, 0x44, 0xb0, 
	0x07, 0x81, 0x14, 0x66, 0x53, 0x76, 0x58, 0x73, 
	0x08, 0x4c, 0x42, 0x0a, 0x55, 0x60, 0x14, 0x39, 
	0x94, 0x05, 0x5a, 0x63, 0x04, 0x7b, 0x85, 0x65, 
	0x6d, 0x5b, 0x35, 0x9b, 0x25, 0xd7, 0x8b, 0xb7, 
	0x49, 0xb1, 0x25, 0xd6, 0xe3, 0x0e, 0x72, 0x9c, 
	0x02, 0x43, 0x72, 0x0a, 0x35, 0xe4, 0x10, 0x39, 
	0x94, 0xbc, 0xaa, 0xa3, 0x7b, 0x4b, 0xb5, 0x65, 
	0x6d, 0x30, 0x39, 0x94, 0xb5, 0xd3, 0x8b, 0x07, 
	0xcc, 0x01, 0x10, 0xa6, 0xd9, 0x06, 0x38, 0x07, 
	0x02, 0x35, 0x78, 0x4a, 0xc5, 0xd9, 0x1b, 0x39, 
	0x94, 0x87, 0x5a, 0x65, 0x58, 0xb8, 0xb6, 0x63, 
	0xed, 0x9b, 0x74, 0x79, 0x75, 0xd3, 0x80, 0x79, 
	0x73, 0x01, 0x18, 0xae, 0xec, 0x45, 0x04, 0x79, 
	0x4b, 0x66, 0x78, 0x7a, 0x56, 0xd9, 0x20, 0x39, 
	0x94, 0x8c, 0x5a, 0xe6, 0xa8, 0xb0, 0x86, 0x69, 
	0xed, 0x38, 0x4b, 0x49, 0x7a, 0xa2, 0x1b, 0xc7, 
	0x3a, 0xb1, 0x1b, 0x55, 0xec, 0x7a, 0x47, 0x93, 
	0x47, 0xe6, 0x78, 0x7a, 0x5e, 0xd5, 0x20, 0x39, 
	0x99, 0x8c, 0x6a, 0x56, 0xa8, 0x04, 0x06, 0x5c, 
	0x6d, 0x98, 0x97, 0x79, 0x9e, 0x52, 0x1b, 0x7c, 
	0xa5, 0x02, 0x17, 0xc5, 0xec, 0x7a, 0x04, 0x33, 
	0x4c, 0xa5, 0x48, 0x55, 0xc6, 0xe5, 0x8b, 0x99, 
	0x77, 0x87, 0x55, 0xc5, 0x38, 0xb7, 0x9e, 0x57, 
	0x6d, 0x74, 0xa9, 0x97, 0x3e, 0x42, 0x8b, 0x45, 
	0xaa, 0xb2, 0x80, 0x3a, 0x64, 0x95, 0xb4, 0x79, 
	0x84, 0xa3, 0x08, 0x55, 0xc6, 0xea, 0xb2, 0x0c, 
	0x74, 0x80, 0x55, 0xc4, 0xa2, 0x2b, 0x76, 0x50, 
	0x5d, 0x07, 0xa0, 0x74, 0x55, 0x21, 0xb4, 0x55, 
	0xa7, 0x21, 0x2b, 0xc5, 0x54, 0x9b, 0x84, 0x44, 
	0x23, 0xe3, 0xb0, 0xa5, 0x5e, 0xe6, 0xb2, 0x49, 
	0x97, 0x84, 0x55, 0xcc, 0x62, 0x2b, 0x45, 0x3b, 
	0x5d, 0xbc, 0x9b, 0x94, 0xc2, 0x1b, 0xb7, 0x6a, 
	0xa4, 0x22, 0x27, 0x0c, 0x7c, 0x92, 0x09, 0x99, 
	0xba, 0xe9, 0x04, 0x65, 0x56, 0xea, 0xbb, 0x99, 
	0x39, 0x87, 0x53, 0x5a, 0x68, 0xb4, 0x75, 0x37, 
	0x6d, 0x75, 0x4b, 0x99, 0x50, 0x80, 0xb7, 0x66, 
	0xac, 0x22, 0x04, 0x05, 0xa6, 0x7b, 0x99, 0x97, 
	0xba, 0x64, 0xb0, 0xa5, 0x56, 0xd5, 0x0b, 0xb3, 
	0x39, 0x87, 0x5c, 0x35, 0xa2, 0xb0, 0x75, 0x54, 
	0x6d, 0x73, 0x0b, 0x99, 0xc4, 0x44, 0x05, 0x66, 
	0xc0, 0x82, 0xc4, 0x77, 0x5d, 0x42, 0x99, 0x74, 
	0xb6, 0x64, 0x0b, 0x55, 0x35, 0xd5, 0x0b, 0xb3, 
	0x39, 0x05, 0xc4, 0x3a, 0x51, 0xb0, 0x75, 0x5b, 
	0xae, 0x7c, 0x48, 0x90, 0x8b, 0x70, 0x7e, 0x6a, 
	0xc0, 0x82, 0xca, 0x50, 0x3d, 0x72, 0x97, 0x90, 
	0x8a, 0xa0, 0xb0, 0x55, 0x5a, 0xd5, 0x4b, 0xb9, 
	0x77, 0x47, 0xcc, 0x5e, 0x71, 0xbb, 0x7a, 0xa4, 
	0x66, 0x7c, 0xb8, 0x94, 0xb0, 0x74, 0x56, 0xaa, 
	0x78, 0x1b, 0x5a, 0x50, 0x5a, 0x38, 0x07, 0x90, 
	0xb6, 0x67, 0x00, 0x35, 0x5a, 0xe5, 0x40, 0x09, 
	0x4b, 0x47, 0x55, 0x5a, 0xc2, 0xb4, 0x96, 0x67, 
	0xea, 0x44, 0x80, 0x99, 0x8b, 0x40, 0x56, 0x55, 
	0xb2, 0x1b, 0x55, 0xa0, 0x7a, 0x6c, 0xb9, 0x97, 
	0xc6, 0xe7, 0xbb, 0x35, 0x5a, 0xea, 0x7b, 0x79, 
	0x40, 0x47, 0x53, 0xa6, 0xc2, 0xb4, 0x9e, 0x50, 
	0x6a, 0x04, 0x84, 0x90, 0x2b, 0x72, 0x45, 0xc3, 
	0x08, 0x2b, 0x55, 0xa7, 0x9d, 0xe0, 0xb7, 0x97, 
	0x7c, 0xa0, 0xbb, 0x5c, 0x3a, 0x65, 0x7b, 0x79, 
	0x0b, 0x4c, 0x57, 0xae, 0x02, 0x0b, 0x7d, 0x53, 
	0xde, 0xc7, 0xb7, 0x3b, 0x20, 0x3b, 0xb0, 0x93, 
	0x0b, 0x20, 0xa3, 0x54, 0x3d, 0xa2, 0xb9, 0x79, 
	0x74, 0x64, 0xb4, 0x5c, 0x4a, 0x65, 0x4b, 0x70, 
	0x88, 0x45, 0x37, 0xaa, 0xb4, 0x48, 0x4d, 0x55, 
	0xdd, 0xbb, 0x44, 0x38, 0x27, 0x30, 0x4b, 0x84, 
	0xb2, 0x2c, 0x55, 0xc7, 0x56, 0x6b, 0xb9, 0x99, 
	0x4c, 0xe0, 0x8b, 0x53, 0xba, 0xe3, 0x0b, 0x90, 
	0x80, 0x35, 0x35, 0xa5, 0xb7, 0x48, 0x0e, 0x5a, 
	0xd6, 0x88, 0x77, 0x9b, 0x87, 0x3b, 0x4b, 0x20, 
	0x02, 0x25, 0xa5, 0x75, 0x66, 0x5b, 0x09, 0x49, 
	0x07, 0x58, 0x8b, 0xc5, 0x75, 0xec, 0x80, 0x34, 
	0xb4, 0x55, 0x75, 0xa3, 0x8c, 0x72, 0x05, 0x56, 
	0xe5, 0x28, 0x33, 0x97, 0x20, 0x50, 0x28, 0x70, 
	0xc0, 0x2b, 0x55, 0x85, 0xee, 0x52, 0x09, 0x04, 
	0xb0, 0x57, 0xbb, 0x5a, 0x35, 0xd3, 0x8b, 0x40, 
	0x07, 0x53, 0x7a, 0x63, 0xb3, 0x48, 0x09, 0x3e, 
	0xe6, 0x88, 0x33, 0x94, 0x29, 0xac, 0x28, 0x78, 
	
};

Gfx castle_grounds_dl_YukkinaTreeBreak00_ci4_pal_rgba16_aligner[] = {gsSPEndDisplayList()};
u8 castle_grounds_dl_YukkinaTreeBreak00_ci4_pal_rgba16[] = {
	0x62, 0x07, 0x30, 0xc3, 0x41, 0x43, 0x7a, 0x8b, 
	0x6a, 0x07, 0x82, 0xcb, 0x93, 0x4d, 0x6a, 0x49, 
	0x51, 0x85, 0x72, 0x89, 0x8b, 0x0b, 0x59, 0xc7, 
	0x72, 0x49, 0x9b, 0xcf, 0x9b, 0x8f, 
};

Gfx castle_grounds_dl_Glover_D85757B7_0_0_861ED1B8_ciByRGBA_rgba16_ci4_aligner[] = {gsSPEndDisplayList()};
u8 castle_grounds_dl_Glover_D85757B7_0_0_861ED1B8_ciByRGBA_rgba16_ci4[] = {
	0x00, 0x12, 0x11, 0x22, 0x34, 0x45, 0x55, 0x36, 
	0x71, 0x11, 0x10, 0x18, 0x08, 0x9a, 0x44, 0x98, 
	0x00, 0x02, 0x3a, 0xb2, 0x19, 0x45, 0xc5, 0x37, 
	0x70, 0x01, 0x1b, 0x08, 0x88, 0x11, 0x11, 0x48, 
	0x08, 0x87, 0xa4, 0xbb, 0x09, 0x35, 0xcc, 0x36, 
	0x71, 0x80, 0x02, 0x8b, 0xb8, 0x14, 0x31, 0x48, 
	0x0b, 0xb7, 0x34, 0xb0, 0x89, 0x49, 0x5c, 0x96, 
	0xb1, 0x1a, 0x1b, 0x08, 0x03, 0x94, 0x38, 0x18, 
	0x0b, 0x77, 0x19, 0x01, 0x85, 0x9d, 0xa5, 0xd6, 
	0x04, 0x1a, 0x38, 0x8b, 0x34, 0xa9, 0xd3, 0xb2, 
	0x0b, 0x7b, 0x19, 0x11, 0x05, 0x4d, 0xae, 0xe6, 
	0x1d, 0x4a, 0x18, 0x88, 0xd3, 0x45, 0x55, 0x12, 
	0x82, 0x21, 0xa9, 0xa3, 0x04, 0x14, 0x4e, 0xe6, 
	0x1d, 0xdd, 0x54, 0x38, 0xd1, 0x15, 0xd9, 0x32, 
	0x18, 0x01, 0x1d, 0x4a, 0x1a, 0x45, 0xde, 0xe6, 
	0x14, 0xd4, 0x9d, 0xa8, 0xda, 0x09, 0x4c, 0x4b, 
	0xa0, 0x14, 0x15, 0x4a, 0x10, 0x45, 0x5e, 0xe6, 
	0x4a, 0xd9, 0xc5, 0x48, 0xd9, 0x14, 0x4c, 0x51, 
	0xd4, 0xd5, 0x39, 0xa4, 0xa0, 0xd5, 0x5e, 0xe6, 
	0x4a, 0x49, 0xdd, 0x1b, 0x94, 0x14, 0x1e, 0xca, 
	0xd4, 0x5c, 0x14, 0xaa, 0x16, 0xcc, 0x9e, 0xc6, 
	0x44, 0x4d, 0x59, 0x38, 0x94, 0x13, 0x1c, 0xca, 
	0xd4, 0x5c, 0x39, 0x44, 0x57, 0xc5, 0x9e, 0x16, 
	0xa4, 0xa4, 0x9a, 0x18, 0x91, 0x3a, 0x3c, 0x5a, 
	0x4a, 0xdc, 0x1a, 0xaa, 0x57, 0xe5, 0x4e, 0x76, 
	0x34, 0x9d, 0xd4, 0xa0, 0x93, 0x43, 0x4e, 0x51, 
	0xd4, 0xdc, 0x11, 0x11, 0xd7, 0xe5, 0x9e, 0x78, 
	0xad, 0x9d, 0x91, 0x11, 0x91, 0x31, 0x3c, 0xca, 
	0xd4, 0xdc, 0x00, 0x00, 0xa7, 0xed, 0x9e, 0x7a, 
	0xa9, 0x49, 0x41, 0xa1, 0x98, 0x11, 0x4c, 0x5a, 
	0xd4, 0x45, 0x41, 0x1a, 0x42, 0xe4, 0x9e, 0x7a, 
	0x19, 0x49, 0x43, 0xa1, 0x37, 0x33, 0x95, 0xca, 
	0x43, 0xa5, 0xd1, 0xa4, 0xdb, 0xe4, 0x5e, 0x72, 
	0x19, 0x44, 0x9a, 0x10, 0x0b, 0x54, 0xd5, 0xca, 
	0x9a, 0x4d, 0xa0, 0x11, 0x4b, 0xe9, 0x4e, 0x7b, 
	0x4d, 0x49, 0x93, 0x31, 0x03, 0xcd, 0x95, 0xc1, 
	0x5d, 0xd5, 0xa0, 0x10, 0x1b, 0xc4, 0x39, 0x7b, 
	0x1d, 0x9d, 0xd3, 0x11, 0x35, 0xe5, 0x14, 0xc8, 
	0x55, 0xdd, 0x30, 0x41, 0xa0, 0xe9, 0x34, 0x80, 
	0xa4, 0x44, 0xd1, 0x00, 0x39, 0xc1, 0x33, 0xc2, 
	0x5d, 0xd9, 0x3b, 0x10, 0x10, 0xc9, 0xd1, 0x10, 
	0x1a, 0x44, 0x4b, 0xb8, 0x43, 0xc1, 0x3a, 0xe2, 
	0x55, 0x9a, 0x82, 0x08, 0xb7, 0xd1, 0x30, 0x51, 
	0x8a, 0x13, 0x12, 0x22, 0x10, 0x58, 0x00, 0x52, 
	0x44, 0x10, 0xbb, 0x10, 0x17, 0x51, 0x34, 0x58, 
	0xb0, 0xb0, 0x02, 0x72, 0xa1, 0x42, 0x80, 0x97, 
	0x33, 0x80, 0x08, 0x11, 0xa7, 0x84, 0x39, 0x48, 
	0x2b, 0x20, 0xb7, 0x77, 0x04, 0xdb, 0xb0, 0x47, 
	0x00, 0x03, 0x10, 0x00, 0x1b, 0x24, 0x9d, 0x1b, 
	0x62, 0x2b, 0x22, 0x77, 0xb1, 0x58, 0xb0, 0x97, 
	0x00, 0x01, 0x0b, 0xb8, 0x08, 0x74, 0xd1, 0x8b, 
	0x6b, 0xb0, 0x87, 0x77, 0x81, 0x90, 0x28, 0x96, 
	0xbb, 0x81, 0x1b, 0x2b, 0xda, 0x73, 0xd8, 0x32, 
	0x68, 0xb8, 0x02, 0x77, 0xb3, 0x41, 0x81, 0x47, 
	0x88, 0x88, 0x8b, 0x7b, 0xd4, 0x23, 0xd8, 0x16, 
	0x78, 0xb0, 0x02, 0x77, 0x23, 0x30, 0x3a, 0x90, 
	0x88, 0x88, 0x80, 0x7b, 0x94, 0x24, 0x51, 0x86, 
	0x2b, 0xbb, 0x02, 0x26, 0x23, 0x31, 0x99, 0x50, 
	0x00, 0x88, 0x00, 0x77, 0x10, 0xb4, 0x54, 0x86, 
	0x78, 0x8b, 0x0b, 0x26, 0x89, 0x4a, 0x99, 0x50, 
	0x00, 0x88, 0x01, 0x27, 0x13, 0x14, 0x54, 0x36, 
	0x70, 0x88, 0x10, 0xb6, 0x09, 0x94, 0xdd, 0x50, 
	0x00, 0x88, 0x81, 0x27, 0x03, 0x19, 0x54, 0x36, 
	0x70, 0x00, 0x10, 0xb7, 0x0d, 0x94, 0xd5, 0x50, 
	
};

Gfx castle_grounds_dl_Glover_D85757B7_0_0_861ED1B8_ciByRGBA_rgba16_pal_rgba16_aligner[] = {gsSPEndDisplayList()};
u8 castle_grounds_dl_Glover_D85757B7_0_0_861ED1B8_ciByRGBA_rgba16_pal_rgba16[] = {
	0x6a, 0x47, 0x72, 0x87, 0x59, 0xc3, 0x7a, 0xc7, 
	0x83, 0x09, 0x93, 0x4b, 0x41, 0x41, 0x51, 0x81, 
	0x62, 0x45, 0x8b, 0x09, 0x7a, 0xc9, 0x62, 0x05, 
	0x9b, 0x8d, 0x8b, 0x0b, 0xb4, 0x0f, 
};

Gfx castle_grounds_dl_ki_mizu_ci8_ci8_aligner[] = {gsSPEndDisplayList()};
u8 castle_grounds_dl_ki_mizu_ci8_ci8[] = {
	0x00, 0x01, 0x02, 0x03, 0x04, 0x05, 0x05, 0x05, 
	0x06, 0x06, 0x07, 0x08, 0x09, 0x09, 0x09, 0x09, 
	0x0a, 0x0b, 0x0b, 0x0c, 0x0d, 0x0e, 0x0f, 0x10, 
	0x05, 0x11, 0x12, 0x12, 0x0b, 0x13, 0x14, 0x14, 
	0x01, 0x01, 0x02, 0x03, 0x04, 0x05, 0x05, 0x05, 
	0x06, 0x06, 0x07, 0x08, 0x09, 0x09, 0x15, 0x0b, 
	0x0b, 0x0b, 0x0b, 0x0c, 0x0d, 0x0e, 0x0f, 0x10, 
	0x16, 0x11, 0x11, 0x12, 0x0b, 0x13, 0x14, 0x14, 
	0x01, 0x01, 0x02, 0x03, 0x17, 0x17, 0x05, 0x17, 
	0x06, 0x06, 0x07, 0x18, 0x19, 0x19, 0x19, 0x19, 
	0x1a, 0x0b, 0x0b, 0x0c, 0x0d, 0x10, 0x0f, 0x10, 
	0x16, 0x12, 0x11, 0x12, 0x13, 0x13, 0x1b, 0x1b, 
	0x01, 0x01, 0x02, 0x03, 0x17, 0x17, 0x1c, 0x17, 
	0x06, 0x06, 0x18, 0x18, 0x19, 0x19, 0x19, 0x19, 
	0x1a, 0x1a, 0x1a, 0x0c, 0x0d, 0x0e, 0x0f, 0x10, 
	0x16, 0x05, 0x11, 0x11, 0x13, 0x13, 0x1b, 0x1b, 
	0x1d, 0x1d, 0x1e, 0x1f, 0x06, 0x06, 0x0b, 0x06, 
	0x0b, 0x0b, 0x0b, 0x0b, 0x20, 0x20, 0x20, 0x20, 
	0x21, 0x21, 0x21, 0x22, 0x03, 0x23, 0x23, 0x23, 
	0x24, 0x25, 0x05, 0x11, 0x11, 0x11, 0x1d, 0x1d, 
	0x1d, 0x1d, 0x1e, 0x1e, 0x0b, 0x06, 0x06, 0x26, 
	0x0b, 0x27, 0x27, 0x0b, 0x20, 0x20, 0x28, 0x28, 
	0x29, 0x29, 0x29, 0x22, 0x2a, 0x23, 0x23, 0x23, 
	0x24, 0x24, 0x25, 0x11, 0x1d, 0x1d, 0x2b, 0x2b, 
	0x1d, 0x1d, 0x2c, 0x2c, 0x0b, 0x0b, 0x06, 0x06, 
	0x0b, 0x0a, 0x0a, 0x0a, 0x20, 0x2d, 0x2d, 0x2d, 
	0x29, 0x29, 0x29, 0x22, 0x2a, 0x03, 0x23, 0x23, 
	0x24, 0x24, 0x25, 0x05, 0x1d, 0x2b, 0x2b, 0x2b, 
	0x1d, 0x1d, 0x2c, 0x2c, 0x0b, 0x0b, 0x06, 0x06, 
	0x0b, 0x27, 0x0a, 0x0a, 0x2e, 0x2e, 0x2e, 0x2e, 
	0x2f, 0x2f, 0x2f, 0x29, 0x30, 0x2a, 0x2a, 0x03, 
	0x24, 0x24, 0x24, 0x25, 0x11, 0x1d, 0x2b, 0x2b, 
	0x31, 0x31, 0x31, 0x32, 0x33, 0x33, 0x34, 0x2a, 
	0x34, 0x34, 0x32, 0x35, 0x36, 0x36, 0x37, 0x37, 
	0x38, 0x38, 0x38, 0x38, 0x39, 0x3a, 0x3a, 0x3a, 
	0x26, 0x3b, 0x3b, 0x3b, 0x25, 0x11, 0x11, 0x11, 
	0x3c, 0x3c, 0x3c, 0x3c, 0x3d, 0x33, 0x34, 0x34, 
	0x34, 0x34, 0x32, 0x35, 0x36, 0x3e, 0x37, 0x3f, 
	0x40, 0x40, 0x40, 0x40, 0x37, 0x35, 0x39, 0x3a, 
	0x0c, 0x26, 0x3b, 0x3b, 0x24, 0x25, 0x05, 0x05, 
	0x41, 0x41, 0x41, 0x41, 0x3d, 0x3d, 0x34, 0x34, 
	0x34, 0x34, 0x42, 0x35, 0x36, 0x3e, 0x3f, 0x3f, 
	0x2c, 0x40, 0x40, 0x40, 0x37, 0x37, 0x37, 0x35, 
	0x43, 0x26, 0x3b, 0x3b, 0x24, 0x25, 0x24, 0x24, 
	0x41, 0x41, 0x41, 0x3c, 0x3d, 0x3d, 0x34, 0x34, 
	0x34, 0x34, 0x34, 0x42, 0x3e, 0x3e, 0x3f, 0x3f, 
	0x2c, 0x2c, 0x40, 0x2c, 0x37, 0x37, 0x37, 0x37, 
	0x43, 0x0c, 0x26, 0x3b, 0x24, 0x24, 0x24, 0x24, 
	0x41, 0x41, 0x44, 0x42, 0x44, 0x41, 0x44, 0x44, 
	0x3c, 0x3c, 0x3c, 0x3c, 0x45, 0x46, 0x47, 0x47, 
	0x48, 0x48, 0x48, 0x31, 0x38, 0x38, 0x3e, 0x3e, 
	0x43, 0x0c, 0x26, 0x3b, 0x10, 0x10, 0x03, 0x03, 
	0x44, 0x42, 0x49, 0x49, 0x42, 0x44, 0x44, 0x44, 
	0x3c, 0x44, 0x44, 0x3c, 0x47, 0x46, 0x45, 0x45, 
	0x48, 0x48, 0x48, 0x31, 0x38, 0x38, 0x36, 0x3e, 
	0x43, 0x0c, 0x26, 0x3b, 0x10, 0x03, 0x03, 0x4a, 
	0x44, 0x49, 0x49, 0x49, 0x49, 0x42, 0x42, 0x44, 
	0x44, 0x44, 0x4b, 0x44, 0x4c, 0x46, 0x46, 0x45, 
	0x48, 0x48, 0x48, 0x31, 0x31, 0x38, 0x38, 0x3e, 
	0x43, 0x43, 0x0c, 0x3b, 0x10, 0x10, 0x4a, 0x4a, 
	0x44, 0x49, 0x49, 0x49, 0x49, 0x49, 0x49, 0x42, 
	0x44, 0x44, 0x41, 0x44, 0x4c, 0x46, 0x46, 0x45, 
	0x48, 0x48, 0x48, 0x31, 0x31, 0x31, 0x31, 0x31, 
	0x43, 0x43, 0x0c, 0x26, 0x10, 0x03, 0x03, 0x4a, 
	0x44, 0x42, 0x49, 0x49, 0x2c, 0x2c, 0x2c, 0x4c, 
	0x0b, 0x06, 0x26, 0x06, 0x44, 0x4d, 0x4e, 0x4d, 
	0x4f, 0x50, 0x50, 0x51, 0x52, 0x52, 0x52, 0x50, 
	0x28, 0x0b, 0x26, 0x26, 0x53, 0x0d, 0x0d, 0x06, 
	0x41, 0x44, 0x42, 0x49, 0x54, 0x2c, 0x2c, 0x4c, 
	0x0b, 0x06, 0x06, 0x26, 0x44, 0x4d, 0x4e, 0x4d, 
	0x4f, 0x50, 0x50, 0x51, 0x52, 0x52, 0x50, 0x47, 
	0x28, 0x0b, 0x26, 0x26, 0x0d, 0x0d, 0x0d, 0x55, 
	0x41, 0x41, 0x44, 0x42, 0x2c, 0x4c, 0x2c, 0x4c, 
	0x0b, 0x06, 0x06, 0x06, 0x44, 0x4f, 0x4f, 0x4f, 
	0x4f, 0x4f, 0x50, 0x51, 0x52, 0x50, 0x47, 0x47, 
	0x28, 0x0b, 0x26, 0x26, 0x0d, 0x55, 0x55, 0x55, 
	0x41, 0x41, 0x41, 0x44, 0x4c, 0x56, 0x4c, 0x4c, 
	0x0b, 0x06, 0x06, 0x06, 0x44, 0x44, 0x44, 0x4f, 
	0x57, 0x57, 0x57, 0x57, 0x52, 0x50, 0x47, 0x50, 
	0x58, 0x0b, 0x26, 0x26, 0x0d, 0x55, 0x06, 0x06, 
	0x55, 0x4a, 0x4a, 0x4a, 0x59, 0x59, 0x43, 0x43, 
	0x5a, 0x06, 0x5a, 0x5b, 0x5c, 0x5c, 0x1e, 0x1e, 
	0x43, 0x43, 0x43, 0x43, 0x0a, 0x32, 0x5d, 0x32, 
	0x5e, 0x33, 0x5f, 0x5f, 0x18, 0x18, 0x60, 0x60, 
	0x4a, 0x61, 0x61, 0x61, 0x03, 0x03, 0x44, 0x43, 
	0x5a, 0x5a, 0x62, 0x62, 0x63, 0x5c, 0x5c, 0x5c, 
	0x43, 0x44, 0x44, 0x43, 0x0a, 0x0a, 0x32, 0x32, 
	0x5e, 0x18, 0x5f, 0x5f, 0x18, 0x18, 0x18, 0x18, 
	0x55, 0x4a, 0x61, 0x61, 0x03, 0x03, 0x59, 0x44, 
	0x5a, 0x5b, 0x62, 0x62, 0x63, 0x5c, 0x5c, 0x5c, 
	0x44, 0x44, 0x44, 0x59, 0x64, 0x0a, 0x0a, 0x0a, 
	0x18, 0x5f, 0x5f, 0x5f, 0x18, 0x18, 0x18, 0x18, 
	0x60, 0x55, 0x4a, 0x4a, 0x03, 0x03, 0x03, 0x59, 
	0x5a, 0x5b, 0x62, 0x62, 0x51, 0x63, 0x5c, 0x5c, 
	0x44, 0x44, 0x44, 0x59, 0x64, 0x64, 0x64, 0x64, 
	0x5f, 0x5f, 0x5f, 0x18, 0x60, 0x60, 0x18, 0x60, 
	0x65, 0x66, 0x18, 0x18, 0x4a, 0x4a, 0x03, 0x4a, 
	0x5a, 0x5b, 0x62, 0x62, 0x31, 0x31, 0x67, 0x67, 
	0x05, 0x05, 0x05, 0x05, 0x4a, 0x4a, 0x03, 0x10, 
	0x5f, 0x5f, 0x68, 0x60, 0x63, 0x69, 0x69, 0x69, 
	0x63, 0x65, 0x66, 0x18, 0x0c, 0x4a, 0x4a, 0x4a, 
	0x06, 0x5a, 0x62, 0x62, 0x31, 0x6a, 0x08, 0x67, 
	0x05, 0x05, 0x05, 0x05, 0x4a, 0x4a, 0x03, 0x6b, 
	0x5f, 0x5f, 0x60, 0x60, 0x6c, 0x63, 0x69, 0x69, 
	0x63, 0x63, 0x65, 0x66, 0x5c, 0x4a, 0x03, 0x4a, 
	0x06, 0x5a, 0x5b, 0x62, 0x31, 0x31, 0x6a, 0x08, 
	0x05, 0x05, 0x16, 0x16, 0x4a, 0x4a, 0x10, 0x6b, 
	0x5f, 0x5f, 0x60, 0x5e, 0x6c, 0x63, 0x63, 0x69, 
	0x65, 0x65, 0x63, 0x65, 0x5c, 0x03, 0x03, 0x4a, 
	0x06, 0x06, 0x5a, 0x62, 0x31, 0x31, 0x6a, 0x31, 
	0x0a, 0x27, 0x16, 0x16, 0x4a, 0x4a, 0x10, 0x10, 
	0x5f, 0x5f, 0x60, 0x5e, 0x6c, 0x6c, 0x6c, 0x63, 
	0x6d, 0x6d, 0x6d, 0x1c, 0x05, 0x6e, 0x6e, 0x25, 
	0x05, 0x05, 0x12, 0x11, 0x62, 0x6f, 0x70, 0x70, 
	0x38, 0x42, 0x71, 0x71, 0x16, 0x5f, 0x72, 0x5f, 
	0x4a, 0x4a, 0x5c, 0x5c, 0x6c, 0x73, 0x73, 0x6c, 
	0x6d, 0x6d, 0x6d, 0x1c, 0x25, 0x74, 0x6e, 0x25, 
	0x05, 0x05, 0x12, 0x11, 0x62, 0x6f, 0x70, 0x70, 
	0x38, 0x42, 0x1c, 0x71, 0x16, 0x5f, 0x72, 0x5f, 
	0x5c, 0x5c, 0x4a, 0x5c, 0x65, 0x73, 0x73, 0x73, 
	0x6d, 0x6d, 0x6d, 0x1c, 0x6e, 0x74, 0x6e, 0x25, 
	0x05, 0x05, 0x12, 0x11, 0x62, 0x6f, 0x2c, 0x70, 
	0x38, 0x38, 0x1c, 0x71, 0x16, 0x5f, 0x72, 0x5f, 
	0x5c, 0x5c, 0x5c, 0x5c, 0x65, 0x73, 0x73, 0x6c, 
	0x6d, 0x6d, 0x75, 0x1f, 0x74, 0x6e, 0x25, 0x05, 
	0x05, 0x05, 0x12, 0x11, 0x62, 0x6f, 0x6f, 0x6f, 
	0x42, 0x42, 0x1c, 0x71, 0x16, 0x5f, 0x72, 0x5f, 
	0x5c, 0x5c, 0x5c, 0x5c, 0x65, 0x73, 0x73, 0x6c, 
	
};

Gfx castle_grounds_dl_ki_mizu_ci8_pal_rgba16_aligner[] = {gsSPEndDisplayList()};
u8 castle_grounds_dl_ki_mizu_ci8_pal_rgba16[] = {
	0x13, 0xfb, 0x1b, 0xf7, 0x24, 0x75, 0x45, 0x79, 
	0x45, 0xb9, 0x34, 0xb7, 0x34, 0xf9, 0x34, 0x75, 
	0x2c, 0x33, 0x24, 0x31, 0x1c, 0xb5, 0x2c, 0xb9, 
	0x34, 0xfb, 0x45, 0x3b, 0x55, 0x7b, 0x65, 0xfb, 
	0x4d, 0x7b, 0x2c, 0x35, 0x34, 0x77, 0x24, 0x37, 
	0x13, 0xb9, 0x2c, 0x75, 0x44, 0xfb, 0x35, 0x37, 
	0x3c, 0xbb, 0x3c, 0x7b, 0x2c, 0x7d, 0x1b, 0xb5, 
	0x2c, 0xb7, 0x1b, 0xb1, 0x24, 0xb3, 0x34, 0xf5, 
	0x2c, 0x7b, 0x24, 0xbd, 0x2d, 0x3b, 0x55, 0xfb, 
	0x4d, 0xbb, 0x3c, 0xf7, 0x45, 0x7b, 0x24, 0xb7, 
	0x1c, 0x75, 0x14, 0xb7, 0x35, 0x79, 0x1b, 0xaf, 
	0x14, 0x2f, 0x0c, 0xb1, 0x04, 0xad, 0x04, 0xaf, 
	0x2d, 0x39, 0x1c, 0x31, 0x14, 0xb1, 0x2c, 0xbb, 
	0x24, 0xf7, 0x14, 0xaf, 0x0c, 0xab, 0x0c, 0x6d, 
	0x0c, 0xaf, 0x14, 0xb3, 0x25, 0x37, 0x4d, 0xfb, 
	0x24, 0xf5, 0x3c, 0xfb, 0x0c, 0x6b, 0x14, 0x31, 
	0x0c, 0x6f, 0x3d, 0x79, 0x1c, 0xb3, 0x24, 0xb5, 
	0x2c, 0xf5, 0x0c, 0x2b, 0x0b, 0xe9, 0x14, 0x6d, 
	0x1c, 0x2d, 0x14, 0x71, 0x3d, 0x39, 0x2d, 0x37, 
	0x1c, 0xb1, 0x14, 0x6b, 0x0c, 0x27, 0x1c, 0xaf, 
	0x1c, 0x2f, 0x23, 0xf1, 0x1b, 0xf3, 0x55, 0x7d, 
	0x0b, 0xeb, 0x3c, 0xf9, 0x2c, 0xf7, 0x24, 0xb1, 
	0x14, 0x39, 0x34, 0xf7, 0x2c, 0xb5, 0x24, 0x35, 
	0x34, 0xb9, 0x04, 0x6f, 0x24, 0x7b, 0x4d, 0x3b, 
	0x34, 0xbb, 0x4d, 0xb9, 0x23, 0xf3, 0x2c, 0x39, 
	0x35, 0x39, 0x2c, 0x79, 0x34, 0x79, 0x3c, 0xb9, 
	0x4c, 0xbd, 0x34, 0x7b, 0x13, 0xed, 0x5d, 0xfd, 
	0x24, 0x39, 0x24, 0x3b, 0x45, 0x77, 0x1b, 0xf1, 
	0x14, 0x6f, 0x44, 0xfd, 0x5d, 0xfb, 0x1b, 0xf9, 
	0x55, 0xf9, 0x24, 0x77, 
};

Gfx castle_grounds_dl_stone_granite_ci8_ci8_aligner[] = {gsSPEndDisplayList()};
u8 castle_grounds_dl_stone_granite_ci8_ci8[] = {
	0x00, 0x01, 0x01, 0x02, 0x01, 0x03, 0x04, 0x05, 
	0x06, 0x03, 0x04, 0x07, 0x08, 0x06, 0x05, 0x01, 
	0x09, 0x0a, 0x0b, 0x06, 0x0c, 0x0b, 0x05, 0x07, 
	0x04, 0x01, 0x00, 0x0d, 0x0e, 0x02, 0x09, 0x00, 
	0x04, 0x03, 0x02, 0x02, 0x00, 0x08, 0x08, 0x05, 
	0x08, 0x09, 0x07, 0x05, 0x01, 0x07, 0x03, 0x07, 
	0x04, 0x0f, 0x05, 0x10, 0x01, 0x06, 0x05, 0x08, 
	0x11, 0x0c, 0x00, 0x02, 0x02, 0x02, 0x12, 0x13, 
	0x08, 0x06, 0x08, 0x07, 0x10, 0x08, 0x08, 0x05, 
	0x0f, 0x07, 0x07, 0x01, 0x03, 0x08, 0x04, 0x07, 
	0x00, 0x08, 0x05, 0x14, 0x05, 0x14, 0x0f, 0x0f, 
	0x08, 0x08, 0x08, 0x07, 0x03, 0x00, 0x03, 0x01, 
	0x0f, 0x14, 0x08, 0x15, 0x16, 0x05, 0x0b, 0x05, 
	0x05, 0x07, 0x07, 0x02, 0x00, 0x07, 0x00, 0x04, 
	0x02, 0x02, 0x08, 0x08, 0x05, 0x17, 0x16, 0x05, 
	0x05, 0x08, 0x05, 0x08, 0x00, 0x07, 0x04, 0x01, 
	0x04, 0x02, 0x00, 0x00, 0x08, 0x05, 0x05, 0x05, 
	0x0f, 0x08, 0x07, 0x07, 0x03, 0x02, 0x03, 0x12, 
	0x18, 0x18, 0x12, 0x19, 0x07, 0x14, 0x05, 0x01, 
	0x16, 0x0c, 0x08, 0x03, 0x04, 0x03, 0x07, 0x07, 
	0x02, 0x1a, 0x18, 0x0e, 0x03, 0x07, 0x08, 0x05, 
	0x05, 0x14, 0x07, 0x1a, 0x02, 0x07, 0x00, 0x04, 
	0x02, 0x1b, 0x02, 0x1c, 0x02, 0x03, 0x07, 0x07, 
	0x1d, 0x05, 0x08, 0x07, 0x1e, 0x1f, 0x1c, 0x1a, 
	0x1a, 0x20, 0x0e, 0x1a, 0x02, 0x02, 0x02, 0x07, 
	0x03, 0x02, 0x02, 0x12, 0x1f, 0x20, 0x20, 0x04, 
	0x04, 0x1a, 0x04, 0x03, 0x11, 0x03, 0x21, 0x03, 
	0x05, 0x05, 0x01, 0x00, 0x12, 0x1b, 0x18, 0x18, 
	0x1f, 0x1f, 0x1b, 0x1f, 0x1a, 0x02, 0x00, 0x07, 
	0x02, 0x01, 0x1a, 0x12, 0x1a, 0x1f, 0x02, 0x02, 
	0x09, 0x03, 0x22, 0x1a, 0x02, 0x02, 0x07, 0x23, 
	0x23, 0x08, 0x07, 0x02, 0x12, 0x12, 0x03, 0x00, 
	0x02, 0x1a, 0x02, 0x00, 0x02, 0x04, 0x08, 0x07, 
	0x02, 0x03, 0x0e, 0x18, 0x18, 0x1f, 0x12, 0x02, 
	0x02, 0x02, 0x12, 0x12, 0x02, 0x00, 0x01, 0x08, 
	0x08, 0x07, 0x01, 0x03, 0x07, 0x07, 0x0c, 0x00, 
	0x09, 0x00, 0x07, 0x07, 0x01, 0x00, 0x07, 0x07, 
	0x1f, 0x12, 0x02, 0x02, 0x12, 0x1a, 0x02, 0x04, 
	0x04, 0x02, 0x02, 0x03, 0x04, 0x1a, 0x07, 0x08, 
	0x08, 0x0c, 0x07, 0x08, 0x05, 0x08, 0x05, 0x0f, 
	0x01, 0x04, 0x01, 0x14, 0x06, 0x08, 0x02, 0x02, 
	0x02, 0x04, 0x04, 0x02, 0x1a, 0x00, 0x04, 0x04, 
	0x07, 0x07, 0x07, 0x07, 0x03, 0x07, 0x07, 0x05, 
	0x14, 0x01, 0x07, 0x08, 0x05, 0x05, 0x23, 0x08, 
	0x07, 0x03, 0x04, 0x01, 0x10, 0x0f, 0x07, 0x07, 
	0x12, 0x03, 0x00, 0x24, 0x1a, 0x03, 0x02, 0x04, 
	0x03, 0x00, 0x02, 0x02, 0x02, 0x00, 0x02, 0x02, 
	0x1c, 0x04, 0x03, 0x07, 0x05, 0x05, 0x25, 0x07, 
	0x07, 0x08, 0x07, 0x01, 0x0c, 0x05, 0x08, 0x03, 
	0x07, 0x02, 0x00, 0x02, 0x1f, 0x18, 0x1a, 0x04, 
	0x02, 0x02, 0x03, 0x04, 0x04, 0x20, 0x18, 0x1e, 
	0x11, 0x00, 0x11, 0x03, 0x08, 0x10, 0x14, 0x01, 
	0x08, 0x08, 0x01, 0x01, 0x08, 0x06, 0x14, 0x07, 
	0x01, 0x03, 0x03, 0x0e, 0x1f, 0x18, 0x12, 0x0e, 
	0x11, 0x1a, 0x02, 0x00, 0x12, 0x02, 0x02, 0x02, 
	0x02, 0x04, 0x00, 0x08, 0x05, 0x1d, 0x16, 0x05, 
	0x17, 0x26, 0x1d, 0x08, 0x05, 0x16, 0x08, 0x08, 
	0x05, 0x07, 0x03, 0x12, 0x1b, 0x02, 0x04, 0x02, 
	0x02, 0x02, 0x02, 0x0e, 0x04, 0x03, 0x07, 0x14, 
	0x02, 0x02, 0x02, 0x02, 0x07, 0x08, 0x05, 0x0b, 
	0x0b, 0x17, 0x0b, 0x14, 0x0b, 0x0b, 0x05, 0x09, 
	0x08, 0x08, 0x03, 0x03, 0x02, 0x07, 0x04, 0x04, 
	0x01, 0x00, 0x04, 0x00, 0x20, 0x03, 0x07, 0x0c, 
	0x09, 0x02, 0x1a, 0x02, 0x02, 0x07, 0x1d, 0x26, 
	0x07, 0x0a, 0x27, 0x06, 0x05, 0x28, 0x05, 0x07, 
	0x07, 0x07, 0x02, 0x03, 0x0e, 0x13, 0x07, 0x02, 
	0x00, 0x04, 0x08, 0x03, 0x04, 0x03, 0x01, 0x05, 
	0x06, 0x03, 0x07, 0x07, 0x08, 0x29, 0x05, 0x07, 
	0x02, 0x05, 0x06, 0x05, 0x08, 0x05, 0x05, 0x07, 
	0x02, 0x08, 0x13, 0x03, 0x02, 0x02, 0x02, 0x03, 
	0x03, 0x03, 0x00, 0x02, 0x03, 0x08, 0x07, 0x06, 
	0x08, 0x09, 0x07, 0x14, 0x01, 0x07, 0x07, 0x03, 
	0x00, 0x07, 0x05, 0x05, 0x05, 0x05, 0x08, 0x08, 
	0x01, 0x23, 0x05, 0x07, 0x03, 0x02, 0x07, 0x03, 
	0x01, 0x10, 0x08, 0x01, 0x05, 0x0f, 0x08, 0x05, 
	0x14, 0x07, 0x07, 0x01, 0x07, 0x08, 0x04, 0x2a, 
	0x02, 0x02, 0x03, 0x08, 0x05, 0x0b, 0x0b, 0x10, 
	0x05, 0x06, 0x05, 0x08, 0x00, 0x07, 0x00, 0x07, 
	0x05, 0x05, 0x06, 0x05, 0x05, 0x06, 0x1d, 0x05, 
	0x08, 0x01, 0x03, 0x00, 0x00, 0x02, 0x07, 0x04, 
	0x1b, 0x18, 0x1a, 0x02, 0x04, 0x08, 0x06, 0x08, 
	0x0b, 0x05, 0x05, 0x07, 0x00, 0x04, 0x04, 0x21, 
	0x01, 0x03, 0x02, 0x07, 0x08, 0x05, 0x05, 0x05, 
	0x06, 0x05, 0x01, 0x04, 0x13, 0x03, 0x03, 0x12, 
	0x00, 0x18, 0x22, 0x02, 0x0e, 0x04, 0x07, 0x07, 
	0x1d, 0x05, 0x14, 0x03, 0x12, 0x1a, 0x0e, 0x12, 
	0x02, 0x1a, 0x12, 0x1f, 0x00, 0x07, 0x01, 0x10, 
	0x23, 0x01, 0x02, 0x1a, 0x00, 0x07, 0x03, 0x07, 
	0x00, 0x02, 0x02, 0x03, 0x04, 0x03, 0x09, 0x01, 
	0x05, 0x0f, 0x01, 0x00, 0x0e, 0x1b, 0x18, 0x1b, 
	0x1e, 0x02, 0x1a, 0x1a, 0x1a, 0x03, 0x04, 0x07, 
	0x07, 0x04, 0x02, 0x0e, 0x1a, 0x02, 0x00, 0x09, 
	0x02, 0x1c, 0x18, 0x18, 0x1a, 0x02, 0x07, 0x08, 
	0x05, 0x14, 0x07, 0x02, 0x1f, 0x1e, 0x02, 0x02, 
	0x1a, 0x18, 0x18, 0x12, 0x1a, 0x02, 0x00, 0x07, 
	0x02, 0x02, 0x02, 0x1f, 0x1b, 0x12, 0x20, 0x00, 
	0x0e, 0x02, 0x18, 0x18, 0x1a, 0x02, 0x04, 0x07, 
	0x14, 0x10, 0x09, 0x03, 0x07, 0x04, 0x04, 0x00, 
	0x0e, 0x02, 0x02, 0x00, 0x04, 0x04, 0x08, 0x07, 
	0x00, 0x02, 0x12, 0x1a, 0x18, 0x18, 0x02, 0x00, 
	0x03, 0x04, 0x00, 0x0e, 0x04, 0x02, 0x07, 0x07, 
	0x08, 0x0c, 0x07, 0x08, 0x08, 0x08, 0x05, 0x05, 
	0x01, 0x07, 0x07, 0x07, 0x03, 0x04, 0x07, 0x03, 
	0x12, 0x1a, 0x02, 0x02, 0x12, 0x1f, 0x02, 0x04, 
	0x0f, 0x07, 0x07, 0x01, 0x03, 0x07, 0x07, 0x06, 
	0x08, 0x08, 0x08, 0x08, 0x05, 0x26, 0x05, 0x08, 
	0x01, 0x07, 0x01, 0x14, 0x05, 0x14, 0x00, 0x04, 
	0x20, 0x02, 0x02, 0x02, 0x1f, 0x04, 0x00, 0x00, 
	0x04, 0x02, 0x04, 0x02, 0x02, 0x00, 0x02, 0x02, 
	0x04, 0x03, 0x04, 0x01, 0x08, 0x05, 0x05, 0x07, 
	0x07, 0x02, 0x01, 0x07, 0x05, 0x08, 0x07, 0x01, 
	0x1a, 0x04, 0x03, 0x12, 0x12, 0x04, 0x02, 0x04, 
	0x02, 0x1a, 0x03, 0x04, 0x04, 0x22, 0x1b, 0x12, 
	0x1a, 0x02, 0x00, 0x04, 0x01, 0x10, 0x05, 0x01, 
	0x07, 0x08, 0x07, 0x07, 0x08, 0x1d, 0x0c, 0x02, 
	0x00, 0x02, 0x03, 0x11, 0x1b, 0x1b, 0x12, 0x0e, 
	0x02, 0x1a, 0x20, 0x00, 0x00, 0x00, 0x02, 0x0e, 
	0x02, 0x00, 0x02, 0x07, 0x05, 0x0b, 0x28, 0x05, 
	0x08, 0x08, 0x14, 0x01, 0x05, 0x06, 0x05, 0x07, 
	0x07, 0x03, 0x03, 0x02, 0x1f, 0x2b, 0x1a, 0x12, 
	0x04, 0x12, 0x1a, 0x0e, 0x04, 0x03, 0x14, 0x14, 
	0x13, 0x00, 0x02, 0x1a, 0x04, 0x08, 0x0b, 0x17, 
	0x0b, 0x05, 0x14, 0x01, 0x1d, 0x05, 0x05, 0x07, 
	0x05, 0x08, 0x07, 0x12, 0x18, 0x1c, 0x03, 0x2a, 
	0x07, 0x03, 0x02, 0x02, 0x20, 0x04, 0x07, 0x08, 
	0x04, 0x02, 0x1a, 0x03, 0x02, 0x01, 0x1d, 0x05, 
	0x0b, 0x16, 0x17, 0x08, 0x1d, 0x0b, 0x05, 0x08, 
	0x08, 0x08, 0x04, 0x03, 0x02, 0x07, 0x00, 0x04, 
	
};

Gfx castle_grounds_dl_stone_granite_ci8_pal_rgba16_aligner[] = {gsSPEndDisplayList()};
u8 castle_grounds_dl_stone_granite_ci8_pal_rgba16[] = {
	0x8b, 0x0f, 0x93, 0x91, 0x83, 0x0f, 0x8b, 0x51, 
	0x8b, 0x4f, 0xa3, 0xd3, 0xa3, 0xd1, 0x93, 0x51, 
	0x9b, 0x91, 0x93, 0x4f, 0xb4, 0x97, 0xac, 0x13, 
	0x9b, 0xd1, 0x83, 0x51, 0x7b, 0x0f, 0x9b, 0xd3, 
	0xa3, 0x91, 0x83, 0x0d, 0x7a, 0xcd, 0x8b, 0x11, 
	0x9b, 0x93, 0xa4, 0x15, 0xac, 0x55, 0xac, 0x15, 
	0x72, 0x8d, 0x82, 0xcd, 0x7a, 0xcf, 0x6a, 0x8d, 
	0x83, 0x11, 0xa4, 0x13, 0x7b, 0x0d, 0x72, 0xcd, 
	0x82, 0xcf, 0x9b, 0x51, 0x72, 0xcf, 0xa3, 0x93, 
	0x7a, 0x8d, 0xa3, 0xd5, 0xab, 0xd3, 0xac, 0x95, 
	0xb4, 0x55, 0x93, 0x93, 0x83, 0x4f, 0x62, 0x4b, 
	
};

Gfx castle_grounds_dl__2EB6628BD0351A22F3163295E64E9B63_ci4_ci4_aligner[] = {gsSPEndDisplayList()};
u8 castle_grounds_dl__2EB6628BD0351A22F3163295E64E9B63_ci4_ci4[] = {
	0x00, 0x12, 0x22, 0x22, 0x13, 0x23, 0x13, 0x14, 
	0x45, 0x51, 0x61, 0x12, 0x22, 0x32, 0x22, 0x25, 
	0x05, 0x41, 0x77, 0x88, 0x88, 0x34, 0x33, 0x10, 
	0x05, 0x55, 0x00, 0x06, 0x39, 0x88, 0x21, 0x00, 
	0x09, 0x98, 0x82, 0x21, 0x27, 0x78, 0x27, 0x21, 
	0x45, 0x18, 0x76, 0x28, 0x88, 0x78, 0x82, 0x61, 
	0x15, 0x41, 0x87, 0x88, 0x87, 0x73, 0x77, 0x78, 
	0x65, 0x68, 0xa0, 0x18, 0x78, 0x88, 0x78, 0x21, 
	0x07, 0x98, 0x78, 0x73, 0x28, 0x88, 0x97, 0x36, 
	0x15, 0x67, 0x89, 0x88, 0x88, 0x88, 0x87, 0x77, 
	0x25, 0x22, 0x87, 0x78, 0x87, 0x92, 0x88, 0x77, 
	0x30, 0x97, 0xa1, 0x28, 0x88, 0x77, 0x88, 0x86, 
	0x58, 0x98, 0x88, 0x88, 0x98, 0x89, 0x98, 0x66, 
	0x65, 0x68, 0x88, 0x88, 0x88, 0x88, 0x88, 0x88, 
	0x95, 0x18, 0x87, 0x78, 0x87, 0x98, 0x87, 0x77, 
	0x30, 0x88, 0x73, 0x18, 0x88, 0x77, 0x78, 0x83, 
	0x57, 0x98, 0x88, 0x88, 0x88, 0x88, 0x88, 0x66, 
	0x65, 0x67, 0x88, 0x89, 0x88, 0x88, 0x88, 0x88, 
	0x95, 0x12, 0x87, 0x88, 0x88, 0x28, 0x87, 0x78, 
	0x35, 0x88, 0x73, 0x68, 0x88, 0x77, 0x77, 0x83, 
	0x57, 0x88, 0x88, 0x88, 0x87, 0x78, 0x89, 0x66, 
	0x65, 0x37, 0x88, 0x89, 0x88, 0x78, 0x88, 0x88, 
	0x90, 0x12, 0x77, 0x88, 0x89, 0x98, 0x87, 0x78, 
	0x35, 0x88, 0x73, 0x37, 0x88, 0x77, 0x77, 0x83, 
	0x47, 0x88, 0x88, 0x88, 0x87, 0x78, 0x89, 0x66, 
	0x65, 0x37, 0x88, 0x89, 0x88, 0x79, 0x88, 0x88, 
	0x20, 0x66, 0x77, 0x88, 0x88, 0x98, 0x87, 0x88, 
	0x34, 0x88, 0x78, 0x98, 0x88, 0x77, 0x77, 0x83, 
	0x68, 0x88, 0x87, 0x88, 0x88, 0x77, 0x99, 0x66, 
	0x65, 0x37, 0x88, 0x89, 0x77, 0x79, 0x87, 0x78, 
	0x36, 0x63, 0x77, 0x88, 0x77, 0xba, 0x87, 0x78, 
	0x36, 0x87, 0x7c, 0xad, 0xaa, 0xed, 0x7a, 0x83, 
	0x68, 0x88, 0x88, 0x88, 0x88, 0x87, 0x98, 0x36, 
	0x65, 0x67, 0x88, 0x87, 0xee, 0xee, 0xaa, 0xaa, 
	0xdd, 0xda, 0xaa, 0xaa, 0xae, 0xaa, 0xaa, 0xaa, 
	0xaa, 0xba, 0xdc, 0xa6, 0xde, 0xcd, 0xce, 0xde, 
	0xdb, 0xee, 0xa7, 0x97, 0xaa, 0xbe, 0xea, 0xb3, 
	0x61, 0xbe, 0xee, 0xee, 0xab, 0xba, 0xab, 0xba, 
	0xaa, 0xad, 0xd3, 0xdb, 0xba, 0xdd, 0x6d, 0xdd, 
	0xda, 0xa3, 0x6d, 0xd6, 0x1b, 0xed, 0xbd, 0xde, 
	0xbc, 0xbb, 0xeb, 0xaa, 0xee, 0xee, 0xd3, 0xda, 
	0xd3, 0xed, 0xdb, 0xbd, 0xdd, 0x66, 0x61, 0x11, 
	0x3d, 0x36, 0x66, 0x66, 0x33, 0x61, 0x66, 0x66, 
	0x3b, 0x36, 0x66, 0x63, 0x26, 0x66, 0x66, 0x63, 
	0x6a, 0xd6, 0x66, 0xdb, 0xed, 0xd6, 0x16, 0x16, 
	0xbd, 0xe6, 0x16, 0x11, 0x11, 0x63, 0x63, 0x31, 
	0x16, 0x99, 0x22, 0x33, 0x66, 0x63, 0x82, 0x66, 
	0x3d, 0x62, 0x23, 0x28, 0x86, 0x63, 0x23, 0x31, 
	0xb6, 0x11, 0x66, 0x66, 0xd1, 0x16, 0x32, 0x31, 
	0x3d, 0x63, 0x33, 0x33, 0x63, 0x27, 0x99, 0x82, 
	0x10, 0x28, 0x87, 0x88, 0x22, 0x28, 0x77, 0x99, 
	0x34, 0x28, 0x78, 0x88, 0x88, 0x78, 0x88, 0x96, 
	0xb3, 0x23, 0x99, 0x36, 0x11, 0x38, 0x88, 0x21, 
	0x6d, 0x39, 0x78, 0x29, 0x98, 0x87, 0x98, 0x87, 
	0x30, 0x99, 0x98, 0x77, 0x88, 0x78, 0x78, 0x98, 
	0x34, 0x28, 0x88, 0x78, 0x89, 0x88, 0x88, 0x96, 
	0xb3, 0x78, 0x87, 0x82, 0x32, 0x87, 0x88, 0x26, 
	0x10, 0x28, 0x78, 0x29, 0x87, 0x77, 0x98, 0x87, 
	0x25, 0x99, 0x98, 0x87, 0x89, 0x78, 0x78, 0x98, 
	0x35, 0x28, 0x88, 0x78, 0x99, 0x88, 0x88, 0x96, 
	0xb2, 0x78, 0x87, 0x89, 0x88, 0x87, 0x88, 0x26, 
	0x60, 0x28, 0x78, 0x29, 0x88, 0x88, 0x98, 0x88, 
	0x35, 0x99, 0x87, 0x88, 0x89, 0x78, 0x79, 0x98, 
	0x35, 0x28, 0x88, 0x78, 0x99, 0x78, 0x88, 0x96, 
	0x03, 0x78, 0x87, 0x89, 0x88, 0x87, 0x88, 0x26, 
	0x60, 0x28, 0x78, 0x29, 0x88, 0x88, 0x98, 0x88, 
	0x30, 0x99, 0x87, 0x87, 0x89, 0x88, 0x79, 0x98, 
	0x33, 0x27, 0x88, 0x88, 0x99, 0x78, 0x88, 0x96, 
	0x03, 0x78, 0x87, 0x89, 0x98, 0x88, 0x88, 0x26, 
	0x60, 0x27, 0x79, 0x29, 0x88, 0x88, 0x88, 0x88, 
	0x36, 0x29, 0x87, 0x87, 0x88, 0x88, 0x89, 0x98, 
	0x33, 0x88, 0x88, 0x88, 0x99, 0x78, 0x88, 0x26, 
	0x53, 0x78, 0x87, 0x79, 0x98, 0x88, 0x88, 0x26, 
	0x61, 0x37, 0x79, 0x99, 0x88, 0x78, 0x88, 0x88, 
	0x36, 0x99, 0x87, 0x88, 0x88, 0x88, 0x89, 0x98, 
	0x32, 0x88, 0x88, 0x78, 0x99, 0x78, 0x88, 0x96, 
	0x53, 0x78, 0x87, 0x79, 0x98, 0x88, 0x88, 0x26, 
	0x61, 0x37, 0x79, 0x99, 0x88, 0x88, 0x88, 0x88, 
	0x36, 0x99, 0x87, 0x88, 0x88, 0x78, 0x89, 0x89, 
	0x32, 0x88, 0x88, 0x88, 0x99, 0x78, 0x88, 0x96, 
	0x56, 0x78, 0x87, 0x79, 0x98, 0x88, 0x88, 0x96, 
	0x66, 0x37, 0x79, 0x99, 0x87, 0x88, 0x88, 0x78, 
	0x36, 0x98, 0x87, 0x88, 0x88, 0x88, 0x89, 0x83, 
	0x32, 0x88, 0x88, 0x88, 0x89, 0x88, 0x88, 0x86, 
	0x56, 0x87, 0x87, 0x78, 0x98, 0x88, 0x88, 0x96, 
	0x66, 0x67, 0x79, 0x99, 0x87, 0x88, 0x88, 0x78, 
	0x36, 0x98, 0x77, 0x88, 0x88, 0x88, 0x99, 0x73, 
	0x32, 0x88, 0x88, 0x88, 0x89, 0x88, 0x88, 0x83, 
	0x56, 0x88, 0x87, 0x78, 0x98, 0x88, 0x88, 0x83, 
	0x66, 0x37, 0x89, 0x89, 0x87, 0x88, 0x88, 0x88, 
	0x36, 0x98, 0x77, 0x88, 0x88, 0x88, 0x98, 0x83, 
	0x32, 0x88, 0x88, 0x88, 0x78, 0x88, 0x88, 0x83, 
	0x56, 0x78, 0x87, 0x77, 0x98, 0x88, 0x98, 0x82, 
	0x66, 0x37, 0x89, 0x89, 0x87, 0x89, 0x98, 0x88, 
	0x36, 0x98, 0x78, 0x88, 0x88, 0x88, 0x98, 0x93, 
	0x32, 0x88, 0x88, 0x88, 0x88, 0x88, 0x88, 0x83, 
	0x56, 0x88, 0x87, 0x77, 0x88, 0x88, 0x98, 0x89, 
	0x66, 0x38, 0x98, 0x89, 0x87, 0x89, 0x98, 0x88, 
	0x36, 0x28, 0x78, 0x88, 0x88, 0x88, 0x98, 0x93, 
	0x38, 0x88, 0x88, 0x88, 0x88, 0x88, 0x88, 0x83, 
	0x51, 0x88, 0x87, 0x77, 0x98, 0x88, 0x99, 0x88, 
	0x66, 0x38, 0x98, 0x99, 0x87, 0x89, 0x98, 0x88, 
	0x36, 0x28, 0x79, 0x98, 0x88, 0x88, 0x98, 0x83, 
	0x38, 0x88, 0x88, 0x88, 0x88, 0x88, 0x88, 0x83, 
	0x51, 0x88, 0x87, 0x78, 0x98, 0x88, 0x99, 0x88, 
	0x36, 0x38, 0x88, 0x99, 0x87, 0x89, 0x98, 0x88, 
	0x36, 0x28, 0x79, 0x88, 0x88, 0x88, 0x98, 0x83, 
	0x38, 0x88, 0x88, 0x88, 0x88, 0x88, 0x88, 0x83, 
	0x51, 0x88, 0x88, 0x78, 0x98, 0x88, 0x99, 0x88, 
	0x36, 0x38, 0x88, 0x99, 0x87, 0x89, 0x98, 0x88, 
	0x36, 0x27, 0x78, 0x98, 0x77, 0x88, 0x98, 0x73, 
	0x38, 0x88, 0x88, 0x88, 0x88, 0x88, 0x88, 0x86, 
	0x41, 0x88, 0x88, 0x78, 0x98, 0x88, 0x99, 0x87, 
	0x36, 0x38, 0x88, 0x99, 0x87, 0x89, 0x98, 0x78, 
	0x66, 0x97, 0x78, 0x99, 0x87, 0x88, 0x98, 0x73, 
	0x38, 0x88, 0x88, 0x87, 0x88, 0x88, 0x88, 0x83, 
	0x44, 0x88, 0x88, 0x78, 0x88, 0x88, 0x99, 0x87, 
	0x36, 0x38, 0x88, 0x99, 0x87, 0x89, 0x98, 0x88, 
	0x66, 0x97, 0x78, 0x99, 0x88, 0x98, 0x98, 0x73, 
	0x38, 0x88, 0x88, 0x88, 0x88, 0x88, 0x78, 0x83, 
	0x44, 0x88, 0x88, 0x88, 0x88, 0x88, 0x89, 0x88, 
	0x36, 0x38, 0x88, 0x99, 0x87, 0x89, 0x98, 0x88, 
	0x66, 0x97, 0x78, 0x99, 0x88, 0x88, 0x98, 0x73, 
	0x38, 0x88, 0x88, 0x87, 0x88, 0x88, 0x78, 0x83, 
	0x44, 0x98, 0x88, 0x78, 0x98, 0x88, 0x89, 0x88, 
	0x36, 0x68, 0x88, 0x89, 0x88, 0x89, 0x99, 0x88, 
	0x66, 0x87, 0x79, 0x99, 0x98, 0x88, 0x98, 0x73, 
	0x38, 0x88, 0x89, 0x87, 0x88, 0x88, 0x79, 0x83, 
	0x54, 0x27, 0x88, 0x87, 0x98, 0x88, 0x89, 0x88, 
	0x36, 0x68, 0x88, 0x89, 0x88, 0x88, 0x99, 0x88, 
	0x66, 0x87, 0x79, 0x89, 0x98, 0x88, 0x88, 0x73, 
	0x38, 0x88, 0x89, 0x77, 0x88, 0x88, 0x79, 0x83, 
	0x05, 0x27, 0x88, 0x87, 0x98, 0x88, 0x88, 0x88, 
	0x36, 0x69, 0x88, 0x88, 0x88, 0x88, 0x99, 0x88, 
	0x66, 0x87, 0x78, 0x89, 0x98, 0x98, 0x88, 0x83, 
	0x38, 0x88, 0x89, 0x77, 0x88, 0x88, 0x79, 0x83, 
	0x05, 0x37, 0x88, 0x87, 0x89, 0x88, 0x88, 0x87, 
	0x36, 0x69, 0x88, 0x88, 0x88, 0x89, 0x99, 0x88, 
	0x66, 0x87, 0x78, 0x89, 0x98, 0x88, 0x98, 0x83, 
	0x38, 0x88, 0x89, 0x77, 0x88, 0x88, 0x79, 0x83, 
	0x05, 0x37, 0x88, 0x87, 0x89, 0x88, 0x88, 0x88, 
	0x36, 0x69, 0x88, 0x88, 0x88, 0x89, 0x29, 0x88, 
	0x66, 0x77, 0x79, 0x89, 0x98, 0x88, 0x98, 0x83, 
	0x38, 0x87, 0x89, 0x77, 0x88, 0x88, 0x89, 0x83, 
	0x05, 0x67, 0x88, 0x88, 0x89, 0x88, 0x88, 0x88, 
	0x36, 0x69, 0x78, 0x88, 0x88, 0x88, 0x29, 0x88, 
	0x66, 0x77, 0x78, 0x89, 0x98, 0x88, 0x98, 0x83, 
	0x38, 0x77, 0x89, 0x77, 0x98, 0x88, 0x89, 0x82, 
	0x00, 0x67, 0x78, 0x88, 0x82, 0x88, 0x88, 0x88, 
	0x36, 0x69, 0x78, 0x88, 0x88, 0x88, 0x29, 0x88, 
	0x66, 0x77, 0x78, 0x88, 0x98, 0x88, 0x99, 0x93, 
	0x38, 0x87, 0x89, 0x77, 0x99, 0x88, 0x89, 0x82, 
	0x00, 0x67, 0x78, 0x88, 0x82, 0x88, 0x88, 0x88, 
	0x36, 0x69, 0x78, 0x88, 0x88, 0x88, 0x29, 0x88, 
	0x66, 0x77, 0x79, 0x78, 0x98, 0x88, 0x99, 0x83, 
	0x38, 0x87, 0x89, 0x77, 0x99, 0x78, 0x88, 0x83, 
	0xbb, 0x17, 0x88, 0x89, 0x82, 0x88, 0x98, 0x88, 
	0x26, 0x69, 0x78, 0x88, 0x88, 0x88, 0x29, 0x88, 
	0x66, 0x77, 0x89, 0x78, 0x98, 0x88, 0x89, 0x83, 
	0x38, 0x87, 0x89, 0x87, 0x99, 0x78, 0x88, 0x83, 
	0xbb, 0x18, 0x88, 0x89, 0x89, 0x98, 0x98, 0x88, 
	0x96, 0x68, 0x78, 0x78, 0x88, 0x88, 0x29, 0x88, 
	0x36, 0x77, 0x89, 0x78, 0x98, 0x88, 0x89, 0x83, 
	0x68, 0x87, 0x89, 0x87, 0x82, 0x88, 0x78, 0x83, 
	0xbb, 0x18, 0x78, 0x89, 0x88, 0x98, 0x98, 0x88, 
	0x96, 0x68, 0x78, 0x78, 0x88, 0x78, 0x29, 0x88, 
	0x36, 0x87, 0x89, 0x88, 0x98, 0x88, 0x89, 0x83, 
	0x38, 0x87, 0x89, 0x87, 0x82, 0x88, 0x78, 0x83, 
	0x00, 0xb8, 0x78, 0x89, 0x88, 0x98, 0x98, 0x88, 
	0x86, 0x68, 0x88, 0x78, 0x88, 0x89, 0x29, 0x88, 
	0x36, 0x77, 0x88, 0x88, 0x98, 0x88, 0x88, 0x83, 
	0x68, 0x87, 0x89, 0x87, 0x82, 0x88, 0x78, 0x83, 
	0x00, 0xb9, 0x77, 0x89, 0x88, 0x98, 0x99, 0x88, 
	0x86, 0x68, 0x88, 0x78, 0x88, 0x89, 0x29, 0x98, 
	0x36, 0x77, 0x88, 0x88, 0x98, 0x88, 0x78, 0x83, 
	0x68, 0x87, 0x89, 0x87, 0x82, 0x88, 0x88, 0x83, 
	0x00, 0x02, 0x77, 0x89, 0x88, 0x98, 0x99, 0x88, 
	0x73, 0x67, 0x88, 0x88, 0x88, 0x88, 0x99, 0x98, 
	0x36, 0x77, 0x89, 0x88, 0x98, 0x88, 0x78, 0x83, 
	0x68, 0x87, 0x89, 0x87, 0x82, 0x78, 0x88, 0x83, 
	0x00, 0x03, 0x77, 0x89, 0x88, 0x88, 0x99, 0x88, 
	0x83, 0x67, 0x88, 0x89, 0x88, 0x88, 0x98, 0x98, 
	0x36, 0x87, 0x78, 0x88, 0x98, 0x88, 0x78, 0x83, 
	0x68, 0x87, 0x89, 0x87, 0x83, 0x78, 0x88, 0x83, 
	0x00, 0x03, 0x78, 0x89, 0x88, 0x88, 0x99, 0x88, 
	0x83, 0x67, 0x88, 0x89, 0x88, 0x88, 0x98, 0x88, 
	0x36, 0x87, 0x78, 0x88, 0x98, 0x88, 0x87, 0x73, 
	0x69, 0x88, 0x89, 0x87, 0x83, 0x77, 0x88, 0x83, 
	0x00, 0x06, 0x78, 0x88, 0x89, 0x88, 0x99, 0x88, 
	0x83, 0x67, 0x88, 0x89, 0x88, 0x88, 0x88, 0x88, 
	0x36, 0x87, 0x78, 0x88, 0x97, 0x88, 0x87, 0x73, 
	0x69, 0x88, 0x89, 0x87, 0x93, 0x87, 0x87, 0x83, 
	0x00, 0x06, 0x78, 0x88, 0x89, 0x87, 0x99, 0x88, 
	0x83, 0x67, 0x88, 0x99, 0x88, 0x88, 0x88, 0x88, 
	0x36, 0x87, 0x78, 0x88, 0x97, 0x88, 0x87, 0x83, 
	0x69, 0x88, 0x88, 0x87, 0x93, 0x87, 0x88, 0x83, 
	0x00, 0x06, 0x78, 0x78, 0x89, 0x87, 0x99, 0x88, 
	0x83, 0x67, 0x88, 0x89, 0x88, 0x88, 0x88, 0x88, 
	0x36, 0x77, 0x78, 0x88, 0x97, 0x88, 0x87, 0x83, 
	0x69, 0x88, 0x88, 0x97, 0x93, 0x88, 0x87, 0x83, 
	0x00, 0x06, 0x78, 0x78, 0x88, 0x87, 0x99, 0x88, 
	0x72, 0x68, 0x88, 0x89, 0x98, 0x89, 0x88, 0x88, 
	0x36, 0x77, 0x78, 0x78, 0x97, 0x88, 0x87, 0x93, 
	0x69, 0x88, 0x78, 0x87, 0x29, 0x88, 0x88, 0x83, 
	0x55, 0x06, 0x78, 0x78, 0x88, 0x87, 0x89, 0x88, 
	0x72, 0x68, 0x88, 0x89, 0x98, 0x89, 0x88, 0x88, 
	0x36, 0x77, 0x78, 0x78, 0x97, 0x88, 0x87, 0x93, 
	0xb9, 0x78, 0x88, 0x87, 0x88, 0x88, 0x88, 0x86, 
	0x55, 0x51, 0x78, 0x78, 0x88, 0x87, 0x89, 0x88, 
	0x82, 0x68, 0x88, 0x89, 0x99, 0x89, 0x88, 0x88, 
	0x36, 0x87, 0x78, 0x88, 0x97, 0x88, 0x87, 0x93, 
	0x09, 0x78, 0x88, 0x87, 0x78, 0x88, 0x88, 0x96, 
	0x55, 0x50, 0x38, 0x78, 0x88, 0x87, 0x88, 0x88, 
	0x82, 0x69, 0x88, 0x89, 0x99, 0x89, 0x88, 0x88, 
	0x25, 0x87, 0x78, 0x88, 0x97, 0x88, 0x87, 0x93, 
	0x02, 0x78, 0x78, 0x87, 0x78, 0x88, 0x88, 0x86, 
	0x00, 0x00, 0x66, 0x78, 0x98, 0x87, 0x88, 0x88, 
	0x82, 0x59, 0x88, 0x79, 0x98, 0x89, 0x88, 0x88, 
	0x35, 0x87, 0x78, 0x88, 0x97, 0x88, 0x77, 0x96, 
	0x09, 0x77, 0x78, 0x87, 0x78, 0x88, 0x88, 0x86, 
	0x00, 0x13, 0xd6, 0x36, 0x63, 0x22, 0x33, 0x22, 
	0x22, 0x09, 0x87, 0x79, 0x92, 0x32, 0x88, 0x88, 
	0x25, 0x77, 0x89, 0x26, 0x63, 0x98, 0x79, 0x36, 
	0x13, 0x92, 0x99, 0x92, 0x78, 0x88, 0x88, 0x21, 
	0x11, 0xdd, 0xb6, 0x66, 0x66, 0x66, 0x66, 0x66, 
	0x66, 0x13, 0x22, 0x82, 0x36, 0x16, 0x28, 0x87, 
	0x21, 0x23, 0x66, 0x61, 0x16, 0x63, 0x36, 0x13, 
	0x66, 0x66, 0x66, 0x66, 0x23, 0x22, 0x26, 0x61, 
	0xdd, 0xd1, 0xbb, 0x63, 0xd3, 0x16, 0x66, 0x66, 
	0x63, 0x66, 0x66, 0x36, 0x16, 0x61, 0x63, 0x28, 
	0x31, 0x66, 0x66, 0x63, 0x36, 0x66, 0x66, 0x6b, 
	0xe6, 0x16, 0x11, 0x66, 0x66, 0x66, 0x61, 0x13, 
	0x8d, 0x88, 0x8b, 0xbb, 0xcd, 0x3d, 0xab, 0xdb, 
	0xdb, 0xb6, 0x11, 0x11, 0x3d, 0xb6, 0x11, 0x66, 
	0x13, 0xbb, 0xbb, 0xbb, 0xbd, 0x33, 0xdd, 0xdb, 
	0xcc, 0xbb, 0xbd, 0xdd, 0x33, 0x36, 0x11, 0x3d, 
	0x00, 0xbb, 0x97, 0x7a, 0xce, 0xea, 0xca, 0xac, 
	0xab, 0xee, 0xd3, 0xdd, 0xab, 0xeb, 0xb3, 0x66, 
	0x6a, 0xcc, 0xca, 0xaa, 0xaa, 0xaa, 0xbb, 0xb3, 
	0xbc, 0xcc, 0xcc, 0xab, 0xaa, 0xad, 0x3b, 0xd3, 
	0x00, 0x0b, 0x27, 0x88, 0x88, 0x87, 0xeb, 0x8a, 
	0xb9, 0xae, 0xba, 0xec, 0xca, 0xee, 0xee, 0xea, 
	0xab, 0x77, 0x78, 0x78, 0x87, 0x87, 0x77, 0x25, 
	0x38, 0x88, 0x2d, 0xee, 0xea, 0xaa, 0xbb, 0x76, 
	0x00, 0x00, 0x28, 0x88, 0x87, 0x88, 0x87, 0x77, 
	0x81, 0x03, 0x77, 0x78, 0x91, 0xdb, 0x87, 0xba, 
	0x24, 0x87, 0x88, 0x88, 0x77, 0x88, 0x78, 0x25, 
	0x28, 0x87, 0x36, 0x77, 0x72, 0x87, 0x88, 0x83, 
	0x55, 0x00, 0x37, 0x88, 0x77, 0x89, 0x36, 0x63, 
	0x10, 0x01, 0x77, 0x77, 0x90, 0x59, 0x87, 0x78, 
	0x64, 0x87, 0x77, 0x77, 0x29, 0x77, 0x78, 0x65, 
	0x67, 0x77, 0x31, 0x88, 0x73, 0x97, 0x88, 0x83, 
	0x55, 0x00, 0x18, 0x88, 0x26, 0x15, 0x55, 0x55, 
	0x00, 0x00, 0x33, 0x23, 0x10, 0x56, 0x39, 0x23, 
	0x64, 0x11, 0x66, 0x33, 0x11, 0x93, 0x31, 0x55, 
	0x53, 0x27, 0x30, 0x87, 0x76, 0x62, 0x29, 0x91, 
	
};

Gfx castle_grounds_dl__2EB6628BD0351A22F3163295E64E9B63_ci4_pal_rgba16_aligner[] = {gsSPEndDisplayList()};
u8 castle_grounds_dl__2EB6628BD0351A22F3163295E64E9B63_ci4_pal_rgba16[] = {
	0x6a, 0x8d, 0x20, 0x83, 0x51, 0x45, 0x41, 0x05, 
	0x83, 0x0f, 0x72, 0xcd, 0x30, 0xc3, 0x6a, 0x09, 
	0x61, 0xc7, 0x59, 0x85, 0x6a, 0xcf, 0x5a, 0x4d, 
	0x83, 0xd7, 0x4a, 0x09, 0x73, 0x53, 
};

Vtx castle_grounds_dl_Circle_mesh_layer_1_vtx_cull[8] = {
	{{ {-5329, -878, 4231}, 0, {0, 0}, {0, 0, 0, 0} }},
	{{ {-5329, 4826, 4231}, 0, {0, 0}, {0, 0, 0, 0} }},
	{{ {-5329, 4826, -4866}, 0, {0, 0}, {0, 0, 0, 0} }},
	{{ {-5329, -878, -4866}, 0, {0, 0}, {0, 0, 0, 0} }},
	{{ {4355, -878, 4231}, 0, {0, 0}, {0, 0, 0, 0} }},
	{{ {4355, 4826, 4231}, 0, {0, 0}, {0, 0, 0, 0} }},
	{{ {4355, 4826, -4866}, 0, {0, 0}, {0, 0, 0, 0} }},
	{{ {4355, -878, -4866}, 0, {0, 0}, {0, 0, 0, 0} }},
};

Vtx castle_grounds_dl_Circle_mesh_layer_1_vtx_0[32] = {
	{{ {931, -243, 3896}, 0, {-1314, 6558}, {0, 132, 19, 255} }},
	{{ {-84, -255, 1399}, 0, {69, 3285}, {0, 255, 37, 255} }},
	{{ {-794, -255, 1535}, 0, {-719, 2751}, {0, 255, 37, 255} }},
	{{ {2413, -246, 2921}, 0, {968, 7011}, {0, 249, 36, 255} }},
	{{ {520, -256, 1001}, 0, {1001, 3477}, {0, 255, 37, 255} }},
	{{ {3409, -252, 1452}, 0, {3250, 6558}, {0, 132, 19, 255} }},
	{{ {926, -259, 403}, 0, {1935, 3298}, {0, 255, 37, 255} }},
	{{ {3767, -259, -286}, 0, {5185, 5265}, {0, 255, 37, 255} }},
	{{ {1071, -262, -305}, 0, {2730, 2775}, {0, 255, 37, 255} }},
	{{ {3433, -268, -2029}, 0, {6477, 3330}, {0, 132, 19, 255} }},
	{{ {935, -265, -1015}, 0, {3264, 1987}, {0, 255, 37, 255} }},
	{{ {2457, -275, -3511}, 0, {6931, 1048}, {0, 255, 37, 255} }},
	{{ {538, -268, -1618}, 0, {3456, 1055}, {0, 255, 37, 255} }},
	{{ {989, -281, -4507}, 0, {6477, -1234}, {0, 132, 19, 255} }},
	{{ {-60, -270, -2024}, 0, {3277, 121}, {0, 255, 37, 255} }},
	{{ {-749, -284, -4866}, 0, {4967, -3546}, {0, 255, 37, 255} }},
	{{ {-768, -271, -2170}, 0, {2754, -674}, {0, 255, 37, 255} }},
	{{ {-2492, -283, -4532}, 0, {4265, -4240}, {0, 132, 19, 255} }},
	{{ {-1478, -271, -2034}, 0, {1966, -1208}, {0, 255, 37, 255} }},
	{{ {-3975, -280, -3556}, 0, {968, -4915}, {0, 255, 37, 255} }},
	{{ {-2082, -270, -1636}, 0, {1035, -1400}, {0, 255, 37, 255} }},
	{{ {-4971, -274, -2087}, 0, {-1314, -4461}, {0, 132, 19, 255} }},
	{{ {-2487, -268, -1038}, 0, {100, -1221}, {0, 255, 37, 255} }},
	{{ {-5329, -267, -349}, 0, {-3249, -3168}, {0, 255, 37, 255} }},
	{{ {-2633, -265, -330}, 0, {-695, -698}, {0, 255, 37, 255} }},
	{{ {-4995, -259, 1394}, 0, {-4542, -1234}, {0, 132, 19, 255} }},
	{{ {-2497, -261, 379}, 0, {-1229, 90}, {0, 255, 37, 255} }},
	{{ {-4019, -251, 2876}, 0, {-4995, 1048}, {0, 255, 37, 255} }},
	{{ {-2100, -258, 983}, 0, {-1421, 1022}, {0, 255, 37, 255} }},
	{{ {-2550, -245, 3872}, 0, {-4542, 3330}, {0, 132, 19, 255} }},
	{{ {-1502, -256, 1389}, 0, {-1242, 1956}, {0, 255, 37, 255} }},
	{{ {-812, -242, 4231}, 0, {-3249, 5265}, {0, 132, 19, 255} }},
};

Gfx castle_grounds_dl_Circle_mesh_layer_1_tri_0[] = {
	gsSPVertex(castle_grounds_dl_Circle_mesh_layer_1_vtx_0 + 0, 32, 0),
	gsSP2Triangles(0, 1, 2, 0, 3, 1, 0, 0),
	gsSP2Triangles(3, 4, 1, 0, 5, 4, 3, 0),
	gsSP2Triangles(5, 6, 4, 0, 7, 6, 5, 0),
	gsSP2Triangles(7, 8, 6, 0, 9, 8, 7, 0),
	gsSP2Triangles(9, 10, 8, 0, 11, 10, 9, 0),
	gsSP2Triangles(11, 12, 10, 0, 13, 12, 11, 0),
	gsSP2Triangles(13, 14, 12, 0, 15, 14, 13, 0),
	gsSP2Triangles(15, 16, 14, 0, 17, 16, 15, 0),
	gsSP2Triangles(17, 18, 16, 0, 19, 18, 17, 0),
	gsSP2Triangles(19, 20, 18, 0, 21, 20, 19, 0),
	gsSP2Triangles(21, 22, 20, 0, 23, 22, 21, 0),
	gsSP2Triangles(23, 24, 22, 0, 25, 24, 23, 0),
	gsSP2Triangles(25, 26, 24, 0, 27, 26, 25, 0),
	gsSP2Triangles(27, 28, 26, 0, 29, 28, 27, 0),
	gsSP2Triangles(29, 30, 28, 0, 31, 30, 29, 0),
	gsSP2Triangles(31, 2, 30, 0, 0, 2, 31, 0),
	gsSPEndDisplayList(),
};

Vtx castle_grounds_dl_Circle_mesh_layer_1_vtx_1[665] = {
	{{ {-813, -100, -1324}, 0, {1730, -777}, {255, 255, 255, 255} }},
	{{ {-734, -100, -1323}, 0, {1820, -687}, {255, 255, 255, 255} }},
	{{ {-774, -140, -1371}, 0, {1833, -787}, {255, 255, 255, 255} }},
	{{ {-1515, -99, -1006}, 0, {464, -1259}, {255, 255, 255, 255} }},
	{{ {-1459, -99, -1061}, 0, {592, -1258}, {255, 255, 255, 255} }},
	{{ {-1521, -139, -1068}, 0, {527, -1338}, {255, 255, 255, 255} }},
	{{ {-1787, -96, -285}, 0, {-771, -705}, {255, 255, 255, 255} }},
	{{ {-1786, -96, -364}, 0, {-680, -794}, {255, 255, 255, 255} }},
	{{ {-1835, -136, -325}, 0, {-782, -805}, {255, 255, 255, 255} }},
	{{ {-1469, -93, 417}, 0, {-1253, 561}, {255, 255, 255, 255} }},
	{{ {-1525, -93, 361}, 0, {-1252, 433}, {255, 255, 255, 255} }},
	{{ {-1531, -132, 423}, 0, {-1331, 498}, {255, 255, 255, 255} }},
	{{ {-748, -91, 689}, 0, {-698, 1796}, {224, 224, 224, 255} }},
	{{ {-827, -91, 688}, 0, {-787, 1706}, {224, 224, 224, 255} }},
	{{ {-788, -130, 736}, 0, {-798, 1808}, {255, 255, 255, 255} }},
	{{ {-46, -92, 371}, 0, {567, 2278}, {255, 255, 255, 255} }},
	{{ {-103, -92, 426}, 0, {440, 2277}, {255, 255, 255, 255} }},
	{{ {-41, -131, 433}, 0, {502, 2356}, {255, 255, 255, 255} }},
	{{ {225, -95, -350}, 0, {1803, 1723}, {255, 255, 255, 255} }},
	{{ {225, -94, -271}, 0, {1712, 1813}, {255, 255, 255, 255} }},
	{{ {273, -134, -310}, 0, {1812, 1825}, {255, 255, 255, 255} }},
	{{ {-92, -98, -1052}, 0, {2284, 458}, {255, 255, 255, 255} }},
	{{ {-37, -98, -996}, 0, {2284, 585}, {255, 255, 255, 255} }},
	{{ {-31, -138, -1058}, 0, {2363, 523}, {255, 255, 255, 255} }},
	{{ {-1123, -100, -1264}, 0, {1262, -1095}, {255, 255, 255, 255} }},
	{{ {-1177, -140, -1294}, 0, {1233, -1193}, {255, 255, 255, 255} }},
	{{ {-1196, -100, -1235}, 0, {1145, -1145}, {255, 255, 255, 255} }},
	{{ {-1692, -98, -745}, 0, {-90, -1153}, {255, 255, 255, 255} }},
	{{ {-1752, -138, -728}, 0, {-180, -1202}, {255, 255, 255, 255} }},
	{{ {-1723, -98, -673}, 0, {-208, -1105}, {255, 255, 255, 255} }},
	{{ {-1728, -95, 24}, 0, {-1088, -237}, {255, 255, 255, 255} }},
	{{ {-1757, -134, 79}, 0, {-1186, -208}, {255, 255, 255, 255} }},
	{{ {-1698, -94, 98}, 0, {-1138, -120}, {255, 255, 255, 255} }},
	{{ {-1209, -92, 594}, 0, {-1146, 1116}, {255, 255, 255, 255} }},
	{{ {-1191, -131, 653}, 0, {-1195, 1206}, {255, 255, 255, 255} }},
	{{ {-1136, -91, 624}, 0, {-1098, 1234}, {255, 255, 255, 255} }},
	{{ {-439, -91, 629}, 0, {-231, 2113}, {255, 255, 255, 255} }},
	{{ {-384, -130, 659}, 0, {-204, 2210}, {255, 255, 255, 255} }},
	{{ {-366, -91, 600}, 0, {-114, 2163}, {255, 255, 255, 255} }},
	{{ {130, -93, 110}, 0, {1122, 2171}, {255, 255, 255, 255} }},
	{{ {190, -132, 92}, 0, {1210, 2221}, {255, 255, 255, 255} }},
	{{ {161, -93, 37}, 0, {1240, 2123}, {255, 255, 255, 255} }},
	{{ {166, -96, -659}, 0, {2120, 1256}, {255, 255, 255, 255} }},
	{{ {196, -136, -714}, 0, {2217, 1229}, {255, 255, 255, 255} }},
	{{ {136, -97, -733}, 0, {2169, 1138}, {255, 255, 255, 255} }},
	{{ {-353, -99, -1229}, 0, {2178, -97}, {255, 255, 255, 255} }},
	{{ {-371, -139, -1288}, 0, {2228, -184}, {255, 255, 255, 255} }},
	{{ {-426, -99, -1260}, 0, {2130, -215}, {255, 255, 255, 255} }},
	{{ {-775, -139, -1203}, 0, {1480, -438}, {224, 224, 224, 255} }},
	{{ {-735, -100, -1236}, 0, {1562, -431}, {224, 224, 224, 255} }},
	{{ {-814, -100, -1236}, 0, {1472, -522}, {224, 224, 224, 255} }},
	{{ {-1403, -138, -948}, 0, {523, -842}, {224, 224, 224, 255} }},
	{{ {-1398, -99, -999}, 0, {588, -895}, {224, 224, 224, 255} }},
	{{ {-1454, -99, -944}, 0, {461, -896}, {192, 192, 192, 255} }},
	{{ {-1667, -136, -324}, 0, {-434, -452}, {224, 224, 224, 255} }},
	{{ {-1699, -96, -363}, 0, {-425, -535}, {224, 224, 224, 255} }},
	{{ {-1699, -96, -284}, 0, {-516, -446}, {224, 224, 224, 255} }},
	{{ {-1412, -133, 305}, 0, {-835, 502}, {224, 224, 224, 255} }},
	{{ {-1462, -93, 299}, 0, {-888, 436}, {224, 224, 224, 255} }},
	{{ {-1407, -93, 355}, 0, {-889, 564}, {224, 224, 224, 255} }},
	{{ {-787, -131, 568}, 0, {-445, 1460}, {224, 224, 224, 255} }},
	{{ {-827, -91, 600}, 0, {-528, 1451}, {224, 224, 224, 255} }},
	{{ {-748, -91, 601}, 0, {-439, 1542}, {224, 224, 224, 255} }},
	{{ {-159, -132, 313}, 0, {505, 1860}, {224, 224, 224, 255} }},
	{{ {-164, -92, 364}, 0, {441, 1913}, {224, 224, 224, 255} }},
	{{ {-108, -92, 309}, 0, {569, 1914}, {224, 224, 224, 255} }},
	{{ {105, -134, -311}, 0, {1463, 1472}, {224, 224, 224, 255} }},
	{{ {137, -95, -272}, 0, {1456, 1554}, {185, 185, 185, 255} }},
	{{ {138, -95, -351}, 0, {1547, 1465}, {224, 224, 224, 255} }},
	{{ {-150, -137, -940}, 0, {1867, 521}, {224, 224, 224, 255} }},
	{{ {-99, -98, -934}, 0, {1920, 584}, {224, 224, 224, 255} }},
	{{ {-155, -98, -990}, 0, {1921, 456}, {221, 221, 221, 255} }},
	{{ {-1090, -100, -1183}, 0, {1120, -760}, {224, 224, 224, 255} }},
	{{ {-1163, -100, -1153}, 0, {1002, -810}, {224, 224, 224, 255} }},
	{{ {-1114, -139, -1138}, 0, {1039, -736}, {223, 223, 223, 255} }},
	{{ {-1611, -98, -711}, 0, {46, -816}, {224, 224, 224, 255} }},
	{{ {-1642, -98, -638}, 0, {-73, -768}, {224, 224, 224, 255} }},
	{{ {-1597, -137, -662}, 0, {6, -742}, {224, 224, 224, 255} }},
	{{ {-1647, -95, -9}, 0, {-754, -95}, {224, 224, 224, 255} }},
	{{ {-1617, -94, 65}, 0, {-803, 22}, {224, 224, 224, 255} }},
	{{ {-1602, -134, 16}, 0, {-730, -15}, {224, 224, 224, 255} }},
	{{ {-1174, -92, 513}, 0, {-809, 980}, {224, 224, 224, 255} }},
	{{ {-1102, -92, 544}, 0, {-761, 1098}, {224, 224, 224, 255} }},
	{{ {-1126, -131, 499}, 0, {-735, 1020}, {224, 224, 224, 255} }},
	{{ {-472, -91, 548}, 0, {-90, 1778}, {215, 215, 215, 255} }},
	{{ {-399, -91, 518}, 0, {27, 1828}, {195, 195, 195, 255} }},
	{{ {-448, -131, 503}, 0, {-12, 1753}, {224, 224, 224, 255} }},
	{{ {50, -93, 76}, 0, {985, 1835}, {224, 224, 224, 255} }},
	{{ {80, -93, 3}, 0, {1103, 1787}, {224, 224, 224, 255} }},
	{{ {35, -133, 27}, 0, {1023, 1762}, {224, 224, 224, 255} }},
	{{ {85, -96, -627}, 0, {1785, 1115}, {221, 221, 221, 255} }},
	{{ {55, -97, -700}, 0, {1834, 998}, {220, 220, 220, 255} }},
	{{ {40, -136, -651}, 0, {1760, 1037}, {224, 224, 224, 255} }},
	{{ {-387, -99, -1148}, 0, {1842, 41}, {224, 224, 224, 255} }},
	{{ {-460, -99, -1179}, 0, {1794, -77}, {224, 224, 224, 255} }},
	{{ {-436, -138, -1134}, 0, {1769, 3}, {224, 224, 224, 255} }},
	{{ {-800, -96, -304}, 0, {496, 496}, {216, 216, 216, 255} }},
	{{ {-259, -96, -617}, 0, {2319, 984}, {255, 255, 255, 255} }},
	{{ {-800, -96, -929}, 0, {1830, -838}, {255, 255, 255, 255} }},
	{{ {-800, -96, -304}, 0, {496, 496}, {216, 216, 216, 255} }},
	{{ {-259, -96, 8}, 0, {984, 2319}, {255, 255, 255, 255} }},
	{{ {-800, -96, -304}, 0, {496, 496}, {216, 216, 216, 255} }},
	{{ {-800, -96, 321}, 0, {-838, 1830}, {255, 255, 255, 255} }},
	{{ {-800, -96, -304}, 0, {496, 496}, {216, 216, 216, 255} }},
	{{ {-1341, -96, 8}, 0, {-1327, 8}, {255, 255, 255, 255} }},
	{{ {-800, -96, -304}, 0, {496, 496}, {216, 216, 216, 255} }},
	{{ {-1341, -96, -617}, 0, {8, -1327}, {255, 255, 255, 255} }},
	{{ {-800, -96, -304}, 0, {496, 496}, {216, 216, 216, 255} }},
	{{ {935, -265, -1015}, 0, {1178, 201}, {187, 187, 187, 255} }},
	{{ {538, -268, -1618}, 0, {1779, 204}, {187, 187, 187, 255} }},
	{{ {538, -864, -1618}, 0, {1779, 797}, {131, 131, 131, 255} }},
	{{ {935, -861, -1015}, 0, {1178, 794}, {131, 131, 131, 255} }},
	{{ {1071, -262, -305}, 0, {472, 197}, {187, 187, 187, 255} }},
	{{ {1071, -858, -305}, 0, {472, 791}, {131, 131, 131, 255} }},
	{{ {926, -259, 403}, 0, {-232, 194}, {187, 187, 187, 255} }},
	{{ {926, -855, 403}, 0, {-232, 787}, {131, 131, 131, 255} }},
	{{ {520, -256, 1001}, 0, {-827, 192}, {187, 187, 187, 255} }},
	{{ {520, -852, 1001}, 0, {-827, 785}, {131, 131, 131, 255} }},
	{{ {538, -268, -1618}, 0, {1829, 204}, {187, 187, 187, 255} }},
	{{ {-60, -867, -2024}, 0, {1234, 799}, {131, 131, 131, 255} }},
	{{ {538, -864, -1618}, 0, {1829, 797}, {131, 131, 131, 255} }},
	{{ {-60, -270, -2024}, 0, {1234, 206}, {187, 187, 187, 255} }},
	{{ {-60, -270, -2024}, 0, {1234, 206}, {187, 187, 187, 255} }},
	{{ {-768, -868, -2170}, 0, {530, 800}, {131, 131, 131, 255} }},
	{{ {-60, -867, -2024}, 0, {1234, 799}, {131, 131, 131, 255} }},
	{{ {-768, -271, -2170}, 0, {530, 207}, {187, 187, 187, 255} }},
	{{ {-1478, -868, -2034}, 0, {-176, 800}, {131, 131, 131, 255} }},
	{{ {-1478, -271, -2034}, 0, {-176, 207}, {187, 187, 187, 255} }},
	{{ {-2082, -866, -1636}, 0, {-776, 799}, {131, 131, 131, 255} }},
	{{ {-2082, -270, -1636}, 0, {-776, 206}, {187, 187, 187, 255} }},
	{{ {-2082, -270, -1636}, 0, {1797, 206}, {187, 187, 187, 255} }},
	{{ {-2487, -864, -1038}, 0, {1202, 797}, {131, 131, 131, 255} }},
	{{ {-2082, -866, -1636}, 0, {1797, 799}, {131, 131, 131, 255} }},
	{{ {-2487, -268, -1038}, 0, {1202, 203}, {187, 187, 187, 255} }},
	{{ {-2633, -861, -330}, 0, {498, 793}, {131, 131, 131, 255} }},
	{{ {-2633, -265, -330}, 0, {498, 200}, {187, 187, 187, 255} }},
	{{ {-2497, -858, 379}, 0, {-208, 790}, {131, 131, 131, 255} }},
	{{ {-2497, -261, 379}, 0, {-208, 197}, {187, 187, 187, 255} }},
	{{ {-2100, -855, 983}, 0, {-809, 787}, {131, 131, 131, 255} }},
	{{ {-2100, -258, 983}, 0, {-809, 194}, {187, 187, 187, 255} }},
	{{ {-2100, -258, 983}, 0, {-794, 194}, {187, 187, 187, 255} }},
	{{ {-1502, -852, 1389}, 0, {-199, 785}, {139, 139, 139, 255} }},
	{{ {-2100, -855, 983}, 0, {-794, 787}, {131, 131, 131, 255} }},
	{{ {-1502, -256, 1389}, 0, {-199, 192}, {187, 187, 187, 255} }},
	{{ {-794, -851, 1535}, 0, {505, 784}, {139, 139, 139, 255} }},
	{{ {-794, -255, 1535}, 0, {505, 190}, {187, 187, 187, 255} }},
	{{ {-84, -851, 1399}, 0, {1211, 784}, {139, 139, 139, 255} }},
	{{ {-84, -255, 1399}, 0, {1211, 191}, {187, 187, 187, 255} }},
	{{ {520, -852, 1001}, 0, {1811, 785}, {131, 131, 131, 255} }},
	{{ {520, -256, 1001}, 0, {1811, 192}, {187, 187, 187, 255} }},
	{{ {-775, -871, -1203}, 0, {1557, -519}, {131, 131, 131, 255} }},
	{{ {-1114, -871, -1138}, 0, {1086, -839}, {131, 131, 131, 255} }},
	{{ {-1403, -870, -948}, 0, {527, -954}, {89, 89, 89, 255} }},
	{{ {-1667, -868, -324}, 0, {-508, -533}, {131, 131, 131, 255} }},
	{{ {-1403, -870, -948}, 0, {527, -954}, {89, 89, 89, 255} }},
	{{ {-1597, -869, -662}, 0, {-32, -846}, {131, 131, 131, 255} }},
	{{ {-1667, -868, -324}, 0, {-508, -533}, {131, 131, 131, 255} }},
	{{ {-775, -871, -1203}, 0, {1557, -519}, {131, 131, 131, 255} }},
	{{ {-787, -863, 568}, 0, {-523, 1533}, {139, 139, 139, 255} }},
	{{ {-1412, -865, 305}, 0, {-943, 497}, {131, 131, 131, 255} }},
	{{ {-1602, -866, 16}, 0, {-828, -61}, {131, 131, 131, 255} }},
	{{ {-1126, -864, 499}, 0, {-836, 1057}, {139, 139, 139, 255} }},
	{{ {-448, -863, 503}, 0, {-51, 1853}, {147, 147, 147, 255} }},
	{{ {-159, -864, 313}, 0, {507, 1968}, {145, 145, 145, 255} }},
	{{ {105, -866, -311}, 0, {1543, 1547}, {139, 139, 139, 255} }},
	{{ {35, -865, 27}, 0, {1067, 1860}, {131, 131, 131, 255} }},
	{{ {-150, -869, -940}, 0, {1978, 517}, {131, 131, 131, 255} }},
	{{ {40, -868, -651}, 0, {1863, 1075}, {89, 89, 89, 255} }},
	{{ {-436, -870, -1134}, 0, {1871, -43}, {131, 131, 131, 255} }},
	{{ {-1123, -100, -1264}, 0, {1284, -1086}, {255, 255, 255, 255} }},
	{{ {-813, -100, -1324}, 0, {1714, -794}, {255, 255, 255, 255} }},
	{{ {-774, -140, -1371}, 0, {1816, -803}, {255, 255, 255, 255} }},
	{{ {-1177, -140, -1294}, 0, {1255, -1184}, {255, 255, 255, 255} }},
	{{ {-1692, -98, -745}, 0, {-69, -1162}, {255, 255, 255, 255} }},
	{{ {-1515, -99, -1006}, 0, {440, -1259}, {255, 255, 255, 255} }},
	{{ {-1521, -139, -1068}, 0, {504, -1338}, {255, 255, 255, 255} }},
	{{ {-1752, -138, -728}, 0, {-160, -1211}, {255, 255, 255, 255} }},
	{{ {-1728, -95, 24}, 0, {-1079, -259}, {255, 255, 255, 255} }},
	{{ {-1787, -96, -285}, 0, {-788, -688}, {255, 255, 255, 255} }},
	{{ {-1835, -136, -325}, 0, {-799, -789}, {255, 255, 255, 255} }},
	{{ {-1757, -134, 79}, 0, {-1178, -229}, {255, 255, 255, 255} }},
	{{ {-1209, -92, 594}, 0, {-1155, 1094}, {255, 255, 255, 255} }},
	{{ {-1469, -93, 417}, 0, {-1253, 585}, {255, 255, 255, 255} }},
	{{ {-1531, -132, 423}, 0, {-1332, 521}, {255, 255, 255, 255} }},
	{{ {-1191, -131, 653}, 0, {-1204, 1185}, {255, 255, 255, 255} }},
	{{ {-439, -91, 629}, 0, {-253, 2104}, {255, 255, 255, 255} }},
	{{ {-748, -91, 689}, 0, {-681, 1814}, {224, 224, 224, 255} }},
	{{ {-788, -130, 736}, 0, {-783, 1824}, {255, 255, 255, 255} }},
	{{ {-384, -130, 659}, 0, {-225, 2202}, {255, 255, 255, 255} }},
	{{ {130, -93, 110}, 0, {1100, 2181}, {255, 255, 255, 255} }},
	{{ {-46, -92, 371}, 0, {591, 2278}, {255, 255, 255, 255} }},
	{{ {-41, -131, 433}, 0, {524, 2357}, {255, 255, 255, 255} }},
	{{ {190, -132, 92}, 0, {1188, 2230}, {255, 255, 255, 255} }},
	{{ {166, -96, -659}, 0, {2111, 1278}, {255, 255, 255, 255} }},
	{{ {225, -95, -350}, 0, {1820, 1707}, {255, 255, 255, 255} }},
	{{ {273, -134, -310}, 0, {1829, 1810}, {255, 255, 255, 255} }},
	{{ {196, -136, -714}, 0, {2208, 1251}, {255, 255, 255, 255} }},
	{{ {-353, -99, -1229}, 0, {2187, -74}, {255, 255, 255, 255} }},
	{{ {-92, -98, -1052}, 0, {2285, 434}, {255, 255, 255, 255} }},
	{{ {-31, -138, -1058}, 0, {2364, 501}, {255, 255, 255, 255} }},
	{{ {-371, -139, -1288}, 0, {2237, -163}, {255, 255, 255, 255} }},
	{{ {-1459, -99, -1061}, 0, {615, -1258}, {255, 255, 255, 255} }},
	{{ {-1196, -100, -1235}, 0, {1122, -1154}, {255, 255, 255, 255} }},
	{{ {-1177, -140, -1294}, 0, {1211, -1202}, {255, 255, 255, 255} }},
	{{ {-1521, -139, -1068}, 0, {549, -1338}, {255, 255, 255, 255} }},
	{{ {-1786, -96, -364}, 0, {-664, -811}, {255, 255, 255, 255} }},
	{{ {-1723, -98, -673}, 0, {-231, -1096}, {255, 255, 255, 255} }},
	{{ {-1752, -138, -728}, 0, {-202, -1193}, {255, 255, 255, 255} }},
	{{ {-1835, -136, -325}, 0, {-766, -821}, {255, 255, 255, 255} }},
	{{ {-1525, -93, 361}, 0, {-1252, 410}, {255, 255, 255, 255} }},
	{{ {-1698, -94, 98}, 0, {-1147, -98}, {255, 255, 255, 255} }},
	{{ {-1757, -134, 79}, 0, {-1196, -187}, {255, 255, 255, 255} }},
	{{ {-1531, -132, 423}, 0, {-1332, 475}, {255, 255, 255, 255} }},
	{{ {-827, -91, 688}, 0, {-804, 1689}, {224, 224, 224, 255} }},
	{{ {-1136, -91, 624}, 0, {-1089, 1256}, {255, 255, 255, 255} }},
	{{ {-1191, -131, 653}, 0, {-1186, 1228}, {255, 255, 255, 255} }},
	{{ {-788, -130, 736}, 0, {-814, 1792}, {255, 255, 255, 255} }},
	{{ {-103, -92, 426}, 0, {415, 2277}, {255, 255, 255, 255} }},
	{{ {-366, -91, 600}, 0, {-92, 2172}, {255, 255, 255, 255} }},
	{{ {-384, -130, 659}, 0, {-184, 2220}, {255, 255, 255, 255} }},
	{{ {-41, -131, 433}, 0, {478, 2356}, {255, 255, 255, 255} }},
	{{ {225, -94, -271}, 0, {1695, 1830}, {255, 255, 255, 255} }},
	{{ {161, -93, 37}, 0, {1262, 2115}, {255, 255, 255, 255} }},
	{{ {190, -132, 92}, 0, {1231, 2213}, {255, 255, 255, 255} }},
	{{ {273, -134, -310}, 0, {1796, 1842}, {255, 255, 255, 255} }},
	{{ {-37, -98, -996}, 0, {2283, 609}, {255, 255, 255, 255} }},
	{{ {136, -97, -733}, 0, {2179, 1117}, {255, 255, 255, 255} }},
	{{ {196, -136, -714}, 0, {2226, 1208}, {255, 255, 255, 255} }},
	{{ {-31, -138, -1058}, 0, {2363, 547}, {255, 255, 255, 255} }},
	{{ {-734, -100, -1323}, 0, {1837, -669}, {255, 255, 255, 255} }},
	{{ {-426, -99, -1260}, 0, {2121, -237}, {255, 255, 255, 255} }},
	{{ {-371, -139, -1288}, 0, {2220, -205}, {255, 255, 255, 255} }},
	{{ {-774, -140, -1371}, 0, {1849, -770}, {255, 255, 255, 255} }},
	{{ {-1114, -139, -1138}, 0, {1021, -744}, {223, 223, 223, 255} }},
	{{ {-775, -139, -1203}, 0, {1493, -424}, {224, 224, 224, 255} }},
	{{ {-814, -100, -1236}, 0, {1486, -508}, {224, 224, 224, 255} }},
	{{ {-1090, -100, -1183}, 0, {1102, -768}, {224, 224, 224, 255} }},
	{{ {-1597, -137, -662}, 0, {-13, -735}, {224, 224, 224, 255} }},
	{{ {-1403, -138, -948}, 0, {544, -842}, {224, 224, 224, 255} }},
	{{ {-1454, -99, -944}, 0, {481, -896}, {193, 193, 193, 255} }},
	{{ {-1611, -98, -711}, 0, {28, -809}, {224, 224, 224, 255} }},
	{{ {-1602, -134, 16}, 0, {-738, 4}, {224, 224, 224, 255} }},
	{{ {-1667, -136, -324}, 0, {-419, -467}, {224, 224, 224, 255} }},
	{{ {-1699, -96, -284}, 0, {-502, -460}, {224, 224, 224, 255} }},
	{{ {-1647, -95, -9}, 0, {-761, -77}, {224, 224, 224, 255} }},
	{{ {-1126, -131, 499}, 0, {-728, 1039}, {224, 224, 224, 255} }},
	{{ {-1412, -133, 305}, 0, {-835, 480}, {224, 224, 224, 255} }},
	{{ {-1407, -93, 355}, 0, {-889, 544}, {224, 224, 224, 255} }},
	{{ {-1174, -92, 513}, 0, {-802, 998}, {224, 224, 224, 255} }},
	{{ {-448, -131, 503}, 0, {8, 1762}, {224, 224, 224, 255} }},
	{{ {-787, -131, 568}, 0, {-461, 1444}, {224, 224, 224, 255} }},
	{{ {-748, -91, 601}, 0, {-453, 1527}, {224, 224, 224, 255} }},
	{{ {-472, -91, 548}, 0, {-71, 1786}, {216, 216, 216, 255} }},
	{{ {35, -133, 27}, 0, {1042, 1754}, {224, 224, 224, 255} }},
	{{ {-159, -132, 313}, 0, {484, 1861}, {224, 224, 224, 255} }},
	{{ {-108, -92, 309}, 0, {550, 1914}, {224, 224, 224, 255} }},
	{{ {50, -93, 76}, 0, {1004, 1827}, {224, 224, 224, 255} }},
	{{ {40, -136, -651}, 0, {1768, 1017}, {224, 224, 224, 255} }},
	{{ {105, -134, -311}, 0, {1449, 1487}, {224, 224, 224, 255} }},
	{{ {138, -95, -351}, 0, {1533, 1479}, {224, 224, 224, 255} }},
	{{ {85, -96, -627}, 0, {1793, 1096}, {221, 221, 221, 255} }},
	{{ {-436, -138, -1134}, 0, {1761, -17}, {224, 224, 224, 255} }},
	{{ {-150, -137, -940}, 0, {1867, 541}, {224, 224, 224, 255} }},
	{{ {-155, -98, -990}, 0, {1921, 476}, {221, 221, 221, 255} }},
	{{ {-387, -99, -1148}, 0, {1834, 22}, {224, 224, 224, 255} }},
	{{ {-1403, -138, -948}, 0, {503, -843}, {224, 224, 224, 255} }},
	{{ {-1114, -139, -1138}, 0, {1059, -728}, {223, 223, 223, 255} }},
	{{ {-1163, -100, -1153}, 0, {1021, -802}, {224, 224, 224, 255} }},
	{{ {-1398, -99, -999}, 0, {569, -895}, {224, 224, 224, 255} }},
	{{ {-1667, -136, -324}, 0, {-449, -437}, {224, 224, 224, 255} }},
	{{ {-1597, -137, -662}, 0, {25, -750}, {224, 224, 224, 255} }},
	{{ {-1642, -98, -638}, 0, {-54, -776}, {224, 224, 224, 255} }},
	{{ {-1699, -96, -363}, 0, {-439, -521}, {224, 224, 224, 255} }},
	{{ {-1412, -133, 305}, 0, {-836, 522}, {224, 224, 224, 255} }},
	{{ {-1602, -134, 16}, 0, {-721, -35}, {224, 224, 224, 255} }},
	{{ {-1617, -94, 65}, 0, {-795, 3}, {224, 224, 224, 255} }},
	{{ {-1462, -93, 299}, 0, {-888, 456}, {224, 224, 224, 255} }},
	{{ {-787, -131, 568}, 0, {-431, 1475}, {224, 224, 224, 255} }},
	{{ {-1126, -131, 499}, 0, {-743, 1000}, {224, 224, 224, 255} }},
	{{ {-1102, -92, 544}, 0, {-769, 1079}, {224, 224, 224, 255} }},
	{{ {-827, -91, 600}, 0, {-515, 1465}, {224, 224, 224, 255} }},
	{{ {-159, -132, 313}, 0, {526, 1861}, {224, 224, 224, 255} }},
	{{ {-448, -131, 503}, 0, {-31, 1746}, {224, 224, 224, 255} }},
	{{ {-399, -91, 518}, 0, {9, 1820}, {196, 196, 196, 255} }},
	{{ {-164, -92, 364}, 0, {462, 1914}, {224, 224, 224, 255} }},
	{{ {105, -134, -311}, 0, {1479, 1458}, {224, 224, 224, 255} }},
	{{ {35, -133, 27}, 0, {1004, 1770}, {224, 224, 224, 255} }},
	{{ {80, -93, 3}, 0, {1085, 1794}, {224, 224, 224, 255} }},
	{{ {137, -95, -272}, 0, {1471, 1540}, {187, 187, 187, 255} }},
	{{ {-150, -137, -940}, 0, {1867, 499}, {224, 224, 224, 255} }},
	{{ {40, -136, -651}, 0, {1752, 1056}, {224, 224, 224, 255} }},
	{{ {55, -97, -700}, 0, {1827, 1016}, {220, 220, 220, 255} }},
	{{ {-99, -98, -934}, 0, {1920, 563}, {224, 224, 224, 255} }},
	{{ {-775, -139, -1203}, 0, {1465, -453}, {224, 224, 224, 255} }},
	{{ {-436, -138, -1134}, 0, {1777, 22}, {224, 224, 224, 255} }},
	{{ {-460, -99, -1179}, 0, {1801, -59}, {224, 224, 224, 255} }},
	{{ {-735, -100, -1236}, 0, {1547, -445}, {224, 224, 224, 255} }},
	{{ {-1515, -99, -1006}, 0, {466, -1151}, {235, 235, 235, 255} }},
	{{ {-1454, -99, -944}, 0, {464, -1006}, {206, 206, 206, 255} }},
	{{ {-1398, -99, -999}, 0, {592, -1005}, {224, 224, 224, 255} }},
	{{ {-1459, -99, -1061}, 0, {593, -1150}, {235, 235, 235, 255} }},
	{{ {-1090, -100, -1183}, 0, {1165, -861}, {224, 224, 224, 255} }},
	{{ {-1123, -100, -1264}, 0, {1222, -994}, {233, 233, 233, 255} }},
	{{ {-1196, -100, -1235}, 0, {1104, -1044}, {233, 233, 233, 255} }},
	{{ {-1163, -100, -1153}, 0, {1048, -911}, {224, 224, 224, 255} }},
	{{ {-1723, -98, -673}, 0, {-165, -1005}, {233, 233, 233, 255} }},
	{{ {-1642, -98, -638}, 0, {-111, -871}, {224, 224, 224, 255} }},
	{{ {-1611, -98, -711}, 0, {7, -919}, {224, 224, 224, 255} }},
	{{ {-1692, -98, -745}, 0, {-47, -1053}, {233, 233, 233, 255} }},
	{{ {-1787, -96, -285}, 0, {-693, -629}, {235, 235, 235, 255} }},
	{{ {-1699, -96, -284}, 0, {-591, -526}, {224, 224, 224, 255} }},
	{{ {-1699, -96, -363}, 0, {-501, -615}, {224, 224, 224, 255} }},
	{{ {-1786, -96, -364}, 0, {-602, -718}, {235, 235, 235, 255} }},
	{{ {-1698, -94, 98}, 0, {-1036, -80}, {236, 236, 236, 255} }},
	{{ {-1617, -94, 65}, 0, {-903, -23}, {224, 224, 224, 255} }},
	{{ {-1647, -95, -9}, 0, {-853, -141}, {224, 224, 224, 255} }},
	{{ {-1728, -95, 24}, 0, {-986, -197}, {235, 235, 235, 255} }},
	{{ {-1469, -93, 417}, 0, {-1143, 559}, {236, 236, 236, 255} }},
	{{ {-1407, -93, 355}, 0, {-998, 561}, {224, 224, 224, 255} }},
	{{ {-1462, -93, 299}, 0, {-997, 433}, {224, 224, 224, 255} }},
	{{ {-1525, -93, 361}, 0, {-1142, 432}, {236, 236, 236, 255} }},
	{{ {-1136, -91, 624}, 0, {-997, 1190}, {236, 236, 236, 255} }},
	{{ {-1102, -92, 544}, 0, {-863, 1136}, {224, 224, 224, 255} }},
	{{ {-1174, -92, 513}, 0, {-911, 1018}, {224, 224, 224, 255} }},
	{{ {-1209, -92, 594}, 0, {-1045, 1072}, {236, 236, 236, 255} }},
	{{ {-748, -91, 689}, 0, {-621, 1717}, {224, 224, 224, 255} }},
	{{ {-748, -91, 601}, 0, {-518, 1616}, {224, 224, 224, 255} }},
	{{ {-827, -91, 600}, 0, {-607, 1525}, {224, 224, 224, 255} }},
	{{ {-827, -91, 688}, 0, {-710, 1627}, {224, 224, 224, 255} }},
	{{ {-366, -91, 600}, 0, {-69, 2062}, {232, 232, 232, 255} }},
	{{ {-399, -91, 518}, 0, {-13, 1929}, {207, 207, 207, 255} }},
	{{ {-472, -91, 548}, 0, {-130, 1879}, {219, 219, 219, 255} }},
	{{ {-439, -91, 629}, 0, {-186, 2012}, {232, 232, 232, 255} }},
	{{ {-46, -92, 371}, 0, {570, 2167}, {233, 233, 233, 255} }},
	{{ {-108, -92, 309}, 0, {571, 2023}, {224, 224, 224, 255} }},
	{{ {-164, -92, 364}, 0, {443, 2022}, {224, 224, 224, 255} }},
	{{ {-103, -92, 426}, 0, {443, 2167}, {233, 233, 233, 255} }},
	{{ {161, -93, 37}, 0, {1201, 2021}, {232, 232, 232, 255} }},
	{{ {80, -93, 3}, 0, {1146, 1887}, {224, 224, 224, 255} }},
	{{ {50, -93, 76}, 0, {1028, 1935}, {224, 224, 224, 255} }},
	{{ {130, -93, 110}, 0, {1083, 2069}, {232, 232, 232, 255} }},
	{{ {225, -95, -350}, 0, {1727, 1644}, {235, 235, 235, 255} }},
	{{ {138, -95, -351}, 0, {1626, 1541}, {224, 224, 224, 255} }},
	{{ {137, -95, -272}, 0, {1535, 1630}, {203, 203, 203, 255} }},
	{{ {225, -94, -271}, 0, {1637, 1733}, {235, 235, 235, 255} }},
	{{ {136, -97, -733}, 0, {2070, 1094}, {235, 235, 235, 255} }},
	{{ {55, -97, -700}, 0, {1937, 1038}, {221, 221, 221, 255} }},
	{{ {85, -96, -627}, 0, {1887, 1155}, {222, 222, 222, 255} }},
	{{ {166, -96, -659}, 0, {2020, 1211}, {235, 235, 235, 255} }},
	{{ {-92, -98, -1052}, 0, {2175, 455}, {235, 235, 235, 255} }},
	{{ {-155, -98, -990}, 0, {2031, 454}, {221, 221, 221, 255} }},
	{{ {-99, -98, -934}, 0, {2030, 581}, {224, 224, 224, 255} }},
	{{ {-37, -98, -996}, 0, {2175, 582}, {235, 235, 235, 255} }},
	{{ {-426, -99, -1260}, 0, {2029, -176}, {235, 235, 235, 255} }},
	{{ {-460, -99, -1179}, 0, {1895, -122}, {224, 224, 224, 255} }},
	{{ {-387, -99, -1148}, 0, {1943, -3}, {224, 224, 224, 255} }},
	{{ {-353, -99, -1229}, 0, {2077, -58}, {235, 235, 235, 255} }},
	{{ {-735, -100, -1236}, 0, {1638, -510}, {224, 224, 224, 255} }},
	{{ {-734, -100, -1323}, 0, {1741, -612}, {233, 233, 233, 255} }},
	{{ {-813, -100, -1324}, 0, {1652, -703}, {232, 232, 232, 255} }},
	{{ {-814, -100, -1236}, 0, {1549, -601}, {224, 224, 224, 255} }},
	{{ {-813, -100, -1324}, 0, {1652, -703}, {232, 232, 232, 255} }},
	{{ {-1123, -100, -1264}, 0, {1222, -994}, {233, 233, 233, 255} }},
	{{ {-1090, -100, -1183}, 0, {1165, -861}, {224, 224, 224, 255} }},
	{{ {-814, -100, -1236}, 0, {1549, -601}, {224, 224, 224, 255} }},
	{{ {-371, -864, -1288}, 0, {657, 1324}, {79, 79, 79, 255} }},
	{{ {-774, -864, -1371}, 0, {186, 855}, {79, 79, 79, 255} }},
	{{ {-774, -140, -1371}, 0, {1031, 10}, {255, 255, 255, 255} }},
	{{ {-371, -139, -1288}, 0, {1501, 479}, {255, 255, 255, 255} }},
	{{ {-1177, -864, -1294}, 0, {-285, 384}, {79, 79, 79, 255} }},
	{{ {-1177, -140, -1294}, 0, {560, -461}, {255, 255, 255, 255} }},
	{{ {-774, -140, -1371}, 0, {1031, 10}, {255, 255, 255, 255} }},
	{{ {-426, -99, -1260}, 0, {2029, -176}, {235, 235, 235, 255} }},
	{{ {-734, -100, -1323}, 0, {1741, -612}, {233, 233, 233, 255} }},
	{{ {-735, -100, -1236}, 0, {1638, -510}, {224, 224, 224, 255} }},
	{{ {-460, -99, -1179}, 0, {1895, -122}, {224, 224, 224, 255} }},
	{{ {-1515, -99, -1006}, 0, {466, -1151}, {235, 235, 235, 255} }},
	{{ {-1692, -98, -745}, 0, {-47, -1053}, {233, 233, 233, 255} }},
	{{ {-1611, -98, -711}, 0, {7, -919}, {224, 224, 224, 255} }},
	{{ {-1454, -99, -944}, 0, {464, -1006}, {206, 206, 206, 255} }},
	{{ {-1177, -864, -1294}, 0, {-285, 384}, {79, 79, 79, 255} }},
	{{ {-1521, -863, -1068}, 0, {-684, -17}, {79, 79, 79, 255} }},
	{{ {-1521, -139, -1068}, 0, {161, -862}, {255, 255, 255, 255} }},
	{{ {-1177, -140, -1294}, 0, {560, -461}, {255, 255, 255, 255} }},
	{{ {-1521, -863, -1068}, 0, {1016, 1683}, {79, 79, 79, 255} }},
	{{ {-1752, -862, -728}, 0, {620, 1284}, {79, 79, 79, 255} }},
	{{ {-1752, -138, -728}, 0, {1465, 439}, {255, 255, 255, 255} }},
	{{ {-1521, -139, -1068}, 0, {1860, 838}, {255, 255, 255, 255} }},
	{{ {-1196, -100, -1235}, 0, {1104, -1044}, {233, 233, 233, 255} }},
	{{ {-1459, -99, -1061}, 0, {593, -1150}, {235, 235, 235, 255} }},
	{{ {-1398, -99, -999}, 0, {592, -1005}, {224, 224, 224, 255} }},
	{{ {-1163, -100, -1153}, 0, {1048, -911}, {224, 224, 224, 255} }},
	{{ {-1787, -96, -285}, 0, {-693, -629}, {235, 235, 235, 255} }},
	{{ {-1728, -95, 24}, 0, {-986, -197}, {235, 235, 235, 255} }},
	{{ {-1647, -95, -9}, 0, {-853, -141}, {224, 224, 224, 255} }},
	{{ {-1699, -96, -284}, 0, {-591, -526}, {224, 224, 224, 255} }},
	{{ {-1835, -860, -325}, 0, {153, 812}, {79, 79, 79, 255} }},
	{{ {-1835, -136, -325}, 0, {998, -32}, {255, 255, 255, 255} }},
	{{ {-1752, -138, -728}, 0, {1465, 439}, {255, 255, 255, 255} }},
	{{ {-1757, -858, 79}, 0, {-316, 339}, {79, 79, 79, 255} }},
	{{ {-1757, -134, 79}, 0, {529, -505}, {255, 255, 255, 255} }},
	{{ {-1835, -136, -325}, 0, {998, -32}, {255, 255, 255, 255} }},
	{{ {-1723, -98, -673}, 0, {-165, -1005}, {233, 233, 233, 255} }},
	{{ {-1786, -96, -364}, 0, {-602, -718}, {235, 235, 235, 255} }},
	{{ {-1699, -96, -363}, 0, {-501, -615}, {224, 224, 224, 255} }},
	{{ {-1642, -98, -638}, 0, {-111, -871}, {224, 224, 224, 255} }},
	{{ {-1469, -93, 417}, 0, {-1143, 559}, {236, 236, 236, 255} }},
	{{ {-1209, -92, 594}, 0, {-1045, 1072}, {236, 236, 236, 255} }},
	{{ {-1174, -92, 513}, 0, {-911, 1018}, {224, 224, 224, 255} }},
	{{ {-1407, -93, 355}, 0, {-998, 560}, {224, 224, 224, 255} }},
	{{ {-1757, -858, 79}, 0, {-316, 339}, {79, 79, 79, 255} }},
	{{ {-1531, -857, 423}, 0, {-714, -63}, {79, 79, 79, 255} }},
	{{ {-1531, -132, 423}, 0, {130, -908}, {255, 255, 255, 255} }},
	{{ {-1757, -134, 79}, 0, {529, -505}, {255, 255, 255, 255} }},
	{{ {-1531, -857, 423}, 0, {-688, -37}, {79, 79, 79, 255} }},
	{{ {-1191, -855, 653}, 0, {-290, 358}, {79, 79, 79, 255} }},
	{{ {-1191, -131, 653}, 0, {555, -487}, {255, 255, 255, 255} }},
	{{ {-1531, -132, 423}, 0, {156, -882}, {255, 255, 255, 255} }},
	{{ {-1698, -94, 98}, 0, {-1036, -80}, {236, 236, 236, 255} }},
	{{ {-1525, -93, 361}, 0, {-1142, 432}, {236, 236, 236, 255} }},
	{{ {-1462, -93, 299}, 0, {-997, 433}, {224, 224, 224, 255} }},
	{{ {-1617, -94, 65}, 0, {-903, -23}, {224, 224, 224, 255} }},
	{{ {-748, -91, 689}, 0, {-621, 1717}, {224, 224, 224, 255} }},
	{{ {-439, -91, 629}, 0, {-186, 2012}, {232, 232, 232, 255} }},
	{{ {-472, -91, 548}, 0, {-130, 1879}, {219, 219, 219, 255} }},
	{{ {-748, -91, 601}, 0, {-518, 1616}, {224, 224, 224, 255} }},
	{{ {-788, -855, 736}, 0, {180, 827}, {79, 79, 79, 255} }},
	{{ {-788, -130, 736}, 0, {1025, -18}, {255, 255, 255, 255} }},
	{{ {-1191, -131, 653}, 0, {555, -487}, {255, 255, 255, 255} }},
	{{ {-384, -855, 659}, 0, {651, 1298}, {79, 79, 79, 255} }},
	{{ {-384, -130, 659}, 0, {1496, 453}, {255, 255, 255, 255} }},
	{{ {-788, -130, 736}, 0, {1025, -18}, {255, 255, 255, 255} }},
	{{ {-1136, -91, 624}, 0, {-997, 1190}, {236, 236, 236, 255} }},
	{{ {-827, -91, 688}, 0, {-710, 1627}, {224, 224, 224, 255} }},
	{{ {-827, -91, 600}, 0, {-607, 1525}, {224, 224, 224, 255} }},
	{{ {-1102, -92, 544}, 0, {-863, 1136}, {224, 224, 224, 255} }},
	{{ {-46, -92, 371}, 0, {570, 2167}, {233, 233, 233, 255} }},
	{{ {130, -93, 110}, 0, {1083, 2068}, {232, 232, 232, 255} }},
	{{ {50, -93, 76}, 0, {1028, 1935}, {224, 224, 224, 255} }},
	{{ {-108, -92, 309}, 0, {571, 2023}, {224, 224, 224, 255} }},
	{{ {-384, -855, 659}, 0, {651, 1298}, {79, 79, 79, 255} }},
	{{ {-41, -855, 433}, 0, {1051, 1699}, {79, 79, 79, 255} }},
	{{ {-41, -131, 433}, 0, {1896, 855}, {255, 255, 255, 255} }},
	{{ {-384, -130, 659}, 0, {1496, 453}, {255, 255, 255, 255} }},
	{{ {-41, -855, 433}, 0, {-725, -77}, {79, 79, 79, 255} }},
	{{ {190, -857, 92}, 0, {-330, 322}, {79, 79, 79, 255} }},
	{{ {190, -132, 92}, 0, {515, -523}, {255, 255, 255, 255} }},
	{{ {-41, -131, 433}, 0, {120, -921}, {255, 255, 255, 255} }},
	{{ {-366, -91, 600}, 0, {-69, 2062}, {232, 232, 232, 255} }},
	{{ {-103, -92, 426}, 0, {443, 2167}, {233, 233, 233, 255} }},
	{{ {-164, -92, 364}, 0, {443, 2022}, {224, 224, 224, 255} }},
	{{ {-399, -91, 518}, 0, {-13, 1929}, {207, 207, 207, 255} }},
	{{ {225, -95, -350}, 0, {1727, 1644}, {235, 235, 235, 255} }},
	{{ {166, -96, -659}, 0, {2020, 1211}, {235, 235, 235, 255} }},
	{{ {85, -96, -627}, 0, {1887, 1155}, {222, 222, 222, 255} }},
	{{ {138, -95, -351}, 0, {1626, 1541}, {224, 224, 224, 255} }},
	{{ {273, -859, -310}, 0, {138, 794}, {79, 79, 79, 255} }},
	{{ {273, -134, -310}, 0, {983, -51}, {255, 255, 255, 255} }},
	{{ {190, -132, 92}, 0, {515, -523}, {255, 255, 255, 255} }},
	{{ {196, -860, -714}, 0, {607, 1267}, {79, 79, 79, 255} }},
	{{ {196, -136, -714}, 0, {1451, 422}, {255, 255, 255, 255} }},
	{{ {273, -134, -310}, 0, {983, -51}, {255, 255, 255, 255} }},
	{{ {161, -93, 37}, 0, {1201, 2021}, {232, 232, 232, 255} }},
	{{ {225, -94, -271}, 0, {1637, 1733}, {235, 235, 235, 255} }},
	{{ {137, -95, -272}, 0, {1535, 1630}, {203, 203, 203, 255} }},
	{{ {80, -93, 3}, 0, {1146, 1887}, {224, 224, 224, 255} }},
	{{ {-92, -98, -1052}, 0, {2175, 455}, {235, 235, 235, 255} }},
	{{ {-353, -99, -1229}, 0, {2077, -58}, {235, 235, 235, 255} }},
	{{ {-387, -99, -1148}, 0, {1943, -3}, {224, 224, 224, 255} }},
	{{ {-155, -98, -990}, 0, {2031, 454}, {221, 221, 221, 255} }},
	{{ {196, -860, -714}, 0, {607, 1267}, {79, 79, 79, 255} }},
	{{ {-31, -862, -1058}, 0, {1005, 1669}, {79, 79, 79, 255} }},
	{{ {-31, -138, -1058}, 0, {1850, 824}, {255, 255, 255, 255} }},
	{{ {196, -136, -714}, 0, {1451, 422}, {255, 255, 255, 255} }},
	{{ {-31, -862, -1058}, 0, {1055, 1719}, {79, 79, 79, 255} }},
	{{ {-371, -864, -1288}, 0, {657, 1324}, {79, 79, 79, 255} }},
	{{ {-371, -139, -1288}, 0, {1501, 479}, {255, 255, 255, 255} }},
	{{ {-31, -138, -1058}, 0, {1900, 874}, {255, 255, 255, 255} }},
	{{ {136, -97, -733}, 0, {2070, 1094}, {235, 235, 235, 255} }},
	{{ {-37, -98, -996}, 0, {2175, 582}, {235, 235, 235, 255} }},
	{{ {-99, -98, -934}, 0, {2030, 581}, {224, 224, 224, 255} }},
	{{ {55, -97, -700}, 0, {1937, 1038}, {221, 221, 221, 255} }},
	{{ {-775, -139, -1203}, 0, {1031, 8}, {224, 224, 224, 255} }},
	{{ {-1114, -139, -1138}, 0, {635, -388}, {223, 223, 223, 255} }},
	{{ {-1114, -871, -1138}, 0, {-219, 466}, {131, 131, 131, 255} }},
	{{ {-775, -871, -1203}, 0, {177, 862}, {131, 131, 131, 255} }},
	{{ {-436, -138, -1134}, 0, {1426, 402}, {224, 224, 224, 255} }},
	{{ {-775, -139, -1203}, 0, {1031, 8}, {224, 224, 224, 255} }},
	{{ {-436, -870, -1134}, 0, {572, 1256}, {131, 131, 131, 255} }},
	{{ {-1403, -138, -948}, 0, {1722, 698}, {224, 224, 224, 255} }},
	{{ {-1597, -137, -662}, 0, {1389, 363}, {224, 224, 224, 255} }},
	{{ {-1597, -869, -662}, 0, {536, 1216}, {131, 131, 131, 255} }},
	{{ {-1403, -870, -948}, 0, {868, 1551}, {89, 89, 89, 255} }},
	{{ {-1114, -139, -1138}, 0, {635, -388}, {224, 224, 224, 255} }},
	{{ {-1403, -138, -948}, 0, {299, -725}, {224, 224, 224, 255} }},
	{{ {-1403, -870, -948}, 0, {-555, 129}, {89, 89, 89, 255} }},
	{{ {-1597, -137, -662}, 0, {1389, 363}, {224, 224, 224, 255} }},
	{{ {-1667, -868, -324}, 0, {143, 820}, {131, 131, 131, 255} }},
	{{ {-1597, -137, -662}, 0, {1389, 363}, {224, 224, 224, 255} }},
	{{ {-1667, -136, -324}, 0, {996, -34}, {224, 224, 224, 255} }},
	{{ {-1667, -868, -324}, 0, {143, 820}, {131, 131, 131, 255} }},
	{{ {-1602, -866, 16}, 0, {-251, 422}, {131, 131, 131, 255} }},
	{{ {-1602, -134, 16}, 0, {602, -431}, {224, 224, 224, 255} }},
	{{ {-1412, -865, 305}, 0, {-586, 84}, {131, 131, 131, 255} }},
	{{ {-1412, -133, 305}, 0, {268, -770}, {224, 224, 224, 255} }},
	{{ {-1412, -133, 305}, 0, {295, -742}, {224, 224, 224, 255} }},
	{{ {-1126, -864, 499}, 0, {-223, 444}, {139, 139, 139, 255} }},
	{{ {-1412, -865, 305}, 0, {-558, 112}, {131, 131, 131, 255} }},
	{{ {-1126, -131, 499}, 0, {630, -410}, {224, 224, 224, 255} }},
	{{ {-787, -863, 568}, 0, {172, 838}, {139, 139, 139, 255} }},
	{{ {-787, -131, 568}, 0, {1026, -16}, {224, 224, 224, 255} }},
	{{ {-448, -863, 503}, 0, {568, 1234}, {147, 147, 147, 255} }},
	{{ {-448, -131, 503}, 0, {1421, 380}, {224, 224, 224, 255} }},
	{{ {-159, -132, 313}, 0, {259, -781}, {224, 224, 224, 255} }},
	{{ {35, -133, 27}, 0, {591, -446}, {224, 224, 224, 255} }},
	{{ {35, -865, 27}, 0, {-263, 408}, {131, 131, 131, 255} }},
	{{ {-159, -864, 313}, 0, {-595, 73}, {145, 145, 145, 255} }},
	{{ {-448, -131, 503}, 0, {1421, 380}, {224, 224, 224, 255} }},
	{{ {-159, -132, 313}, 0, {1757, 718}, {224, 224, 224, 255} }},
	{{ {-159, -864, 313}, 0, {904, 1571}, {145, 145, 145, 255} }},
	{{ {105, -134, -311}, 0, {984, -50}, {224, 224, 224, 255} }},
	{{ {40, -136, -651}, 0, {1378, 348}, {224, 224, 224, 255} }},
	{{ {40, -868, -651}, 0, {524, 1202}, {89, 89, 89, 255} }},
	{{ {105, -866, -311}, 0, {130, 804}, {139, 139, 139, 255} }},
	{{ {35, -133, 27}, 0, {591, -446}, {224, 224, 224, 255} }},
	{{ {-150, -137, -940}, 0, {1761, 734}, {224, 224, 224, 255} }},
	{{ {-436, -138, -1134}, 0, {1426, 402}, {224, 224, 224, 255} }},
	{{ {-436, -870, -1134}, 0, {572, 1256}, {131, 131, 131, 255} }},
	{{ {-150, -869, -940}, 0, {907, 1588}, {131, 131, 131, 255} }},
	{{ {40, -136, -651}, 0, {1378, 348}, {224, 224, 224, 255} }},
	{{ {-150, -137, -940}, 0, {1713, 686}, {224, 224, 224, 255} }},
	{{ {-150, -869, -940}, 0, {859, 1540}, {131, 131, 131, 255} }},
	{{ {40, -868, -651}, 0, {524, 1202}, {89, 89, 89, 255} }},
	{{ {-800, -192, -986}, 0, {1126, -134}, {132, 132, 132, 255} }},
	{{ {-800, -96, -929}, 0, {1330, -338}, {253, 253, 253, 255} }},
	{{ {-259, -96, -617}, 0, {2486, 817}, {253, 253, 253, 255} }},
	{{ {-209, -192, -645}, 0, {2387, 1128}, {132, 132, 132, 255} }},
	{{ {-800, -878, -1044}, 0, {-338, 1330}, {132, 132, 132, 255} }},
	{{ {-159, -878, -674}, 0, {1029, 2698}, {132, 132, 132, 255} }},
	{{ {-209, -192, -645}, 0, {1854, 595}, {132, 132, 132, 255} }},
	{{ {-259, -96, -617}, 0, {1997, 329}, {253, 253, 253, 255} }},
	{{ {-259, -96, 8}, 0, {663, -1005}, {253, 253, 253, 255} }},
	{{ {-209, -192, 37}, 0, {397, -862}, {132, 132, 132, 255} }},
	{{ {-159, -878, -674}, 0, {451, 2120}, {132, 132, 132, 255} }},
	{{ {-159, -878, 66}, 0, {-1128, 541}, {171, 171, 171, 255} }},
	{{ {-209, -192, 37}, 0, {2387, 1128}, {132, 132, 132, 255} }},
	{{ {-259, -96, 8}, 0, {2486, 817}, {253, 253, 253, 255} }},
	{{ {-800, -96, 321}, 0, {1330, -338}, {253, 253, 253, 255} }},
	{{ {-800, -192, 378}, 0, {1126, -134}, {132, 132, 132, 255} }},
	{{ {-159, -878, 66}, 0, {1029, 2698}, {171, 171, 171, 255} }},
	{{ {-800, -878, 435}, 0, {-338, 1330}, {139, 139, 139, 255} }},
	{{ {-800, -96, 321}, 0, {1330, -338}, {253, 253, 253, 255} }},
	{{ {-1341, -96, 8}, 0, {175, -1494}, {253, 253, 253, 255} }},
	{{ {-1391, -192, 37}, 0, {-136, -1395}, {132, 132, 132, 255} }},
	{{ {-800, -878, 435}, 0, {-338, 1330}, {139, 139, 139, 255} }},
	{{ {-1440, -878, 66}, 0, {-1706, -37}, {132, 132, 132, 255} }},
	{{ {-1391, -192, 37}, 0, {397, -862}, {132, 132, 132, 255} }},
	{{ {-1341, -96, 8}, 0, {663, -1005}, {253, 253, 253, 255} }},
	{{ {-1341, -96, -617}, 0, {1997, 329}, {253, 253, 253, 255} }},
	{{ {-1391, -192, -645}, 0, {1854, 595}, {132, 132, 132, 255} }},
	{{ {-1440, -878, 66}, 0, {-1128, 541}, {132, 132, 132, 255} }},
	{{ {-1440, -878, 66}, 0, {-1128, 541}, {132, 132, 132, 255} }},
	{{ {-1391, -192, -645}, 0, {1854, 595}, {132, 132, 132, 255} }},
	{{ {-1440, -878, -674}, 0, {451, 2120}, {132, 132, 132, 255} }},
	{{ {-1391, -192, -645}, 0, {-136, -1395}, {132, 132, 132, 255} }},
	{{ {-1341, -96, -617}, 0, {175, -1494}, {253, 253, 253, 255} }},
	{{ {-800, -96, -929}, 0, {1330, -338}, {253, 253, 253, 255} }},
	{{ {-800, -192, -986}, 0, {1126, -134}, {132, 132, 132, 255} }},
	{{ {-1440, -878, -674}, 0, {-1706, -37}, {132, 132, 132, 255} }},
	{{ {-800, -878, -1044}, 0, {-338, 1330}, {132, 132, 132, 255} }},
	{{ {-1367, -866, -1760}, 0, {1516, -1858}, {224, 224, 224, 255} }},
	{{ {-768, -868, -2170}, 0, {2692, -1638}, {131, 131, 131, 255} }},
	{{ {-1478, -868, -2034}, 0, {1706, -2307}, {131, 131, 131, 255} }},
	{{ {-770, -866, -1875}, 0, {2345, -1296}, {224, 224, 224, 255} }},
	{{ {-1289, -865, -1568}, 0, {1383, -1543}, {224, 224, 224, 255} }},
	{{ {-1728, -865, -1278}, 0, {533, -1718}, {224, 224, 224, 255} }},
	{{ {-1874, -865, -1426}, 0, {535, -2060}, {224, 224, 224, 255} }},
	{{ {-2082, -866, -1636}, 0, {538, -2547}, {131, 131, 131, 255} }},
	{{ {-2215, -863, -923}, 0, {-449, -1872}, {224, 224, 224, 255} }},
	{{ {-2487, -864, -1038}, 0, {-632, -2323}, {131, 131, 131, 255} }},
	{{ {-2338, -861, -328}, 0, {-1285, -1321}, {224, 224, 224, 255} }},
	{{ {-2633, -861, -330}, 0, {-1627, -1668}, {131, 131, 131, 255} }},
	{{ {-2223, -858, 268}, 0, {-1848, -492}, {224, 224, 224, 255} }},
	{{ {-2497, -858, 379}, 0, {-2296, -681}, {131, 131, 131, 255} }},
	{{ {-1889, -855, 776}, 0, {-2050, 489}, {224, 224, 224, 255} }},
	{{ {-2100, -855, 983}, 0, {-2537, 486}, {131, 131, 131, 255} }},
	{{ {-1387, -853, 1117}, 0, {-1861, 1473}, {224, 224, 224, 255} }},
	{{ {-1502, -852, 1389}, 0, {-2313, 1656}, {139, 139, 139, 255} }},
	{{ {-792, -852, 1239}, 0, {-1311, 2310}, {224, 224, 224, 255} }},
	{{ {-794, -851, 1535}, 0, {-1657, 2652}, {139, 139, 139, 255} }},
	{{ {-195, -852, 1125}, 0, {-481, 2872}, {224, 224, 224, 255} }},
	{{ {-84, -851, 1399}, 0, {-671, 3321}, {139, 139, 139, 255} }},
	{{ {312, -854, 791}, 0, {500, 3074}, {155, 155, 155, 255} }},
	{{ {312, -854, 791}, 0, {500, 3074}, {155, 155, 155, 255} }},
	{{ {-84, -851, 1399}, 0, {-671, 3321}, {139, 139, 139, 255} }},
	{{ {520, -852, 1001}, 0, {496, 3561}, {131, 131, 131, 255} }},
	{{ {653, -856, 288}, 0, {1484, 2886}, {224, 224, 224, 255} }},
	{{ {926, -855, 403}, 0, {1667, 3337}, {131, 131, 131, 255} }},
	{{ {776, -858, -307}, 0, {2320, 2335}, {224, 224, 224, 255} }},
	{{ {1071, -858, -305}, 0, {2662, 2682}, {131, 131, 131, 255} }},
	{{ {662, -861, -903}, 0, {2883, 1506}, {224, 224, 224, 255} }},
	{{ {935, -861, -1015}, 0, {3331, 1695}, {131, 131, 131, 255} }},
	{{ {328, -864, -1411}, 0, {3085, 525}, {224, 224, 224, 255} }},
	{{ {538, -864, -1618}, 0, {3572, 528}, {131, 131, 131, 255} }},
	{{ {-175, -865, -1752}, 0, {2896, -459}, {224, 224, 224, 255} }},
	{{ {-60, -867, -2024}, 0, {3347, -642}, {131, 131, 131, 255} }},
	{{ {-770, -866, -1875}, 0, {2345, -1296}, {224, 224, 224, 255} }},
	{{ {-768, -868, -2170}, 0, {2692, -1638}, {131, 131, 131, 255} }},
	{{ {-772, -866, -1667}, 0, {2101, -1055}, {224, 224, 224, 255} }},
	{{ {-1289, -865, -1568}, 0, {1383, -1543}, {224, 224, 224, 255} }},
	{{ {-1177, -864, -1294}, 0, {1194, -1094}, {79, 79, 79, 255} }},
	{{ {-1521, -863, -1068}, 0, {529, -1231}, {79, 79, 79, 255} }},
	{{ {-1728, -865, -1278}, 0, {533, -1718}, {224, 224, 224, 255} }},
	{{ {-1752, -862, -728}, 0, {-137, -1103}, {79, 79, 79, 255} }},
	{{ {-2024, -863, -842}, 0, {-320, -1554}, {224, 224, 224, 255} }},
	{{ {-1874, -865, -1426}, 0, {535, -2060}, {224, 224, 224, 255} }},
	{{ {-2215, -863, -923}, 0, {-449, -1872}, {224, 224, 224, 255} }},
	{{ {-2130, -860, -327}, 0, {-1045, -1077}, {224, 224, 224, 255} }},
	{{ {-2338, -861, -328}, 0, {-1285, -1321}, {224, 224, 224, 255} }},
	{{ {-2031, -858, 190}, 0, {-1532, -359}, {224, 224, 224, 255} }},
	{{ {-2223, -858, 268}, 0, {-1848, -492}, {224, 224, 224, 255} }},
	{{ {-1742, -856, 630}, 0, {-1707, 492}, {224, 224, 224, 255} }},
	{{ {-1889, -855, 776}, 0, {-2050, 489}, {224, 224, 224, 255} }},
	{{ {-1306, -854, 925}, 0, {-1544, 1344}, {224, 224, 224, 255} }},
	{{ {-1387, -853, 1117}, 0, {-1861, 1473}, {224, 224, 224, 255} }},
	{{ {-1387, -853, 1117}, 0, {-1861, 1473}, {224, 224, 224, 255} }},
	{{ {-790, -853, 1032}, 0, {-1067, 2069}, {224, 224, 224, 255} }},
	{{ {-1306, -854, 925}, 0, {-1544, 1344}, {224, 224, 224, 255} }},
	{{ {-792, -852, 1239}, 0, {-1311, 2310}, {224, 224, 224, 255} }},
	{{ {-273, -853, 933}, 0, {-348, 2557}, {224, 224, 224, 255} }},
	{{ {-195, -852, 1125}, 0, {-481, 2872}, {224, 224, 224, 255} }},
	{{ {167, -854, 643}, 0, {502, 2732}, {224, 224, 224, 255} }},
	{{ {312, -854, 791}, 0, {500, 3074}, {155, 155, 155, 255} }},
	{{ {462, -856, 207}, 0, {1355, 2568}, {224, 224, 224, 255} }},
	{{ {653, -856, 288}, 0, {1484, 2886}, {224, 224, 224, 255} }},
	{{ {568, -858, -308}, 0, {2080, 2091}, {224, 224, 224, 255} }},
	{{ {776, -858, -307}, 0, {2320, 2335}, {224, 224, 224, 255} }},
	{{ {469, -861, -825}, 0, {2567, 1373}, {224, 224, 224, 255} }},
	{{ {662, -861, -903}, 0, {2883, 1506}, {224, 224, 224, 255} }},
	{{ {180, -863, -1265}, 0, {2742, 522}, {224, 224, 224, 255} }},
	{{ {328, -864, -1411}, 0, {3085, 525}, {224, 224, 224, 255} }},
	{{ {-256, -865, -1561}, 0, {2579, -330}, {224, 224, 224, 255} }},
	{{ {-175, -865, -1752}, 0, {2896, -459}, {224, 224, 224, 255} }},
	{{ {-772, -866, -1667}, 0, {2101, -1055}, {224, 224, 224, 255} }},
	{{ {-774, -864, -1371}, 0, {1755, -713}, {79, 79, 79, 255} }},
	{{ {-1177, -864, -1294}, 0, {1194, -1094}, {79, 79, 79, 255} }},
	{{ {-371, -864, -1288}, 0, {2128, -147}, {79, 79, 79, 255} }},
	{{ {-31, -862, -1058}, 0, {2255, 519}, {79, 79, 79, 255} }},
	{{ {196, -860, -714}, 0, {2118, 1183}, {79, 79, 79, 255} }},
	{{ {273, -859, -310}, 0, {1738, 1744}, {79, 79, 79, 255} }},
	{{ {190, -857, 92}, 0, {1171, 2117}, {79, 79, 79, 255} }},
	{{ {-41, -855, 433}, 0, {505, 2245}, {79, 79, 79, 255} }},
	{{ {-384, -855, 659}, 0, {-159, 2108}, {79, 79, 79, 255} }},
	{{ {-788, -855, 736}, 0, {-720, 1727}, {79, 79, 79, 255} }},
	{{ {-1191, -855, 653}, 0, {-1093, 1161}, {79, 79, 79, 255} }},
	{{ {-1742, -856, 630}, 0, {-1707, 492}, {224, 224, 224, 255} }},
	{{ {-1531, -857, 423}, 0, {-1220, 495}, {79, 79, 79, 255} }},
	{{ {-2031, -858, 190}, 0, {-1532, -359}, {224, 224, 224, 255} }},
	{{ {-1742, -856, 630}, 0, {-1707, 492}, {224, 224, 224, 255} }},
	{{ {-1531, -857, 423}, 0, {-1220, 495}, {79, 79, 79, 255} }},
	{{ {-1757, -858, 79}, 0, {-1084, -169}, {79, 79, 79, 255} }},
	{{ {-2130, -860, -327}, 0, {-1045, -1077}, {224, 224, 224, 255} }},
	{{ {-1835, -860, -325}, 0, {-703, -730}, {79, 79, 79, 255} }},
	{{ {-2024, -863, -842}, 0, {-320, -1554}, {224, 224, 224, 255} }},
	{{ {-1752, -862, -728}, 0, {-137, -1103}, {79, 79, 79, 255} }},
};

Gfx castle_grounds_dl_Circle_mesh_layer_1_tri_1[] = {
	gsSPVertex(castle_grounds_dl_Circle_mesh_layer_1_vtx_1 + 0, 30, 0),
	gsSP2Triangles(0, 1, 2, 0, 3, 4, 5, 0),
	gsSP2Triangles(6, 7, 8, 0, 9, 10, 11, 0),
	gsSP2Triangles(12, 13, 14, 0, 15, 16, 17, 0),
	gsSP2Triangles(18, 19, 20, 0, 21, 22, 23, 0),
	gsSP2Triangles(24, 25, 26, 0, 27, 28, 29, 0),
	gsSPVertex(castle_grounds_dl_Circle_mesh_layer_1_vtx_1 + 30, 30, 0),
	gsSP2Triangles(0, 1, 2, 0, 3, 4, 5, 0),
	gsSP2Triangles(6, 7, 8, 0, 9, 10, 11, 0),
	gsSP2Triangles(12, 13, 14, 0, 15, 16, 17, 0),
	gsSP2Triangles(18, 19, 20, 0, 21, 22, 23, 0),
	gsSP2Triangles(24, 25, 26, 0, 27, 28, 29, 0),
	gsSPVertex(castle_grounds_dl_Circle_mesh_layer_1_vtx_1 + 60, 30, 0),
	gsSP2Triangles(0, 1, 2, 0, 3, 4, 5, 0),
	gsSP2Triangles(6, 7, 8, 0, 9, 10, 11, 0),
	gsSP2Triangles(12, 13, 14, 0, 15, 16, 17, 0),
	gsSP2Triangles(18, 19, 20, 0, 21, 22, 23, 0),
	gsSP2Triangles(24, 25, 26, 0, 27, 28, 29, 0),
	gsSPVertex(castle_grounds_dl_Circle_mesh_layer_1_vtx_1 + 90, 32, 0),
	gsSP2Triangles(0, 1, 2, 0, 3, 4, 5, 0),
	gsSP2Triangles(6, 7, 8, 0, 9, 10, 7, 0),
	gsSP2Triangles(11, 12, 10, 0, 13, 14, 12, 0),
	gsSP2Triangles(15, 16, 14, 0, 17, 8, 16, 0),
	gsSP2Triangles(18, 19, 20, 0, 18, 20, 21, 0),
	gsSP2Triangles(22, 18, 21, 0, 22, 21, 23, 0),
	gsSP2Triangles(24, 22, 23, 0, 24, 23, 25, 0),
	gsSP2Triangles(26, 24, 25, 0, 26, 25, 27, 0),
	gsSP2Triangles(28, 29, 30, 0, 28, 31, 29, 0),
	gsSPVertex(castle_grounds_dl_Circle_mesh_layer_1_vtx_1 + 122, 32, 0),
	gsSP2Triangles(0, 1, 2, 0, 0, 3, 1, 0),
	gsSP2Triangles(3, 4, 1, 0, 3, 5, 4, 0),
	gsSP2Triangles(5, 6, 4, 0, 5, 7, 6, 0),
	gsSP2Triangles(8, 9, 10, 0, 8, 11, 9, 0),
	gsSP2Triangles(11, 12, 9, 0, 11, 13, 12, 0),
	gsSP2Triangles(13, 14, 12, 0, 13, 15, 14, 0),
	gsSP2Triangles(15, 16, 14, 0, 15, 17, 16, 0),
	gsSP2Triangles(18, 19, 20, 0, 18, 21, 19, 0),
	gsSP2Triangles(21, 22, 19, 0, 21, 23, 22, 0),
	gsSP2Triangles(23, 24, 22, 0, 23, 25, 24, 0),
	gsSP2Triangles(25, 26, 24, 0, 25, 27, 26, 0),
	gsSP2Triangles(28, 29, 30, 0, 28, 30, 31, 0),
	gsSPVertex(castle_grounds_dl_Circle_mesh_layer_1_vtx_1 + 154, 31, 0),
	gsSP2Triangles(0, 1, 2, 0, 3, 2, 4, 0),
	gsSP2Triangles(2, 5, 4, 0, 2, 6, 5, 0),
	gsSP2Triangles(5, 7, 4, 0, 4, 8, 9, 0),
	gsSP2Triangles(4, 9, 10, 0, 9, 11, 10, 0),
	gsSP2Triangles(4, 10, 3, 0, 10, 12, 3, 0),
	gsSP2Triangles(10, 13, 12, 0, 12, 14, 3, 0),
	gsSP2Triangles(15, 16, 17, 0, 15, 17, 18, 0),
	gsSP2Triangles(19, 20, 21, 0, 19, 21, 22, 0),
	gsSP2Triangles(23, 24, 25, 0, 23, 25, 26, 0),
	gsSP2Triangles(27, 28, 29, 0, 27, 29, 30, 0),
	gsSPVertex(castle_grounds_dl_Circle_mesh_layer_1_vtx_1 + 185, 32, 0),
	gsSP2Triangles(0, 1, 2, 0, 0, 2, 3, 0),
	gsSP2Triangles(4, 5, 6, 0, 4, 6, 7, 0),
	gsSP2Triangles(8, 9, 10, 0, 8, 10, 11, 0),
	gsSP2Triangles(12, 13, 14, 0, 12, 14, 15, 0),
	gsSP2Triangles(16, 17, 18, 0, 16, 18, 19, 0),
	gsSP2Triangles(20, 21, 22, 0, 20, 22, 23, 0),
	gsSP2Triangles(24, 25, 26, 0, 24, 26, 27, 0),
	gsSP2Triangles(28, 29, 30, 0, 28, 30, 31, 0),
	gsSPVertex(castle_grounds_dl_Circle_mesh_layer_1_vtx_1 + 217, 32, 0),
	gsSP2Triangles(0, 1, 2, 0, 0, 2, 3, 0),
	gsSP2Triangles(4, 5, 6, 0, 4, 6, 7, 0),
	gsSP2Triangles(8, 9, 10, 0, 8, 10, 11, 0),
	gsSP2Triangles(12, 13, 14, 0, 12, 14, 15, 0),
	gsSP2Triangles(16, 17, 18, 0, 16, 18, 19, 0),
	gsSP2Triangles(20, 21, 22, 0, 20, 22, 23, 0),
	gsSP2Triangles(24, 25, 26, 0, 24, 26, 27, 0),
	gsSP2Triangles(28, 29, 30, 0, 28, 30, 31, 0),
	gsSPVertex(castle_grounds_dl_Circle_mesh_layer_1_vtx_1 + 249, 32, 0),
	gsSP2Triangles(0, 1, 2, 0, 0, 2, 3, 0),
	gsSP2Triangles(4, 5, 6, 0, 4, 6, 7, 0),
	gsSP2Triangles(8, 9, 10, 0, 8, 10, 11, 0),
	gsSP2Triangles(12, 13, 14, 0, 12, 14, 15, 0),
	gsSP2Triangles(16, 17, 18, 0, 16, 18, 19, 0),
	gsSP2Triangles(20, 21, 22, 0, 20, 22, 23, 0),
	gsSP2Triangles(24, 25, 26, 0, 24, 26, 27, 0),
	gsSP2Triangles(28, 29, 30, 0, 28, 30, 31, 0),
	gsSPVertex(castle_grounds_dl_Circle_mesh_layer_1_vtx_1 + 281, 32, 0),
	gsSP2Triangles(0, 1, 2, 0, 0, 2, 3, 0),
	gsSP2Triangles(4, 5, 6, 0, 4, 6, 7, 0),
	gsSP2Triangles(8, 9, 10, 0, 8, 10, 11, 0),
	gsSP2Triangles(12, 13, 14, 0, 12, 14, 15, 0),
	gsSP2Triangles(16, 17, 18, 0, 16, 18, 19, 0),
	gsSP2Triangles(20, 21, 22, 0, 20, 22, 23, 0),
	gsSP2Triangles(24, 25, 26, 0, 24, 26, 27, 0),
	gsSP2Triangles(28, 29, 30, 0, 28, 30, 31, 0),
	gsSPVertex(castle_grounds_dl_Circle_mesh_layer_1_vtx_1 + 313, 32, 0),
	gsSP2Triangles(0, 1, 2, 0, 0, 2, 3, 0),
	gsSP2Triangles(4, 5, 6, 0, 4, 6, 7, 0),
	gsSP2Triangles(8, 9, 10, 0, 8, 10, 11, 0),
	gsSP2Triangles(12, 13, 14, 0, 12, 14, 15, 0),
	gsSP2Triangles(16, 17, 18, 0, 16, 18, 19, 0),
	gsSP2Triangles(20, 21, 22, 0, 20, 22, 23, 0),
	gsSP2Triangles(24, 25, 26, 0, 24, 26, 27, 0),
	gsSP2Triangles(28, 29, 30, 0, 28, 30, 31, 0),
	gsSPVertex(castle_grounds_dl_Circle_mesh_layer_1_vtx_1 + 345, 31, 0),
	gsSP2Triangles(0, 1, 2, 0, 0, 2, 3, 0),
	gsSP2Triangles(4, 5, 6, 0, 4, 6, 7, 0),
	gsSP2Triangles(8, 9, 10, 0, 8, 10, 11, 0),
	gsSP2Triangles(12, 13, 14, 0, 12, 14, 15, 0),
	gsSP2Triangles(16, 17, 18, 0, 16, 18, 19, 0),
	gsSP2Triangles(20, 21, 22, 0, 20, 22, 23, 0),
	gsSP2Triangles(21, 24, 25, 0, 21, 25, 26, 0),
	gsSP2Triangles(27, 28, 29, 0, 27, 29, 30, 0),
	gsSPVertex(castle_grounds_dl_Circle_mesh_layer_1_vtx_1 + 376, 30, 0),
	gsSP2Triangles(0, 1, 2, 0, 0, 2, 3, 0),
	gsSP2Triangles(4, 5, 6, 0, 4, 6, 7, 0),
	gsSP2Triangles(8, 9, 10, 0, 8, 10, 11, 0),
	gsSP2Triangles(12, 13, 14, 0, 12, 14, 15, 0),
	gsSP2Triangles(16, 17, 18, 0, 16, 18, 19, 0),
	gsSP2Triangles(9, 20, 21, 0, 9, 21, 22, 0),
	gsSP2Triangles(20, 23, 24, 0, 20, 24, 25, 0),
	gsSP2Triangles(26, 27, 28, 0, 26, 28, 29, 0),
	gsSPVertex(castle_grounds_dl_Circle_mesh_layer_1_vtx_1 + 406, 30, 0),
	gsSP2Triangles(0, 1, 2, 0, 0, 2, 3, 0),
	gsSP2Triangles(4, 5, 6, 0, 4, 6, 7, 0),
	gsSP2Triangles(8, 9, 10, 0, 8, 10, 11, 0),
	gsSP2Triangles(12, 13, 14, 0, 12, 14, 15, 0),
	gsSP2Triangles(16, 17, 18, 0, 16, 18, 19, 0),
	gsSP2Triangles(9, 20, 21, 0, 9, 21, 22, 0),
	gsSP2Triangles(20, 23, 24, 0, 20, 24, 25, 0),
	gsSP2Triangles(26, 27, 28, 0, 26, 28, 29, 0),
	gsSPVertex(castle_grounds_dl_Circle_mesh_layer_1_vtx_1 + 436, 30, 0),
	gsSP2Triangles(0, 1, 2, 0, 0, 2, 3, 0),
	gsSP2Triangles(4, 5, 6, 0, 4, 6, 7, 0),
	gsSP2Triangles(8, 9, 10, 0, 8, 10, 11, 0),
	gsSP2Triangles(12, 13, 14, 0, 12, 14, 15, 0),
	gsSP2Triangles(16, 17, 18, 0, 16, 18, 19, 0),
	gsSP2Triangles(9, 20, 21, 0, 9, 21, 22, 0),
	gsSP2Triangles(20, 23, 24, 0, 20, 24, 25, 0),
	gsSP2Triangles(26, 27, 28, 0, 26, 28, 29, 0),
	gsSPVertex(castle_grounds_dl_Circle_mesh_layer_1_vtx_1 + 466, 32, 0),
	gsSP2Triangles(0, 1, 2, 0, 0, 2, 3, 0),
	gsSP2Triangles(4, 5, 6, 0, 4, 6, 7, 0),
	gsSP2Triangles(8, 9, 10, 0, 8, 10, 11, 0),
	gsSP2Triangles(12, 13, 14, 0, 12, 14, 15, 0),
	gsSP2Triangles(16, 17, 18, 0, 16, 18, 19, 0),
	gsSP2Triangles(20, 21, 19, 0, 20, 19, 22, 0),
	gsSP2Triangles(23, 24, 25, 0, 23, 25, 26, 0),
	gsSP2Triangles(27, 28, 29, 0, 27, 29, 18, 0),
	gsSP1Triangle(30, 31, 25, 0),
	gsSPVertex(castle_grounds_dl_Circle_mesh_layer_1_vtx_1 + 498, 31, 0),
	gsSP2Triangles(0, 1, 2, 0, 1, 3, 2, 0),
	gsSP2Triangles(1, 4, 3, 0, 4, 5, 3, 0),
	gsSP2Triangles(4, 6, 5, 0, 7, 8, 9, 0),
	gsSP2Triangles(7, 10, 8, 0, 10, 11, 8, 0),
	gsSP2Triangles(10, 12, 11, 0, 12, 13, 11, 0),
	gsSP2Triangles(12, 14, 13, 0, 15, 16, 17, 0),
	gsSP2Triangles(15, 17, 18, 0, 19, 20, 21, 0),
	gsSP2Triangles(19, 21, 13, 0, 22, 23, 24, 0),
	gsSP2Triangles(22, 24, 25, 0, 26, 22, 25, 0),
	gsSP2Triangles(26, 25, 17, 0, 27, 28, 29, 0),
	gsSP1Triangle(27, 29, 30, 0),
	gsSPVertex(castle_grounds_dl_Circle_mesh_layer_1_vtx_1 + 529, 32, 0),
	gsSP2Triangles(0, 1, 2, 0, 0, 2, 3, 0),
	gsSP2Triangles(4, 5, 6, 0, 4, 6, 7, 0),
	gsSP2Triangles(8, 4, 7, 0, 8, 7, 9, 0),
	gsSP2Triangles(10, 11, 12, 0, 10, 12, 13, 0),
	gsSP2Triangles(14, 10, 13, 0, 14, 13, 15, 0),
	gsSP2Triangles(16, 17, 18, 0, 16, 18, 19, 0),
	gsSP2Triangles(20, 16, 19, 0, 20, 19, 21, 0),
	gsSP2Triangles(19, 22, 23, 0, 19, 23, 24, 0),
	gsSP2Triangles(25, 19, 24, 0, 25, 24, 26, 0),
	gsSP2Triangles(27, 28, 29, 0, 27, 29, 30, 0),
	gsSP1Triangle(31, 27, 30, 0),
	gsSPVertex(castle_grounds_dl_Circle_mesh_layer_1_vtx_1 + 561, 32, 0),
	gsSP2Triangles(0, 1, 2, 0, 3, 4, 5, 0),
	gsSP2Triangles(3, 5, 6, 0, 7, 3, 6, 0),
	gsSP2Triangles(7, 6, 8, 0, 9, 10, 11, 0),
	gsSP2Triangles(9, 12, 10, 0, 12, 9, 13, 0),
	gsSP2Triangles(9, 14, 13, 0, 9, 15, 14, 0),
	gsSP2Triangles(15, 9, 11, 0, 15, 11, 16, 0),
	gsSP2Triangles(17, 15, 16, 0, 17, 16, 18, 0),
	gsSP2Triangles(19, 17, 18, 0, 19, 18, 20, 0),
	gsSP2Triangles(21, 19, 20, 0, 21, 20, 22, 0),
	gsSP2Triangles(23, 21, 22, 0, 23, 22, 24, 0),
	gsSP2Triangles(25, 23, 24, 0, 25, 24, 26, 0),
	gsSP2Triangles(27, 25, 26, 0, 27, 26, 28, 0),
	gsSP2Triangles(29, 27, 28, 0, 29, 28, 30, 0),
	gsSP1Triangle(31, 29, 30, 0),
	gsSPVertex(castle_grounds_dl_Circle_mesh_layer_1_vtx_1 + 593, 32, 0),
	gsSP2Triangles(0, 1, 2, 0, 3, 0, 2, 0),
	gsSP2Triangles(3, 2, 4, 0, 5, 3, 4, 0),
	gsSP2Triangles(5, 4, 6, 0, 7, 5, 6, 0),
	gsSP2Triangles(7, 6, 8, 0, 9, 7, 8, 0),
	gsSP2Triangles(9, 8, 10, 0, 11, 9, 10, 0),
	gsSP2Triangles(11, 10, 12, 0, 13, 11, 12, 0),
	gsSP2Triangles(13, 12, 14, 0, 11, 13, 15, 0),
	gsSP2Triangles(13, 16, 15, 0, 15, 16, 17, 0),
	gsSP2Triangles(16, 18, 17, 0, 16, 19, 18, 0),
	gsSP2Triangles(19, 20, 18, 0, 19, 21, 20, 0),
	gsSP2Triangles(22, 21, 19, 0, 22, 23, 21, 0),
	gsSP2Triangles(23, 24, 21, 0, 23, 25, 24, 0),
	gsSP2Triangles(25, 26, 24, 0, 25, 27, 26, 0),
	gsSP2Triangles(27, 28, 26, 0, 27, 29, 28, 0),
	gsSP2Triangles(29, 30, 28, 0, 29, 31, 30, 0),
	gsSPVertex(castle_grounds_dl_Circle_mesh_layer_1_vtx_1 + 625, 32, 0),
	gsSP2Triangles(0, 1, 2, 0, 0, 3, 1, 0),
	gsSP2Triangles(3, 4, 1, 0, 3, 5, 4, 0),
	gsSP2Triangles(5, 6, 4, 0, 5, 7, 6, 0),
	gsSP2Triangles(7, 8, 6, 0, 7, 9, 8, 0),
	gsSP2Triangles(9, 10, 8, 0, 9, 11, 10, 0),
	gsSP2Triangles(11, 12, 10, 0, 11, 13, 12, 0),
	gsSP2Triangles(13, 14, 12, 0, 13, 15, 14, 0),
	gsSP2Triangles(15, 16, 14, 0, 15, 17, 16, 0),
	gsSP2Triangles(17, 18, 16, 0, 16, 18, 19, 0),
	gsSP2Triangles(18, 20, 19, 0, 16, 19, 21, 0),
	gsSP2Triangles(14, 16, 21, 0, 14, 21, 22, 0),
	gsSP2Triangles(12, 14, 22, 0, 12, 22, 23, 0),
	gsSP2Triangles(10, 12, 23, 0, 10, 23, 24, 0),
	gsSP2Triangles(8, 10, 24, 0, 8, 24, 25, 0),
	gsSP2Triangles(6, 8, 25, 0, 6, 25, 26, 0),
	gsSP2Triangles(4, 6, 26, 0, 4, 26, 27, 0),
	gsSP2Triangles(1, 4, 27, 0, 1, 27, 28, 0),
	gsSP2Triangles(2, 1, 28, 0, 2, 28, 29, 0),
	gsSP2Triangles(30, 2, 29, 0, 30, 29, 31, 0),
	gsSPVertex(castle_grounds_dl_Circle_mesh_layer_1_vtx_1 + 657, 8, 0),
	gsSP2Triangles(0, 1, 2, 0, 0, 2, 3, 0),
	gsSP2Triangles(4, 0, 3, 0, 4, 3, 5, 0),
	gsSP2Triangles(6, 4, 5, 0, 6, 5, 7, 0),
	gsSPEndDisplayList(),
};

Vtx castle_grounds_dl_Circle_mesh_layer_1_vtx_2[32] = {
	{{ {-1042, -107, -93}, 0, {98, 446}, {255, 255, 255, 255} }},
	{{ {-965, 73, -213}, 0, {475, 623}, {192, 192, 192, 255} }},
	{{ {-965, 73, -397}, 0, {475, 1393}, {192, 192, 192, 255} }},
	{{ {-1042, -107, -527}, 0, {98, 1570}, {255, 255, 255, 255} }},
	{{ {-1042, -107, -527}, 0, {98, -16}, {255, 255, 255, 255} }},
	{{ {-965, 73, -397}, 0, {475, 307}, {192, 192, 192, 255} }},
	{{ {-630, 73, -397}, 0, {475, 1709}, {192, 192, 192, 255} }},
	{{ {-552, -107, -527}, 0, {98, 2032}, {255, 255, 255, 255} }},
	{{ {-552, -107, -527}, 0, {98, 1570}, {255, 255, 255, 255} }},
	{{ {-630, 73, -397}, 0, {475, 1393}, {192, 192, 192, 255} }},
	{{ {-630, 73, -213}, 0, {475, 623}, {192, 192, 192, 255} }},
	{{ {-552, -107, -93}, 0, {98, 446}, {255, 255, 255, 255} }},
	{{ {-552, -107, -93}, 0, {98, 2032}, {255, 255, 255, 255} }},
	{{ {-630, 73, -213}, 0, {475, 1709}, {192, 192, 192, 255} }},
	{{ {-965, 73, -213}, 0, {475, 307}, {192, 192, 192, 255} }},
	{{ {-1042, -107, -93}, 0, {98, -16}, {255, 255, 255, 255} }},
	{{ {-630, 73, -397}, 0, {838, 1709}, {192, 192, 192, 255} }},
	{{ {-965, 73, -397}, 0, {838, 307}, {192, 192, 192, 255} }},
	{{ {-965, 73, -213}, 0, {453, 307}, {192, 192, 192, 255} }},
	{{ {-630, 73, -213}, 0, {453, 1709}, {192, 192, 192, 255} }},
	{{ {-725, 186, -305}, 0, {372, 1462}, {216, 216, 216, 255} }},
	{{ {-802, 211, -247}, 0, {446, 1008}, {216, 216, 216, 255} }},
	{{ {-697, 67, -305}, 0, {20, 1627}, {216, 216, 216, 255} }},
	{{ {-633, 266, -305}, 0, {608, 2010}, {255, 255, 255, 255} }},
	{{ {-802, 211, -354}, 0, {446, 1008}, {190, 190, 190, 255} }},
	{{ {-802, 130, -305}, 0, {207, 1008}, {216, 216, 216, 255} }},
	{{ {-907, 67, -305}, 0, {20, 389}, {216, 216, 216, 255} }},
	{{ {-879, 186, -305}, 0, {372, 554}, {216, 216, 216, 255} }},
	{{ {-971, 266, -305}, 0, {608, 6}, {255, 255, 255, 255} }},
	{{ {-849, 276, -305}, 0, {639, 727}, {136, 136, 136, 255} }},
	{{ {-802, 389, -305}, 0, {972, 1008}, {255, 255, 255, 255} }},
	{{ {-755, 276, -305}, 0, {639, 1289}, {136, 136, 136, 255} }},
};

Gfx castle_grounds_dl_Circle_mesh_layer_1_tri_2[] = {
	gsSPVertex(castle_grounds_dl_Circle_mesh_layer_1_vtx_2 + 0, 32, 0),
	gsSP2Triangles(0, 1, 2, 0, 0, 2, 3, 0),
	gsSP2Triangles(4, 5, 6, 0, 4, 6, 7, 0),
	gsSP2Triangles(8, 9, 10, 0, 8, 10, 11, 0),
	gsSP2Triangles(12, 13, 14, 0, 12, 14, 15, 0),
	gsSP2Triangles(16, 17, 18, 0, 16, 18, 19, 0),
	gsSP2Triangles(20, 21, 22, 0, 23, 21, 20, 0),
	gsSP2Triangles(23, 20, 24, 0, 20, 22, 24, 0),
	gsSP2Triangles(22, 25, 24, 0, 22, 21, 25, 0),
	gsSP2Triangles(25, 21, 26, 0, 26, 21, 27, 0),
	gsSP2Triangles(27, 21, 28, 0, 28, 21, 29, 0),
	gsSP2Triangles(29, 21, 30, 0, 30, 21, 31, 0),
	gsSP2Triangles(31, 21, 23, 0, 31, 23, 24, 0),
	gsSP2Triangles(30, 31, 24, 0, 29, 30, 24, 0),
	gsSP2Triangles(28, 29, 24, 0, 27, 28, 24, 0),
	gsSP2Triangles(26, 27, 24, 0, 25, 26, 24, 0),
	gsSPEndDisplayList(),
};

Vtx castle_grounds_dl_Circle_mesh_layer_1_vtx_3[4] = {
	{{ {-699, -67, -119}, 0, {992, 918}, {255, 255, 255, 255} }},
	{{ {-692, 46, -193}, 0, {992, 74}, {255, 255, 255, 255} }},
	{{ {-872, 53, -192}, 0, {0, 74}, {255, 255, 255, 255} }},
	{{ {-879, -60, -118}, 0, {0, 918}, {255, 255, 255, 255} }},
};

Gfx castle_grounds_dl_Circle_mesh_layer_1_tri_3[] = {
	gsSPVertex(castle_grounds_dl_Circle_mesh_layer_1_vtx_3 + 0, 4, 0),
	gsSP2Triangles(0, 1, 2, 0, 0, 2, 3, 0),
	gsSPEndDisplayList(),
};

Vtx castle_grounds_dl_Circle_mesh_layer_1_vtx_4[220] = {
	{{ {3170, 229, -1453}, 0, {240, 121}, {239, 255, 238, 255} }},
	{{ {3171, 348, -1455}, 0, {240, -16}, {255, 209, 203, 255} }},
	{{ {3137, 348, -1507}, 0, {752, -16}, {255, 209, 203, 255} }},
	{{ {3135, 229, -1507}, 0, {752, 121}, {239, 255, 238, 255} }},
	{{ {3168, 69, -1450}, 0, {240, 393}, {135, 203, 140, 255} }},
	{{ {3131, 69, -1507}, 0, {752, 393}, {135, 203, 140, 255} }},
	{{ {3166, -103, -1446}, 0, {240, 692}, {51, 144, 55, 255} }},
	{{ {3126, -103, -1507}, 0, {752, 692}, {51, 144, 55, 255} }},
	{{ {3133, -286, -1377}, 0, {240, 1008}, {51, 144, 55, 255} }},
	{{ {3052, -286, -1503}, 0, {752, 1008}, {51, 144, 55, 255} }},
	{{ {3135, 229, -1507}, 0, {939, 121}, {239, 255, 238, 255} }},
	{{ {3137, 348, -1507}, 0, {939, -16}, {255, 209, 203, 255} }},
	{{ {3165, 348, -1563}, 0, {496, -16}, {255, 209, 203, 255} }},
	{{ {3164, 229, -1564}, 0, {496, 121}, {239, 255, 238, 255} }},
	{{ {3227, 348, -1566}, 0, {53, -16}, {255, 209, 203, 255} }},
	{{ {3228, 229, -1568}, 0, {53, 121}, {239, 255, 238, 255} }},
	{{ {3162, 69, -1568}, 0, {496, 393}, {135, 203, 140, 255} }},
	{{ {3230, 69, -1571}, 0, {53, 393}, {135, 203, 140, 255} }},
	{{ {3160, -103, -1571}, 0, {496, 692}, {51, 144, 55, 255} }},
	{{ {3232, -103, -1575}, 0, {53, 692}, {51, 144, 55, 255} }},
	{{ {3120, -286, -1636}, 0, {496, 1008}, {51, 144, 55, 255} }},
	{{ {3269, -286, -1643}, 0, {53, 1008}, {51, 144, 55, 255} }},
	{{ {3052, -286, -1503}, 0, {939, 1008}, {51, 144, 55, 255} }},
	{{ {3126, -103, -1507}, 0, {939, 692}, {51, 144, 55, 255} }},
	{{ {3131, 69, -1507}, 0, {939, 393}, {135, 203, 140, 255} }},
	{{ {3269, -286, -1643}, 0, {752, 1008}, {51, 144, 55, 255} }},
	{{ {3271, -103, -1514}, 0, {240, 692}, {51, 144, 55, 255} }},
	{{ {3350, -286, -1517}, 0, {240, 1008}, {51, 144, 55, 255} }},
	{{ {3232, -103, -1575}, 0, {752, 692}, {51, 144, 55, 255} }},
	{{ {3267, 69, -1514}, 0, {240, 393}, {153, 231, 159, 255} }},
	{{ {3230, 69, -1571}, 0, {752, 393}, {135, 203, 140, 255} }},
	{{ {3263, 229, -1514}, 0, {240, 121}, {239, 255, 238, 255} }},
	{{ {3230, 69, -1571}, 0, {752, 393}, {135, 203, 140, 255} }},
	{{ {3228, 229, -1568}, 0, {752, 121}, {239, 255, 238, 255} }},
	{{ {3263, 229, -1514}, 0, {240, 121}, {239, 255, 238, 255} }},
	{{ {3261, 348, -1513}, 0, {240, -16}, {255, 209, 203, 255} }},
	{{ {3227, 348, -1566}, 0, {752, -16}, {255, 209, 203, 255} }},
	{{ {3263, 229, -1514}, 0, {53, 121}, {239, 255, 238, 255} }},
	{{ {3261, 348, -1513}, 0, {53, -16}, {255, 209, 203, 255} }},
	{{ {3233, 348, -1458}, 0, {496, -16}, {255, 209, 203, 255} }},
	{{ {3234, 229, -1456}, 0, {496, 121}, {239, 255, 238, 255} }},
	{{ {3171, 348, -1455}, 0, {939, -16}, {255, 209, 203, 255} }},
	{{ {3170, 229, -1453}, 0, {939, 121}, {239, 255, 238, 255} }},
	{{ {3236, 69, -1453}, 0, {496, 393}, {135, 203, 140, 255} }},
	{{ {3168, 69, -1450}, 0, {939, 393}, {135, 203, 140, 255} }},
	{{ {3238, -103, -1449}, 0, {496, 692}, {51, 144, 55, 255} }},
	{{ {3166, -103, -1446}, 0, {939, 692}, {51, 144, 55, 255} }},
	{{ {3282, -286, -1384}, 0, {496, 1008}, {51, 144, 55, 255} }},
	{{ {3133, -286, -1377}, 0, {939, 1008}, {51, 144, 55, 255} }},
	{{ {3350, -286, -1517}, 0, {53, 1008}, {51, 144, 55, 255} }},
	{{ {3271, -103, -1514}, 0, {53, 692}, {51, 144, 55, 255} }},
	{{ {3267, 69, -1514}, 0, {53, 393}, {153, 231, 159, 255} }},
	{{ {2909, 360, 581}, 0, {240, 121}, {239, 255, 238, 255} }},
	{{ {2909, 513, 578}, 0, {240, -16}, {255, 209, 203, 255} }},
	{{ {2840, 513, 537}, 0, {752, -16}, {255, 209, 203, 255} }},
	{{ {2838, 360, 539}, 0, {752, 121}, {239, 255, 238, 255} }},
	{{ {2909, 154, 586}, 0, {240, 393}, {135, 203, 140, 255} }},
	{{ {2834, 154, 541}, 0, {752, 393}, {135, 203, 140, 255} }},
	{{ {2909, -66, 591}, 0, {240, 692}, {51, 144, 55, 255} }},
	{{ {2829, -66, 544}, 0, {752, 692}, {51, 144, 55, 255} }},
	{{ {2910, -302, 689}, 0, {240, 1008}, {51, 144, 55, 255} }},
	{{ {2745, -302, 591}, 0, {752, 1008}, {51, 144, 55, 255} }},
	{{ {2838, 360, 539}, 0, {939, 121}, {239, 255, 238, 255} }},
	{{ {2840, 513, 537}, 0, {939, -16}, {255, 209, 203, 255} }},
	{{ {2841, 513, 457}, 0, {496, -16}, {255, 209, 203, 255} }},
	{{ {2839, 360, 456}, 0, {496, 121}, {239, 255, 238, 255} }},
	{{ {2911, 513, 418}, 0, {53, -16}, {255, 209, 203, 255} }},
	{{ {2911, 360, 416}, 0, {53, 121}, {239, 255, 238, 255} }},
	{{ {2835, 154, 454}, 0, {496, 393}, {135, 203, 140, 255} }},
	{{ {2911, 154, 411}, 0, {53, 393}, {135, 203, 140, 255} }},
	{{ {2830, -66, 451}, 0, {496, 692}, {51, 144, 55, 255} }},
	{{ {2911, -66, 405}, 0, {53, 692}, {51, 144, 55, 255} }},
	{{ {2748, -302, 400}, 0, {496, 1008}, {51, 144, 55, 255} }},
	{{ {2915, -302, 306}, 0, {53, 1008}, {51, 144, 55, 255} }},
	{{ {2745, -302, 591}, 0, {939, 1008}, {51, 144, 55, 255} }},
	{{ {2829, -66, 544}, 0, {939, 692}, {51, 144, 55, 255} }},
	{{ {2834, 154, 541}, 0, {939, 393}, {135, 203, 140, 255} }},
	{{ {2915, -302, 306}, 0, {752, 1008}, {51, 144, 55, 255} }},
	{{ {2991, -66, 453}, 0, {240, 692}, {51, 144, 55, 255} }},
	{{ {3080, -302, 403}, 0, {240, 1008}, {51, 144, 55, 255} }},
	{{ {2911, -66, 405}, 0, {752, 692}, {51, 144, 55, 255} }},
	{{ {2986, 154, 455}, 0, {240, 393}, {153, 231, 159, 255} }},
	{{ {2911, 154, 411}, 0, {752, 393}, {135, 203, 140, 255} }},
	{{ {2982, 360, 458}, 0, {240, 121}, {239, 255, 238, 255} }},
	{{ {2911, 360, 416}, 0, {752, 121}, {239, 255, 238, 255} }},
	{{ {2980, 513, 459}, 0, {240, -16}, {255, 209, 203, 255} }},
	{{ {2911, 513, 418}, 0, {752, -16}, {255, 209, 203, 255} }},
	{{ {2982, 360, 458}, 0, {53, 121}, {239, 255, 238, 255} }},
	{{ {2980, 513, 459}, 0, {53, -16}, {255, 209, 203, 255} }},
	{{ {2979, 513, 539}, 0, {496, -16}, {255, 209, 203, 255} }},
	{{ {2981, 360, 540}, 0, {496, 121}, {239, 255, 238, 255} }},
	{{ {2909, 513, 578}, 0, {939, -16}, {255, 209, 203, 255} }},
	{{ {2909, 360, 581}, 0, {939, 121}, {239, 255, 238, 255} }},
	{{ {2985, 154, 543}, 0, {496, 393}, {135, 203, 140, 255} }},
	{{ {2985, 154, 543}, 0, {496, 393}, {135, 203, 140, 255} }},
	{{ {2909, 360, 581}, 0, {939, 121}, {239, 255, 238, 255} }},
	{{ {2909, 154, 586}, 0, {939, 393}, {135, 203, 140, 255} }},
	{{ {2990, -66, 546}, 0, {496, 692}, {51, 144, 55, 255} }},
	{{ {2909, -66, 591}, 0, {939, 692}, {51, 144, 55, 255} }},
	{{ {3078, -302, 595}, 0, {496, 1008}, {51, 144, 55, 255} }},
	{{ {2910, -302, 689}, 0, {939, 1008}, {51, 144, 55, 255} }},
	{{ {3080, -302, 403}, 0, {53, 1008}, {51, 144, 55, 255} }},
	{{ {2991, -66, 453}, 0, {53, 692}, {51, 144, 55, 255} }},
	{{ {2986, 154, 455}, 0, {53, 393}, {153, 231, 159, 255} }},
	{{ {2981, 360, 540}, 0, {496, 121}, {239, 255, 238, 255} }},
	{{ {2982, 360, 458}, 0, {53, 121}, {239, 255, 238, 255} }},
	{{ {2102, 94, 893}, 0, {240, 121}, {239, 255, 238, 255} }},
	{{ {2102, 177, 892}, 0, {240, -16}, {255, 209, 203, 255} }},
	{{ {2065, 177, 870}, 0, {752, -16}, {255, 209, 203, 255} }},
	{{ {2064, 94, 871}, 0, {752, 121}, {239, 255, 238, 255} }},
	{{ {2102, -16, 896}, 0, {240, 393}, {135, 203, 140, 255} }},
	{{ {2061, -16, 872}, 0, {752, 393}, {135, 203, 140, 255} }},
	{{ {2102, -134, 899}, 0, {240, 692}, {51, 144, 55, 255} }},
	{{ {2058, -134, 874}, 0, {752, 692}, {51, 144, 55, 255} }},
	{{ {2102, -261, 952}, 0, {240, 1008}, {51, 144, 55, 255} }},
	{{ {2014, -261, 899}, 0, {752, 1008}, {51, 144, 55, 255} }},
	{{ {2064, 94, 871}, 0, {939, 121}, {239, 255, 238, 255} }},
	{{ {2065, 177, 870}, 0, {939, -16}, {255, 209, 203, 255} }},
	{{ {2065, 177, 827}, 0, {496, -16}, {255, 209, 203, 255} }},
	{{ {2064, 94, 827}, 0, {496, 121}, {239, 255, 238, 255} }},
	{{ {2103, 177, 806}, 0, {53, -16}, {255, 209, 203, 255} }},
	{{ {2103, 94, 805}, 0, {53, 121}, {239, 255, 238, 255} }},
	{{ {2062, -16, 825}, 0, {496, 393}, {135, 203, 140, 255} }},
	{{ {2103, -16, 802}, 0, {53, 393}, {135, 203, 140, 255} }},
	{{ {2059, -134, 824}, 0, {496, 692}, {51, 144, 55, 255} }},
	{{ {2103, -134, 799}, 0, {53, 692}, {51, 144, 55, 255} }},
	{{ {2015, -261, 796}, 0, {496, 1008}, {51, 144, 55, 255} }},
	{{ {2059, -134, 824}, 0, {496, 692}, {51, 144, 55, 255} }},
	{{ {2103, -134, 799}, 0, {53, 692}, {51, 144, 55, 255} }},
	{{ {2105, -261, 746}, 0, {53, 1008}, {51, 144, 55, 255} }},
	{{ {2014, -261, 899}, 0, {939, 1008}, {51, 144, 55, 255} }},
	{{ {2058, -134, 874}, 0, {939, 692}, {51, 144, 55, 255} }},
	{{ {2062, -16, 825}, 0, {496, 393}, {135, 203, 140, 255} }},
	{{ {2061, -16, 872}, 0, {939, 393}, {135, 203, 140, 255} }},
	{{ {2064, 94, 827}, 0, {496, 121}, {239, 255, 238, 255} }},
	{{ {2064, 94, 871}, 0, {939, 121}, {239, 255, 238, 255} }},
	{{ {2105, -261, 746}, 0, {752, 1008}, {51, 144, 55, 255} }},
	{{ {2146, -134, 825}, 0, {240, 692}, {51, 144, 55, 255} }},
	{{ {2193, -261, 798}, 0, {240, 1008}, {51, 144, 55, 255} }},
	{{ {2103, -134, 799}, 0, {752, 692}, {51, 144, 55, 255} }},
	{{ {2143, -16, 826}, 0, {240, 393}, {153, 231, 159, 255} }},
	{{ {2103, -16, 802}, 0, {752, 393}, {135, 203, 140, 255} }},
	{{ {2141, 94, 828}, 0, {240, 121}, {239, 255, 238, 255} }},
	{{ {2103, 94, 805}, 0, {752, 121}, {239, 255, 238, 255} }},
	{{ {2140, 177, 828}, 0, {240, -16}, {255, 209, 203, 255} }},
	{{ {2103, 177, 806}, 0, {752, -16}, {255, 209, 203, 255} }},
	{{ {2141, 94, 828}, 0, {53, 121}, {239, 255, 238, 255} }},
	{{ {2140, 177, 828}, 0, {53, -16}, {255, 209, 203, 255} }},
	{{ {2139, 177, 871}, 0, {496, -16}, {255, 209, 203, 255} }},
	{{ {2140, 94, 872}, 0, {496, 121}, {239, 255, 238, 255} }},
	{{ {2102, 177, 892}, 0, {939, -16}, {255, 209, 203, 255} }},
	{{ {2102, 94, 893}, 0, {939, 121}, {239, 255, 238, 255} }},
	{{ {2143, -16, 873}, 0, {496, 393}, {135, 203, 140, 255} }},
	{{ {2102, -16, 896}, 0, {939, 393}, {135, 203, 140, 255} }},
	{{ {2145, -134, 875}, 0, {496, 692}, {51, 144, 55, 255} }},
	{{ {2102, -134, 899}, 0, {939, 692}, {51, 144, 55, 255} }},
	{{ {2192, -261, 901}, 0, {496, 1008}, {51, 144, 55, 255} }},
	{{ {2102, -261, 952}, 0, {939, 1008}, {51, 144, 55, 255} }},
	{{ {2193, -261, 798}, 0, {53, 1008}, {51, 144, 55, 255} }},
	{{ {2145, -134, 875}, 0, {496, 692}, {51, 144, 55, 255} }},
	{{ {2192, -261, 901}, 0, {496, 1008}, {51, 144, 55, 255} }},
	{{ {2146, -134, 825}, 0, {53, 692}, {51, 144, 55, 255} }},
	{{ {2143, -16, 873}, 0, {496, 393}, {135, 203, 140, 255} }},
	{{ {2143, -16, 826}, 0, {53, 393}, {153, 231, 159, 255} }},
	{{ {2140, 94, 872}, 0, {496, 121}, {239, 255, 238, 255} }},
	{{ {2141, 94, 828}, 0, {53, 121}, {239, 255, 238, 255} }},
	{{ {2348, 94, -1422}, 0, {240, 121}, {239, 255, 238, 255} }},
	{{ {2348, 177, -1424}, 0, {240, -16}, {255, 209, 203, 255} }},
	{{ {2311, 177, -1445}, 0, {752, -16}, {255, 209, 203, 255} }},
	{{ {2310, 94, -1445}, 0, {752, 121}, {239, 255, 238, 255} }},
	{{ {2348, -16, -1419}, 0, {240, 393}, {135, 203, 140, 255} }},
	{{ {2307, -16, -1443}, 0, {752, 393}, {135, 203, 140, 255} }},
	{{ {2348, -134, -1416}, 0, {240, 692}, {51, 144, 55, 255} }},
	{{ {2304, -134, -1442}, 0, {752, 692}, {51, 144, 55, 255} }},
	{{ {2348, -261, -1364}, 0, {240, 1008}, {51, 144, 55, 255} }},
	{{ {2260, -261, -1416}, 0, {752, 1008}, {51, 144, 55, 255} }},
	{{ {2310, 94, -1445}, 0, {939, 121}, {239, 255, 238, 255} }},
	{{ {2311, 177, -1445}, 0, {939, -16}, {255, 209, 203, 255} }},
	{{ {2311, 177, -1488}, 0, {496, -16}, {255, 209, 203, 255} }},
	{{ {2310, 94, -1489}, 0, {496, 121}, {239, 255, 238, 255} }},
	{{ {2349, 177, -1509}, 0, {53, -16}, {255, 209, 203, 255} }},
	{{ {2349, 94, -1511}, 0, {53, 121}, {239, 255, 238, 255} }},
	{{ {2308, -16, -1490}, 0, {496, 393}, {135, 203, 140, 255} }},
	{{ {2349, -16, -1513}, 0, {53, 393}, {135, 203, 140, 255} }},
	{{ {2305, -134, -1492}, 0, {496, 692}, {51, 144, 55, 255} }},
	{{ {2349, -134, -1516}, 0, {53, 692}, {51, 144, 55, 255} }},
	{{ {2261, -261, -1519}, 0, {496, 1008}, {51, 144, 55, 255} }},
	{{ {2351, -261, -1570}, 0, {53, 1008}, {51, 144, 55, 255} }},
	{{ {2260, -261, -1416}, 0, {939, 1008}, {51, 144, 55, 255} }},
	{{ {2304, -134, -1442}, 0, {939, 692}, {51, 144, 55, 255} }},
	{{ {2304, -134, -1442}, 0, {939, 692}, {51, 144, 55, 255} }},
	{{ {2307, -16, -1443}, 0, {939, 393}, {135, 203, 140, 255} }},
	{{ {2308, -16, -1490}, 0, {496, 393}, {135, 203, 140, 255} }},
	{{ {2310, 94, -1489}, 0, {496, 121}, {239, 255, 238, 255} }},
	{{ {2310, 94, -1445}, 0, {939, 121}, {239, 255, 238, 255} }},
	{{ {2351, -261, -1570}, 0, {752, 1008}, {51, 144, 55, 255} }},
	{{ {2392, -134, -1491}, 0, {240, 692}, {51, 144, 55, 255} }},
	{{ {2440, -261, -1517}, 0, {240, 1008}, {51, 144, 55, 255} }},
	{{ {2349, -134, -1516}, 0, {752, 692}, {51, 144, 55, 255} }},
	{{ {2389, -16, -1489}, 0, {240, 393}, {153, 231, 159, 255} }},
	{{ {2349, -16, -1513}, 0, {752, 393}, {135, 203, 140, 255} }},
	{{ {2387, 94, -1488}, 0, {240, 121}, {239, 255, 238, 255} }},
	{{ {2349, 94, -1511}, 0, {752, 121}, {239, 255, 238, 255} }},
	{{ {2386, 177, -1487}, 0, {240, -16}, {255, 209, 203, 255} }},
	{{ {2349, 177, -1509}, 0, {752, -16}, {255, 209, 203, 255} }},
	{{ {2387, 94, -1488}, 0, {53, 121}, {239, 255, 238, 255} }},
	{{ {2386, 177, -1487}, 0, {53, -16}, {255, 209, 203, 255} }},
	{{ {2385, 177, -1445}, 0, {496, -16}, {255, 209, 203, 255} }},
	{{ {2386, 94, -1444}, 0, {496, 121}, {239, 255, 238, 255} }},
	{{ {2348, 177, -1424}, 0, {939, -16}, {255, 209, 203, 255} }},
	{{ {2348, 94, -1422}, 0, {939, 121}, {239, 255, 238, 255} }},
	{{ {2389, -16, -1442}, 0, {496, 393}, {135, 203, 140, 255} }},
	{{ {2348, -16, -1419}, 0, {939, 393}, {135, 203, 140, 255} }},
	{{ {2391, -134, -1441}, 0, {496, 692}, {51, 144, 55, 255} }},
	{{ {2348, -134, -1416}, 0, {939, 692}, {51, 144, 55, 255} }},
	{{ {2438, -261, -1414}, 0, {496, 1008}, {51, 144, 55, 255} }},
	{{ {2348, -261, -1364}, 0, {939, 1008}, {51, 144, 55, 255} }},
	{{ {2440, -261, -1517}, 0, {53, 1008}, {51, 144, 55, 255} }},
	{{ {2392, -134, -1491}, 0, {53, 692}, {51, 144, 55, 255} }},
	{{ {2389, -16, -1489}, 0, {53, 393}, {153, 231, 159, 255} }},
};

Gfx castle_grounds_dl_Circle_mesh_layer_1_tri_4[] = {
	gsSPVertex(castle_grounds_dl_Circle_mesh_layer_1_vtx_4 + 0, 32, 0),
	gsSP2Triangles(0, 1, 2, 0, 0, 2, 3, 0),
	gsSP2Triangles(4, 0, 3, 0, 4, 3, 5, 0),
	gsSP2Triangles(6, 4, 5, 0, 6, 5, 7, 0),
	gsSP2Triangles(8, 6, 7, 0, 8, 7, 9, 0),
	gsSP2Triangles(10, 11, 12, 0, 10, 12, 13, 0),
	gsSP2Triangles(13, 12, 14, 0, 13, 14, 15, 0),
	gsSP2Triangles(16, 13, 15, 0, 16, 15, 17, 0),
	gsSP2Triangles(18, 16, 17, 0, 18, 17, 19, 0),
	gsSP2Triangles(20, 18, 19, 0, 20, 19, 21, 0),
	gsSP2Triangles(22, 18, 20, 0, 22, 23, 18, 0),
	gsSP2Triangles(23, 16, 18, 0, 23, 24, 16, 0),
	gsSP2Triangles(24, 13, 16, 0, 24, 10, 13, 0),
	gsSP2Triangles(25, 26, 27, 0, 25, 28, 26, 0),
	gsSP2Triangles(28, 29, 26, 0, 28, 30, 29, 0),
	gsSP1Triangle(30, 31, 29, 0),
	gsSPVertex(castle_grounds_dl_Circle_mesh_layer_1_vtx_4 + 32, 30, 0),
	gsSP2Triangles(0, 1, 2, 0, 1, 3, 2, 0),
	gsSP2Triangles(1, 4, 3, 0, 5, 6, 7, 0),
	gsSP2Triangles(5, 7, 8, 0, 8, 7, 9, 0),
	gsSP2Triangles(8, 9, 10, 0, 11, 8, 10, 0),
	gsSP2Triangles(11, 10, 12, 0, 13, 11, 12, 0),
	gsSP2Triangles(13, 12, 14, 0, 15, 13, 14, 0),
	gsSP2Triangles(15, 14, 16, 0, 17, 13, 15, 0),
	gsSP2Triangles(17, 18, 13, 0, 18, 11, 13, 0),
	gsSP2Triangles(18, 19, 11, 0, 19, 8, 11, 0),
	gsSP2Triangles(19, 5, 8, 0, 20, 21, 22, 0),
	gsSP2Triangles(20, 22, 23, 0, 24, 20, 23, 0),
	gsSP2Triangles(24, 23, 25, 0, 26, 24, 25, 0),
	gsSP2Triangles(26, 25, 27, 0, 28, 26, 27, 0),
	gsSP1Triangle(28, 27, 29, 0),
	gsSPVertex(castle_grounds_dl_Circle_mesh_layer_1_vtx_4 + 62, 32, 0),
	gsSP2Triangles(0, 1, 2, 0, 0, 2, 3, 0),
	gsSP2Triangles(3, 2, 4, 0, 3, 4, 5, 0),
	gsSP2Triangles(6, 3, 5, 0, 6, 5, 7, 0),
	gsSP2Triangles(8, 6, 7, 0, 8, 7, 9, 0),
	gsSP2Triangles(10, 8, 9, 0, 10, 9, 11, 0),
	gsSP2Triangles(12, 8, 10, 0, 12, 13, 8, 0),
	gsSP2Triangles(13, 6, 8, 0, 13, 14, 6, 0),
	gsSP2Triangles(14, 3, 6, 0, 14, 0, 3, 0),
	gsSP2Triangles(15, 16, 17, 0, 15, 18, 16, 0),
	gsSP2Triangles(18, 19, 16, 0, 18, 20, 19, 0),
	gsSP2Triangles(20, 21, 19, 0, 20, 22, 21, 0),
	gsSP2Triangles(22, 23, 21, 0, 22, 24, 23, 0),
	gsSP2Triangles(25, 26, 27, 0, 25, 27, 28, 0),
	gsSP2Triangles(28, 27, 29, 0, 28, 29, 30, 0),
	gsSP1Triangle(31, 28, 30, 0),
	gsSPVertex(castle_grounds_dl_Circle_mesh_layer_1_vtx_4 + 94, 32, 0),
	gsSP2Triangles(0, 1, 2, 0, 3, 0, 2, 0),
	gsSP2Triangles(3, 2, 4, 0, 5, 3, 4, 0),
	gsSP2Triangles(5, 4, 6, 0, 7, 3, 5, 0),
	gsSP2Triangles(7, 8, 3, 0, 8, 0, 3, 0),
	gsSP2Triangles(8, 9, 0, 0, 9, 10, 0, 0),
	gsSP2Triangles(9, 11, 10, 0, 12, 13, 14, 0),
	gsSP2Triangles(12, 14, 15, 0, 16, 12, 15, 0),
	gsSP2Triangles(16, 15, 17, 0, 18, 16, 17, 0),
	gsSP2Triangles(18, 17, 19, 0, 20, 18, 19, 0),
	gsSP2Triangles(20, 19, 21, 0, 22, 23, 24, 0),
	gsSP2Triangles(22, 24, 25, 0, 25, 24, 26, 0),
	gsSP2Triangles(25, 26, 27, 0, 28, 25, 27, 0),
	gsSP2Triangles(28, 27, 29, 0, 30, 28, 29, 0),
	gsSP1Triangle(30, 29, 31, 0),
	gsSPVertex(castle_grounds_dl_Circle_mesh_layer_1_vtx_4 + 126, 32, 0),
	gsSP2Triangles(0, 1, 2, 0, 0, 2, 3, 0),
	gsSP2Triangles(4, 1, 0, 0, 4, 5, 1, 0),
	gsSP2Triangles(5, 6, 1, 0, 5, 7, 6, 0),
	gsSP2Triangles(7, 8, 6, 0, 7, 9, 8, 0),
	gsSP2Triangles(10, 11, 12, 0, 10, 13, 11, 0),
	gsSP2Triangles(13, 14, 11, 0, 13, 15, 14, 0),
	gsSP2Triangles(15, 16, 14, 0, 15, 17, 16, 0),
	gsSP2Triangles(17, 18, 16, 0, 17, 19, 18, 0),
	gsSP2Triangles(20, 21, 22, 0, 20, 22, 23, 0),
	gsSP2Triangles(23, 22, 24, 0, 23, 24, 25, 0),
	gsSP2Triangles(26, 23, 25, 0, 26, 25, 27, 0),
	gsSP2Triangles(28, 26, 27, 0, 28, 27, 29, 0),
	gsSP2Triangles(30, 28, 29, 0, 30, 29, 31, 0),
	gsSPVertex(castle_grounds_dl_Circle_mesh_layer_1_vtx_4 + 158, 32, 0),
	gsSP2Triangles(0, 1, 2, 0, 0, 3, 1, 0),
	gsSP2Triangles(3, 4, 1, 0, 3, 5, 4, 0),
	gsSP2Triangles(5, 6, 4, 0, 5, 7, 6, 0),
	gsSP2Triangles(8, 9, 10, 0, 8, 10, 11, 0),
	gsSP2Triangles(12, 8, 11, 0, 12, 11, 13, 0),
	gsSP2Triangles(14, 12, 13, 0, 14, 13, 15, 0),
	gsSP2Triangles(16, 14, 15, 0, 16, 15, 17, 0),
	gsSP2Triangles(18, 19, 20, 0, 18, 20, 21, 0),
	gsSP2Triangles(21, 20, 22, 0, 21, 22, 23, 0),
	gsSP2Triangles(24, 21, 23, 0, 24, 23, 25, 0),
	gsSP2Triangles(26, 24, 25, 0, 26, 25, 27, 0),
	gsSP2Triangles(28, 26, 27, 0, 28, 27, 29, 0),
	gsSP2Triangles(30, 26, 28, 0, 30, 31, 26, 0),
	gsSP1Triangle(31, 24, 26, 0),
	gsSPVertex(castle_grounds_dl_Circle_mesh_layer_1_vtx_4 + 190, 30, 0),
	gsSP2Triangles(0, 1, 2, 0, 1, 3, 2, 0),
	gsSP2Triangles(1, 4, 3, 0, 5, 6, 7, 0),
	gsSP2Triangles(5, 8, 6, 0, 8, 9, 6, 0),
	gsSP2Triangles(8, 10, 9, 0, 10, 11, 9, 0),
	gsSP2Triangles(10, 12, 11, 0, 12, 13, 11, 0),
	gsSP2Triangles(12, 14, 13, 0, 15, 16, 17, 0),
	gsSP2Triangles(15, 17, 18, 0, 18, 17, 19, 0),
	gsSP2Triangles(18, 19, 20, 0, 21, 18, 20, 0),
	gsSP2Triangles(21, 20, 22, 0, 23, 21, 22, 0),
	gsSP2Triangles(23, 22, 24, 0, 25, 23, 24, 0),
	gsSP2Triangles(25, 24, 26, 0, 27, 23, 25, 0),
	gsSP2Triangles(27, 28, 23, 0, 28, 21, 23, 0),
	gsSP2Triangles(28, 29, 21, 0, 29, 18, 21, 0),
	gsSP1Triangle(29, 15, 18, 0),
	gsSPEndDisplayList(),
};

Vtx castle_grounds_dl_Circle_mesh_layer_1_vtx_5[111] = {
	{{ {3433, 503, -1461}, 0, {3924, -3254}, {255, 255, 255, 255} }},
	{{ {3388, 503, -1673}, 0, {3745, -4107}, {255, 255, 255, 255} }},
	{{ {3195, 503, -1771}, 0, {2966, -4498}, {255, 255, 255, 255} }},
	{{ {3515, 353, -1771}, 0, {4254, -4499}, {148, 136, 136, 255} }},
	{{ {3588, 353, -1423}, 0, {4548, -3100}, {116, 53, 60, 255} }},
	{{ {3295, 503, -1294}, 0, {3369, -2582}, {255, 255, 255, 255} }},
	{{ {2946, 503, -1469}, 0, {1966, -3288}, {255, 255, 255, 255} }},
	{{ {2998, 503, -1680}, 0, {2174, -4134}, {255, 255, 255, 255} }},
	{{ {2874, 353, -1782}, 0, {1679, -4543}, {116, 53, 60, 255} }},
	{{ {3197, 353, -1931}, 0, {2977, -5141}, {116, 53, 60, 255} }},
	{{ {3198, 271, -1961}, 0, {2979, -5263}, {116, 53, 60, 255} }},
	{{ {3539, 271, -1789}, 0, {4350, -4573}, {116, 53, 60, 255} }},
	{{ {3618, 271, -1416}, 0, {4666, -3071}, {116, 53, 60, 255} }},
	{{ {3362, 353, -1149}, 0, {3638, -1998}, {116, 53, 60, 255} }},
	{{ {3078, 503, -1298}, 0, {2497, -2597}, {255, 255, 255, 255} }},
	{{ {3006, 353, -1155}, 0, {2208, -2023}, {116, 53, 60, 255} }},
	{{ {2789, 353, -1437}, 0, {1337, -3155}, {116, 53, 60, 255} }},
	{{ {2760, 271, -1430}, 0, {1218, -3131}, {116, 53, 60, 255} }},
	{{ {2851, 271, -1801}, 0, {1585, -4621}, {116, 53, 60, 255} }},
	{{ {2993, 271, -1128}, 0, {2154, -1914}, {116, 53, 60, 255} }},
	{{ {3374, 271, -1121}, 0, {3688, -1888}, {116, 53, 60, 255} }},
	{{ {3207, 711, 421}, 0, {3016, 4311}, {255, 255, 255, 255} }},
	{{ {3034, 711, 203}, 0, {2322, 3433}, {255, 255, 255, 255} }},
	{{ {2756, 711, 202}, 0, {1203, 3429}, {255, 255, 255, 255} }},
	{{ {3124, 519, 18}, 0, {2683, 2691}, {148, 136, 136, 255} }},
	{{ {3408, 519, 376}, 0, {3821, 4131}, {116, 53, 60, 255} }},
	{{ {3144, 711, 692}, 0, {2763, 5401}, {255, 255, 255, 255} }},
	{{ {2643, 711, 690}, 0, {747, 5393}, {255, 255, 255, 255} }},
	{{ {2582, 711, 418}, 0, {502, 4301}, {255, 255, 255, 255} }},
	{{ {2382, 519, 372}, 0, {-302, 4114}, {116, 53, 60, 255} }},
	{{ {2668, 519, 16}, 0, {848, 2684}, {205, 205, 205, 255} }},
	{{ {2651, 413, -19}, 0, {781, 2543}, {205, 205, 205, 255} }},
	{{ {3124, 519, 18}, 0, {2683, 2691}, {148, 136, 136, 255} }},
	{{ {3141, 413, -17}, 0, {2751, 2551}, {116, 53, 60, 255} }},
	{{ {2651, 413, -19}, 0, {781, 2543}, {205, 205, 205, 255} }},
	{{ {3408, 519, 376}, 0, {3821, 4131}, {116, 53, 60, 255} }},
	{{ {3445, 413, 368}, 0, {3973, 4096}, {116, 53, 60, 255} }},
	{{ {3304, 519, 821}, 0, {3406, 5918}, {116, 53, 60, 255} }},
	{{ {3144, 711, 692}, 0, {2763, 5401}, {255, 255, 255, 255} }},
	{{ {2893, 711, 812}, 0, {1753, 5882}, {255, 255, 255, 255} }},
	{{ {2643, 711, 690}, 0, {747, 5393}, {255, 255, 255, 255} }},
	{{ {2892, 519, 1017}, 0, {1749, 6708}, {116, 53, 60, 255} }},
	{{ {2481, 519, 817}, 0, {99, 5905}, {116, 53, 60, 255} }},
	{{ {2582, 711, 418}, 0, {502, 4301}, {255, 255, 255, 255} }},
	{{ {2382, 519, 372}, 0, {-302, 4114}, {116, 53, 60, 255} }},
	{{ {2451, 413, 842}, 0, {-23, 6001}, {116, 53, 60, 255} }},
	{{ {2344, 413, 363}, 0, {-454, 4079}, {116, 53, 60, 255} }},
	{{ {2668, 519, 16}, 0, {848, 2684}, {205, 205, 205, 255} }},
	{{ {2892, 413, 1056}, 0, {1749, 6863}, {116, 53, 60, 255} }},
	{{ {3334, 413, 845}, 0, {3527, 6016}, {116, 53, 60, 255} }},
	{{ {2262, 283, 808}, 0, {-784, 5865}, {255, 255, 255, 255} }},
	{{ {2169, 283, 690}, 0, {-1157, 5394}, {255, 255, 255, 255} }},
	{{ {2019, 283, 690}, 0, {-1758, 5391}, {255, 255, 255, 255} }},
	{{ {2217, 180, 591}, 0, {-963, 4995}, {148, 136, 136, 255} }},
	{{ {2370, 180, 784}, 0, {-351, 5768}, {116, 53, 60, 255} }},
	{{ {2228, 283, 953}, 0, {-920, 6451}, {255, 255, 255, 255} }},
	{{ {1958, 283, 952}, 0, {-2003, 6447}, {255, 255, 255, 255} }},
	{{ {1926, 283, 806}, 0, {-2135, 5860}, {255, 255, 255, 255} }},
	{{ {1818, 180, 781}, 0, {-2567, 5760}, {116, 53, 60, 255} }},
	{{ {1972, 180, 590}, 0, {-1949, 4991}, {116, 53, 60, 255} }},
	{{ {1963, 123, 571}, 0, {-1985, 4915}, {116, 53, 60, 255} }},
	{{ {2226, 123, 572}, 0, {-926, 4920}, {116, 53, 60, 255} }},
	{{ {2390, 123, 779}, 0, {-269, 5750}, {116, 53, 60, 255} }},
	{{ {2314, 180, 1023}, 0, {-574, 6729}, {116, 53, 60, 255} }},
	{{ {2093, 283, 1018}, 0, {-1463, 6710}, {255, 255, 255, 255} }},
	{{ {2314, 180, 1023}, 0, {-574, 6729}, {116, 53, 60, 255} }},
	{{ {2228, 283, 953}, 0, {-920, 6451}, {255, 255, 255, 255} }},
	{{ {1958, 283, 952}, 0, {-2003, 6447}, {255, 255, 255, 255} }},
	{{ {2093, 180, 1128}, 0, {-1464, 7153}, {116, 53, 60, 255} }},
	{{ {1872, 180, 1021}, 0, {-2351, 6722}, {116, 53, 60, 255} }},
	{{ {1926, 283, 806}, 0, {-2135, 5860}, {255, 255, 255, 255} }},
	{{ {1818, 180, 781}, 0, {-2567, 5760}, {116, 53, 60, 255} }},
	{{ {1856, 123, 1034}, 0, {-2417, 6774}, {116, 53, 60, 255} }},
	{{ {1798, 123, 777}, 0, {-2648, 5741}, {116, 53, 60, 255} }},
	{{ {1972, 180, 590}, 0, {-1949, 4991}, {116, 53, 60, 255} }},
	{{ {1963, 123, 571}, 0, {-1985, 4915}, {116, 53, 60, 255} }},
	{{ {2390, 123, 779}, 0, {-269, 5750}, {116, 53, 60, 255} }},
	{{ {2226, 123, 572}, 0, {-926, 4920}, {116, 53, 60, 255} }},
	{{ {2092, 123, 1149}, 0, {-1465, 7237}, {116, 53, 60, 255} }},
	{{ {2330, 123, 1036}, 0, {-509, 6781}, {116, 53, 60, 255} }},
	{{ {2508, 283, -1508}, 0, {205, -3442}, {255, 255, 255, 255} }},
	{{ {2415, 283, -1625}, 0, {-168, -3914}, {255, 255, 255, 255} }},
	{{ {2265, 283, -1626}, 0, {-769, -3916}, {255, 255, 255, 255} }},
	{{ {2463, 180, -1724}, 0, {26, -4313}, {148, 136, 136, 255} }},
	{{ {2616, 180, -1532}, 0, {638, -3539}, {116, 53, 60, 255} }},
	{{ {2474, 283, -1362}, 0, {69, -2857}, {255, 255, 255, 255} }},
	{{ {2204, 283, -1363}, 0, {-1014, -2861}, {255, 255, 255, 255} }},
	{{ {2172, 283, -1509}, 0, {-1146, -3448}, {255, 255, 255, 255} }},
	{{ {2064, 180, -1534}, 0, {-1578, -3548}, {116, 53, 60, 255} }},
	{{ {2218, 180, -1725}, 0, {-960, -4317}, {116, 53, 60, 255} }},
	{{ {2209, 123, -1744}, 0, {-996, -4392}, {116, 53, 60, 255} }},
	{{ {2472, 123, -1743}, 0, {63, -4388}, {116, 53, 60, 255} }},
	{{ {2636, 123, -1537}, 0, {720, -3558}, {116, 53, 60, 255} }},
	{{ {2560, 180, -1293}, 0, {415, -2579}, {116, 53, 60, 255} }},
	{{ {2339, 283, -1298}, 0, {-474, -2598}, {255, 255, 255, 255} }},
	{{ {2339, 180, -1187}, 0, {-476, -2154}, {116, 53, 60, 255} }},
	{{ {2204, 283, -1363}, 0, {-1014, -2861}, {255, 255, 255, 255} }},
	{{ {2118, 180, -1295}, 0, {-1362, -2586}, {116, 53, 60, 255} }},
	{{ {2339, 180, -1187}, 0, {-476, -2154}, {116, 53, 60, 255} }},
	{{ {2172, 283, -1509}, 0, {-1146, -3448}, {255, 255, 255, 255} }},
	{{ {2064, 180, -1534}, 0, {-1578, -3548}, {116, 53, 60, 255} }},
	{{ {2102, 123, -1282}, 0, {-1428, -2534}, {116, 53, 60, 255} }},
	{{ {2044, 123, -1539}, 0, {-1659, -3567}, {116, 53, 60, 255} }},
	{{ {2218, 180, -1725}, 0, {-960, -4317}, {116, 53, 60, 255} }},
	{{ {2209, 123, -1744}, 0, {-996, -4392}, {116, 53, 60, 255} }},
	{{ {2636, 123, -1537}, 0, {720, -3558}, {116, 53, 60, 255} }},
	{{ {2472, 123, -1743}, 0, {63, -4388}, {116, 53, 60, 255} }},
	{{ {2338, 123, -1167}, 0, {-476, -2071}, {116, 53, 60, 255} }},
	{{ {2576, 123, -1280}, 0, {480, -2526}, {116, 53, 60, 255} }},
	{{ {2560, 180, -1293}, 0, {415, -2579}, {116, 53, 60, 255} }},
	{{ {2339, 283, -1298}, 0, {-474, -2598}, {255, 255, 255, 255} }},
};

Gfx castle_grounds_dl_Circle_mesh_layer_1_tri_5[] = {
	gsSPVertex(castle_grounds_dl_Circle_mesh_layer_1_vtx_5 + 0, 32, 0),
	gsSP2Triangles(0, 1, 2, 0, 0, 3, 1, 0),
	gsSP2Triangles(0, 4, 3, 0, 5, 4, 0, 0),
	gsSP2Triangles(5, 0, 2, 0, 2, 6, 5, 0),
	gsSP2Triangles(2, 7, 6, 0, 2, 8, 7, 0),
	gsSP2Triangles(2, 9, 8, 0, 1, 9, 2, 0),
	gsSP2Triangles(1, 3, 9, 0, 3, 10, 9, 0),
	gsSP2Triangles(3, 11, 10, 0, 4, 11, 3, 0),
	gsSP2Triangles(4, 12, 11, 0, 13, 12, 4, 0),
	gsSP2Triangles(5, 13, 4, 0, 14, 13, 5, 0),
	gsSP2Triangles(6, 14, 5, 0, 6, 15, 14, 0),
	gsSP2Triangles(6, 16, 15, 0, 7, 16, 6, 0),
	gsSP2Triangles(7, 8, 16, 0, 8, 17, 16, 0),
	gsSP2Triangles(8, 18, 17, 0, 9, 18, 8, 0),
	gsSP2Triangles(9, 10, 18, 0, 18, 10, 12, 0),
	gsSP2Triangles(10, 11, 12, 0, 12, 19, 18, 0),
	gsSP2Triangles(12, 20, 19, 0, 13, 20, 12, 0),
	gsSP2Triangles(15, 20, 13, 0, 14, 15, 13, 0),
	gsSP2Triangles(15, 19, 20, 0, 16, 19, 15, 0),
	gsSP2Triangles(16, 17, 19, 0, 19, 17, 18, 0),
	gsSP2Triangles(21, 22, 23, 0, 21, 24, 22, 0),
	gsSP2Triangles(21, 25, 24, 0, 26, 25, 21, 0),
	gsSP2Triangles(26, 21, 23, 0, 23, 27, 26, 0),
	gsSP2Triangles(23, 28, 27, 0, 23, 29, 28, 0),
	gsSP2Triangles(23, 30, 29, 0, 22, 30, 23, 0),
	gsSP2Triangles(22, 24, 30, 0, 24, 31, 30, 0),
	gsSPVertex(castle_grounds_dl_Circle_mesh_layer_1_vtx_5 + 32, 32, 0),
	gsSP2Triangles(0, 1, 2, 0, 3, 1, 0, 0),
	gsSP2Triangles(3, 4, 1, 0, 5, 4, 3, 0),
	gsSP2Triangles(6, 5, 3, 0, 7, 5, 6, 0),
	gsSP2Triangles(8, 7, 6, 0, 8, 9, 7, 0),
	gsSP2Triangles(8, 10, 9, 0, 11, 10, 8, 0),
	gsSP2Triangles(11, 12, 10, 0, 12, 13, 10, 0),
	gsSP2Triangles(12, 14, 13, 0, 15, 14, 12, 0),
	gsSP2Triangles(15, 2, 14, 0, 14, 2, 4, 0),
	gsSP2Triangles(2, 1, 4, 0, 4, 16, 14, 0),
	gsSP2Triangles(4, 17, 16, 0, 5, 17, 4, 0),
	gsSP2Triangles(9, 17, 5, 0, 7, 9, 5, 0),
	gsSP2Triangles(9, 16, 17, 0, 10, 16, 9, 0),
	gsSP2Triangles(10, 13, 16, 0, 16, 13, 14, 0),
	gsSP2Triangles(18, 19, 20, 0, 18, 21, 19, 0),
	gsSP2Triangles(18, 22, 21, 0, 23, 22, 18, 0),
	gsSP2Triangles(23, 18, 20, 0, 20, 24, 23, 0),
	gsSP2Triangles(20, 25, 24, 0, 20, 26, 25, 0),
	gsSP2Triangles(20, 27, 26, 0, 19, 27, 20, 0),
	gsSP2Triangles(19, 21, 27, 0, 21, 28, 27, 0),
	gsSP2Triangles(21, 29, 28, 0, 22, 29, 21, 0),
	gsSP2Triangles(22, 30, 29, 0, 31, 30, 22, 0),
	gsSP1Triangle(23, 31, 22, 0),
	gsSPVertex(castle_grounds_dl_Circle_mesh_layer_1_vtx_5 + 64, 32, 0),
	gsSP2Triangles(0, 1, 2, 0, 3, 0, 2, 0),
	gsSP2Triangles(3, 4, 0, 0, 3, 5, 4, 0),
	gsSP2Triangles(6, 5, 3, 0, 6, 7, 5, 0),
	gsSP2Triangles(7, 8, 5, 0, 7, 9, 8, 0),
	gsSP2Triangles(10, 9, 7, 0, 10, 11, 9, 0),
	gsSP2Triangles(9, 11, 12, 0, 11, 13, 12, 0),
	gsSP2Triangles(12, 14, 9, 0, 12, 15, 14, 0),
	gsSP2Triangles(1, 15, 12, 0, 4, 15, 1, 0),
	gsSP2Triangles(0, 4, 1, 0, 4, 14, 15, 0),
	gsSP2Triangles(5, 14, 4, 0, 5, 8, 14, 0),
	gsSP2Triangles(14, 8, 9, 0, 16, 17, 18, 0),
	gsSP2Triangles(16, 19, 17, 0, 16, 20, 19, 0),
	gsSP2Triangles(21, 20, 16, 0, 21, 16, 18, 0),
	gsSP2Triangles(18, 22, 21, 0, 18, 23, 22, 0),
	gsSP2Triangles(18, 24, 23, 0, 18, 25, 24, 0),
	gsSP2Triangles(17, 25, 18, 0, 17, 19, 25, 0),
	gsSP2Triangles(19, 26, 25, 0, 19, 27, 26, 0),
	gsSP2Triangles(20, 27, 19, 0, 20, 28, 27, 0),
	gsSP2Triangles(29, 28, 20, 0, 21, 29, 20, 0),
	gsSP2Triangles(30, 29, 21, 0, 22, 30, 21, 0),
	gsSP1Triangle(22, 31, 30, 0),
	gsSPVertex(castle_grounds_dl_Circle_mesh_layer_1_vtx_5 + 96, 15, 0),
	gsSP2Triangles(0, 1, 2, 0, 3, 1, 0, 0),
	gsSP2Triangles(3, 4, 1, 0, 4, 5, 1, 0),
	gsSP2Triangles(4, 6, 5, 0, 7, 6, 4, 0),
	gsSP2Triangles(7, 8, 6, 0, 6, 8, 9, 0),
	gsSP2Triangles(8, 10, 9, 0, 9, 11, 6, 0),
	gsSP2Triangles(9, 12, 11, 0, 13, 12, 9, 0),
	gsSP2Triangles(2, 12, 13, 0, 14, 2, 13, 0),
	gsSP2Triangles(2, 11, 12, 0, 1, 11, 2, 0),
	gsSP2Triangles(1, 5, 11, 0, 11, 5, 6, 0),
	gsSPEndDisplayList(),
};

Vtx castle_grounds_dl_Circle_mesh_layer_1_vtx_6[70] = {
	{{ {-2502, 1278, 3768}, 0, {-3612, 1367}, {136, 136, 136, 255} }},
	{{ {-4913, 4671, 1357}, 0, {-1206, -1909}, {255, 255, 255, 255} }},
	{{ {-2502, 4671, 3768}, 0, {-3612, -1909}, {255, 255, 255, 255} }},
	{{ {-4913, 1278, 1357}, 0, {-1206, 1367}, {136, 136, 136, 255} }},
	{{ {-2502, -310, 3768}, 0, {-3612, 2901}, {255, 255, 255, 255} }},
	{{ {-4913, -310, 1357}, 0, {-1206, 2901}, {255, 255, 255, 255} }},
	{{ {-4913, 1278, -2053}, 0, {2198, 1367}, {136, 136, 136, 255} }},
	{{ {-4913, -310, -2053}, 0, {2198, 2901}, {255, 255, 255, 255} }},
	{{ {-4913, 4671, -2053}, 0, {2198, -1909}, {255, 255, 255, 255} }},
	{{ {-4913, 1278, -2053}, 0, {-4129, 1367}, {136, 136, 136, 255} }},
	{{ {-2502, 4671, -4464}, 0, {-1722, -1909}, {255, 255, 255, 255} }},
	{{ {-4913, 4671, -2053}, 0, {-4129, -1909}, {255, 255, 255, 255} }},
	{{ {-2502, 1278, -4464}, 0, {-1722, 1367}, {136, 136, 136, 255} }},
	{{ {-4913, -310, -2053}, 0, {-4129, 2901}, {255, 255, 255, 255} }},
	{{ {-2502, -310, -4464}, 0, {-1722, 2901}, {255, 255, 255, 255} }},
	{{ {908, 1278, -4464}, 0, {1681, 1367}, {136, 136, 136, 255} }},
	{{ {908, -310, -4464}, 0, {1681, 2901}, {255, 255, 255, 255} }},
	{{ {3433, -268, -2029}, 0, {4087, 2864}, {205, 205, 205, 255} }},
	{{ {2965, 1278, -2408}, 0, {3733, 1367}, {136, 136, 136, 255} }},
	{{ {3436, 726, -2104}, 0, {4087, 1852}, {171, 171, 171, 255} }},
	{{ {4355, -272, -1263}, 0, {5121, 2864}, {0, 0, 0, 255} }},
	{{ {4355, 777, -1263}, 0, {5121, 1852}, {0, 0, 0, 255} }},
	{{ {4355, 1278, -994}, 0, {5121, 1367}, {0, 0, 0, 255} }},
	{{ {3319, 1278, -1551}, 0, {4087, 1367}, {136, 136, 136, 255} }},
	{{ {908, 4671, -4464}, 0, {1681, -1909}, {255, 255, 255, 255} }},
	{{ {3436, 4826, -2104}, 0, {4087, -1909}, {255, 255, 255, 255} }},
	{{ {3436, 1782, -2104}, 0, {4087, 883}, {111, 111, 111, 255} }},
	{{ {908, -310, 3768}, 0, {1681, 2901}, {255, 255, 255, 255} }},
	{{ {-2502, -310, 3768}, 0, {-1722, 2901}, {255, 255, 255, 255} }},
	{{ {-2502, 1278, 3768}, 0, {-1722, 1367}, {136, 136, 136, 255} }},
	{{ {908, 1278, 3768}, 0, {1681, 1367}, {136, 136, 136, 255} }},
	{{ {-2502, 4671, 3768}, 0, {-1722, -1909}, {255, 255, 255, 255} }},
	{{ {908, 1278, 3768}, 0, {1681, 1367}, {136, 136, 136, 255} }},
	{{ {-2502, 4671, 3768}, 0, {-1722, -1909}, {255, 255, 255, 255} }},
	{{ {908, 4671, 3768}, 0, {1681, -1909}, {255, 255, 255, 255} }},
	{{ {2965, 1278, 1711}, 0, {3733, 1367}, {111, 111, 111, 255} }},
	{{ {3436, 4826, 1485}, 0, {4087, -1909}, {255, 255, 255, 255} }},
	{{ {3436, 1782, 1485}, 0, {4087, 883}, {111, 111, 111, 255} }},
	{{ {908, -310, 3768}, 0, {1681, 2901}, {255, 255, 255, 255} }},
	{{ {3436, 726, 1485}, 0, {4087, 1852}, {171, 171, 171, 255} }},
	{{ {3409, -252, 1452}, 0, {4087, 2864}, {205, 205, 205, 255} }},
	{{ {4355, 777, 566}, 0, {5121, 1852}, {0, 0, 0, 255} }},
	{{ {3319, 1278, 855}, 0, {4087, 1367}, {136, 136, 136, 255} }},
	{{ {4355, 1278, 297}, 0, {5121, 1367}, {0, 0, 0, 255} }},
	{{ {4355, -272, 566}, 0, {5121, 2864}, {0, 0, 0, 255} }},
	{{ {4355, -272, -1263}, 0, {5121, -387}, {0, 0, 0, 255} }},
	{{ {3433, -268, -2029}, 0, {4087, -1150}, {205, 205, 205, 255} }},
	{{ {3767, -259, -286}, 0, {4087, 496}, {205, 205, 205, 255} }},
	{{ {4355, -272, 566}, 0, {5121, 1379}, {0, 0, 0, 255} }},
	{{ {3409, -252, 1452}, 0, {4087, 2142}, {205, 205, 205, 255} }},
	{{ {3436, 726, -2104}, 0, {2198, 1852}, {171, 171, 171, 255} }},
	{{ {3436, 1782, -2104}, 0, {2198, 883}, {111, 111, 111, 255} }},
	{{ {2965, 1278, -2408}, 0, {2552, 1367}, {136, 136, 136, 255} }},
	{{ {3319, 1278, -1551}, 0, {1697, 1367}, {136, 136, 136, 255} }},
	{{ {3436, 4826, -2104}, 0, {2198, -1909}, {255, 255, 255, 255} }},
	{{ {3436, 1782, 1485}, 0, {-1206, 883}, {111, 111, 111, 255} }},
	{{ {3319, 1278, 855}, 0, {-705, 1367}, {136, 136, 136, 255} }},
	{{ {2965, 1278, 1711}, 0, {-1560, 1367}, {111, 111, 111, 255} }},
	{{ {3436, 726, 1485}, 0, {-1206, 1852}, {171, 171, 171, 255} }},
	{{ {3436, 4826, 1485}, 0, {-1206, -1909}, {255, 255, 255, 255} }},
	{{ {3319, 1278, 855}, 0, {4087, 1658}, {136, 136, 136, 255} }},
	{{ {3319, 1278, -1551}, 0, {4087, -666}, {136, 136, 136, 255} }},
	{{ {4355, 1278, -994}, 0, {5121, -127}, {0, 0, 0, 255} }},
	{{ {4355, 1278, 297}, 0, {5121, 1119}, {0, 0, 0, 255} }},
	{{ {4355, 777, -1263}, 0, {1409, 1852}, {0, 0, 0, 255} }},
	{{ {4355, -272, -1263}, 0, {1409, 2864}, {0, 0, 0, 255} }},
	{{ {4355, -272, 566}, 0, {-417, 2864}, {0, 0, 0, 255} }},
	{{ {4355, 1278, 297}, 0, {-148, 1367}, {0, 0, 0, 255} }},
	{{ {4355, 777, 566}, 0, {-417, 1852}, {0, 0, 0, 255} }},
	{{ {4355, 1278, -994}, 0, {1140, 1367}, {0, 0, 0, 255} }},
};

Gfx castle_grounds_dl_Circle_mesh_layer_1_tri_6[] = {
	gsSPVertex(castle_grounds_dl_Circle_mesh_layer_1_vtx_6 + 0, 32, 0),
	gsSP2Triangles(0, 1, 2, 0, 0, 3, 1, 0),
	gsSP2Triangles(4, 3, 0, 0, 4, 5, 3, 0),
	gsSP2Triangles(5, 6, 3, 0, 5, 7, 6, 0),
	gsSP2Triangles(3, 6, 8, 0, 3, 8, 1, 0),
	gsSP2Triangles(9, 10, 11, 0, 9, 12, 10, 0),
	gsSP2Triangles(13, 12, 9, 0, 13, 14, 12, 0),
	gsSP2Triangles(14, 15, 12, 0, 14, 16, 15, 0),
	gsSP2Triangles(15, 16, 17, 0, 17, 18, 15, 0),
	gsSP2Triangles(17, 19, 18, 0, 19, 17, 20, 0),
	gsSP2Triangles(19, 20, 21, 0, 19, 21, 22, 0),
	gsSP2Triangles(19, 22, 23, 0, 24, 15, 18, 0),
	gsSP2Triangles(12, 15, 24, 0, 12, 24, 10, 0),
	gsSP2Triangles(18, 25, 24, 0, 18, 26, 25, 0),
	gsSP2Triangles(27, 28, 29, 0, 27, 29, 30, 0),
	gsSP1Triangle(30, 29, 31, 0),
	gsSPVertex(castle_grounds_dl_Circle_mesh_layer_1_vtx_6 + 32, 32, 0),
	gsSP2Triangles(0, 1, 2, 0, 3, 0, 2, 0),
	gsSP2Triangles(3, 2, 4, 0, 4, 5, 3, 0),
	gsSP2Triangles(6, 0, 3, 0, 6, 3, 7, 0),
	gsSP2Triangles(7, 8, 6, 0, 8, 7, 9, 0),
	gsSP2Triangles(9, 7, 10, 0, 9, 10, 11, 0),
	gsSP2Triangles(8, 9, 12, 0, 13, 14, 15, 0),
	gsSP2Triangles(15, 16, 13, 0, 15, 17, 16, 0),
	gsSP2Triangles(18, 19, 20, 0, 18, 21, 19, 0),
	gsSP2Triangles(22, 19, 21, 0, 21, 23, 22, 0),
	gsSP2Triangles(21, 24, 23, 0, 24, 25, 23, 0),
	gsSP2Triangles(24, 26, 25, 0, 23, 27, 22, 0),
	gsSP2Triangles(28, 29, 30, 0, 28, 30, 31, 0),
	gsSPVertex(castle_grounds_dl_Circle_mesh_layer_1_vtx_6 + 64, 6, 0),
	gsSP2Triangles(0, 1, 2, 0, 2, 3, 0, 0),
	gsSP2Triangles(2, 4, 3, 0, 3, 5, 0, 0),
	gsSPEndDisplayList(),
};

Vtx castle_grounds_dl_Circle_002_mesh_layer_1_vtx_cull[8] = {
	{{ {-5228, -282, 4524}, 0, {0, 0}, {0, 0, 0, 0} }},
	{{ {-5228, 803, 4524}, 0, {0, 0}, {0, 0, 0, 0} }},
	{{ {-5228, 803, -5325}, 0, {0, 0}, {0, 0, 0, 0} }},
	{{ {-5228, -282, -5325}, 0, {0, 0}, {0, 0, 0, 0} }},
	{{ {3461, -282, 4524}, 0, {0, 0}, {0, 0, 0, 0} }},
	{{ {3461, 803, 4524}, 0, {0, 0}, {0, 0, 0, 0} }},
	{{ {3461, 803, -5325}, 0, {0, 0}, {0, 0, 0, 0} }},
	{{ {3461, -282, -5325}, 0, {0, 0}, {0, 0, 0, 0} }},
};

Vtx castle_grounds_dl_Circle_002_mesh_layer_1_vtx_0[48] = {
	{{ {1363, -190, 987}, 0, {554, 1008}, {255, 255, 255, 255} }},
	{{ {887, -190, 625}, 0, {2532, 1008}, {255, 255, 255, 255} }},
	{{ {1163, -190, -325}, 0, {3636, 1008}, {255, 255, 255, 255} }},
	{{ {1756, -190, -325}, 0, {2064, 1008}, {255, 255, 255, 255} }},
	{{ {1756, -190, -325}, 0, {2066, 1008}, {255, 255, 255, 255} }},
	{{ {1163, -190, -325}, 0, {3630, 1008}, {255, 255, 255, 255} }},
	{{ {664, -190, -1725}, 0, {7662, 1008}, {255, 255, 255, 255} }},
	{{ {1065, -190, -2162}, 0, {7455, 1008}, {255, 255, 255, 255} }},
	{{ {1065, -190, -2162}, 0, {7455, 1008}, {255, 255, 255, 255} }},
	{{ {664, -190, -1725}, 0, {7663, 1008}, {255, 255, 255, 255} }},
	{{ {55, -190, -2095}, 0, {10445, 1008}, {255, 255, 255, 255} }},
	{{ {317, -190, -2628}, 0, {10788, 1008}, {255, 255, 255, 255} }},
	{{ {-3290, -190, -325}, 0, {2066, 1008}, {255, 255, 255, 255} }},
	{{ {-2599, -190, -2162}, 0, {7455, 1008}, {255, 255, 255, 255} }},
	{{ {-2199, -190, -1725}, 0, {7662, 1008}, {255, 255, 255, 255} }},
	{{ {-2697, -190, -325}, 0, {3630, 1008}, {255, 255, 255, 255} }},
	{{ {-2897, -190, 987}, 0, {554, 1008}, {255, 255, 255, 255} }},
	{{ {-3290, -190, -325}, 0, {2064, 1008}, {255, 255, 255, 255} }},
	{{ {-2697, -190, -325}, 0, {3636, 1008}, {255, 255, 255, 255} }},
	{{ {-2422, -190, 625}, 0, {2532, 1008}, {255, 255, 255, 255} }},
	{{ {-2599, -190, -2162}, 0, {7455, 1008}, {255, 255, 255, 255} }},
	{{ {-1851, -190, -2628}, 0, {10788, 1008}, {255, 255, 255, 255} }},
	{{ {-1589, -190, -2095}, 0, {10445, 1008}, {255, 255, 255, 255} }},
	{{ {-2199, -190, -1725}, 0, {7663, 1008}, {255, 255, 255, 255} }},
	{{ {-790, -268, 4524}, 0, {2066, 1008}, {255, 255, 255, 255} }},
	{{ {-790, -268, 3073}, 0, {3630, 1008}, {255, 255, 255, 255} }},
	{{ {1686, -268, 2191}, 0, {7662, 1008}, {255, 255, 255, 255} }},
	{{ {2616, -282, 3435}, 0, {7455, 1008}, {255, 255, 255, 255} }},
	{{ {-3113, -268, 3828}, 0, {554, 1008}, {255, 255, 255, 255} }},
	{{ {-2472, -268, 2586}, 0, {2532, 1008}, {255, 255, 255, 255} }},
	{{ {-790, -268, 3073}, 0, {3636, 1008}, {255, 255, 255, 255} }},
	{{ {-790, -268, 4524}, 0, {2064, 1008}, {255, 255, 255, 255} }},
	{{ {2616, -282, 3435}, 0, {7455, 1008}, {255, 255, 255, 255} }},
	{{ {1686, -268, 2191}, 0, {7663, 1008}, {255, 255, 255, 255} }},
	{{ {2342, -268, 1113}, 0, {10445, 1008}, {255, 255, 255, 255} }},
	{{ {3461, -282, 1668}, 0, {10788, 1008}, {255, 255, 255, 255} }},
	{{ {-642, -268, -5325}, 0, {2066, 1008}, {255, 255, 255, 255} }},
	{{ {2768, -282, -4153}, 0, {7455, 1008}, {255, 255, 255, 255} }},
	{{ {1686, -268, -2876}, 0, {7662, 1008}, {255, 255, 255, 255} }},
	{{ {-790, -268, -3758}, 0, {3630, 1008}, {255, 255, 255, 255} }},
	{{ {-3392, -268, -4391}, 0, {554, 1008}, {255, 255, 255, 255} }},
	{{ {-642, -268, -5325}, 0, {2064, 1008}, {255, 255, 255, 255} }},
	{{ {-790, -268, -3758}, 0, {3636, 1008}, {255, 255, 255, 255} }},
	{{ {-2472, -268, -3270}, 0, {2532, 1008}, {255, 255, 255, 255} }},
	{{ {2768, -282, -4153}, 0, {7455, 1008}, {255, 255, 255, 255} }},
	{{ {3461, -282, -2265}, 0, {10788, 1008}, {255, 255, 255, 255} }},
	{{ {2342, -268, -1798}, 0, {10445, 1008}, {255, 255, 255, 255} }},
	{{ {1686, -268, -2876}, 0, {7663, 1008}, {255, 255, 255, 255} }},
};

Gfx castle_grounds_dl_Circle_002_mesh_layer_1_tri_0[] = {
	gsSPVertex(castle_grounds_dl_Circle_002_mesh_layer_1_vtx_0 + 0, 32, 0),
	gsSP2Triangles(0, 1, 2, 0, 0, 2, 3, 0),
	gsSP2Triangles(4, 5, 6, 0, 4, 6, 7, 0),
	gsSP2Triangles(8, 9, 10, 0, 8, 10, 11, 0),
	gsSP2Triangles(12, 13, 14, 0, 12, 14, 15, 0),
	gsSP2Triangles(16, 17, 18, 0, 16, 18, 19, 0),
	gsSP2Triangles(20, 21, 22, 0, 20, 22, 23, 0),
	gsSP2Triangles(24, 25, 26, 0, 24, 26, 27, 0),
	gsSP2Triangles(28, 29, 30, 0, 28, 30, 31, 0),
	gsSPVertex(castle_grounds_dl_Circle_002_mesh_layer_1_vtx_0 + 32, 16, 0),
	gsSP2Triangles(0, 1, 2, 0, 0, 2, 3, 0),
	gsSP2Triangles(4, 5, 6, 0, 4, 6, 7, 0),
	gsSP2Triangles(8, 9, 10, 0, 8, 10, 11, 0),
	gsSP2Triangles(12, 13, 14, 0, 12, 14, 15, 0),
	gsSPEndDisplayList(),
};

Vtx castle_grounds_dl_Circle_002_mesh_layer_1_vtx_1[160] = {
	{{ {-23, -190, 1479}, 0, {-1092, 2032}, {169, 0, 163, 255} }},
	{{ {-23, 408, 1479}, 0, {-1092, -16}, {169, 0, 163, 255} }},
	{{ {887, 408, 625}, 0, {7045, -16}, {169, 0, 163, 255} }},
	{{ {887, -190, 625}, 0, {7045, 2032}, {169, 0, 163, 255} }},
	{{ {1363, -190, 987}, 0, {8534, 2032}, {85, 0, 94, 255} }},
	{{ {1363, 408, 987}, 0, {8534, -16}, {85, 0, 94, 255} }},
	{{ {222, 408, 2024}, 0, {-1570, -16}, {85, 0, 94, 255} }},
	{{ {222, -190, 2024}, 0, {-1570, 2032}, {85, 0, 94, 255} }},
	{{ {222, -190, 2024}, 0, {-1417, 2032}, {140, 0, 52, 255} }},
	{{ {222, 408, 2024}, 0, {-1417, -16}, {140, 0, 52, 255} }},
	{{ {-23, 408, 1479}, 0, {2467, -16}, {140, 0, 52, 255} }},
	{{ {-23, -190, 1479}, 0, {2467, 2032}, {140, 0, 52, 255} }},
	{{ {1363, 408, 987}, 0, {8965, -16}, {122, 0, 36, 255} }},
	{{ {1363, -190, 987}, 0, {8965, 2032}, {122, 0, 36, 255} }},
	{{ {1756, -190, -325}, 0, {16321, 2032}, {122, 0, 36, 255} }},
	{{ {1756, 408, -325}, 0, {16321, -16}, {122, 0, 36, 255} }},
	{{ {887, -190, 625}, 0, {7631, 2032}, {134, 0, 221, 255} }},
	{{ {887, 408, 625}, 0, {7631, -16}, {134, 0, 221, 255} }},
	{{ {1163, 408, -325}, 0, {12268, -16}, {134, 0, 221, 255} }},
	{{ {1163, -190, -325}, 0, {12268, 2032}, {134, 0, 221, 255} }},
	{{ {664, -190, -1725}, 0, {19715, 2032}, {190, 0, 108, 255} }},
	{{ {664, 408, -1725}, 0, {19715, -16}, {190, 0, 108, 255} }},
	{{ {55, 408, -2095}, 0, {22834, -16}, {190, 0, 108, 255} }},
	{{ {55, -190, -2095}, 0, {22834, 2032}, {190, 0, 108, 255} }},
	{{ {1163, -190, -325}, 0, {12679, 2032}, {136, 0, 43, 255} }},
	{{ {1163, 408, -325}, 0, {12679, -16}, {136, 0, 43, 255} }},
	{{ {664, 408, -1725}, 0, {19165, -16}, {136, 0, 43, 255} }},
	{{ {664, -190, -1725}, 0, {19165, 2032}, {136, 0, 43, 255} }},
	{{ {55, -190, -2095}, 0, {10466, 2032}, {142, 0, 200, 255} }},
	{{ {55, 408, -2095}, 0, {10466, -16}, {142, 0, 200, 255} }},
	{{ {317, 408, -2628}, 0, {8536, -16}, {142, 0, 200, 255} }},
	{{ {317, -190, -2628}, 0, {8536, 2032}, {142, 0, 200, 255} }},
	{{ {1756, 408, -325}, 0, {16687, -16}, {119, 0, 211, 255} }},
	{{ {1756, -190, -325}, 0, {16687, 2032}, {119, 0, 211, 255} }},
	{{ {1065, -190, -2162}, 0, {26559, 2032}, {119, 0, 211, 255} }},
	{{ {1065, 408, -2162}, 0, {26559, -16}, {119, 0, 211, 255} }},
	{{ {1065, 408, -2162}, 0, {27157, -16}, {67, 0, 148, 255} }},
	{{ {1065, -190, -2162}, 0, {27157, 2032}, {67, 0, 148, 255} }},
	{{ {317, -190, -2628}, 0, {31560, 2032}, {67, 0, 148, 255} }},
	{{ {317, 408, -2628}, 0, {31560, -16}, {67, 0, 148, 255} }},
	{{ {-2199, -190, -1725}, 0, {19715, 2032}, {66, 0, 108, 255} }},
	{{ {-1589, -190, -2095}, 0, {22834, 2032}, {66, 0, 108, 255} }},
	{{ {-1589, 408, -2095}, 0, {22834, -16}, {66, 0, 108, 255} }},
	{{ {-2199, 408, -1725}, 0, {19715, -16}, {66, 0, 108, 255} }},
	{{ {-2697, -190, -325}, 0, {12679, 2032}, {120, 0, 43, 255} }},
	{{ {-2199, -190, -1725}, 0, {19165, 2032}, {120, 0, 43, 255} }},
	{{ {-2199, 408, -1725}, 0, {19165, -16}, {120, 0, 43, 255} }},
	{{ {-2697, 408, -325}, 0, {12679, -16}, {120, 0, 43, 255} }},
	{{ {-1589, -190, -2095}, 0, {10466, 2032}, {114, 0, 200, 255} }},
	{{ {-1851, -190, -2628}, 0, {8536, 2032}, {114, 0, 200, 255} }},
	{{ {-1851, 408, -2628}, 0, {8536, -16}, {114, 0, 200, 255} }},
	{{ {-1589, 408, -2095}, 0, {10466, -16}, {114, 0, 200, 255} }},
	{{ {-2422, -190, 625}, 0, {7631, 2032}, {122, 0, 221, 255} }},
	{{ {-2697, -190, -325}, 0, {12268, 2032}, {122, 0, 221, 255} }},
	{{ {-2697, 408, -325}, 0, {12268, -16}, {122, 0, 221, 255} }},
	{{ {-2422, 408, 625}, 0, {7631, -16}, {122, 0, 221, 255} }},
	{{ {-3290, 408, -325}, 0, {16687, -16}, {137, 0, 211, 255} }},
	{{ {-2599, 408, -2162}, 0, {26559, -16}, {137, 0, 211, 255} }},
	{{ {-2599, -190, -2162}, 0, {26559, 2032}, {137, 0, 211, 255} }},
	{{ {-3290, -190, -325}, 0, {16687, 2032}, {137, 0, 211, 255} }},
	{{ {-2599, 408, -2162}, 0, {27157, -16}, {189, 0, 148, 255} }},
	{{ {-1851, 408, -2628}, 0, {31560, -16}, {189, 0, 148, 255} }},
	{{ {-1851, -190, -2628}, 0, {31560, 2032}, {189, 0, 148, 255} }},
	{{ {-2599, -190, -2162}, 0, {27157, 2032}, {189, 0, 148, 255} }},
	{{ {-2897, 408, 987}, 0, {8965, -16}, {134, 0, 36, 255} }},
	{{ {-3290, 408, -325}, 0, {16321, -16}, {134, 0, 36, 255} }},
	{{ {-3290, -190, -325}, 0, {16321, 2032}, {134, 0, 36, 255} }},
	{{ {-2897, -190, 987}, 0, {8965, 2032}, {134, 0, 36, 255} }},
	{{ {-1757, -190, 2024}, 0, {-1417, 2032}, {116, 0, 52, 255} }},
	{{ {-1511, -190, 1479}, 0, {2467, 2032}, {116, 0, 52, 255} }},
	{{ {-1511, 408, 1479}, 0, {2467, -16}, {116, 0, 52, 255} }},
	{{ {-1757, 408, 2024}, 0, {-1417, -16}, {116, 0, 52, 255} }},
	{{ {-2897, -190, 987}, 0, {8534, 2032}, {171, 0, 94, 255} }},
	{{ {-1757, -190, 2024}, 0, {-1570, 2032}, {171, 0, 94, 255} }},
	{{ {-1757, 408, 2024}, 0, {-1570, -16}, {171, 0, 94, 255} }},
	{{ {-2897, 408, 987}, 0, {8534, -16}, {171, 0, 94, 255} }},
	{{ {-1511, -190, 1479}, 0, {-1092, 2032}, {87, 0, 163, 255} }},
	{{ {-2422, -190, 625}, 0, {7045, 2032}, {87, 0, 163, 255} }},
	{{ {-2422, 408, 625}, 0, {7045, -16}, {87, 0, 163, 255} }},
	{{ {-1511, 408, 1479}, 0, {-1092, -16}, {87, 0, 163, 255} }},
	{{ {-3984, -268, 974}, 0, {-1092, 2032}, {93, 0, 169, 255} }},
	{{ {-3984, 789, 974}, 0, {-1092, -16}, {93, 0, 169, 255} }},
	{{ {-2472, 789, 2586}, 0, {7045, -16}, {93, 0, 169, 255} }},
	{{ {-2472, -268, 2586}, 0, {7045, 2032}, {93, 0, 169, 255} }},
	{{ {-2472, -268, 2586}, 0, {7631, 2032}, {35, 0, 134, 255} }},
	{{ {-2472, 789, 2586}, 0, {7631, -16}, {35, 0, 134, 255} }},
	{{ {-790, 789, 3073}, 0, {12268, -16}, {35, 0, 134, 255} }},
	{{ {-790, -268, 3073}, 0, {12268, 2032}, {35, 0, 134, 255} }},
	{{ {1686, -268, 2191}, 0, {19715, 2032}, {148, 0, 190, 255} }},
	{{ {1686, 789, 2191}, 0, {19715, -16}, {148, 0, 190, 255} }},
	{{ {2342, 789, 1113}, 0, {22834, -16}, {148, 0, 190, 255} }},
	{{ {2342, -268, 1113}, 0, {22834, 2032}, {148, 0, 190, 255} }},
	{{ {-790, -268, 3073}, 0, {12679, 2032}, {213, 0, 136, 255} }},
	{{ {-790, 789, 3073}, 0, {12679, -16}, {213, 0, 136, 255} }},
	{{ {1686, 789, 2191}, 0, {19165, -16}, {213, 0, 136, 255} }},
	{{ {1686, -268, 2191}, 0, {19165, 2032}, {213, 0, 136, 255} }},
	{{ {2342, -268, 1113}, 0, {10466, 2032}, {56, 0, 142, 255} }},
	{{ {2342, 789, 1113}, 0, {10466, -16}, {56, 0, 142, 255} }},
	{{ {3461, 803, 1668}, 0, {8536, -16}, {56, 0, 142, 255} }},
	{{ {3461, -282, 1668}, 0, {8536, 2032}, {56, 0, 142, 255} }},
	{{ {-790, 789, 4524}, 0, {16687, -16}, {39, 0, 121, 255} }},
	{{ {-790, -268, 4524}, 0, {16687, 2032}, {39, 0, 121, 255} }},
	{{ {2616, -282, 3435}, 0, {26559, 2032}, {39, 0, 121, 255} }},
	{{ {2616, 803, 3435}, 0, {26559, -16}, {39, 0, 121, 255} }},
	{{ {2616, 803, 3435}, 0, {27157, -16}, {115, 0, 55, 255} }},
	{{ {2616, -282, 3435}, 0, {27157, 2032}, {115, 0, 55, 255} }},
	{{ {3461, -282, 1668}, 0, {31560, 2032}, {115, 0, 55, 255} }},
	{{ {3461, 803, 1668}, 0, {31560, -16}, {115, 0, 55, 255} }},
	{{ {-3113, 789, 3828}, 0, {8965, -16}, {220, 0, 122, 255} }},
	{{ {-3113, -268, 3828}, 0, {8965, 2032}, {220, 0, 122, 255} }},
	{{ {-790, -268, 4524}, 0, {16321, 2032}, {220, 0, 122, 255} }},
	{{ {-790, 789, 4524}, 0, {16321, -16}, {220, 0, 122, 255} }},
	{{ {-4948, -268, 1809}, 0, {-1417, 2032}, {173, 0, 160, 255} }},
	{{ {-4948, 789, 1809}, 0, {-1417, -16}, {173, 0, 160, 255} }},
	{{ {-3984, 789, 974}, 0, {2467, -16}, {173, 0, 160, 255} }},
	{{ {-3984, -268, 974}, 0, {2467, 2032}, {173, 0, 160, 255} }},
	{{ {-3113, -268, 3828}, 0, {8534, 2032}, {162, 0, 85, 255} }},
	{{ {-3113, 789, 3828}, 0, {8534, -16}, {162, 0, 85, 255} }},
	{{ {-4948, 789, 1809}, 0, {-1570, -16}, {162, 0, 85, 255} }},
	{{ {-4948, -268, 1809}, 0, {-1570, 2032}, {162, 0, 85, 255} }},
	{{ {1686, -268, -2876}, 0, {19715, 2032}, {148, 0, 66, 255} }},
	{{ {2342, -268, -1798}, 0, {22834, 2032}, {148, 0, 66, 255} }},
	{{ {2342, 789, -1798}, 0, {22834, -16}, {148, 0, 66, 255} }},
	{{ {1686, 789, -2876}, 0, {19715, -16}, {148, 0, 66, 255} }},
	{{ {-790, -268, -3758}, 0, {12679, 2032}, {213, 0, 120, 255} }},
	{{ {1686, -268, -2876}, 0, {19165, 2032}, {213, 0, 120, 255} }},
	{{ {1686, 789, -2876}, 0, {19165, -16}, {213, 0, 120, 255} }},
	{{ {-790, 789, -3758}, 0, {12679, -16}, {213, 0, 120, 255} }},
	{{ {2342, -268, -1798}, 0, {12067, 2032}, {49, 0, 117, 255} }},
	{{ {3461, -282, -2265}, 0, {6935, 2032}, {49, 0, 117, 255} }},
	{{ {3461, 803, -2265}, 0, {6935, -16}, {49, 0, 117, 255} }},
	{{ {2342, 789, -1798}, 0, {12067, -16}, {49, 0, 117, 255} }},
	{{ {-2472, -268, -3270}, 0, {7631, 2032}, {35, 0, 122, 255} }},
	{{ {-790, -268, -3758}, 0, {12268, 2032}, {35, 0, 122, 255} }},
	{{ {-790, 789, -3758}, 0, {12268, -16}, {35, 0, 122, 255} }},
	{{ {-2472, 789, -3270}, 0, {7631, -16}, {35, 0, 122, 255} }},
	{{ {-642, 789, -5325}, 0, {16687, -16}, {41, 0, 136, 255} }},
	{{ {2768, 803, -4153}, 0, {26559, -16}, {41, 0, 136, 255} }},
	{{ {2768, -282, -4153}, 0, {26559, 2032}, {41, 0, 136, 255} }},
	{{ {-642, -268, -5325}, 0, {16687, 2032}, {41, 0, 136, 255} }},
	{{ {2768, 803, -4153}, 0, {27157, -16}, {119, 0, 212, 255} }},
	{{ {3461, 803, -2265}, 0, {31560, -16}, {119, 0, 212, 255} }},
	{{ {3461, -282, -2265}, 0, {31560, 2032}, {119, 0, 212, 255} }},
	{{ {2768, -282, -4153}, 0, {27157, 2032}, {119, 0, 212, 255} }},
	{{ {-3392, 789, -4391}, 0, {8965, -16}, {215, 0, 136, 255} }},
	{{ {-642, 789, -5325}, 0, {16321, -16}, {215, 0, 136, 255} }},
	{{ {-642, -268, -5325}, 0, {16321, 2032}, {215, 0, 136, 255} }},
	{{ {-3392, -268, -4391}, 0, {8965, 2032}, {215, 0, 136, 255} }},
	{{ {-5228, -268, -2373}, 0, {-1417, 2032}, {193, 0, 110, 255} }},
	{{ {-3984, -268, -1659}, 0, {2467, 2032}, {193, 0, 110, 255} }},
	{{ {-3984, 789, -1659}, 0, {2467, -16}, {193, 0, 110, 255} }},
	{{ {-5228, 789, -2373}, 0, {-1417, -16}, {193, 0, 110, 255} }},
	{{ {-3392, -268, -4391}, 0, {8534, 2032}, {162, 0, 171, 255} }},
	{{ {-5228, -268, -2373}, 0, {-1570, 2032}, {162, 0, 171, 255} }},
	{{ {-5228, 789, -2373}, 0, {-1570, -16}, {162, 0, 171, 255} }},
	{{ {-3392, 789, -4391}, 0, {8534, -16}, {162, 0, 171, 255} }},
	{{ {-3984, -268, -1659}, 0, {-1092, 2032}, {93, 0, 87, 255} }},
	{{ {-2472, -268, -3270}, 0, {7045, 2032}, {93, 0, 87, 255} }},
	{{ {-2472, 789, -3270}, 0, {7045, -16}, {93, 0, 87, 255} }},
	{{ {-3984, 789, -1659}, 0, {-1092, -16}, {93, 0, 87, 255} }},
};

Gfx castle_grounds_dl_Circle_002_mesh_layer_1_tri_1[] = {
	gsSPVertex(castle_grounds_dl_Circle_002_mesh_layer_1_vtx_1 + 0, 32, 0),
	gsSP2Triangles(0, 1, 2, 0, 0, 2, 3, 0),
	gsSP2Triangles(4, 5, 6, 0, 4, 6, 7, 0),
	gsSP2Triangles(8, 9, 10, 0, 8, 10, 11, 0),
	gsSP2Triangles(12, 13, 14, 0, 12, 14, 15, 0),
	gsSP2Triangles(16, 17, 18, 0, 16, 18, 19, 0),
	gsSP2Triangles(20, 21, 22, 0, 20, 22, 23, 0),
	gsSP2Triangles(24, 25, 26, 0, 24, 26, 27, 0),
	gsSP2Triangles(28, 29, 30, 0, 28, 30, 31, 0),
	gsSPVertex(castle_grounds_dl_Circle_002_mesh_layer_1_vtx_1 + 32, 32, 0),
	gsSP2Triangles(0, 1, 2, 0, 0, 2, 3, 0),
	gsSP2Triangles(4, 5, 6, 0, 4, 6, 7, 0),
	gsSP2Triangles(8, 9, 10, 0, 8, 10, 11, 0),
	gsSP2Triangles(12, 13, 14, 0, 12, 14, 15, 0),
	gsSP2Triangles(16, 17, 18, 0, 16, 18, 19, 0),
	gsSP2Triangles(20, 21, 22, 0, 20, 22, 23, 0),
	gsSP2Triangles(24, 25, 26, 0, 24, 26, 27, 0),
	gsSP2Triangles(28, 29, 30, 0, 28, 30, 31, 0),
	gsSPVertex(castle_grounds_dl_Circle_002_mesh_layer_1_vtx_1 + 64, 32, 0),
	gsSP2Triangles(0, 1, 2, 0, 0, 2, 3, 0),
	gsSP2Triangles(4, 5, 6, 0, 4, 6, 7, 0),
	gsSP2Triangles(8, 9, 10, 0, 8, 10, 11, 0),
	gsSP2Triangles(12, 13, 14, 0, 12, 14, 15, 0),
	gsSP2Triangles(16, 17, 18, 0, 16, 18, 19, 0),
	gsSP2Triangles(20, 21, 22, 0, 20, 22, 23, 0),
	gsSP2Triangles(24, 25, 26, 0, 24, 26, 27, 0),
	gsSP2Triangles(28, 29, 30, 0, 28, 30, 31, 0),
	gsSPVertex(castle_grounds_dl_Circle_002_mesh_layer_1_vtx_1 + 96, 32, 0),
	gsSP2Triangles(0, 1, 2, 0, 0, 2, 3, 0),
	gsSP2Triangles(4, 5, 6, 0, 4, 6, 7, 0),
	gsSP2Triangles(8, 9, 10, 0, 8, 10, 11, 0),
	gsSP2Triangles(12, 13, 14, 0, 12, 14, 15, 0),
	gsSP2Triangles(16, 17, 18, 0, 16, 18, 19, 0),
	gsSP2Triangles(20, 21, 22, 0, 20, 22, 23, 0),
	gsSP2Triangles(24, 25, 26, 0, 24, 26, 27, 0),
	gsSP2Triangles(28, 29, 30, 0, 28, 30, 31, 0),
	gsSPVertex(castle_grounds_dl_Circle_002_mesh_layer_1_vtx_1 + 128, 32, 0),
	gsSP2Triangles(0, 1, 2, 0, 0, 2, 3, 0),
	gsSP2Triangles(4, 5, 6, 0, 4, 6, 7, 0),
	gsSP2Triangles(8, 9, 10, 0, 8, 10, 11, 0),
	gsSP2Triangles(12, 13, 14, 0, 12, 14, 15, 0),
	gsSP2Triangles(16, 17, 18, 0, 16, 18, 19, 0),
	gsSP2Triangles(20, 21, 22, 0, 20, 22, 23, 0),
	gsSP2Triangles(24, 25, 26, 0, 24, 26, 27, 0),
	gsSP2Triangles(28, 29, 30, 0, 28, 30, 31, 0),
	gsSPEndDisplayList(),
};

Vtx castle_grounds_dl_Circle_002_mesh_layer_1_vtx_2[64] = {
	{{ {887, 408, 625}, 0, {2262, -843}, {0, 127, 0, 255} }},
	{{ {1363, 408, 987}, 0, {2690, 755}, {0, 127, 0, 255} }},
	{{ {1756, 408, -325}, 0, {4596, -1706}, {0, 127, 0, 255} }},
	{{ {1163, 408, -325}, 0, {3607, -2616}, {0, 127, 0, 255} }},
	{{ {887, 408, 625}, 0, {2268, -851}, {0, 127, 0, 255} }},
	{{ {-23, 408, 1479}, 0, {-158, -139}, {0, 127, 0, 255} }},
	{{ {222, 408, 2024}, 0, {-312, 1562}, {0, 127, 0, 255} }},
	{{ {1363, 408, 987}, 0, {2693, 751}, {0, 127, 0, 255} }},
	{{ {1163, 408, -325}, 0, {3599, -2606}, {0, 127, 0, 255} }},
	{{ {1756, 408, -325}, 0, {4599, -1710}, {0, 127, 0, 255} }},
	{{ {1065, 408, -2162}, 0, {5180, -7036}, {0, 127, 0, 255} }},
	{{ {664, 408, -1725}, 0, {4092, -6623}, {0, 127, 0, 255} }},
	{{ {664, 408, -1725}, 0, {4092, -6624}, {0, 127, 0, 255} }},
	{{ {1065, 408, -2162}, 0, {5180, -7036}, {0, 127, 0, 255} }},
	{{ {317, 408, -2628}, 0, {4588, -9801}, {0, 127, 0, 255} }},
	{{ {55, 408, -2095}, 0, {3643, -8957}, {0, 127, 0, 255} }},
	{{ {-2199, 408, -1725}, 0, {4092, -6624}, {0, 127, 0, 255} }},
	{{ {-1589, 408, -2095}, 0, {3643, -8957}, {0, 127, 0, 255} }},
	{{ {-1851, 408, -2628}, 0, {4588, -9801}, {0, 127, 0, 255} }},
	{{ {-2599, 408, -2162}, 0, {5180, -7036}, {0, 127, 0, 255} }},
	{{ {-2697, 408, -325}, 0, {3599, -2606}, {0, 127, 0, 255} }},
	{{ {-2199, 408, -1725}, 0, {4092, -6623}, {0, 127, 0, 255} }},
	{{ {-2599, 408, -2162}, 0, {5180, -7036}, {0, 127, 0, 255} }},
	{{ {-3290, 408, -325}, 0, {4599, -1710}, {0, 127, 0, 255} }},
	{{ {-2422, 408, 625}, 0, {2262, -843}, {0, 127, 0, 255} }},
	{{ {-2697, 408, -325}, 0, {3607, -2616}, {0, 127, 0, 255} }},
	{{ {-3290, 408, -325}, 0, {4596, -1706}, {0, 127, 0, 255} }},
	{{ {-2897, 408, 987}, 0, {2690, 755}, {0, 127, 0, 255} }},
	{{ {-2422, 408, 625}, 0, {2268, -851}, {0, 127, 0, 255} }},
	{{ {-2897, 408, 987}, 0, {2693, 751}, {0, 127, 0, 255} }},
	{{ {-1757, 408, 2024}, 0, {-312, 1562}, {0, 127, 0, 255} }},
	{{ {-1511, 408, 1479}, 0, {-158, -139}, {0, 127, 0, 255} }},
	{{ {-790, 789, 3073}, 0, {3599, -2606}, {0, 127, 0, 255} }},
	{{ {-790, 789, 4524}, 0, {4599, -1710}, {0, 127, 0, 255} }},
	{{ {2616, 803, 3435}, 0, {5180, -7036}, {0, 127, 0, 255} }},
	{{ {1686, 789, 2191}, 0, {4092, -6623}, {0, 127, 0, 255} }},
	{{ {1686, 789, 2191}, 0, {4092, -6624}, {255, 127, 255, 255} }},
	{{ {2616, 803, 3435}, 0, {5180, -7036}, {255, 127, 255, 255} }},
	{{ {3461, 803, 1668}, 0, {4588, -9801}, {255, 127, 255, 255} }},
	{{ {2342, 789, 1113}, 0, {3643, -8957}, {255, 127, 255, 255} }},
	{{ {-2472, 789, 2586}, 0, {2262, -843}, {0, 127, 0, 255} }},
	{{ {-3113, 789, 3828}, 0, {2690, 755}, {0, 127, 0, 255} }},
	{{ {-790, 789, 4524}, 0, {4596, -1706}, {0, 127, 0, 255} }},
	{{ {-790, 789, 3073}, 0, {3607, -2616}, {0, 127, 0, 255} }},
	{{ {-2472, 789, 2586}, 0, {2268, -851}, {0, 127, 0, 255} }},
	{{ {-3984, 789, 974}, 0, {-158, -139}, {0, 127, 0, 255} }},
	{{ {-4948, 789, 1809}, 0, {-312, 1562}, {0, 127, 0, 255} }},
	{{ {-3113, 789, 3828}, 0, {2693, 751}, {0, 127, 0, 255} }},
	{{ {1686, 789, -2876}, 0, {4092, -6624}, {255, 127, 1, 255} }},
	{{ {2342, 789, -1798}, 0, {3643, -8957}, {255, 127, 1, 255} }},
	{{ {3461, 803, -2265}, 0, {4588, -9801}, {255, 127, 1, 255} }},
	{{ {2768, 803, -4153}, 0, {5180, -7036}, {255, 127, 1, 255} }},
	{{ {-790, 789, -3758}, 0, {3599, -2606}, {0, 127, 0, 255} }},
	{{ {1686, 789, -2876}, 0, {4092, -6623}, {0, 127, 0, 255} }},
	{{ {2768, 803, -4153}, 0, {5180, -7036}, {0, 127, 0, 255} }},
	{{ {-642, 789, -5325}, 0, {4599, -1710}, {0, 127, 0, 255} }},
	{{ {-2472, 789, -3270}, 0, {2262, -843}, {0, 127, 0, 255} }},
	{{ {-790, 789, -3758}, 0, {3607, -2616}, {0, 127, 0, 255} }},
	{{ {-642, 789, -5325}, 0, {4596, -1706}, {0, 127, 0, 255} }},
	{{ {-3392, 789, -4391}, 0, {2690, 755}, {0, 127, 0, 255} }},
	{{ {-2472, 789, -3270}, 0, {2268, -851}, {0, 127, 0, 255} }},
	{{ {-3392, 789, -4391}, 0, {2693, 751}, {0, 127, 0, 255} }},
	{{ {-5228, 789, -2373}, 0, {-312, 1562}, {0, 127, 0, 255} }},
	{{ {-3984, 789, -1659}, 0, {-158, -139}, {0, 127, 0, 255} }},
};

Gfx castle_grounds_dl_Circle_002_mesh_layer_1_tri_2[] = {
	gsSPVertex(castle_grounds_dl_Circle_002_mesh_layer_1_vtx_2 + 0, 32, 0),
	gsSP2Triangles(0, 1, 2, 0, 0, 2, 3, 0),
	gsSP2Triangles(4, 5, 6, 0, 4, 6, 7, 0),
	gsSP2Triangles(8, 9, 10, 0, 8, 10, 11, 0),
	gsSP2Triangles(12, 13, 14, 0, 12, 14, 15, 0),
	gsSP2Triangles(16, 17, 18, 0, 16, 18, 19, 0),
	gsSP2Triangles(20, 21, 22, 0, 20, 22, 23, 0),
	gsSP2Triangles(24, 25, 26, 0, 24, 26, 27, 0),
	gsSP2Triangles(28, 29, 30, 0, 28, 30, 31, 0),
	gsSPVertex(castle_grounds_dl_Circle_002_mesh_layer_1_vtx_2 + 32, 32, 0),
	gsSP2Triangles(0, 1, 2, 0, 0, 2, 3, 0),
	gsSP2Triangles(4, 5, 6, 0, 4, 6, 7, 0),
	gsSP2Triangles(8, 9, 10, 0, 8, 10, 11, 0),
	gsSP2Triangles(12, 13, 14, 0, 12, 14, 15, 0),
	gsSP2Triangles(16, 17, 18, 0, 16, 18, 19, 0),
	gsSP2Triangles(20, 21, 22, 0, 20, 22, 23, 0),
	gsSP2Triangles(24, 25, 26, 0, 24, 26, 27, 0),
	gsSP2Triangles(28, 29, 30, 0, 28, 30, 31, 0),
	gsSPEndDisplayList(),
};

Vtx castle_grounds_dl_Water_Box_Mesh_mesh_layer_5_vtx_cull[8] = {
	{{ {-3771, 0, 3771}, 0, {0, 0}, {0, 0, 0, 0} }},
	{{ {-3771, 0, 3771}, 0, {0, 0}, {0, 0, 0, 0} }},
	{{ {-3771, 0, -3771}, 0, {0, 0}, {0, 0, 0, 0} }},
	{{ {-3771, 0, -3771}, 0, {0, 0}, {0, 0, 0, 0} }},
	{{ {3771, 0, 3771}, 0, {0, 0}, {0, 0, 0, 0} }},
	{{ {3771, 0, 3771}, 0, {0, 0}, {0, 0, 0, 0} }},
	{{ {3771, 0, -3771}, 0, {0, 0}, {0, 0, 0, 0} }},
	{{ {3771, 0, -3771}, 0, {0, 0}, {0, 0, 0, 0} }},
};

Vtx castle_grounds_dl_Water_Box_Mesh_mesh_layer_5_vtx_0[4] = {
	{{ {-3771, 0, 3771}, 0, {496, 10613}, {0, 127, 0, 255} }},
	{{ {3771, 0, 3771}, 0, {10613, 496}, {0, 127, 0, 255} }},
	{{ {3771, 0, -3771}, 0, {496, -9621}, {0, 127, 0, 255} }},
	{{ {-3771, 0, -3771}, 0, {-9621, 496}, {0, 127, 0, 255} }},
};

Gfx castle_grounds_dl_Water_Box_Mesh_mesh_layer_5_tri_0[] = {
	gsSPVertex(castle_grounds_dl_Water_Box_Mesh_mesh_layer_5_vtx_0 + 0, 4, 0),
	gsSP2Triangles(0, 1, 2, 0, 0, 2, 3, 0),
	gsSPEndDisplayList(),
};

Vtx castle_grounds_dl_Circle_001_mesh_layer_1_vtx_cull[8] = {
	{{ {-4897, -1555, 4348}, 0, {0, 0}, {0, 0, 0, 0} }},
	{{ {-4897, 1354, 4348}, 0, {0, 0}, {0, 0, 0, 0} }},
	{{ {-4897, 1354, -6479}, 0, {0, 0}, {0, 0, 0, 0} }},
	{{ {-4897, -1555, -6479}, 0, {0, 0}, {0, 0, 0, 0} }},
	{{ {6062, -1555, 4348}, 0, {0, 0}, {0, 0, 0, 0} }},
	{{ {6062, 1354, 4348}, 0, {0, 0}, {0, 0, 0, 0} }},
	{{ {6062, 1354, -6479}, 0, {0, 0}, {0, 0, 0, 0} }},
	{{ {6062, -1555, -6479}, 0, {0, 0}, {0, 0, 0, 0} }},
};

Vtx castle_grounds_dl_Circle_001_mesh_layer_1_vtx_0[116] = {
	{{ {-654, -6, -890}, 0, {1938, -2361}, {0, 255, 37, 255} }},
	{{ {-1510, -35, -3016}, 0, {7085, -4433}, {0, 193, 6, 255} }},
	{{ {-1227, -31, -838}, 0, {1814, -3747}, {0, 255, 37, 255} }},
	{{ {-1510, -821, -3016}, 0, {7085, -4433}, {155, 132, 0, 255} }},
	{{ {-214, -35, -3723}, 0, {8798, -1294}, {0, 196, 6, 255} }},
	{{ {-214, -821, -3723}, 0, {8798, -1294}, {3, 105, 0, 255} }},
	{{ {-654, -6, -890}, 0, {1938, -2361}, {0, 255, 37, 255} }},
	{{ {-214, -35, -3723}, 0, {8798, -1294}, {0, 194, 6, 255} }},
	{{ {-1510, -35, -3016}, 0, {7085, -4433}, {0, 191, 6, 255} }},
	{{ {-1510, -35, -3016}, 0, {7085, -4433}, {0, 192, 6, 255} }},
	{{ {-214, -35, -3723}, 0, {8798, -1294}, {0, 192, 6, 255} }},
	{{ {-1277, -821, 387}, 0, {-1152, -3868}, {0, 255, 37, 255} }},
	{{ {-654, -821, -612}, 0, {1266, -2361}, {0, 255, 37, 255} }},
	{{ {-1227, -821, -593}, 0, {1219, -3747}, {0, 255, 37, 255} }},
	{{ {-516, -821, 387}, 0, {-1152, -2027}, {0, 255, 37, 255} }},
	{{ {-654, -821, -612}, 0, {1266, -2361}, {0, 255, 37, 255} }},
	{{ {-2300, -821, -1359}, 0, {3074, -6346}, {155, 132, 0, 255} }},
	{{ {-3862, -821, -905}, 0, {1975, -10125}, {0, 116, 3, 255} }},
	{{ {-1227, -821, -593}, 0, {1219, -3747}, {0, 255, 37, 255} }},
	{{ {-3677, -821, -1366}, 0, {3090, -9679}, {99, 123, 2, 255} }},
	{{ {-3374, -821, -2125}, 0, {4928, -8944}, {155, 132, 0, 255} }},
	{{ {-3008, -821, -2300}, 0, {5351, -8058}, {155, 132, 0, 255} }},
	{{ {-2259, -821, -2658}, 0, {6218, -6246}, {155, 132, 0, 255} }},
	{{ {-1227, -821, -593}, 0, {1219, -3747}, {0, 255, 37, 255} }},
	{{ {-3949, -821, -2355}, 0, {4928, -8944}, {155, 132, 0, 255} }},
	{{ {-4253, -821, -1596}, 0, {3090, -9679}, {99, 123, 2, 255} }},
	{{ {-2940, -821, 667}, 0, {-1830, -7894}, {0, 255, 37, 255} }},
	{{ {-2023, -821, 1355}, 0, {-3495, -5675}, {0, 248, 35, 255} }},
	{{ {-1650, -821, 1537}, 0, {-3938, -4771}, {0, 155, 5, 255} }},
	{{ {-1277, -821, 1720}, 0, {-4380, -3868}, {0, 155, 5, 255} }},
	{{ {-1006, -795, 1784}, 0, {-4534, -3211}, {0, 155, 5, 255} }},
	{{ {-719, -725, 729}, 0, {-1981, -2518}, {0, 255, 37, 255} }},
	{{ {-3759, -821, 91}, 0, {-437, -9877}, {0, 155, 5, 255} }},
	{{ {-3703, -821, 955}, 0, {-2529, -9740}, {255, 255, 255, 255} }},
	{{ {-2940, -821, 667}, 0, {-1830, -7894}, {0, 255, 37, 255} }},
	{{ {-3862, -821, -905}, 0, {1975, -10125}, {0, 116, 3, 255} }},
	{{ {-1227, -821, -593}, 0, {1219, -3747}, {0, 255, 37, 255} }},
	{{ {-4540, -821, -40}, 0, {-120, -11768}, {0, 0, 0, 255} }},
	{{ {-4537, -821, -915}, 0, {1999, -11760}, {0, 0, 0, 255} }},
	{{ {-3862, -14, -905}, 0, {1975, -10125}, {0, 192, 6, 255} }},
	{{ {-4540, -14, -40}, 0, {-120, -11768}, {0, 0, 0, 255} }},
	{{ {-4537, -14, -915}, 0, {1999, -11760}, {0, 0, 0, 255} }},
	{{ {-3759, -14, 91}, 0, {-437, -9877}, {0, 192, 6, 255} }},
	{{ {-3703, -821, 955}, 0, {-2529, -9740}, {0, 192, 6, 255} }},
	{{ {-2384, -35, 2225}, 0, {-5603, -6548}, {0, 255, 37, 255} }},
	{{ {-2023, -35, 1355}, 0, {-3495, -5675}, {0, 255, 37, 255} }},
	{{ {-1650, -35, 1537}, 0, {-3938, -4771}, {0, 255, 37, 255} }},
	{{ {-2011, -35, 2408}, 0, {-6045, -5645}, {0, 255, 37, 255} }},
	{{ {-1277, -35, 1720}, 0, {-4380, -3868}, {0, 255, 37, 255} }},
	{{ {-1638, -35, 2591}, 0, {-6488, -4741}, {0, 255, 37, 255} }},
	{{ {-848, -35, 2539}, 0, {-6364, -2830}, {0, 255, 37, 255} }},
	{{ {-156, -35, 1197}, 0, {-3115, -1154}, {0, 255, 37, 255} }},
	{{ {-298, -35, 2293}, 0, {-5767, -1498}, {0, 255, 37, 255} }},
	{{ {63, -35, 1423}, 0, {-3660, -625}, {0, 192, 6, 255} }},
	{{ {341, -35, 2142}, 0, {-5401, 48}, {0, 255, 37, 255} }},
	{{ {702, -35, 1271}, 0, {-3293, 922}, {0, 255, 37, 255} }},
	{{ {878, -35, 2077}, 0, {-5245, 1348}, {0, 255, 37, 255} }},
	{{ {1238, -35, 1207}, 0, {-3137, 2221}, {0, 255, 37, 255} }},
	{{ {2701, -821, 2092}, 0, {-5280, 5763}, {0, 255, 37, 255} }},
	{{ {1710, -821, 910}, 0, {-2420, 3363}, {0, 255, 37, 255} }},
	{{ {2946, -821, 408}, 0, {-1203, 6355}, {0, 255, 37, 255} }},
	{{ {1801, -821, 512}, 0, {-1456, 3583}, {0, 255, 37, 255} }},
	{{ {1557, -821, 473}, 0, {-1362, 2993}, {0, 255, 37, 255} }},
	{{ {1238, -821, 1207}, 0, {-3137, 2221}, {0, 255, 37, 255} }},
	{{ {1557, -821, 473}, 0, {-1362, 2993}, {0, 255, 37, 255} }},
	{{ {501, -821, 41}, 0, {-314, 437}, {5, 170, 0, 255} }},
	{{ {1238, -821, 1207}, 0, {-3137, 2221}, {0, 255, 37, 255} }},
	{{ {702, -821, 1271}, 0, {-3293, 922}, {0, 255, 37, 255} }},
	{{ {63, -821, 1423}, 0, {-3660, -625}, {0, 255, 37, 255} }},
	{{ {-516, -821, 387}, 0, {-1152, -2027}, {0, 255, 37, 255} }},
	{{ {103, -821, -757}, 0, {1618, -526}, {3, 221, 29, 255} }},
	{{ {-654, -821, -612}, 0, {1266, -2361}, {0, 255, 37, 255} }},
	{{ {-214, -821, -3723}, 0, {8798, -1294}, {3, 105, 0, 255} }},
	{{ {718, -821, -1403}, 0, {3181, 962}, {0, 255, 37, 255} }},
	{{ {1985, -821, -1519}, 0, {3460, 4030}, {0, 255, 37, 255} }},
	{{ {2240, -821, -1414}, 0, {3208, 4647}, {0, 255, 37, 255} }},
	{{ {2888, -821, -1149}, 0, {2565, 6214}, {0, 255, 37, 255} }},
	{{ {3163, -821, -1036}, 0, {2292, 6880}, {0, 255, 37, 255} }},
	{{ {3127, -821, -5302}, 0, {12619, 6793}, {0, 79, 0, 255} }},
	{{ {5002, -821, -2037}, 0, {4716, 11333}, {0, 255, 37, 255} }},
	{{ {3561, -821, -238}, 0, {360, 7843}, {0, 255, 37, 255} }},
	{{ {3982, -821, 362}, 0, {-1091, 8862}, {0, 255, 37, 255} }},
	{{ {2946, -821, 408}, 0, {-1203, 6355}, {0, 255, 37, 255} }},
	{{ {2701, -821, 2092}, 0, {-5280, 5763}, {0, 255, 37, 255} }},
	{{ {3280, -821, 1544}, 0, {-3955, 7163}, {0, 123, 8, 255} }},
	{{ {5007, -821, -3041}, 0, {7147, 11343}, {0, 192, 6, 255} }},
	{{ {4622, -821, -4361}, 0, {10342, 10412}, {0, 116, 3, 255} }},
	{{ {6062, -821, -3125}, 0, {7350, 13898}, {40, 171, 36, 255} }},
	{{ {6062, -821, -2033}, 0, {4706, 13898}, {0, 255, 37, 255} }},
	{{ {-156, -754, 1197}, 0, {-3115, -1154}, {0, 255, 37, 255} }},
	{{ {-156, -35, 1197}, 0, {-3115, -1154}, {0, 255, 37, 255} }},
	{{ {-1291, -33, 428}, 0, {-1253, -3903}, {0, 217, 29, 255} }},
	{{ {-1277, -35, 1720}, 0, {-4380, -3868}, {0, 255, 37, 255} }},
	{{ {-516, -33, 377}, 0, {-1129, -2027}, {0, 255, 37, 255} }},
	{{ {-719, -725, 729}, 0, {-1981, -2518}, {0, 255, 37, 255} }},
	{{ {-1006, -795, 1784}, 0, {-4534, -3211}, {0, 155, 5, 255} }},
	{{ {-960, -1409, 2894}, 0, {-7221, -3100}, {0, 155, 5, 255} }},
	{{ {179, -1340, 2027}, 0, {-5124, -343}, {0, 155, 5, 255} }},
	{{ {2946, -1386, 408}, 0, {-1203, 6355}, {0, 255, 37, 255} }},
	{{ {3561, -1386, -238}, 0, {360, 7843}, {0, 255, 37, 255} }},
	{{ {3163, -1386, -1036}, 0, {2292, 6880}, {0, 255, 37, 255} }},
	{{ {2888, -1386, -1149}, 0, {2565, 6214}, {0, 255, 37, 255} }},
	{{ {1801, -1386, 512}, 0, {-1456, 3583}, {0, 210, 22, 255} }},
	{{ {2240, -1386, -1414}, 0, {3208, 4647}, {0, 255, 37, 255} }},
	{{ {1557, -1386, 473}, 0, {-1362, 2993}, {0, 186, 9, 255} }},
	{{ {1985, -1386, -1519}, 0, {3460, 4030}, {0, 255, 37, 255} }},
	{{ {718, -1386, -1403}, 0, {3181, 962}, {0, 255, 37, 255} }},
	{{ {501, -1386, 41}, 0, {-314, 437}, {0, 184, 5, 255} }},
	{{ {103, -1386, -757}, 0, {1618, -526}, {0, 169, 4, 255} }},
	{{ {179, -1340, 2027}, 0, {-5124, -343}, {0, 155, 5, 255} }},
	{{ {-604, -1555, 4348}, 0, {-10743, -2238}, {0, 155, 5, 255} }},
	{{ {1023, -1555, 2994}, 0, {-7465, 1699}, {0, 155, 5, 255} }},
	{{ {-3008, -821, -2300}, 0, {642, 2028}, {155, 132, 0, 255} }},
	{{ {-2614, -821, -3399}, 0, {1374, -12}, {28, 23, 0, 255} }},
	{{ {-3362, -821, -3041}, 0, {-16, 652}, {1, 1, 0, 255} }},
	{{ {-2259, -821, -2658}, 0, {2032, 1364}, {155, 132, 0, 255} }},
};

Gfx castle_grounds_dl_Circle_001_mesh_layer_1_tri_0[] = {
	gsSPVertex(castle_grounds_dl_Circle_001_mesh_layer_1_vtx_0 + 0, 32, 0),
	gsSP2Triangles(0, 1, 2, 0, 3, 4, 5, 0),
	gsSP2Triangles(6, 7, 8, 0, 3, 9, 10, 0),
	gsSP2Triangles(11, 12, 13, 0, 11, 14, 15, 0),
	gsSP2Triangles(16, 17, 18, 0, 16, 19, 17, 0),
	gsSP2Triangles(16, 20, 19, 0, 16, 21, 20, 0),
	gsSP2Triangles(16, 22, 21, 0, 3, 22, 16, 0),
	gsSP2Triangles(3, 16, 23, 0, 19, 20, 24, 0),
	gsSP2Triangles(19, 24, 25, 0, 11, 18, 26, 0),
	gsSP2Triangles(26, 27, 11, 0, 27, 28, 11, 0),
	gsSP2Triangles(28, 29, 11, 0, 11, 29, 30, 0),
	gsSP1Triangle(11, 30, 31, 0),
	gsSPVertex(castle_grounds_dl_Circle_001_mesh_layer_1_vtx_0 + 32, 32, 0),
	gsSP2Triangles(0, 1, 2, 0, 2, 3, 0, 0),
	gsSP2Triangles(4, 3, 2, 0, 3, 5, 0, 0),
	gsSP2Triangles(3, 6, 5, 0, 7, 8, 9, 0),
	gsSP2Triangles(7, 10, 8, 0, 2, 11, 12, 0),
	gsSP2Triangles(2, 12, 13, 0, 14, 13, 12, 0),
	gsSP2Triangles(14, 12, 15, 0, 16, 14, 15, 0),
	gsSP2Triangles(16, 15, 17, 0, 16, 17, 18, 0),
	gsSP2Triangles(16, 18, 19, 0, 19, 18, 20, 0),
	gsSP2Triangles(19, 20, 21, 0, 21, 20, 22, 0),
	gsSP2Triangles(21, 22, 23, 0, 23, 22, 24, 0),
	gsSP2Triangles(23, 24, 25, 0, 25, 24, 26, 0),
	gsSP2Triangles(25, 26, 27, 0, 27, 26, 28, 0),
	gsSP2Triangles(27, 28, 29, 0, 27, 29, 30, 0),
	gsSP1Triangle(27, 30, 31, 0),
	gsSPVertex(castle_grounds_dl_Circle_001_mesh_layer_1_vtx_0 + 64, 30, 0),
	gsSP2Triangles(0, 1, 2, 0, 3, 2, 1, 0),
	gsSP2Triangles(4, 3, 1, 0, 1, 5, 4, 0),
	gsSP2Triangles(5, 1, 6, 0, 5, 6, 7, 0),
	gsSP2Triangles(8, 7, 6, 0, 9, 8, 6, 0),
	gsSP2Triangles(10, 8, 9, 0, 10, 11, 8, 0),
	gsSP2Triangles(12, 8, 11, 0, 12, 13, 8, 0),
	gsSP2Triangles(8, 13, 14, 0, 15, 14, 13, 0),
	gsSP2Triangles(16, 15, 13, 0, 17, 15, 16, 0),
	gsSP2Triangles(16, 18, 17, 0, 18, 19, 17, 0),
	gsSP2Triangles(19, 20, 17, 0, 21, 14, 15, 0),
	gsSP2Triangles(21, 22, 14, 0, 15, 23, 21, 0),
	gsSP2Triangles(15, 24, 23, 0, 5, 25, 4, 0),
	gsSP2Triangles(26, 27, 28, 0, 26, 29, 27, 0),
	gsSPVertex(castle_grounds_dl_Circle_001_mesh_layer_1_vtx_0 + 94, 22, 0),
	gsSP2Triangles(0, 1, 2, 0, 0, 2, 3, 0),
	gsSP2Triangles(4, 5, 6, 0, 6, 7, 4, 0),
	gsSP2Triangles(4, 7, 8, 0, 7, 9, 8, 0),
	gsSP2Triangles(10, 8, 9, 0, 9, 11, 10, 0),
	gsSP2Triangles(11, 12, 10, 0, 13, 10, 12, 0),
	gsSP2Triangles(12, 14, 13, 0, 15, 2, 16, 0),
	gsSP2Triangles(15, 16, 17, 0, 18, 19, 20, 0),
	gsSP1Triangle(18, 21, 19, 0),
	gsSPEndDisplayList(),
};

Vtx castle_grounds_dl_Circle_001_mesh_layer_1_vtx_1[269] = {
	{{ {-156, -35, 1197}, 0, {-197, 2081}, {255, 255, 255, 255} }},
	{{ {63, -821, 1423}, 0, {-96, 2845}, {1, 99, 0, 255} }},
	{{ {-156, -754, 1197}, 0, {-197, 2780}, {78, 122, 78, 255} }},
	{{ {-1510, -821, -3016}, 0, {1808, 2845}, {155, 132, 0, 255} }},
	{{ {-1227, -31, -838}, 0, {-245, 2077}, {165, 165, 165, 255} }},
	{{ {-1510, -35, -3016}, 0, {1808, 2081}, {254, 254, 254, 255} }},
	{{ {-516, -33, 377}, 0, {-1456, 2080}, {160, 160, 160, 255} }},
	{{ {-156, -35, 1197}, 0, {-2253, 2081}, {226, 226, 226, 255} }},
	{{ {-516, -821, 387}, 0, {-1465, 2845}, {2, 104, 0, 255} }},
	{{ {-156, -35, 1197}, 0, {-2253, 2081}, {255, 255, 255, 255} }},
	{{ {-156, -754, 1197}, 0, {-2253, 2780}, {52, 116, 52, 255} }},
	{{ {-654, -6, -890}, 0, {-187, 2053}, {175, 173, 174, 255} }},
	{{ {-214, -821, -3723}, 0, {2470, 2845}, {3, 105, 0, 255} }},
	{{ {-214, -35, -3723}, 0, {2470, 2081}, {254, 253, 253, 255} }},
	{{ {-654, -821, -612}, 0, {-791, 2829}, {4, 157, 0, 255} }},
	{{ {-1227, -31, -838}, 0, {-1348, 2063}, {173, 173, 171, 255} }},
	{{ {-1227, -821, -593}, 0, {-1348, 2830}, {159, 158, 149, 255} }},
	{{ {3127, -821, -5302}, 0, {2882, 2845}, {5, 178, 0, 255} }},
	{{ {-214, -35, -3723}, 0, {-302, 2081}, {248, 246, 246, 255} }},
	{{ {-214, -821, -3723}, 0, {-302, 2845}, {3, 105, 0, 255} }},
	{{ {-214, -35, -3723}, 0, {-332, 2032}, {255, 255, 255, 255} }},
	{{ {-2205, 1354, -3619}, 0, {-2300, 732}, {255, 255, 255, 255} }},
	{{ {-1510, -35, -3016}, 0, {-1645, 2111}, {255, 255, 255, 255} }},
	{{ {-1510, -821, -3016}, 0, {1811, 2837}, {155, 132, 0, 255} }},
	{{ {-1227, -821, -593}, 0, {-485, 2852}, {145, 144, 136, 255} }},
	{{ {-1227, -31, -838}, 0, {-247, 2085}, {160, 160, 160, 255} }},
	{{ {-654, -6, -890}, 0, {-190, 2065}, {168, 165, 167, 255} }},
	{{ {-654, -821, -612}, 0, {-460, 2857}, {4, 164, 0, 255} }},
	{{ {-214, -821, -3723}, 0, {2475, 2827}, {3, 105, 0, 255} }},
	{{ {-654, -821, -612}, 0, {-789, 2827}, {4, 164, 0, 255} }},
	{{ {-654, -6, -890}, 0, {-789, 2034}, {166, 165, 166, 255} }},
	{{ {-1227, -31, -838}, 0, {-1346, 2062}, {160, 159, 160, 255} }},
	{{ {-214, -35, -3723}, 0, {-334, 2036}, {255, 255, 255, 255} }},
	{{ {46, 1354, -4504}, 0, {-113, 732}, {255, 255, 255, 255} }},
	{{ {-2205, 1354, -3619}, 0, {-2300, 732}, {255, 255, 255, 255} }},
	{{ {-1638, -35, 2591}, 0, {-1749, 2081}, {255, 255, 255, 255} }},
	{{ {-2115, 1354, 3397}, 0, {-2212, 732}, {255, 255, 255, 255} }},
	{{ {-1127, 1354, 3332}, 0, {-1252, 732}, {255, 255, 255, 255} }},
	{{ {1710, -821, 910}, 0, {1505, 2845}, {5, 178, 0, 255} }},
	{{ {1238, -821, 1207}, 0, {1046, 2845}, {1, 99, 0, 255} }},
	{{ {1238, -35, 1207}, 0, {1046, 2081}, {255, 255, 255, 255} }},
	{{ {702, -821, 1271}, 0, {525, 2845}, {1, 99, 0, 255} }},
	{{ {702, -35, 1271}, 0, {525, 2081}, {255, 255, 255, 255} }},
	{{ {63, -821, 1423}, 0, {-96, 2845}, {1, 99, 0, 255} }},
	{{ {63, -35, 1423}, 0, {-96, 2081}, {255, 255, 255, 255} }},
	{{ {-156, -35, 1197}, 0, {-197, 2081}, {255, 255, 255, 255} }},
	{{ {-2023, -821, 1355}, 0, {-2124, 2845}, {203, 202, 190, 255} }},
	{{ {-2940, -821, 667}, 0, {-3014, 2845}, {187, 186, 175, 255} }},
	{{ {-2023, -35, 1355}, 0, {-2124, 2081}, {103, 103, 97, 255} }},
	{{ {-1650, -35, 1537}, 0, {-1761, 2081}, {103, 103, 97, 255} }},
	{{ {-1650, -821, 1537}, 0, {-1761, 2845}, {145, 144, 136, 255} }},
	{{ {-1277, -35, 1720}, 0, {-1398, 2081}, {145, 143, 135, 255} }},
	{{ {-1277, -821, 1720}, 0, {-1398, 2845}, {145, 144, 136, 255} }},
	{{ {-1006, -60, 1784}, 0, {-1162, 2106}, {145, 144, 135, 255} }},
	{{ {-1006, -795, 1784}, 0, {-1162, 2820}, {145, 144, 136, 255} }},
	{{ {-516, -33, 377}, 0, {-659, 2080}, {160, 160, 160, 255} }},
	{{ {-1277, -821, 387}, 0, {-1398, 2845}, {145, 144, 136, 255} }},
	{{ {-1291, -33, 428}, 0, {-1412, 2080}, {160, 160, 160, 255} }},
	{{ {-516, -821, 387}, 0, {-659, 2845}, {2, 104, 0, 255} }},
	{{ {2701, -821, 2092}, 0, {2468, 2845}, {145, 144, 136, 255} }},
	{{ {3280, -14, 1544}, 0, {3030, 2061}, {255, 255, 255, 255} }},
	{{ {3280, -821, 1544}, 0, {3030, 2845}, {145, 144, 136, 255} }},
	{{ {2701, -14, 2092}, 0, {2468, 2061}, {255, 255, 255, 255} }},
	{{ {878, -35, 2077}, 0, {696, 2081}, {255, 255, 255, 255} }},
	{{ {2701, -14, 2092}, 0, {2468, 2061}, {255, 255, 255, 255} }},
	{{ {878, -35, 2077}, 0, {696, 2081}, {255, 255, 255, 255} }},
	{{ {1033, 1354, 2754}, 0, {846, 732}, {255, 255, 255, 255} }},
	{{ {361, 1354, 2835}, 0, {194, 732}, {255, 255, 255, 255} }},
	{{ {341, -35, 2142}, 0, {174, 2081}, {255, 255, 255, 255} }},
	{{ {3315, 1354, 2772}, 0, {3064, 732}, {145, 144, 136, 255} }},
	{{ {3280, -14, 1544}, 0, {3030, 2061}, {255, 255, 255, 255} }},
	{{ {4038, 1354, 2087}, 0, {3768, 732}, {145, 144, 136, 255} }},
	{{ {5007, -821, -3041}, 0, {1866, 2845}, {255, 255, 255, 255} }},
	{{ {4622, -14, -4361}, 0, {3149, 2061}, {255, 255, 255, 255} }},
	{{ {4622, -821, -4361}, 0, {3149, 2845}, {255, 255, 255, 255} }},
	{{ {5007, -14, -3041}, 0, {1866, 2061}, {255, 255, 255, 255} }},
	{{ {6062, 1354, -3125}, 0, {1948, 732}, {255, 255, 255, 255} }},
	{{ {5718, 1354, -5302}, 0, {4064, 732}, {255, 255, 255, 255} }},
	{{ {-3374, -821, -2125}, 0, {-3436, 2845}, {155, 132, 0, 255} }},
	{{ {-3008, -821, -2300}, 0, {-3089, 2845}, {155, 132, 0, 255} }},
	{{ {-3008, -18, -2300}, 0, {-3089, 2065}, {252, 252, 249, 255} }},
	{{ {-3374, -14, -2125}, 0, {-3436, 2061}, {255, 255, 255, 255} }},
	{{ {-3949, -14, -2355}, 0, {-3436, 2061}, {255, 255, 255, 255} }},
	{{ {-3949, -821, -2355}, 0, {-3436, 2845}, {155, 132, 0, 255} }},
	{{ {-4253, -821, -1596}, 0, {-3731, 2845}, {224, 219, 207, 255} }},
	{{ {-4253, -14, -1596}, 0, {-3731, 2061}, {255, 255, 255, 255} }},
	{{ {-3677, -14, -1366}, 0, {-3731, 2061}, {255, 255, 255, 255} }},
	{{ {-3677, -821, -1366}, 0, {-3731, 2845}, {224, 219, 207, 255} }},
	{{ {-3862, -821, -905}, 0, {-3910, 2845}, {255, 255, 255, 255} }},
	{{ {-3862, -14, -905}, 0, {-3910, 2061}, {255, 255, 255, 255} }},
	{{ {-4537, -14, -915}, 0, {-4566, 2061}, {0, 0, 0, 255} }},
	{{ {-4537, -821, -915}, 0, {-4566, 2845}, {0, 0, 0, 255} }},
	{{ {3982, -821, 362}, 0, {-1441, 2845}, {1, 99, 0, 255} }},
	{{ {5002, -14, -2037}, 0, {891, 2061}, {255, 255, 255, 255} }},
	{{ {5002, -821, -2037}, 0, {891, 2845}, {1, 99, 0, 255} }},
	{{ {3982, -14, 362}, 0, {-1441, 2061}, {255, 255, 255, 255} }},
	{{ {3280, -821, 1544}, 0, {-2590, 2845}, {145, 144, 136, 255} }},
	{{ {3982, -14, 362}, 0, {-1441, 2061}, {255, 255, 255, 255} }},
	{{ {3982, -821, 362}, 0, {-1441, 2845}, {1, 99, 0, 255} }},
	{{ {3280, -14, 1544}, 0, {-2590, 2061}, {255, 255, 255, 255} }},
	{{ {4038, 1354, 2087}, 0, {-3118, 732}, {145, 144, 136, 255} }},
	{{ {4917, 1354, 607}, 0, {-1680, 732}, {145, 144, 136, 255} }},
	{{ {5002, -14, -2037}, 0, {891, 2061}, {255, 255, 255, 255} }},
	{{ {6062, 1321, -2033}, 0, {887, 764}, {255, 255, 255, 255} }},
	{{ {5002, -821, -2037}, 0, {4704, 2845}, {1, 99, 0, 255} }},
	{{ {6062, -14, -2033}, 0, {5734, 2061}, {255, 255, 255, 255} }},
	{{ {6062, -821, -2033}, 0, {5734, 2845}, {255, 255, 255, 255} }},
	{{ {5002, -14, -2037}, 0, {4704, 2061}, {255, 255, 255, 255} }},
	{{ {6062, 1321, -2033}, 0, {5734, 764}, {255, 255, 255, 255} }},
	{{ {-4537, -821, -915}, 0, {-200, 2845}, {0, 0, 0, 255} }},
	{{ {-4540, -14, -40}, 0, {-1051, 2061}, {0, 0, 0, 255} }},
	{{ {-4540, -821, -40}, 0, {-1051, 2845}, {0, 0, 0, 255} }},
	{{ {-4537, -14, -915}, 0, {-200, 2061}, {0, 0, 0, 255} }},
	{{ {-4540, -821, -40}, 0, {-4570, 2845}, {0, 0, 0, 255} }},
	{{ {-3759, -14, 91}, 0, {-3810, 2061}, {255, 255, 255, 255} }},
	{{ {-3759, -821, 91}, 0, {-3810, 2845}, {255, 255, 255, 255} }},
	{{ {-4540, -14, -40}, 0, {-4570, 2061}, {0, 0, 0, 255} }},
	{{ {-3759, -821, 91}, 0, {-1178, 2845}, {255, 255, 255, 255} }},
	{{ {-3703, -14, 955}, 0, {-2018, 2061}, {255, 255, 255, 255} }},
	{{ {-3703, -821, 955}, 0, {-2018, 2845}, {255, 255, 255, 255} }},
	{{ {-3759, -14, 91}, 0, {-1178, 2061}, {255, 255, 255, 255} }},
	{{ {-4769, 1354, 269}, 0, {-1351, 732}, {255, 255, 255, 255} }},
	{{ {-3862, -14, -905}, 0, {-210, 2061}, {255, 255, 255, 255} }},
	{{ {-4897, 1354, -978}, 0, {-139, 732}, {255, 255, 255, 255} }},
	{{ {-4287, 1354, -2504}, 0, {1344, 732}, {255, 255, 255, 255} }},
	{{ {-4058, 1012, -2409}, 0, {1252, 1064}, {255, 255, 255, 255} }},
	{{ {-3618, -14, -1515}, 0, {383, 2061}, {255, 255, 255, 255} }},
	{{ {-3830, 670, -2314}, 0, {1160, 1396}, {255, 255, 255, 255} }},
	{{ {-3618, -14, -1515}, 0, {383, 2061}, {255, 255, 255, 255} }},
	{{ {-3374, -14, -2125}, 0, {976, 2061}, {255, 255, 255, 255} }},
	{{ {-3830, 670, -2314}, 0, {1160, 1396}, {255, 255, 255, 255} }},
	{{ {-3703, -14, 955}, 0, {-2018, 2061}, {255, 255, 255, 255} }},
	{{ {-4769, 1354, 269}, 0, {-1351, 732}, {255, 255, 255, 255} }},
	{{ {-4698, 1354, 1350}, 0, {-2402, 732}, {255, 255, 255, 255} }},
	{{ {6062, -821, -3125}, 0, {5734, 2845}, {128, 219, 119, 255} }},
	{{ {5007, -14, -3041}, 0, {4709, 2061}, {255, 255, 255, 255} }},
	{{ {5007, -821, -3041}, 0, {4709, 2845}, {255, 255, 255, 255} }},
	{{ {6062, -14, -3125}, 0, {5734, 2061}, {255, 255, 255, 255} }},
	{{ {6062, 1354, -3125}, 0, {5734, 732}, {255, 255, 255, 255} }},
	{{ {-298, -35, 2293}, 0, {-447, 2081}, {255, 255, 255, 255} }},
	{{ {361, 1354, 2835}, 0, {194, 732}, {255, 255, 255, 255} }},
	{{ {341, -35, 2142}, 0, {174, 2081}, {255, 255, 255, 255} }},
	{{ {-438, 1354, 3024}, 0, {-583, 732}, {255, 255, 255, 255} }},
	{{ {-848, -35, 2539}, 0, {-981, 2081}, {255, 255, 255, 255} }},
	{{ {-1127, 1354, 3332}, 0, {-1252, 732}, {255, 255, 255, 255} }},
	{{ {-1638, -35, 2591}, 0, {-1749, 2081}, {255, 255, 255, 255} }},
	{{ {-2011, -35, 2408}, 0, {-2111, 2081}, {255, 255, 255, 255} }},
	{{ {-2115, 1354, 3397}, 0, {-2212, 732}, {255, 255, 255, 255} }},
	{{ {-2582, 1354, 3168}, 0, {-2666, 732}, {255, 255, 255, 255} }},
	{{ {-2384, -35, 2225}, 0, {-2474, 2081}, {255, 255, 255, 255} }},
	{{ {4622, -14, -4361}, 0, {4335, -677}, {255, 255, 255, 255} }},
	{{ {3847, 1354, -6479}, 0, {3582, -2736}, {255, 255, 255, 255} }},
	{{ {3127, -14, -5302}, 0, {2882, -1592}, {255, 255, 255, 255} }},
	{{ {5718, 1354, -5302}, 0, {5400, -1592}, {255, 255, 255, 255} }},
	{{ {3127, -14, -5302}, 0, {2882, 2061}, {255, 255, 255, 255} }},
	{{ {46, 1354, -4504}, 0, {-113, 732}, {255, 255, 255, 255} }},
	{{ {-214, -35, -3723}, 0, {-316, 2026}, {255, 255, 255, 255} }},
	{{ {3847, 1354, -6479}, 0, {3582, 732}, {255, 255, 255, 255} }},
	{{ {4622, -821, -4361}, 0, {4335, 2845}, {255, 255, 255, 255} }},
	{{ {4622, -14, -4361}, 0, {4335, 2061}, {255, 255, 255, 255} }},
	{{ {4622, -821, -4361}, 0, {4335, 2845}, {255, 255, 255, 255} }},
	{{ {3127, -14, -5302}, 0, {2882, 2061}, {255, 255, 255, 255} }},
	{{ {3127, -821, -5302}, 0, {2882, 2845}, {5, 178, 0, 255} }},
	{{ {-214, -35, -3723}, 0, {-302, 2081}, {255, 255, 255, 255} }},
	{{ {-2384, -35, 2225}, 0, {-2474, 2081}, {255, 255, 255, 255} }},
	{{ {-3703, -821, 955}, 0, {-3756, 2845}, {255, 255, 255, 255} }},
	{{ {-3703, -14, 955}, 0, {-3756, 2061}, {255, 255, 255, 255} }},
	{{ {-3049, 1354, 2939}, 0, {-3120, 732}, {255, 255, 255, 255} }},
	{{ {-4698, 1354, 1350}, 0, {-4723, 732}, {255, 255, 255, 255} }},
	{{ {-2582, 1354, 3168}, 0, {-2666, 732}, {255, 255, 255, 255} }},
	{{ {-1291, -33, 428}, 0, {-1317, -839}, {160, 160, 160, 255} }},
	{{ {-1277, -821, 387}, 0, {-1292, 511}, {145, 144, 136, 255} }},
	{{ {-719, -725, 729}, 0, {-335, 348}, {100, 100, 100, 255} }},
	{{ {-674, -59, 623}, 0, {-258, -795}, {100, 100, 100, 255} }},
	{{ {-1277, -35, 1720}, 0, {-1292, -645}, {100, 100, 100, 255} }},
	{{ {-1291, -33, 428}, 0, {-1317, -2860}, {0, 119, 2, 255} }},
	{{ {-674, -59, 623}, 0, {-258, -2527}, {100, 100, 100, 255} }},
	{{ {-1006, -60, 1784}, 0, {-827, -535}, {100, 100, 100, 255} }},
	{{ {-1006, -60, 1784}, 0, {-827, -535}, {100, 100, 100, 255} }},
	{{ {200, -481, 1906}, 0, {1241, -326}, {100, 100, 100, 255} }},
	{{ {-960, -483, 2894}, 0, {-748, 1368}, {100, 101, 100, 255} }},
	{{ {-674, -59, 623}, 0, {3661, -795}, {100, 100, 100, 255} }},
	{{ {-719, -725, 729}, 0, {3478, 348}, {100, 100, 100, 255} }},
	{{ {179, -1340, 2027}, 0, {1251, 1401}, {100, 100, 100, 255} }},
	{{ {200, -481, 1906}, 0, {1459, -72}, {100, 100, 100, 255} }},
	{{ {1023, -1555, 2994}, 0, {-407, 1771}, {100, 100, 100, 255} }},
	{{ {958, -306, 3019}, 0, {-449, -373}, {100, 100, 100, 255} }},
	{{ {-1006, -795, 1784}, 0, {1669, 467}, {100, 100, 100, 255} }},
	{{ {-1006, -60, 1784}, 0, {1669, -793}, {100, 100, 100, 255} }},
	{{ {-960, -483, 2894}, 0, {-234, -69}, {101, 101, 100, 255} }},
	{{ {-960, -1409, 2894}, 0, {-234, 1521}, {125, 124, 119, 255} }},
	{{ {-604, -308, 4348}, 0, {-2730, -369}, {100, 100, 100, 255} }},
	{{ {-960, -1409, 2894}, 0, {-234, 1521}, {125, 124, 119, 255} }},
	{{ {-604, -308, 4348}, 0, {-2730, -369}, {100, 100, 100, 255} }},
	{{ {-604, -1555, 4348}, 0, {-2730, 1771}, {100, 100, 100, 255} }},
	{{ {501, -821, 41}, 0, {330, 2845}, {5, 170, 0, 255} }},
	{{ {1557, -1386, 473}, 0, {1356, 3394}, {246, 245, 245, 255} }},
	{{ {501, -1386, 41}, 0, {330, 3394}, {245, 244, 237, 255} }},
	{{ {1557, -821, 473}, 0, {1356, 2845}, {5, 170, 0, 255} }},
	{{ {1801, -821, 512}, 0, {1593, 2845}, {255, 255, 255, 255} }},
	{{ {1801, -1386, 512}, 0, {1593, 3394}, {255, 255, 255, 255} }},
	{{ {2888, -821, -1149}, 0, {2649, 2845}, {3, 105, 0, 255} }},
	{{ {3163, -1386, -1036}, 0, {2917, 3394}, {93, 117, 91, 255} }},
	{{ {3163, -821, -1036}, 0, {2917, 2845}, {3, 105, 0, 255} }},
	{{ {2888, -1386, -1149}, 0, {2649, 3394}, {40, 105, 39, 255} }},
	{{ {2240, -821, -1414}, 0, {2020, 2845}, {3, 105, 0, 255} }},
	{{ {2888, -1386, -1149}, 0, {2649, 3394}, {40, 105, 39, 255} }},
	{{ {2240, -1386, -1414}, 0, {2020, 3394}, {3, 105, 0, 255} }},
	{{ {1985, -821, -1519}, 0, {1772, 2845}, {3, 105, 0, 255} }},
	{{ {1985, -1386, -1519}, 0, {1772, 3394}, {3, 105, 0, 255} }},
	{{ {718, -821, -1403}, 0, {541, 2845}, {3, 124, 0, 255} }},
	{{ {718, -1386, -1403}, 0, {541, 3394}, {193, 179, 180, 255} }},
	{{ {3561, -821, -238}, 0, {-858, 2845}, {2, 117, 0, 255} }},
	{{ {2946, -1386, 408}, 0, {-1486, 3394}, {175, 174, 169, 255} }},
	{{ {2946, -821, 408}, 0, {-1486, 2845}, {2, 120, 0, 255} }},
	{{ {3561, -1386, -238}, 0, {-858, 3394}, {171, 170, 165, 255} }},
	{{ {3163, -821, -1036}, 0, {-82, 2845}, {3, 105, 0, 255} }},
	{{ {3163, -1386, -1036}, 0, {-82, 3394}, {93, 117, 91, 255} }},
	{{ {2946, -821, 408}, 0, {2706, 2845}, {2, 111, 0, 255} }},
	{{ {1801, -1386, 512}, 0, {1593, 3394}, {255, 255, 255, 255} }},
	{{ {1801, -821, 512}, 0, {1593, 2845}, {255, 255, 255, 255} }},
	{{ {2946, -1386, 408}, 0, {2706, 3394}, {162, 162, 155, 255} }},
	{{ {103, -821, -757}, 0, {-353, 2845}, {4, 156, 0, 255} }},
	{{ {718, -1386, -1403}, 0, {274, 3394}, {204, 193, 192, 255} }},
	{{ {718, -821, -1403}, 0, {274, 2845}, {3, 134, 0, 255} }},
	{{ {103, -1386, -757}, 0, {-353, 3394}, {229, 225, 217, 255} }},
	{{ {501, -1386, 41}, 0, {-1129, 3394}, {245, 244, 237, 255} }},
	{{ {501, -821, 41}, 0, {-1129, 2845}, {5, 170, 0, 255} }},
	{{ {-960, -483, 2894}, 0, {-748, 1368}, {99, 103, 99, 255} }},
	{{ {200, -481, 1906}, 0, {1241, -326}, {100, 100, 100, 255} }},
	{{ {958, -306, 3019}, 0, {2540, 1583}, {100, 100, 100, 255} }},
	{{ {-604, -308, 4348}, 0, {-137, 3863}, {100, 100, 100, 255} }},
	{{ {-604, -308, 4348}, 0, {-137, -369}, {77, 77, 77, 255} }},
	{{ {958, -306, 3019}, 0, {2540, -373}, {77, 77, 77, 255} }},
	{{ {1023, -1555, 2994}, 0, {2652, 1771}, {77, 77, 77, 255} }},
	{{ {-604, -1555, 4348}, 0, {-137, 1771}, {77, 77, 77, 255} }},
	{{ {-2259, -821, -2658}, 0, {-2379, 2845}, {155, 132, 0, 255} }},
	{{ {-1510, -821, -3016}, 0, {-1668, 2845}, {155, 132, 0, 255} }},
	{{ {-1510, -35, -3016}, 0, {-1668, 2081}, {239, 237, 222, 255} }},
	{{ {-2259, -26, -2658}, 0, {-2379, 2073}, {246, 245, 236, 255} }},
	{{ {-2259, -26, -2658}, 0, {1049, 760}, {246, 245, 236, 255} }},
	{{ {-3008, -18, -2300}, 0, {354, 1092}, {252, 252, 249, 255} }},
	{{ {-3362, -18, -3041}, 0, {25, 404}, {12, 12, 12, 255} }},
	{{ {-2614, -26, -3399}, 0, {720, 72}, {12, 12, 11, 255} }},
	{{ {-3362, -821, -3041}, 0, {25, 959}, {0, 0, 0, 255} }},
	{{ {-2614, -821, -3399}, 0, {720, 959}, {5, 5, 5, 255} }},
	{{ {-2614, -26, -3399}, 0, {720, 222}, {12, 12, 11, 255} }},
	{{ {-3362, -18, -3041}, 0, {25, 214}, {12, 12, 12, 255} }},
	{{ {-3008, -18, -2300}, 0, {-100, 214}, {252, 252, 249, 255} }},
	{{ {-3008, -821, -2300}, 0, {-100, 959}, {155, 132, 0, 255} }},
	{{ {-3362, -821, -3041}, 0, {588, 959}, {0, 0, 0, 255} }},
	{{ {-3362, -18, -3041}, 0, {588, 214}, {12, 12, 12, 255} }},
	{{ {-2259, -821, -2658}, 0, {232, 959}, {155, 132, 0, 255} }},
	{{ {-2259, -26, -2658}, 0, {232, 222}, {246, 245, 236, 255} }},
	{{ {-2614, -26, -3399}, 0, {920, 222}, {12, 12, 11, 255} }},
	{{ {-2614, -821, -3399}, 0, {920, 959}, {5, 5, 5, 255} }},
	{{ {-3374, -14, -2125}, 0, {-16, 1008}, {255, 255, 255, 255} }},
	{{ {-3677, -14, -1366}, 0, {-16, 1008}, {255, 255, 255, 255} }},
	{{ {-4253, -14, -1596}, 0, {-16, 1008}, {255, 255, 255, 255} }},
	{{ {-3949, -14, -2355}, 0, {-16, 1008}, {255, 255, 255, 255} }},
	{{ {-2789, 670, -2872}, 0, {-2868, 1396}, {248, 247, 241, 255} }},
	{{ {-2205, 1354, -3619}, 0, {-2300, 732}, {240, 239, 225, 255} }},
	{{ {-4287, 1354, -2504}, 0, {-4323, 732}, {255, 255, 255, 255} }},
	{{ {-1510, -35, -3016}, 0, {-1659, 2120}, {239, 237, 222, 255} }},
	{{ {-2259, -26, -2658}, 0, {-2373, 2096}, {246, 245, 236, 255} }},
	{{ {-3008, -18, -2300}, 0, {-3087, 2072}, {252, 252, 249, 255} }},
	{{ {-3374, -14, -2125}, 0, {-3436, 2061}, {255, 255, 255, 255} }},
	{{ {-3830, 670, -2314}, 0, {-3880, 1396}, {255, 255, 255, 255} }},
	{{ {-4058, 1012, -2409}, 0, {-4101, 1064}, {255, 255, 255, 255} }},
};

Gfx castle_grounds_dl_Circle_001_mesh_layer_1_tri_1[] = {
	gsSPVertex(castle_grounds_dl_Circle_001_mesh_layer_1_vtx_1 + 0, 32, 0),
	gsSP2Triangles(0, 1, 2, 0, 3, 4, 5, 0),
	gsSP2Triangles(6, 7, 8, 0, 9, 10, 8, 0),
	gsSP2Triangles(11, 12, 13, 0, 14, 15, 16, 0),
	gsSP2Triangles(17, 18, 19, 0, 20, 21, 22, 0),
	gsSP2Triangles(23, 24, 25, 0, 26, 27, 28, 0),
	gsSP1Triangle(29, 30, 31, 0),
	gsSPVertex(castle_grounds_dl_Circle_001_mesh_layer_1_vtx_1 + 32, 32, 0),
	gsSP2Triangles(0, 1, 2, 0, 3, 4, 5, 0),
	gsSP2Triangles(6, 7, 8, 0, 9, 8, 7, 0),
	gsSP2Triangles(9, 10, 8, 0, 11, 10, 9, 0),
	gsSP2Triangles(11, 12, 10, 0, 13, 12, 11, 0),
	gsSP2Triangles(14, 15, 16, 0, 14, 16, 17, 0),
	gsSP2Triangles(14, 17, 18, 0, 18, 17, 19, 0),
	gsSP2Triangles(18, 19, 20, 0, 20, 19, 21, 0),
	gsSP2Triangles(20, 21, 22, 0, 23, 24, 25, 0),
	gsSP2Triangles(23, 26, 24, 0, 27, 28, 29, 0),
	gsSP2Triangles(27, 30, 28, 0, 31, 30, 27, 0),
	gsSPVertex(castle_grounds_dl_Circle_001_mesh_layer_1_vtx_1 + 64, 32, 0),
	gsSP2Triangles(0, 1, 2, 0, 1, 3, 2, 0),
	gsSP2Triangles(1, 4, 3, 0, 0, 2, 5, 0),
	gsSP2Triangles(6, 0, 5, 0, 6, 5, 7, 0),
	gsSP2Triangles(8, 9, 10, 0, 8, 11, 9, 0),
	gsSP2Triangles(9, 11, 12, 0, 9, 12, 13, 0),
	gsSP2Triangles(14, 15, 16, 0, 14, 16, 17, 0),
	gsSP2Triangles(14, 17, 18, 0, 14, 18, 19, 0),
	gsSP2Triangles(20, 19, 18, 0, 20, 18, 21, 0),
	gsSP2Triangles(22, 20, 21, 0, 22, 23, 20, 0),
	gsSP2Triangles(24, 23, 22, 0, 24, 22, 25, 0),
	gsSP2Triangles(24, 25, 26, 0, 24, 26, 27, 0),
	gsSP2Triangles(28, 29, 30, 0, 28, 31, 29, 0),
	gsSPVertex(castle_grounds_dl_Circle_001_mesh_layer_1_vtx_1 + 96, 32, 0),
	gsSP2Triangles(0, 1, 2, 0, 3, 1, 0, 0),
	gsSP2Triangles(1, 3, 4, 0, 1, 4, 5, 0),
	gsSP2Triangles(6, 1, 5, 0, 6, 5, 7, 0),
	gsSP2Triangles(8, 9, 10, 0, 8, 11, 9, 0),
	gsSP2Triangles(11, 12, 9, 0, 13, 14, 15, 0),
	gsSP2Triangles(13, 16, 14, 0, 17, 18, 19, 0),
	gsSP2Triangles(17, 20, 18, 0, 21, 22, 23, 0),
	gsSP2Triangles(21, 24, 22, 0, 22, 24, 25, 0),
	gsSP2Triangles(25, 24, 26, 0, 25, 26, 27, 0),
	gsSP2Triangles(26, 28, 27, 0, 26, 29, 28, 0),
	gsSP2Triangles(26, 30, 29, 0, 30, 31, 29, 0),
	gsSPVertex(castle_grounds_dl_Circle_001_mesh_layer_1_vtx_1 + 128, 32, 0),
	gsSP2Triangles(0, 1, 2, 0, 3, 4, 5, 0),
	gsSP2Triangles(6, 7, 8, 0, 6, 9, 7, 0),
	gsSP2Triangles(7, 9, 10, 0, 11, 12, 13, 0),
	gsSP2Triangles(11, 14, 12, 0, 15, 14, 11, 0),
	gsSP2Triangles(15, 16, 14, 0, 17, 16, 15, 0),
	gsSP2Triangles(18, 19, 17, 0, 18, 20, 19, 0),
	gsSP2Triangles(21, 20, 18, 0, 22, 23, 24, 0),
	gsSP2Triangles(22, 25, 23, 0, 26, 27, 28, 0),
	gsSP2Triangles(26, 29, 27, 0, 30, 31, 26, 0),
	gsSPVertex(castle_grounds_dl_Circle_001_mesh_layer_1_vtx_1 + 160, 32, 0),
	gsSP2Triangles(0, 1, 2, 0, 2, 1, 3, 0),
	gsSP2Triangles(4, 5, 6, 0, 6, 7, 4, 0),
	gsSP2Triangles(6, 8, 7, 0, 4, 7, 9, 0),
	gsSP2Triangles(10, 11, 12, 0, 10, 12, 13, 0),
	gsSP2Triangles(14, 15, 16, 0, 14, 16, 17, 0),
	gsSP2Triangles(18, 16, 19, 0, 18, 19, 20, 0),
	gsSP2Triangles(21, 22, 23, 0, 21, 23, 24, 0),
	gsSP2Triangles(24, 23, 25, 0, 24, 25, 26, 0),
	gsSP2Triangles(27, 28, 29, 0, 27, 29, 30, 0),
	gsSP1Triangle(30, 29, 31, 0),
	gsSPVertex(castle_grounds_dl_Circle_001_mesh_layer_1_vtx_1 + 192, 30, 0),
	gsSP2Triangles(0, 1, 2, 0, 3, 4, 5, 0),
	gsSP2Triangles(3, 6, 4, 0, 7, 4, 6, 0),
	gsSP2Triangles(7, 8, 4, 0, 9, 10, 11, 0),
	gsSP2Triangles(9, 12, 10, 0, 13, 14, 9, 0),
	gsSP2Triangles(13, 15, 14, 0, 16, 15, 13, 0),
	gsSP2Triangles(16, 17, 15, 0, 18, 17, 16, 0),
	gsSP2Triangles(18, 19, 17, 0, 20, 21, 22, 0),
	gsSP2Triangles(20, 23, 21, 0, 24, 23, 20, 0),
	gsSP2Triangles(24, 25, 23, 0, 26, 27, 28, 0),
	gsSP1Triangle(26, 29, 27, 0),
	gsSPVertex(castle_grounds_dl_Circle_001_mesh_layer_1_vtx_1 + 222, 30, 0),
	gsSP2Triangles(0, 1, 2, 0, 0, 3, 1, 0),
	gsSP2Triangles(0, 4, 3, 0, 0, 5, 4, 0),
	gsSP2Triangles(6, 7, 8, 0, 6, 8, 9, 0),
	gsSP2Triangles(10, 11, 12, 0, 10, 12, 13, 0),
	gsSP2Triangles(14, 15, 16, 0, 14, 16, 17, 0),
	gsSP2Triangles(18, 19, 20, 0, 18, 20, 21, 0),
	gsSP2Triangles(22, 23, 24, 0, 22, 24, 25, 0),
	gsSP2Triangles(26, 27, 28, 0, 26, 28, 29, 0),
	gsSPVertex(castle_grounds_dl_Circle_001_mesh_layer_1_vtx_1 + 252, 17, 0),
	gsSP2Triangles(0, 1, 2, 0, 0, 2, 3, 0),
	gsSP2Triangles(4, 5, 6, 0, 4, 6, 7, 0),
	gsSP2Triangles(8, 9, 10, 0, 8, 11, 9, 0),
	gsSP2Triangles(8, 12, 11, 0, 13, 12, 8, 0),
	gsSP2Triangles(14, 13, 8, 0, 14, 8, 15, 0),
	gsSP2Triangles(8, 16, 15, 0, 8, 10, 16, 0),
	gsSPEndDisplayList(),
};

Vtx castle_grounds_dl_Circle_001_mesh_layer_1_vtx_2[215] = {
	{{ {2521, -722, 1719}, 0, {752, 692}, {51, 144, 55, 255} }},
	{{ {2662, -899, 1664}, 0, {240, 1008}, {51, 144, 55, 255} }},
	{{ {2489, -899, 1666}, 0, {752, 1008}, {51, 144, 55, 255} }},
	{{ {2632, -722, 1717}, 0, {240, 692}, {51, 144, 55, 255} }},
	{{ {2524, -458, 1725}, 0, {752, 393}, {135, 203, 140, 255} }},
	{{ {2629, -458, 1723}, 0, {240, 393}, {153, 231, 159, 255} }},
	{{ {2626, -211, 1728}, 0, {240, 121}, {239, 255, 238, 255} }},
	{{ {2527, -211, 1730}, 0, {752, 121}, {239, 255, 238, 255} }},
	{{ {2529, -28, 1733}, 0, {752, -16}, {255, 209, 203, 255} }},
	{{ {2624, -28, 1731}, 0, {240, -16}, {255, 209, 203, 255} }},
	{{ {2632, -722, 1717}, 0, {53, 692}, {51, 144, 55, 255} }},
	{{ {2751, -899, 1812}, 0, {496, 1008}, {51, 144, 55, 255} }},
	{{ {2662, -899, 1664}, 0, {53, 1008}, {51, 144, 55, 255} }},
	{{ {2690, -722, 1813}, 0, {496, 692}, {51, 144, 55, 255} }},
	{{ {2629, -458, 1723}, 0, {53, 393}, {153, 231, 159, 255} }},
	{{ {2683, -458, 1813}, 0, {496, 393}, {135, 203, 140, 255} }},
	{{ {2677, -211, 1813}, 0, {496, 121}, {239, 255, 238, 255} }},
	{{ {2626, -211, 1728}, 0, {53, 121}, {239, 255, 238, 255} }},
	{{ {2624, -28, 1731}, 0, {53, -16}, {255, 209, 203, 255} }},
	{{ {2674, -28, 1813}, 0, {496, -16}, {255, 209, 203, 255} }},
	{{ {2629, -211, 1900}, 0, {939, 121}, {239, 255, 238, 255} }},
	{{ {2627, -28, 1897}, 0, {939, -16}, {255, 209, 203, 255} }},
	{{ {2632, -458, 1905}, 0, {939, 393}, {135, 203, 140, 255} }},
	{{ {2635, -722, 1911}, 0, {939, 692}, {51, 144, 55, 255} }},
	{{ {2667, -899, 1963}, 0, {939, 1008}, {51, 144, 55, 255} }},
	{{ {2667, -899, 1963}, 0, {240, 1008}, {51, 144, 55, 255} }},
	{{ {2524, -722, 1912}, 0, {752, 692}, {51, 144, 55, 255} }},
	{{ {2494, -899, 1966}, 0, {752, 1008}, {51, 144, 55, 255} }},
	{{ {2635, -722, 1911}, 0, {240, 692}, {51, 144, 55, 255} }},
	{{ {2527, -458, 1906}, 0, {752, 393}, {135, 203, 140, 255} }},
	{{ {2632, -458, 1905}, 0, {240, 393}, {135, 203, 140, 255} }},
	{{ {2629, -211, 1900}, 0, {240, 121}, {239, 255, 238, 255} }},
	{{ {2629, -211, 1900}, 0, {240, 121}, {239, 255, 238, 255} }},
	{{ {2530, -211, 1901}, 0, {752, 121}, {239, 255, 238, 255} }},
	{{ {2527, -458, 1906}, 0, {752, 393}, {135, 203, 140, 255} }},
	{{ {2627, -28, 1897}, 0, {240, -16}, {255, 209, 203, 255} }},
	{{ {2531, -28, 1898}, 0, {752, -16}, {255, 209, 203, 255} }},
	{{ {-1154, 127, -2267}, 0, {752, 692}, {51, 144, 55, 255} }},
	{{ {-1012, -50, -2322}, 0, {240, 1008}, {51, 144, 55, 255} }},
	{{ {-1185, -50, -2319}, 0, {752, 1008}, {51, 144, 55, 255} }},
	{{ {-1042, 127, -2268}, 0, {240, 692}, {51, 144, 55, 255} }},
	{{ {-1150, 391, -2261}, 0, {752, 393}, {135, 203, 140, 255} }},
	{{ {-1045, 391, -2263}, 0, {240, 393}, {153, 231, 159, 255} }},
	{{ {-1147, 638, -2256}, 0, {752, 121}, {239, 255, 238, 255} }},
	{{ {-1048, 638, -2257}, 0, {240, 121}, {239, 255, 238, 255} }},
	{{ {-1050, 821, -2254}, 0, {240, -16}, {255, 209, 203, 255} }},
	{{ {-1146, 821, -2253}, 0, {752, -16}, {255, 209, 203, 255} }},
	{{ {-1042, 127, -2268}, 0, {53, 692}, {51, 144, 55, 255} }},
	{{ {-923, -50, -2174}, 0, {496, 1008}, {51, 144, 55, 255} }},
	{{ {-1012, -50, -2322}, 0, {53, 1008}, {51, 144, 55, 255} }},
	{{ {-985, 127, -2173}, 0, {496, 692}, {51, 144, 55, 255} }},
	{{ {-1045, 391, -2263}, 0, {53, 393}, {153, 231, 159, 255} }},
	{{ {-992, 391, -2172}, 0, {496, 393}, {135, 203, 140, 255} }},
	{{ {-998, 638, -2172}, 0, {496, 121}, {239, 255, 238, 255} }},
	{{ {-1048, 638, -2257}, 0, {53, 121}, {239, 255, 238, 255} }},
	{{ {-1050, 821, -2254}, 0, {53, -16}, {255, 209, 203, 255} }},
	{{ {-1001, 821, -2172}, 0, {496, -16}, {255, 209, 203, 255} }},
	{{ {-1046, 638, -2086}, 0, {939, 121}, {239, 255, 238, 255} }},
	{{ {-1047, 821, -2089}, 0, {939, -16}, {255, 209, 203, 255} }},
	{{ {-1043, 391, -2081}, 0, {939, 393}, {135, 203, 140, 255} }},
	{{ {-1039, 127, -2075}, 0, {939, 692}, {51, 144, 55, 255} }},
	{{ {-1008, -50, -2022}, 0, {939, 1008}, {51, 144, 55, 255} }},
	{{ {-1008, -50, -2022}, 0, {240, 1008}, {51, 144, 55, 255} }},
	{{ {-1151, 127, -2073}, 0, {752, 692}, {51, 144, 55, 255} }},
	{{ {-1181, -50, -2020}, 0, {752, 1008}, {51, 144, 55, 255} }},
	{{ {-1039, 127, -2075}, 0, {240, 692}, {51, 144, 55, 255} }},
	{{ {-1147, 391, -2079}, 0, {752, 393}, {135, 203, 140, 255} }},
	{{ {-1043, 391, -2081}, 0, {240, 393}, {135, 203, 140, 255} }},
	{{ {-1046, 638, -2086}, 0, {240, 121}, {239, 255, 238, 255} }},
	{{ {-1144, 638, -2085}, 0, {752, 121}, {239, 255, 238, 255} }},
	{{ {-1047, 821, -2089}, 0, {240, -16}, {255, 209, 203, 255} }},
	{{ {-1143, 821, -2087}, 0, {752, -16}, {255, 209, 203, 255} }},
	{{ {-3412, -673, 508}, 0, {752, 692}, {51, 144, 55, 255} }},
	{{ {-3271, -850, 452}, 0, {240, 1008}, {51, 144, 55, 255} }},
	{{ {-3444, -850, 455}, 0, {752, 1008}, {51, 144, 55, 255} }},
	{{ {-3301, -673, 506}, 0, {240, 692}, {51, 144, 55, 255} }},
	{{ {-3304, -409, 512}, 0, {240, 393}, {153, 231, 159, 255} }},
	{{ {-3409, -409, 513}, 0, {752, 393}, {135, 203, 140, 255} }},
	{{ {-3307, -162, 517}, 0, {240, 121}, {239, 255, 238, 255} }},
	{{ {-3406, -162, 519}, 0, {752, 121}, {239, 255, 238, 255} }},
	{{ {-3309, 21, 520}, 0, {240, -16}, {255, 209, 203, 255} }},
	{{ {-3404, 21, 521}, 0, {752, -16}, {255, 209, 203, 255} }},
	{{ {-3301, -673, 506}, 0, {53, 692}, {51, 144, 55, 255} }},
	{{ {-3182, -850, 601}, 0, {496, 1008}, {51, 144, 55, 255} }},
	{{ {-3271, -850, 452}, 0, {53, 1008}, {51, 144, 55, 255} }},
	{{ {-3243, -673, 602}, 0, {496, 692}, {51, 144, 55, 255} }},
	{{ {-3250, -409, 602}, 0, {496, 393}, {135, 203, 140, 255} }},
	{{ {-3304, -409, 512}, 0, {53, 393}, {153, 231, 159, 255} }},
	{{ {-3256, -162, 602}, 0, {496, 121}, {239, 255, 238, 255} }},
	{{ {-3307, -162, 517}, 0, {53, 121}, {239, 255, 238, 255} }},
	{{ {-3309, 21, 520}, 0, {53, -16}, {255, 209, 203, 255} }},
	{{ {-3259, 21, 602}, 0, {496, -16}, {255, 209, 203, 255} }},
	{{ {-3304, -162, 688}, 0, {939, 121}, {239, 255, 238, 255} }},
	{{ {-3306, 21, 685}, 0, {939, -16}, {255, 209, 203, 255} }},
	{{ {-3250, -409, 602}, 0, {496, 393}, {135, 203, 140, 255} }},
	{{ {-3304, -162, 688}, 0, {939, 121}, {239, 255, 238, 255} }},
	{{ {-3301, -409, 693}, 0, {939, 393}, {135, 203, 140, 255} }},
	{{ {-3298, -673, 699}, 0, {939, 692}, {51, 144, 55, 255} }},
	{{ {-3243, -673, 602}, 0, {496, 692}, {51, 144, 55, 255} }},
	{{ {-3182, -850, 601}, 0, {496, 1008}, {51, 144, 55, 255} }},
	{{ {-3266, -850, 752}, 0, {939, 1008}, {51, 144, 55, 255} }},
	{{ {-3266, -850, 752}, 0, {240, 1008}, {51, 144, 55, 255} }},
	{{ {-3409, -673, 701}, 0, {752, 692}, {51, 144, 55, 255} }},
	{{ {-3439, -850, 755}, 0, {752, 1008}, {51, 144, 55, 255} }},
	{{ {-3298, -673, 699}, 0, {240, 692}, {51, 144, 55, 255} }},
	{{ {-3406, -409, 695}, 0, {752, 393}, {135, 203, 140, 255} }},
	{{ {-3301, -409, 693}, 0, {240, 393}, {135, 203, 140, 255} }},
	{{ {-3304, -162, 688}, 0, {240, 121}, {239, 255, 238, 255} }},
	{{ {-3403, -162, 690}, 0, {752, 121}, {239, 255, 238, 255} }},
	{{ {-3306, 21, 685}, 0, {240, -16}, {255, 209, 203, 255} }},
	{{ {-3402, 21, 687}, 0, {752, -16}, {255, 209, 203, 255} }},
	{{ {3750, -831, -4175}, 0, {752, 1008}, {51, 144, 55, 255} }},
	{{ {3879, -632, -4123}, 0, {240, 692}, {51, 144, 55, 255} }},
	{{ {3909, -831, -4203}, 0, {240, 1008}, {51, 144, 55, 255} }},
	{{ {3802, -632, -4109}, 0, {752, 692}, {51, 144, 55, 255} }},
	{{ {3805, -446, -4105}, 0, {752, 393}, {135, 203, 140, 255} }},
	{{ {3878, -446, -4118}, 0, {240, 393}, {153, 231, 159, 255} }},
	{{ {3808, -272, -4102}, 0, {752, 121}, {239, 255, 238, 255} }},
	{{ {3876, -272, -4114}, 0, {240, 121}, {239, 255, 238, 255} }},
	{{ {3809, -143, -4100}, 0, {752, -16}, {255, 209, 203, 255} }},
	{{ {3876, -143, -4112}, 0, {240, -16}, {255, 209, 203, 255} }},
	{{ {3879, -632, -4123}, 0, {53, 692}, {51, 144, 55, 255} }},
	{{ {4013, -831, -4079}, 0, {496, 1008}, {51, 144, 55, 255} }},
	{{ {3909, -831, -4203}, 0, {53, 1008}, {51, 144, 55, 255} }},
	{{ {3930, -632, -4062}, 0, {496, 692}, {51, 144, 55, 255} }},
	{{ {3878, -446, -4118}, 0, {53, 393}, {153, 231, 159, 255} }},
	{{ {3878, -446, -4118}, 0, {53, 393}, {153, 231, 159, 255} }},
	{{ {3925, -446, -4062}, 0, {496, 393}, {135, 203, 140, 255} }},
	{{ {3930, -632, -4062}, 0, {496, 692}, {51, 144, 55, 255} }},
	{{ {3921, -272, -4061}, 0, {496, 121}, {239, 255, 238, 255} }},
	{{ {3876, -272, -4114}, 0, {53, 121}, {239, 255, 238, 255} }},
	{{ {3876, -143, -4112}, 0, {53, -16}, {255, 209, 203, 255} }},
	{{ {3919, -143, -4060}, 0, {496, -16}, {255, 209, 203, 255} }},
	{{ {3897, -272, -3995}, 0, {939, 121}, {239, 255, 238, 255} }},
	{{ {3896, -143, -3997}, 0, {939, -16}, {255, 209, 203, 255} }},
	{{ {3900, -446, -3992}, 0, {939, 393}, {135, 203, 140, 255} }},
	{{ {3903, -632, -3988}, 0, {939, 692}, {51, 144, 55, 255} }},
	{{ {3958, -831, -3927}, 0, {939, 1008}, {51, 144, 55, 255} }},
	{{ {4013, -831, -4079}, 0, {496, 1008}, {51, 144, 55, 255} }},
	{{ {3694, -831, -4023}, 0, {496, 1008}, {51, 144, 55, 255} }},
	{{ {3802, -632, -4109}, 0, {53, 692}, {51, 144, 55, 255} }},
	{{ {3750, -831, -4175}, 0, {53, 1008}, {51, 144, 55, 255} }},
	{{ {3775, -632, -4035}, 0, {496, 692}, {51, 144, 55, 255} }},
	{{ {3798, -831, -3899}, 0, {939, 1008}, {51, 144, 55, 255} }},
	{{ {3826, -632, -3975}, 0, {939, 692}, {51, 144, 55, 255} }},
	{{ {3827, -446, -3979}, 0, {939, 393}, {135, 203, 140, 255} }},
	{{ {3780, -446, -4036}, 0, {496, 393}, {135, 203, 140, 255} }},
	{{ {3829, -272, -3983}, 0, {939, 121}, {239, 255, 238, 255} }},
	{{ {3784, -272, -4037}, 0, {496, 121}, {239, 255, 238, 255} }},
	{{ {3786, -143, -4037}, 0, {496, -16}, {255, 209, 203, 255} }},
	{{ {3829, -143, -3985}, 0, {939, -16}, {255, 209, 203, 255} }},
	{{ {3809, -143, -4100}, 0, {53, -16}, {255, 209, 203, 255} }},
	{{ {3808, -272, -4102}, 0, {53, 121}, {239, 255, 238, 255} }},
	{{ {3805, -446, -4105}, 0, {53, 393}, {135, 203, 140, 255} }},
	{{ {3903, -632, -3988}, 0, {240, 692}, {51, 144, 55, 255} }},
	{{ {3798, -831, -3899}, 0, {752, 1008}, {51, 144, 55, 255} }},
	{{ {3958, -831, -3927}, 0, {240, 1008}, {51, 144, 55, 255} }},
	{{ {3826, -632, -3975}, 0, {752, 692}, {51, 144, 55, 255} }},
	{{ {3903, -632, -3988}, 0, {240, 692}, {51, 144, 55, 255} }},
	{{ {3827, -446, -3979}, 0, {752, 393}, {135, 203, 140, 255} }},
	{{ {3826, -632, -3975}, 0, {752, 692}, {51, 144, 55, 255} }},
	{{ {3900, -446, -3992}, 0, {240, 393}, {135, 203, 140, 255} }},
	{{ {3897, -272, -3995}, 0, {240, 121}, {239, 255, 238, 255} }},
	{{ {3829, -272, -3983}, 0, {752, 121}, {239, 255, 238, 255} }},
	{{ {3896, -143, -3997}, 0, {240, -16}, {255, 209, 203, 255} }},
	{{ {3829, -143, -3985}, 0, {752, -16}, {255, 209, 203, 255} }},
	{{ {2530, -211, 1901}, 0, {939, 121}, {239, 255, 238, 255} }},
	{{ {2531, -28, 1898}, 0, {939, -16}, {255, 209, 203, 255} }},
	{{ {2482, -28, 1816}, 0, {496, -16}, {255, 209, 203, 255} }},
	{{ {2479, -211, 1816}, 0, {496, 121}, {239, 255, 238, 255} }},
	{{ {2529, -28, 1733}, 0, {53, -16}, {255, 209, 203, 255} }},
	{{ {2527, -211, 1730}, 0, {53, 121}, {239, 255, 238, 255} }},
	{{ {2524, -458, 1725}, 0, {53, 393}, {135, 203, 140, 255} }},
	{{ {2473, -458, 1816}, 0, {496, 393}, {135, 203, 140, 255} }},
	{{ {2466, -722, 1817}, 0, {496, 692}, {51, 144, 55, 255} }},
	{{ {2521, -722, 1719}, 0, {53, 692}, {51, 144, 55, 255} }},
	{{ {2489, -899, 1666}, 0, {53, 1008}, {51, 144, 55, 255} }},
	{{ {2405, -899, 1817}, 0, {496, 1008}, {51, 144, 55, 255} }},
	{{ {2494, -899, 1966}, 0, {939, 1008}, {51, 144, 55, 255} }},
	{{ {2524, -722, 1912}, 0, {939, 692}, {51, 144, 55, 255} }},
	{{ {2527, -458, 1906}, 0, {939, 393}, {135, 203, 140, 255} }},
	{{ {-1144, 638, -2085}, 0, {939, 121}, {239, 255, 238, 255} }},
	{{ {-1143, 821, -2087}, 0, {939, -16}, {255, 209, 203, 255} }},
	{{ {-1192, 821, -2169}, 0, {496, -16}, {255, 209, 203, 255} }},
	{{ {-1195, 638, -2169}, 0, {496, 121}, {239, 255, 238, 255} }},
	{{ {-1146, 821, -2253}, 0, {53, -16}, {255, 209, 203, 255} }},
	{{ {-1147, 638, -2256}, 0, {53, 121}, {239, 255, 238, 255} }},
	{{ {-1150, 391, -2261}, 0, {53, 393}, {135, 203, 140, 255} }},
	{{ {-1201, 391, -2169}, 0, {496, 393}, {135, 203, 140, 255} }},
	{{ {-1154, 127, -2267}, 0, {53, 692}, {51, 144, 55, 255} }},
	{{ {-1201, 391, -2169}, 0, {496, 393}, {135, 203, 140, 255} }},
	{{ {-1154, 127, -2267}, 0, {53, 692}, {51, 144, 55, 255} }},
	{{ {-1208, 127, -2169}, 0, {496, 692}, {51, 144, 55, 255} }},
	{{ {-1185, -50, -2319}, 0, {53, 1008}, {51, 144, 55, 255} }},
	{{ {-1269, -50, -2168}, 0, {496, 1008}, {51, 144, 55, 255} }},
	{{ {-1181, -50, -2020}, 0, {939, 1008}, {51, 144, 55, 255} }},
	{{ {-1151, 127, -2073}, 0, {939, 692}, {51, 144, 55, 255} }},
	{{ {-1147, 391, -2079}, 0, {939, 393}, {135, 203, 140, 255} }},
	{{ {-1144, 638, -2085}, 0, {939, 121}, {239, 255, 238, 255} }},
	{{ {-1195, 638, -2169}, 0, {496, 121}, {239, 255, 238, 255} }},
	{{ {-3403, -162, 690}, 0, {939, 121}, {239, 255, 238, 255} }},
	{{ {-3402, 21, 687}, 0, {939, -16}, {255, 209, 203, 255} }},
	{{ {-3451, 21, 605}, 0, {496, -16}, {255, 209, 203, 255} }},
	{{ {-3454, -162, 605}, 0, {496, 121}, {239, 255, 238, 255} }},
	{{ {-3404, 21, 521}, 0, {53, -16}, {255, 209, 203, 255} }},
	{{ {-3406, -162, 519}, 0, {53, 121}, {239, 255, 238, 255} }},
	{{ {-3409, -409, 513}, 0, {53, 393}, {135, 203, 140, 255} }},
	{{ {-3460, -409, 605}, 0, {496, 393}, {135, 203, 140, 255} }},
	{{ {-3412, -673, 508}, 0, {53, 692}, {51, 144, 55, 255} }},
	{{ {-3467, -673, 605}, 0, {496, 692}, {51, 144, 55, 255} }},
	{{ {-3444, -850, 455}, 0, {53, 1008}, {51, 144, 55, 255} }},
	{{ {-3528, -850, 606}, 0, {496, 1008}, {51, 144, 55, 255} }},
	{{ {-3439, -850, 755}, 0, {939, 1008}, {51, 144, 55, 255} }},
	{{ {-3409, -673, 701}, 0, {939, 692}, {51, 144, 55, 255} }},
	{{ {-3406, -409, 695}, 0, {939, 393}, {135, 203, 140, 255} }},
};

Gfx castle_grounds_dl_Circle_001_mesh_layer_1_tri_2[] = {
	gsSPVertex(castle_grounds_dl_Circle_001_mesh_layer_1_vtx_2 + 0, 32, 0),
	gsSP2Triangles(0, 1, 2, 0, 0, 3, 1, 0),
	gsSP2Triangles(4, 3, 0, 0, 4, 5, 3, 0),
	gsSP2Triangles(4, 6, 5, 0, 4, 7, 6, 0),
	gsSP2Triangles(8, 6, 7, 0, 8, 9, 6, 0),
	gsSP2Triangles(10, 11, 12, 0, 10, 13, 11, 0),
	gsSP2Triangles(14, 13, 10, 0, 14, 15, 13, 0),
	gsSP2Triangles(14, 16, 15, 0, 14, 17, 16, 0),
	gsSP2Triangles(18, 16, 17, 0, 18, 19, 16, 0),
	gsSP2Triangles(19, 20, 16, 0, 19, 21, 20, 0),
	gsSP2Triangles(15, 16, 20, 0, 15, 20, 22, 0),
	gsSP2Triangles(15, 22, 23, 0, 15, 23, 13, 0),
	gsSP2Triangles(11, 13, 23, 0, 11, 23, 24, 0),
	gsSP2Triangles(25, 26, 27, 0, 25, 28, 26, 0),
	gsSP2Triangles(28, 29, 26, 0, 28, 30, 29, 0),
	gsSP1Triangle(31, 29, 30, 0),
	gsSPVertex(castle_grounds_dl_Circle_001_mesh_layer_1_vtx_2 + 32, 30, 0),
	gsSP2Triangles(0, 1, 2, 0, 3, 1, 0, 0),
	gsSP2Triangles(3, 4, 1, 0, 5, 6, 7, 0),
	gsSP2Triangles(5, 8, 6, 0, 9, 8, 5, 0),
	gsSP2Triangles(9, 10, 8, 0, 11, 10, 9, 0),
	gsSP2Triangles(11, 12, 10, 0, 11, 13, 12, 0),
	gsSP2Triangles(11, 14, 13, 0, 15, 16, 17, 0),
	gsSP2Triangles(15, 18, 16, 0, 19, 18, 15, 0),
	gsSP2Triangles(19, 20, 18, 0, 19, 21, 20, 0),
	gsSP2Triangles(19, 22, 21, 0, 23, 21, 22, 0),
	gsSP2Triangles(23, 24, 21, 0, 24, 25, 21, 0),
	gsSP2Triangles(24, 26, 25, 0, 20, 21, 25, 0),
	gsSP2Triangles(20, 25, 27, 0, 20, 27, 28, 0),
	gsSP2Triangles(20, 28, 18, 0, 16, 18, 28, 0),
	gsSP1Triangle(16, 28, 29, 0),
	gsSPVertex(castle_grounds_dl_Circle_001_mesh_layer_1_vtx_2 + 62, 32, 0),
	gsSP2Triangles(0, 1, 2, 0, 0, 3, 1, 0),
	gsSP2Triangles(3, 4, 1, 0, 3, 5, 4, 0),
	gsSP2Triangles(6, 4, 5, 0, 6, 7, 4, 0),
	gsSP2Triangles(8, 7, 6, 0, 8, 9, 7, 0),
	gsSP2Triangles(10, 11, 12, 0, 10, 13, 11, 0),
	gsSP2Triangles(10, 14, 13, 0, 10, 15, 14, 0),
	gsSP2Triangles(15, 16, 14, 0, 15, 17, 16, 0),
	gsSP2Triangles(17, 18, 16, 0, 17, 19, 18, 0),
	gsSP2Triangles(20, 21, 22, 0, 20, 23, 21, 0),
	gsSP2Triangles(20, 24, 23, 0, 20, 25, 24, 0),
	gsSP2Triangles(25, 26, 24, 0, 25, 27, 26, 0),
	gsSP2Triangles(28, 26, 27, 0, 28, 29, 26, 0),
	gsSP2Triangles(29, 30, 26, 0, 29, 31, 30, 0),
	gsSP1Triangle(24, 26, 30, 0),
	gsSPVertex(castle_grounds_dl_Circle_001_mesh_layer_1_vtx_2 + 94, 32, 0),
	gsSP2Triangles(0, 1, 2, 0, 0, 2, 3, 0),
	gsSP2Triangles(0, 3, 4, 0, 5, 4, 3, 0),
	gsSP2Triangles(5, 3, 6, 0, 7, 8, 9, 0),
	gsSP2Triangles(7, 10, 8, 0, 10, 11, 8, 0),
	gsSP2Triangles(10, 12, 11, 0, 13, 11, 12, 0),
	gsSP2Triangles(13, 14, 11, 0, 15, 14, 13, 0),
	gsSP2Triangles(15, 16, 14, 0, 17, 18, 19, 0),
	gsSP2Triangles(17, 20, 18, 0, 21, 18, 20, 0),
	gsSP2Triangles(21, 22, 18, 0, 23, 22, 21, 0),
	gsSP2Triangles(23, 24, 22, 0, 25, 24, 23, 0),
	gsSP2Triangles(25, 26, 24, 0, 27, 28, 29, 0),
	gsSP2Triangles(27, 30, 28, 0, 31, 30, 27, 0),
	gsSPVertex(castle_grounds_dl_Circle_001_mesh_layer_1_vtx_2 + 126, 32, 0),
	gsSP2Triangles(0, 1, 2, 0, 0, 3, 1, 0),
	gsSP2Triangles(0, 4, 3, 0, 5, 3, 4, 0),
	gsSP2Triangles(5, 6, 3, 0, 6, 7, 3, 0),
	gsSP2Triangles(6, 8, 7, 0, 1, 3, 7, 0),
	gsSP2Triangles(1, 7, 9, 0, 2, 1, 9, 0),
	gsSP2Triangles(2, 9, 10, 0, 2, 10, 11, 0),
	gsSP2Triangles(2, 11, 12, 0, 13, 14, 15, 0),
	gsSP2Triangles(13, 16, 14, 0, 17, 16, 13, 0),
	gsSP2Triangles(17, 18, 16, 0, 19, 16, 18, 0),
	gsSP2Triangles(19, 20, 16, 0, 21, 20, 19, 0),
	gsSP2Triangles(21, 22, 20, 0, 21, 23, 22, 0),
	gsSP2Triangles(21, 24, 23, 0, 22, 23, 25, 0),
	gsSP2Triangles(22, 25, 26, 0, 22, 26, 27, 0),
	gsSP2Triangles(22, 27, 20, 0, 20, 27, 14, 0),
	gsSP2Triangles(20, 14, 16, 0, 28, 29, 30, 0),
	gsSP1Triangle(28, 31, 29, 0),
	gsSPVertex(castle_grounds_dl_Circle_001_mesh_layer_1_vtx_2 + 158, 32, 0),
	gsSP2Triangles(0, 1, 2, 0, 0, 3, 1, 0),
	gsSP2Triangles(4, 1, 3, 0, 4, 5, 1, 0),
	gsSP2Triangles(6, 5, 4, 0, 6, 7, 5, 0),
	gsSP2Triangles(8, 9, 10, 0, 8, 10, 11, 0),
	gsSP2Triangles(11, 10, 12, 0, 11, 12, 13, 0),
	gsSP2Triangles(11, 13, 14, 0, 11, 14, 15, 0),
	gsSP2Triangles(16, 15, 14, 0, 16, 14, 17, 0),
	gsSP2Triangles(16, 17, 18, 0, 16, 18, 19, 0),
	gsSP2Triangles(20, 16, 19, 0, 20, 21, 16, 0),
	gsSP2Triangles(22, 16, 21, 0, 22, 15, 16, 0),
	gsSP2Triangles(8, 15, 22, 0, 8, 11, 15, 0),
	gsSP2Triangles(23, 24, 25, 0, 23, 25, 26, 0),
	gsSP2Triangles(26, 25, 27, 0, 26, 27, 28, 0),
	gsSP2Triangles(26, 28, 29, 0, 26, 29, 30, 0),
	gsSP1Triangle(30, 29, 31, 0),
	gsSPVertex(castle_grounds_dl_Circle_001_mesh_layer_1_vtx_2 + 190, 25, 0),
	gsSP2Triangles(0, 1, 2, 0, 2, 1, 3, 0),
	gsSP2Triangles(2, 3, 4, 0, 5, 2, 4, 0),
	gsSP2Triangles(5, 6, 2, 0, 6, 0, 2, 0),
	gsSP2Triangles(6, 7, 0, 0, 8, 0, 7, 0),
	gsSP2Triangles(8, 9, 0, 0, 10, 11, 12, 0),
	gsSP2Triangles(10, 12, 13, 0, 13, 12, 14, 0),
	gsSP2Triangles(13, 14, 15, 0, 13, 15, 16, 0),
	gsSP2Triangles(13, 16, 17, 0, 17, 16, 18, 0),
	gsSP2Triangles(17, 18, 19, 0, 19, 18, 20, 0),
	gsSP2Triangles(19, 20, 21, 0, 22, 19, 21, 0),
	gsSP2Triangles(22, 23, 19, 0, 24, 19, 23, 0),
	gsSP2Triangles(24, 17, 19, 0, 10, 17, 24, 0),
	gsSP1Triangle(10, 13, 17, 0),
	gsSPEndDisplayList(),
};

Vtx castle_grounds_dl_Circle_001_mesh_layer_1_vtx_3[114] = {
	{{ {2818, 263, 2247}, 0, {-9626, 4115}, {255, 255, 255, 255} }},
	{{ {3049, 263, 1892}, 0, {-8963, 5068}, {255, 255, 255, 255} }},
	{{ {2156, 263, 1566}, 0, {-7207, 3138}, {255, 255, 255, 255} }},
	{{ {2981, -30, 2514}, 0, {-10472, 4251}, {116, 53, 60, 255} }},
	{{ {2397, 263, 2289}, 0, {-9295, 3002}, {255, 255, 255, 255} }},
	{{ {2102, 263, 1985}, 0, {-8219, 2568}, {255, 255, 255, 255} }},
	{{ {1806, -30, 2084}, 0, {-8163, 1713}, {116, 53, 60, 255} }},
	{{ {1893, -30, 1396}, 0, {-6504, 2649}, {116, 53, 60, 255} }},
	{{ {2486, -30, 1035}, 0, {-6202, 4529}, {148, 136, 136, 255} }},
	{{ {2517, 263, 1345}, 0, {-7023, 4285}, {255, 255, 255, 255} }},
	{{ {2914, 263, 1491}, 0, {-7805, 5143}, {255, 255, 255, 255} }},
	{{ {3358, -30, 1931}, 0, {-9384, 5814}, {116, 53, 60, 255} }},
	{{ {3417, -191, 1939}, 0, {-9464, 5955}, {116, 53, 60, 255} }},
	{{ {3012, -191, 2564}, 0, {-10632, 4277}, {116, 53, 60, 255} }},
	{{ {2290, -30, 2582}, 0, {-9929, 2426}, {116, 53, 60, 255} }},
	{{ {1750, -191, 2103}, 0, {-8152, 1552}, {116, 53, 60, 255} }},
	{{ {1844, -191, 1364}, 0, {-6372, 2557}, {116, 53, 60, 255} }},
	{{ {2480, -191, 976}, 0, {-6047, 4575}, {116, 53, 60, 255} }},
	{{ {3180, -191, 1232}, 0, {-7423, 6088}, {116, 53, 60, 255} }},
	{{ {3138, -30, 1273}, 0, {-7484, 5938}, {116, 53, 60, 255} }},
	{{ {2270, -191, 2637}, 0, {-10048, 2317}, {116, 53, 60, 255} }},
	{{ {-882, 1086, -1782}, 0, {5437, -1349}, {255, 255, 255, 255} }},
	{{ {-676, 1086, -2100}, 0, {6031, -495}, {255, 255, 255, 255} }},
	{{ {-1476, 1086, -2392}, 0, {7605, -2224}, {255, 255, 255, 255} }},
	{{ {-737, 823, -1543}, 0, {4679, -1227}, {116, 53, 60, 255} }},
	{{ {-1260, 1086, -1744}, 0, {5734, -2346}, {255, 255, 255, 255} }},
	{{ {-1524, 1086, -2016}, 0, {6699, -2735}, {255, 255, 255, 255} }},
	{{ {-1789, 823, -1928}, 0, {6749, -3501}, {116, 53, 60, 255} }},
	{{ {-1711, 823, -2545}, 0, {8234, -2663}, {116, 53, 60, 255} }},
	{{ {-1180, 823, -2868}, 0, {8505, -978}, {148, 136, 136, 255} }},
	{{ {-1152, 1086, -2590}, 0, {7770, -1197}, {255, 255, 255, 255} }},
	{{ {-796, 1086, -2460}, 0, {7070, -428}, {255, 255, 255, 255} }},
	{{ {-398, 823, -2065}, 0, {5654, 173}, {116, 53, 60, 255} }},
	{{ {-796, 1086, -2460}, 0, {7070, -428}, {255, 255, 255, 255} }},
	{{ {-676, 1086, -2100}, 0, {6031, -495}, {255, 255, 255, 255} }},
	{{ {-737, 823, -1543}, 0, {4679, -1227}, {116, 53, 60, 255} }},
	{{ {-346, 679, -2058}, 0, {5583, 299}, {116, 53, 60, 255} }},
	{{ {-709, 679, -1498}, 0, {4536, -1204}, {116, 53, 60, 255} }},
	{{ {-1356, 823, -1482}, 0, {5166, -2862}, {116, 53, 60, 255} }},
	{{ {-1260, 1086, -1744}, 0, {5734, -2346}, {255, 255, 255, 255} }},
	{{ {-1524, 1086, -2016}, 0, {6699, -2735}, {255, 255, 255, 255} }},
	{{ {-1789, 823, -1928}, 0, {6749, -3501}, {116, 53, 60, 255} }},
	{{ {-1374, 679, -1432}, 0, {5059, -2960}, {116, 53, 60, 255} }},
	{{ {-1839, 679, -1911}, 0, {6758, -3646}, {116, 53, 60, 255} }},
	{{ {-1755, 679, -2573}, 0, {8353, -2745}, {116, 53, 60, 255} }},
	{{ {-1711, 823, -2545}, 0, {8234, -2663}, {116, 53, 60, 255} }},
	{{ {-1185, 679, -2921}, 0, {8644, -937}, {116, 53, 60, 255} }},
	{{ {-1180, 823, -2868}, 0, {8505, -978}, {148, 136, 136, 255} }},
	{{ {-558, 679, -2691}, 0, {7411, 418}, {116, 53, 60, 255} }},
	{{ {-596, 823, -2655}, 0, {7357, 284}, {116, 53, 60, 255} }},
	{{ {-1152, 1086, -2590}, 0, {7770, -1197}, {255, 255, 255, 255} }},
	{{ {-3705, 239, 665}, 0, {1160, -10812}, {255, 255, 255, 255} }},
	{{ {-3531, 239, 908}, 0, {362, -10623}, {255, 255, 255, 255} }},
	{{ {-3233, 239, 924}, 0, {14, -9881}, {255, 255, 255, 255} }},
	{{ {-3637, 32, 1102}, 0, {-19, -11092}, {116, 53, 60, 255} }},
	{{ {-3922, 32, 703}, 0, {1289, -11403}, {116, 53, 60, 255} }},
	{{ {-3624, 239, 378}, 0, {1805, -10307}, {255, 255, 255, 255} }},
	{{ {-3348, 239, 263}, 0, {1812, -9488}, {255, 255, 255, 255} }},
	{{ {-3086, 239, 406}, 0, {1176, -8971}, {255, 255, 255, 255} }},
	{{ {-3035, 239, 700}, 0, {376, -9146}, {255, 255, 255, 255} }},
	{{ {-3148, 32, 1127}, 0, {-591, -9876}, {116, 53, 60, 255} }},
	{{ {-3132, -82, 1165}, 0, {-705, -9875}, {116, 53, 60, 255} }},
	{{ {-3657, -82, 1138}, 0, {-91, -11180}, {116, 53, 60, 255} }},
	{{ {-3963, -82, 710}, 0, {1313, -11514}, {116, 53, 60, 255} }},
	{{ {-3789, 32, 232}, 0, {2347, -10574}, {116, 53, 60, 255} }},
	{{ {-3963, -82, 710}, 0, {1313, -11514}, {116, 53, 60, 255} }},
	{{ {-3922, 32, 703}, 0, {1289, -11403}, {116, 53, 60, 255} }},
	{{ {-3624, 239, 378}, 0, {1805, -10307}, {255, 255, 255, 255} }},
	{{ {-3348, 239, 263}, 0, {1812, -9488}, {255, 255, 255, 255} }},
	{{ {-3337, 32, 43}, 0, {2359, -9230}, {116, 53, 60, 255} }},
	{{ {-2907, 32, 278}, 0, {1316, -8383}, {148, 136, 136, 255} }},
	{{ {-3086, 239, 406}, 0, {1176, -8971}, {255, 255, 255, 255} }},
	{{ {-2823, 32, 760}, 0, {3, -8670}, {116, 53, 60, 255} }},
	{{ {-3035, 239, 700}, 0, {376, -9146}, {255, 255, 255, 255} }},
	{{ {-3148, 32, 1127}, 0, {-591, -9876}, {116, 53, 60, 255} }},
	{{ {-2783, -82, 772}, 0, {-67, -8580}, {116, 53, 60, 255} }},
	{{ {-3132, -82, 1165}, 0, {-705, -9875}, {116, 53, 60, 255} }},
	{{ {-3657, -82, 1138}, 0, {-91, -11180}, {116, 53, 60, 255} }},
	{{ {-3335, -82, 1}, 0, {2462, -9182}, {116, 53, 60, 255} }},
	{{ {-3820, -82, 204}, 0, {2449, -10625}, {116, 53, 60, 255} }},
	{{ {-2873, -82, 254}, 0, {1342, -8272}, {116, 53, 60, 255} }},
	{{ {4062, 207, -3771}, 0, {4369, 13517}, {255, 255, 255, 255} }},
	{{ {4182, 207, -4044}, 0, {4936, 14106}, {255, 255, 255, 255} }},
	{{ {3525, 207, -4172}, 0, {5942, 12570}, {255, 255, 255, 255} }},
	{{ {4204, 1, -3604}, 0, {3796, 13706}, {116, 53, 60, 255} }},
	{{ {3774, 207, -3696}, 0, {4476, 12707}, {255, 255, 255, 255} }},
	{{ {3535, 207, -3874}, 0, {5176, 12286}, {255, 255, 255, 255} }},
	{{ {3340, 1, -3772}, 0, {5120, 11685}, {116, 53, 60, 255} }},
	{{ {3324, 1, -4261}, 0, {6377, 12152}, {116, 53, 60, 255} }},
	{{ {3696, 1, -4577}, 0, {6795, 13426}, {148, 136, 136, 255} }},
	{{ {3752, 207, -4365}, 0, {6198, 13347}, {255, 255, 255, 255} }},
	{{ {4045, 207, -4308}, 0, {5750, 14030}, {255, 255, 255, 255} }},
	{{ {4402, 1, -4051}, 0, {4726, 14672}, {116, 53, 60, 255} }},
	{{ {4444, -113, -4052}, 0, {4686, 14778}, {116, 53, 60, 255} }},
	{{ {4231, -113, -3572}, 0, {3688, 13741}, {116, 53, 60, 255} }},
	{{ {3724, -113, -3439}, 0, {3876, 12314}, {116, 53, 60, 255} }},
	{{ {3724, -113, -3439}, 0, {3876, 12314}, {116, 53, 60, 255} }},
	{{ {4204, 1, -3604}, 0, {3796, 13706}, {116, 53, 60, 255} }},
	{{ {3732, 1, -3480}, 0, {3972, 12377}, {116, 53, 60, 255} }},
	{{ {3774, 207, -3696}, 0, {4476, 12707}, {255, 255, 255, 255} }},
	{{ {3535, 207, -3874}, 0, {5176, 12286}, {255, 255, 255, 255} }},
	{{ {3340, 1, -3772}, 0, {5120, 11685}, {116, 53, 60, 255} }},
	{{ {3303, -113, -3753}, 0, {5109, 11572}, {116, 53, 60, 255} }},
	{{ {3286, -113, -4277}, 0, {6459, 12073}, {116, 53, 60, 255} }},
	{{ {3324, 1, -4261}, 0, {6377, 12152}, {116, 53, 60, 255} }},
	{{ {3686, -113, -4617}, 0, {6908, 13440}, {116, 53, 60, 255} }},
	{{ {3696, 1, -4577}, 0, {6795, 13426}, {148, 136, 136, 255} }},
	{{ {4201, -113, -4517}, 0, {6119, 14644}, {116, 53, 60, 255} }},
	{{ {4176, 1, -4484}, 0, {6061, 14547}, {116, 53, 60, 255} }},
	{{ {3752, 207, -4365}, 0, {6198, 13347}, {255, 255, 255, 255} }},
	{{ {4045, 207, -4308}, 0, {5750, 14030}, {255, 255, 255, 255} }},
	{{ {4402, 1, -4051}, 0, {4726, 14672}, {116, 53, 60, 255} }},
	{{ {4444, -113, -4052}, 0, {4686, 14778}, {116, 53, 60, 255} }},
	{{ {4231, -113, -3572}, 0, {3688, 13741}, {116, 53, 60, 255} }},
};

Gfx castle_grounds_dl_Circle_001_mesh_layer_1_tri_3[] = {
	gsSPVertex(castle_grounds_dl_Circle_001_mesh_layer_1_vtx_3 + 0, 32, 0),
	gsSP2Triangles(0, 1, 2, 0, 3, 1, 0, 0),
	gsSP2Triangles(4, 3, 0, 0, 4, 0, 2, 0),
	gsSP2Triangles(2, 5, 4, 0, 2, 6, 5, 0),
	gsSP2Triangles(2, 7, 6, 0, 8, 7, 2, 0),
	gsSP2Triangles(8, 2, 9, 0, 9, 2, 1, 0),
	gsSP2Triangles(10, 9, 1, 0, 11, 10, 1, 0),
	gsSP2Triangles(3, 11, 1, 0, 3, 12, 11, 0),
	gsSP2Triangles(3, 13, 12, 0, 14, 13, 3, 0),
	gsSP2Triangles(4, 14, 3, 0, 5, 14, 4, 0),
	gsSP2Triangles(5, 6, 14, 0, 15, 14, 6, 0),
	gsSP2Triangles(16, 15, 6, 0, 16, 6, 7, 0),
	gsSP2Triangles(8, 16, 7, 0, 8, 17, 16, 0),
	gsSP2Triangles(18, 17, 8, 0, 18, 8, 19, 0),
	gsSP2Triangles(19, 8, 9, 0, 19, 9, 10, 0),
	gsSP2Triangles(11, 19, 10, 0, 11, 18, 19, 0),
	gsSP2Triangles(11, 12, 18, 0, 18, 12, 13, 0),
	gsSP2Triangles(16, 18, 13, 0, 15, 16, 13, 0),
	gsSP2Triangles(13, 20, 15, 0, 14, 20, 13, 0),
	gsSP2Triangles(15, 20, 14, 0, 16, 17, 18, 0),
	gsSP2Triangles(21, 22, 23, 0, 24, 22, 21, 0),
	gsSP2Triangles(25, 24, 21, 0, 25, 21, 23, 0),
	gsSP2Triangles(23, 26, 25, 0, 23, 27, 26, 0),
	gsSP2Triangles(23, 28, 27, 0, 29, 28, 23, 0),
	gsSP2Triangles(29, 23, 30, 0, 30, 23, 22, 0),
	gsSP1Triangle(31, 30, 22, 0),
	gsSPVertex(castle_grounds_dl_Circle_001_mesh_layer_1_vtx_3 + 32, 32, 0),
	gsSP2Triangles(0, 1, 2, 0, 3, 0, 2, 0),
	gsSP2Triangles(3, 4, 0, 0, 3, 5, 4, 0),
	gsSP2Triangles(6, 5, 3, 0, 7, 6, 3, 0),
	gsSP2Triangles(8, 6, 7, 0, 8, 9, 6, 0),
	gsSP2Triangles(9, 10, 6, 0, 9, 11, 10, 0),
	gsSP2Triangles(12, 11, 9, 0, 12, 9, 13, 0),
	gsSP2Triangles(14, 12, 13, 0, 14, 13, 15, 0),
	gsSP2Triangles(16, 14, 15, 0, 16, 15, 17, 0),
	gsSP2Triangles(17, 15, 18, 0, 17, 18, 1, 0),
	gsSP2Triangles(0, 17, 1, 0, 0, 16, 17, 0),
	gsSP2Triangles(0, 4, 16, 0, 16, 4, 5, 0),
	gsSP2Triangles(12, 16, 5, 0, 11, 12, 5, 0),
	gsSP2Triangles(5, 10, 11, 0, 6, 10, 5, 0),
	gsSP2Triangles(12, 14, 16, 0, 19, 20, 21, 0),
	gsSP2Triangles(19, 22, 20, 0, 19, 23, 22, 0),
	gsSP2Triangles(24, 23, 19, 0, 24, 19, 21, 0),
	gsSP2Triangles(25, 24, 21, 0, 26, 25, 21, 0),
	gsSP2Triangles(27, 26, 21, 0, 28, 27, 21, 0),
	gsSP2Triangles(22, 28, 21, 0, 22, 21, 20, 0),
	gsSP2Triangles(22, 29, 28, 0, 22, 30, 29, 0),
	gsSP2Triangles(23, 30, 22, 0, 23, 31, 30, 0),
	gsSPVertex(castle_grounds_dl_Circle_001_mesh_layer_1_vtx_3 + 64, 32, 0),
	gsSP2Triangles(0, 1, 2, 0, 3, 0, 2, 0),
	gsSP2Triangles(4, 0, 3, 0, 4, 5, 0, 0),
	gsSP2Triangles(6, 5, 4, 0, 6, 4, 7, 0),
	gsSP2Triangles(8, 6, 7, 0, 8, 7, 9, 0),
	gsSP2Triangles(10, 8, 9, 0, 10, 11, 8, 0),
	gsSP2Triangles(10, 12, 11, 0, 11, 12, 13, 0),
	gsSP2Triangles(14, 11, 13, 0, 15, 14, 13, 0),
	gsSP2Triangles(13, 1, 15, 0, 0, 15, 1, 0),
	gsSP2Triangles(14, 15, 0, 0, 14, 0, 5, 0),
	gsSP2Triangles(16, 14, 5, 0, 16, 5, 6, 0),
	gsSP2Triangles(11, 16, 6, 0, 11, 6, 8, 0),
	gsSP2Triangles(14, 16, 11, 0, 17, 18, 19, 0),
	gsSP2Triangles(20, 18, 17, 0, 21, 20, 17, 0),
	gsSP2Triangles(21, 17, 19, 0, 19, 22, 21, 0),
	gsSP2Triangles(19, 23, 22, 0, 19, 24, 23, 0),
	gsSP2Triangles(25, 24, 19, 0, 25, 19, 26, 0),
	gsSP2Triangles(26, 19, 18, 0, 27, 26, 18, 0),
	gsSP2Triangles(28, 27, 18, 0, 20, 28, 18, 0),
	gsSP2Triangles(20, 29, 28, 0, 20, 30, 29, 0),
	gsSP1Triangle(31, 30, 20, 0),
	gsSPVertex(castle_grounds_dl_Circle_001_mesh_layer_1_vtx_3 + 96, 18, 0),
	gsSP2Triangles(0, 1, 2, 0, 3, 2, 1, 0),
	gsSP2Triangles(4, 2, 3, 0, 4, 5, 2, 0),
	gsSP2Triangles(5, 0, 2, 0, 5, 6, 0, 0),
	gsSP2Triangles(7, 6, 5, 0, 7, 5, 8, 0),
	gsSP2Triangles(9, 7, 8, 0, 9, 8, 10, 0),
	gsSP2Triangles(11, 9, 10, 0, 11, 10, 12, 0),
	gsSP2Triangles(12, 10, 13, 0, 12, 13, 14, 0),
	gsSP2Triangles(15, 12, 14, 0, 16, 12, 15, 0),
	gsSP2Triangles(16, 11, 12, 0, 11, 16, 17, 0),
	gsSP2Triangles(7, 11, 17, 0, 6, 7, 17, 0),
	gsSP2Triangles(17, 0, 6, 0, 7, 9, 11, 0),
	gsSPEndDisplayList(),
};

Vtx castle_grounds_dl_Circle_001_mesh_layer_5_vtx_cull[8] = {
	{{ {-4897, -1555, 4348}, 0, {0, 0}, {0, 0, 0, 0} }},
	{{ {-4897, 1354, 4348}, 0, {0, 0}, {0, 0, 0, 0} }},
	{{ {-4897, 1354, -6479}, 0, {0, 0}, {0, 0, 0, 0} }},
	{{ {-4897, -1555, -6479}, 0, {0, 0}, {0, 0, 0, 0} }},
	{{ {6062, -1555, 4348}, 0, {0, 0}, {0, 0, 0, 0} }},
	{{ {6062, 1354, 4348}, 0, {0, 0}, {0, 0, 0, 0} }},
	{{ {6062, 1354, -6479}, 0, {0, 0}, {0, 0, 0, 0} }},
	{{ {6062, -1555, -6479}, 0, {0, 0}, {0, 0, 0, 0} }},
};

Vtx castle_grounds_dl_Circle_001_mesh_layer_5_vtx_0[8] = {
	{{ {-585, -190, -256}, 0, {1014, 2178}, {158, 158, 158, 255} }},
	{{ {-1227, -31, -838}, 0, {-1517, -178}, {255, 255, 255, 255} }},
	{{ {-1259, -203, -205}, 0, {1042, -198}, {255, 255, 255, 255} }},
	{{ {-654, -6, -890}, 0, {-1602, 2182}, {158, 158, 158, 255} }},
	{{ {-516, -33, 377}, 0, {3615, 2210}, {158, 158, 158, 255} }},
	{{ {-1259, -203, -205}, 0, {1043, -183}, {255, 255, 255, 255} }},
	{{ {-1291, -33, 428}, 0, {3587, -180}, {255, 255, 255, 255} }},
	{{ {-585, -190, -256}, 0, {1014, 2191}, {158, 158, 158, 255} }},
};

Gfx castle_grounds_dl_Circle_001_mesh_layer_5_tri_0[] = {
	gsSPVertex(castle_grounds_dl_Circle_001_mesh_layer_5_vtx_0 + 0, 8, 0),
	gsSP2Triangles(0, 1, 2, 0, 0, 3, 1, 0),
	gsSP2Triangles(4, 5, 6, 0, 4, 7, 5, 0),
	gsSPEndDisplayList(),
};

Vtx castle_grounds_dl_Water_Box_Mesh_001_mesh_layer_5_vtx_cull[8] = {
	{{ {-1935, 0, 1935}, 0, {0, 0}, {0, 0, 0, 0} }},
	{{ {-1935, 0, 1935}, 0, {0, 0}, {0, 0, 0, 0} }},
	{{ {-1935, 0, -1935}, 0, {0, 0}, {0, 0, 0, 0} }},
	{{ {-1935, 0, -1935}, 0, {0, 0}, {0, 0, 0, 0} }},
	{{ {1935, 0, 1935}, 0, {0, 0}, {0, 0, 0, 0} }},
	{{ {1935, 0, 1935}, 0, {0, 0}, {0, 0, 0, 0} }},
	{{ {1935, 0, -1935}, 0, {0, 0}, {0, 0, 0, 0} }},
	{{ {1935, 0, -1935}, 0, {0, 0}, {0, 0, 0, 0} }},
};

Vtx castle_grounds_dl_Water_Box_Mesh_001_mesh_layer_5_vtx_0[4] = {
	{{ {-1935, 0, 1935}, 0, {-2200, 3192}, {0, 127, 0, 255} }},
	{{ {1935, 0, 1935}, 0, {3192, 3192}, {0, 127, 0, 255} }},
	{{ {1935, 0, -1935}, 0, {3192, -2200}, {0, 127, 0, 255} }},
	{{ {-1935, 0, -1935}, 0, {-2200, -2200}, {0, 127, 0, 255} }},
};

Gfx castle_grounds_dl_Water_Box_Mesh_001_mesh_layer_5_tri_0[] = {
	gsSPVertex(castle_grounds_dl_Water_Box_Mesh_001_mesh_layer_5_vtx_0 + 0, 4, 0),
	gsSP2Triangles(0, 1, 2, 0, 0, 2, 3, 0),
	gsSPEndDisplayList(),
};

Gfx mat_castle_grounds_dl_f3dlite_material_006[] = {
	gsSPClearGeometryMode(G_LIGHTING),
	gsDPPipeSync(),
	gsDPSetCombineLERP(TEXEL0, 0, TEXEL1, 0, 0, 0, 0, 0, COMBINED, 0, SHADE, 0, ENVIRONMENT, 0, SHADE, 0),
	gsDPSetAlphaDither(G_AD_NOISE),
	gsDPSetCycleType(G_CYC_2CYCLE),
	gsSPTexture(65535, 65535, 0, 0, 1),
	gsDPSetTextureImage(G_IM_FMT_I, G_IM_SIZ_16b, 1, castle_grounds_dl_mulittex1_i4_i4),
	gsDPSetTile(G_IM_FMT_I, G_IM_SIZ_16b, 0, 0, 7, 0, G_TX_WRAP | G_TX_NOMIRROR, 0, 0, G_TX_WRAP | G_TX_NOMIRROR, 0, 0),
	gsDPLoadBlock(7, 0, 0, 1023, 512),
	gsDPSetTile(G_IM_FMT_I, G_IM_SIZ_4b, 4, 0, 0, 0, G_TX_WRAP | G_TX_NOMIRROR, 6, 0, G_TX_WRAP | G_TX_NOMIRROR, 6, 0),
	gsDPSetTileSize(0, 0, 0, 252, 252),
	gsDPSetTextureImage(G_IM_FMT_I, G_IM_SIZ_16b, 1, castle_grounds_dl_NEWON0E223_i4_i4),
	gsDPSetTile(G_IM_FMT_I, G_IM_SIZ_16b, 0, 256, 6, 0, G_TX_WRAP | G_TX_NOMIRROR, 0, 0, G_TX_WRAP | G_TX_NOMIRROR, 0, 0),
	gsDPLoadBlock(6, 0, 0, 1023, 512),
	gsDPSetTile(G_IM_FMT_I, G_IM_SIZ_4b, 4, 256, 1, 0, G_TX_WRAP | G_TX_NOMIRROR, 6, 0, G_TX_WRAP | G_TX_NOMIRROR, 6, 0),
	gsDPSetTileSize(1, 0, 0, 252, 252),
	gsSPEndDisplayList(),
};

Gfx mat_revert_castle_grounds_dl_f3dlite_material_006[] = {
	gsSPSetGeometryMode(G_LIGHTING),
	gsDPPipeSync(),
	gsDPSetAlphaDither(G_AD_DISABLE),
	gsDPSetCycleType(G_CYC_1CYCLE),
	gsSPEndDisplayList(),
};

Gfx mat_castle_grounds_dl_f3dlite_material_007[] = {
	gsSPClearGeometryMode(G_LIGHTING),
	gsDPPipeSync(),
	gsDPSetCombineLERP(TEXEL0, 0, SHADE, 0, ENVIRONMENT, 0, SHADE, 0, TEXEL0, 0, SHADE, 0, ENVIRONMENT, 0, SHADE, 0),
	gsDPSetAlphaDither(G_AD_NOISE),
	gsDPSetTextureLUT(G_TT_RGBA16),
	gsSPTexture(65535, 65535, 0, 0, 1),
	gsDPSetTextureImage(G_IM_FMT_RGBA, G_IM_SIZ_16b, 1, castle_grounds_dl_castle_grounds_textures_0A000_rgba16_pal_rgba16),
	gsDPSetTile(0, 0, 0, 256, 5, 0, G_TX_WRAP | G_TX_NOMIRROR, 0, 0, G_TX_WRAP | G_TX_NOMIRROR, 0, 0),
	gsDPLoadTLUTCmd(5, 119),
	gsDPSetTextureImage(G_IM_FMT_CI, G_IM_SIZ_8b_LOAD_BLOCK, 1, castle_grounds_dl_castle_grounds_textures_0A000_rgba16_ci8),
	gsDPSetTile(G_IM_FMT_CI, G_IM_SIZ_8b_LOAD_BLOCK, 0, 0, 7, 0, G_TX_WRAP | G_TX_NOMIRROR, 0, 0, G_TX_WRAP | G_TX_NOMIRROR, 0, 0),
	gsDPLoadBlock(7, 0, 0, 511, 512),
	gsDPSetTile(G_IM_FMT_CI, G_IM_SIZ_8b, 4, 0, 0, 0, G_TX_WRAP | G_TX_NOMIRROR, 5, 0, G_TX_WRAP | G_TX_NOMIRROR, 5, 0),
	gsDPSetTileSize(0, 0, 0, 124, 124),
	gsSPEndDisplayList(),
};

Gfx mat_revert_castle_grounds_dl_f3dlite_material_007[] = {
	gsSPSetGeometryMode(G_LIGHTING),
	gsDPPipeSync(),
	gsDPSetAlphaDither(G_AD_DISABLE),
	gsDPSetTextureLUT(G_TT_NONE),
	gsSPEndDisplayList(),
};

Gfx mat_castle_grounds_dl_f3dlite_material_008[] = {
	gsSPClearGeometryMode(G_LIGHTING),
	gsDPPipeSync(),
	gsDPSetCombineLERP(TEXEL0, 0, SHADE, 0, ENVIRONMENT, 0, SHADE, 0, TEXEL0, 0, SHADE, 0, ENVIRONMENT, 0, SHADE, 0),
	gsDPSetAlphaDither(G_AD_NOISE),
	gsSPTexture(65535, 65535, 0, 0, 1),
	gsDPSetTextureImage(G_IM_FMT_I, G_IM_SIZ_8b_LOAD_BLOCK, 1, castle_grounds_dl_castle_grounds_textures_04800_rgba16_i8),
	gsDPSetTile(G_IM_FMT_I, G_IM_SIZ_8b_LOAD_BLOCK, 0, 0, 7, 0, G_TX_WRAP | G_TX_NOMIRROR, 0, 0, G_TX_WRAP | G_TX_NOMIRROR, 0, 0),
	gsDPLoadBlock(7, 0, 0, 1023, 512),
	gsDPSetTile(G_IM_FMT_I, G_IM_SIZ_8b, 4, 0, 0, 0, G_TX_WRAP | G_TX_NOMIRROR, 6, 0, G_TX_WRAP | G_TX_NOMIRROR, 5, 0),
	gsDPSetTileSize(0, 0, 0, 124, 252),
	gsSPEndDisplayList(),
};

Gfx mat_revert_castle_grounds_dl_f3dlite_material_008[] = {
	gsSPSetGeometryMode(G_LIGHTING),
	gsDPPipeSync(),
	gsDPSetAlphaDither(G_AD_DISABLE),
	gsSPEndDisplayList(),
};

Gfx mat_castle_grounds_dl_f3dlite_material_009[] = {
	gsSPClearGeometryMode(G_LIGHTING),
	gsDPPipeSync(),
	gsDPSetCombineLERP(TEXEL0, 0, SHADE, 0, ENVIRONMENT, 0, SHADE, 0, TEXEL0, 0, SHADE, 0, ENVIRONMENT, 0, SHADE, 0),
	gsDPSetAlphaDither(G_AD_NOISE),
	gsSPTexture(65535, 65535, 0, 0, 1),
	gsDPSetTextureImage(G_IM_FMT_I, G_IM_SIZ_8b_LOAD_BLOCK, 1, castle_grounds_dl_castle_grounds_textures_08800_rgba16_i8),
	gsDPSetTile(G_IM_FMT_I, G_IM_SIZ_8b_LOAD_BLOCK, 0, 0, 7, 0, G_TX_WRAP | G_TX_NOMIRROR, 0, 0, G_TX_WRAP | G_TX_NOMIRROR, 0, 0),
	gsDPLoadBlock(7, 0, 0, 511, 512),
	gsDPSetTile(G_IM_FMT_I, G_IM_SIZ_8b, 4, 0, 0, 0, G_TX_WRAP | G_TX_NOMIRROR, 5, 0, G_TX_WRAP | G_TX_NOMIRROR, 5, 0),
	gsDPSetTileSize(0, 0, 0, 124, 124),
	gsSPEndDisplayList(),
};

Gfx mat_revert_castle_grounds_dl_f3dlite_material_009[] = {
	gsSPSetGeometryMode(G_LIGHTING),
	gsDPPipeSync(),
	gsDPSetAlphaDither(G_AD_DISABLE),
	gsSPEndDisplayList(),
};

Gfx mat_castle_grounds_dl_f3dlite_material_001[] = {
	gsSPClearGeometryMode(G_LIGHTING),
	gsDPPipeSync(),
	gsDPSetCombineLERP(TEXEL0, 0, SHADE, 0, ENVIRONMENT, 0, SHADE, 0, TEXEL0, 0, SHADE, 0, ENVIRONMENT, 0, SHADE, 0),
	gsDPSetAlphaDither(G_AD_NOISE),
	gsSPTexture(65535, 65535, 0, 0, 1),
	gsDPSetTextureImage(G_IM_FMT_I, G_IM_SIZ_8b_LOAD_BLOCK, 1, castle_grounds_dl_rr_textures_00800_rgba16_i8),
	gsDPSetTile(G_IM_FMT_I, G_IM_SIZ_8b_LOAD_BLOCK, 0, 0, 7, 0, G_TX_WRAP | G_TX_NOMIRROR, 0, 0, G_TX_WRAP | G_TX_NOMIRROR, 0, 0),
	gsDPLoadBlock(7, 0, 0, 511, 512),
	gsDPSetTile(G_IM_FMT_I, G_IM_SIZ_8b, 4, 0, 0, 0, G_TX_WRAP | G_TX_NOMIRROR, 5, 0, G_TX_WRAP | G_TX_NOMIRROR, 5, 0),
	gsDPSetTileSize(0, 0, 0, 124, 124),
	gsSPEndDisplayList(),
};

Gfx mat_revert_castle_grounds_dl_f3dlite_material_001[] = {
	gsSPSetGeometryMode(G_LIGHTING),
	gsDPPipeSync(),
	gsDPSetAlphaDither(G_AD_DISABLE),
	gsSPEndDisplayList(),
};

Gfx mat_castle_grounds_dl_f3dlite_material_002[] = {
	gsSPClearGeometryMode(G_LIGHTING),
	gsDPPipeSync(),
	gsDPSetCombineLERP(TEXEL0, 0, SHADE, 0, ENVIRONMENT, 0, SHADE, 0, TEXEL0, 0, SHADE, 0, ENVIRONMENT, 0, SHADE, 0),
	gsDPSetAlphaDither(G_AD_NOISE),
	gsDPSetTextureLUT(G_TT_RGBA16),
	gsSPTexture(65535, 65535, 0, 0, 1),
	gsDPSetTextureImage(G_IM_FMT_RGBA, G_IM_SIZ_16b, 1, castle_grounds_dl__11111texKinokoRed_ci4_pal_rgba16),
	gsDPSetTile(0, 0, 0, 256, 5, 0, G_TX_WRAP | G_TX_NOMIRROR, 0, 0, G_TX_WRAP | G_TX_NOMIRROR, 0, 0),
	gsDPLoadTLUTCmd(5, 15),
	gsDPSetTextureImage(G_IM_FMT_CI, G_IM_SIZ_16b, 1, castle_grounds_dl__11111texKinokoRed_ci4_ci4),
	gsDPSetTile(G_IM_FMT_CI, G_IM_SIZ_16b, 0, 0, 7, 0, G_TX_WRAP | G_TX_NOMIRROR, 0, 0, G_TX_WRAP | G_TX_NOMIRROR, 0, 0),
	gsDPLoadBlock(7, 0, 0, 1023, 512),
	gsDPSetTile(G_IM_FMT_CI, G_IM_SIZ_4b, 4, 0, 0, 0, G_TX_WRAP | G_TX_NOMIRROR, 6, 0, G_TX_WRAP | G_TX_NOMIRROR, 6, 0),
	gsDPSetTileSize(0, 0, 0, 252, 252),
	gsSPEndDisplayList(),
};

Gfx mat_revert_castle_grounds_dl_f3dlite_material_002[] = {
	gsSPSetGeometryMode(G_LIGHTING),
	gsDPPipeSync(),
	gsDPSetAlphaDither(G_AD_DISABLE),
	gsDPSetTextureLUT(G_TT_NONE),
	gsSPEndDisplayList(),
};

Gfx mat_castle_grounds_dl_f3dlite_material_016[] = {
	gsSPClearGeometryMode(G_LIGHTING),
	gsDPPipeSync(),
	gsDPSetCombineLERP(TEXEL0, 0, SHADE, 0, ENVIRONMENT, 0, SHADE, 0, TEXEL0, 0, SHADE, 0, ENVIRONMENT, 0, SHADE, 0),
	gsDPSetAlphaDither(G_AD_NOISE),
	gsDPSetTextureLUT(G_TT_RGBA16),
	gsSPTexture(65535, 65535, 0, 0, 1),
	gsDPSetTextureImage(G_IM_FMT_RGBA, G_IM_SIZ_16b, 1, castle_grounds_dl_coarse_dirt_ci8_pal_rgba16),
	gsDPSetTile(0, 0, 0, 256, 5, 0, G_TX_WRAP | G_TX_NOMIRROR, 0, 0, G_TX_WRAP | G_TX_NOMIRROR, 0, 0),
	gsDPLoadTLUTCmd(5, 30),
	gsDPSetTextureImage(G_IM_FMT_CI, G_IM_SIZ_8b_LOAD_BLOCK, 1, castle_grounds_dl_coarse_dirt_ci8_ci8),
	gsDPSetTile(G_IM_FMT_CI, G_IM_SIZ_8b_LOAD_BLOCK, 0, 0, 7, 0, G_TX_WRAP | G_TX_NOMIRROR, 0, 0, G_TX_WRAP | G_TX_NOMIRROR, 0, 0),
	gsDPLoadBlock(7, 0, 0, 511, 512),
	gsDPSetTile(G_IM_FMT_CI, G_IM_SIZ_8b, 4, 0, 0, 0, G_TX_WRAP | G_TX_NOMIRROR, 5, 0, G_TX_WRAP | G_TX_NOMIRROR, 5, 0),
	gsDPSetTileSize(0, 0, 0, 124, 124),
	gsSPEndDisplayList(),
};

Gfx mat_revert_castle_grounds_dl_f3dlite_material_016[] = {
	gsSPSetGeometryMode(G_LIGHTING),
	gsDPPipeSync(),
	gsDPSetAlphaDither(G_AD_DISABLE),
	gsDPSetTextureLUT(G_TT_NONE),
	gsSPEndDisplayList(),
};

Gfx mat_castle_grounds_dl_f3dlite_material_003[] = {
	gsSPClearGeometryMode(G_LIGHTING),
	gsDPPipeSync(),
	gsDPSetCombineLERP(TEXEL0, 0, SHADE, 0, ENVIRONMENT, 0, SHADE, 0, TEXEL0, 0, SHADE, 0, ENVIRONMENT, 0, SHADE, 0),
	gsDPSetAlphaDither(G_AD_NOISE),
	gsSPTexture(65535, 65535, 0, 0, 1),
	gsDPSetTextureImage(G_IM_FMT_RGBA, G_IM_SIZ_16b_LOAD_BLOCK, 1, castle_grounds_dl_ccm_textures_05000_rgba16_rgba16),
	gsDPSetTile(G_IM_FMT_RGBA, G_IM_SIZ_16b_LOAD_BLOCK, 0, 0, 7, 0, G_TX_WRAP | G_TX_NOMIRROR, 0, 0, G_TX_WRAP | G_TX_NOMIRROR, 0, 0),
	gsDPLoadBlock(7, 0, 0, 1023, 256),
	gsDPSetTile(G_IM_FMT_RGBA, G_IM_SIZ_16b, 8, 0, 0, 0, G_TX_WRAP | G_TX_NOMIRROR, 5, 0, G_TX_WRAP | G_TX_NOMIRROR, 5, 0),
	gsDPSetTileSize(0, 0, 0, 124, 124),
	gsSPEndDisplayList(),
};

Gfx mat_revert_castle_grounds_dl_f3dlite_material_003[] = {
	gsSPSetGeometryMode(G_LIGHTING),
	gsDPPipeSync(),
	gsDPSetAlphaDither(G_AD_DISABLE),
	gsSPEndDisplayList(),
};

Gfx mat_castle_grounds_dl_f3dlite_material_014[] = {
	gsSPLightColor(LIGHT_1, 0xFFFFFFFF),
	gsSPLightColor(LIGHT_2, 0x7F7F7FFF),
	gsDPPipeSync(),
	gsDPSetCombineLERP(TEXEL0, 0, SHADE, 0, 0, 0, 0, ENVIRONMENT, TEXEL0, 0, SHADE, 0, 0, 0, 0, ENVIRONMENT),
	gsDPSetAlphaDither(G_AD_NOISE),
	gsDPSetTextureLUT(G_TT_RGBA16),
	gsSPTexture(65535, 65535, 0, 0, 1),
	gsDPSetTextureImage(G_IM_FMT_RGBA, G_IM_SIZ_16b, 1, castle_grounds_dl_YukkinaTreeBreak00_ci4_pal_rgba16),
	gsDPSetTile(0, 0, 0, 256, 5, 0, G_TX_WRAP | G_TX_NOMIRROR, 0, 0, G_TX_WRAP | G_TX_NOMIRROR, 0, 0),
	gsDPLoadTLUTCmd(5, 14),
	gsDPSetTextureImage(G_IM_FMT_CI, G_IM_SIZ_16b, 1, castle_grounds_dl_YukkinaTreeBreak00_ci4_ci4),
	gsDPSetTile(G_IM_FMT_CI, G_IM_SIZ_16b, 0, 0, 7, 0, G_TX_WRAP | G_TX_NOMIRROR, 0, 0, G_TX_WRAP | G_TX_NOMIRROR, 0, 0),
	gsDPLoadBlock(7, 0, 0, 1023, 512),
	gsDPSetTile(G_IM_FMT_CI, G_IM_SIZ_4b, 4, 0, 0, 0, G_TX_WRAP | G_TX_NOMIRROR, 6, 0, G_TX_WRAP | G_TX_NOMIRROR, 6, 0),
	gsDPSetTileSize(0, 0, 0, 252, 252),
	gsSPEndDisplayList(),
};

Gfx mat_revert_castle_grounds_dl_f3dlite_material_014[] = {
	gsDPPipeSync(),
	gsDPSetAlphaDither(G_AD_DISABLE),
	gsDPSetTextureLUT(G_TT_NONE),
	gsSPEndDisplayList(),
};

Gfx mat_castle_grounds_dl_f3dlite_material_015[] = {
	gsSPLightColor(LIGHT_1, 0xFFFFFFFF),
	gsSPLightColor(LIGHT_2, 0x7F7F7FFF),
	gsDPPipeSync(),
	gsDPSetCombineLERP(TEXEL0, 0, SHADE, 0, 0, 0, 0, ENVIRONMENT, TEXEL0, 0, SHADE, 0, 0, 0, 0, ENVIRONMENT),
	gsDPSetAlphaDither(G_AD_NOISE),
	gsDPSetTextureLUT(G_TT_RGBA16),
	gsSPTexture(65535, 65535, 0, 0, 1),
	gsDPSetTextureImage(G_IM_FMT_RGBA, G_IM_SIZ_16b, 1, castle_grounds_dl_Glover_D85757B7_0_0_861ED1B8_ciByRGBA_rgba16_pal_rgba16),
	gsDPSetTile(0, 0, 0, 256, 5, 0, G_TX_WRAP | G_TX_NOMIRROR, 0, 0, G_TX_WRAP | G_TX_NOMIRROR, 0, 0),
	gsDPLoadTLUTCmd(5, 14),
	gsDPSetTextureImage(G_IM_FMT_CI, G_IM_SIZ_16b, 1, castle_grounds_dl_Glover_D85757B7_0_0_861ED1B8_ciByRGBA_rgba16_ci4),
	gsDPSetTile(G_IM_FMT_CI, G_IM_SIZ_16b, 0, 0, 7, 0, G_TX_WRAP | G_TX_NOMIRROR, 0, 0, G_TX_WRAP | G_TX_NOMIRROR, 0, 0),
	gsDPLoadBlock(7, 0, 0, 255, 1024),
	gsDPSetTile(G_IM_FMT_CI, G_IM_SIZ_4b, 2, 0, 0, 0, G_TX_WRAP | G_TX_NOMIRROR, 5, 0, G_TX_WRAP | G_TX_NOMIRROR, 5, 0),
	gsDPSetTileSize(0, 0, 0, 124, 124),
	gsSPEndDisplayList(),
};

Gfx mat_revert_castle_grounds_dl_f3dlite_material_015[] = {
	gsDPPipeSync(),
	gsDPSetAlphaDither(G_AD_DISABLE),
	gsDPSetTextureLUT(G_TT_NONE),
	gsSPEndDisplayList(),
};

Gfx mat_castle_grounds_dl_sm64_water_mat[] = {
	gsSPClearGeometryMode(G_CULL_BACK),
	gsSPLightColor(LIGHT_1, 0xFFFFFFFF),
	gsSPLightColor(LIGHT_2, 0x7F7F7FFF),
	gsDPPipeSync(),
	gsDPSetCombineLERP(TEXEL0, 0, SHADE, 0, TEXEL0, 0, PRIMITIVE, 0, TEXEL0, 0, SHADE, 0, TEXEL0, 0, PRIMITIVE, 0),
	gsDPSetAlphaDither(G_AD_NOISE),
	gsDPSetTextureLUT(G_TT_RGBA16),
	gsSPTexture(65535, 65535, 0, 0, 1),
	gsDPSetPrimColor(0, 0, 255, 255, 255, 127),
	gsDPSetTextureImage(G_IM_FMT_RGBA, G_IM_SIZ_16b, 1, castle_grounds_dl_ki_mizu_ci8_pal_rgba16),
	gsDPSetTile(0, 0, 0, 256, 5, 0, G_TX_WRAP | G_TX_NOMIRROR, 0, 0, G_TX_WRAP | G_TX_NOMIRROR, 0, 0),
	gsDPLoadTLUTCmd(5, 117),
	gsDPSetTextureImage(G_IM_FMT_CI, G_IM_SIZ_8b_LOAD_BLOCK, 1, castle_grounds_dl_ki_mizu_ci8_ci8),
	gsDPSetTile(G_IM_FMT_CI, G_IM_SIZ_8b_LOAD_BLOCK, 0, 0, 7, 0, G_TX_WRAP | G_TX_NOMIRROR, 0, 0, G_TX_WRAP | G_TX_NOMIRROR, 0, 0),
	gsDPLoadBlock(7, 0, 0, 511, 512),
	gsDPSetTile(G_IM_FMT_CI, G_IM_SIZ_8b, 4, 0, 0, 0, G_TX_WRAP | G_TX_NOMIRROR, 5, 0, G_TX_WRAP | G_TX_NOMIRROR, 5, 0),
	gsDPSetTileSize(0, 0, 0, 124, 124),
	gsSPEndDisplayList(),
};

Gfx mat_revert_castle_grounds_dl_sm64_water_mat[] = {
	gsSPSetGeometryMode(G_CULL_BACK),
	gsDPPipeSync(),
	gsDPSetAlphaDither(G_AD_DISABLE),
	gsDPSetTextureLUT(G_TT_NONE),
	gsSPEndDisplayList(),
};

Gfx mat_castle_grounds_dl_f3dlite_material_010[] = {
	gsSPClearGeometryMode(G_LIGHTING),
	gsDPPipeSync(),
	gsDPSetCombineLERP(TEXEL0, 0, SHADE, 0, ENVIRONMENT, 0, SHADE, 0, TEXEL0, 0, SHADE, 0, ENVIRONMENT, 0, SHADE, 0),
	gsDPSetAlphaDither(G_AD_NOISE),
	gsDPSetTextureLUT(G_TT_RGBA16),
	gsSPTexture(65535, 65535, 0, 0, 1),
	gsDPSetTextureImage(G_IM_FMT_RGBA, G_IM_SIZ_16b, 1, castle_grounds_dl_stone_granite_ci8_pal_rgba16),
	gsDPSetTile(0, 0, 0, 256, 5, 0, G_TX_WRAP | G_TX_NOMIRROR, 0, 0, G_TX_WRAP | G_TX_NOMIRROR, 0, 0),
	gsDPLoadTLUTCmd(5, 43),
	gsDPSetTextureImage(G_IM_FMT_CI, G_IM_SIZ_8b_LOAD_BLOCK, 1, castle_grounds_dl_stone_granite_ci8_ci8),
	gsDPSetTile(G_IM_FMT_CI, G_IM_SIZ_8b_LOAD_BLOCK, 0, 0, 7, 0, G_TX_WRAP | G_TX_NOMIRROR, 0, 0, G_TX_WRAP | G_TX_NOMIRROR, 0, 0),
	gsDPLoadBlock(7, 0, 0, 511, 512),
	gsDPSetTile(G_IM_FMT_CI, G_IM_SIZ_8b, 4, 0, 0, 0, G_TX_WRAP | G_TX_NOMIRROR, 5, 0, G_TX_WRAP | G_TX_NOMIRROR, 5, 0),
	gsDPSetTileSize(0, 0, 0, 124, 124),
	gsSPEndDisplayList(),
};

Gfx mat_revert_castle_grounds_dl_f3dlite_material_010[] = {
	gsSPSetGeometryMode(G_LIGHTING),
	gsDPPipeSync(),
	gsDPSetAlphaDither(G_AD_DISABLE),
	gsDPSetTextureLUT(G_TT_NONE),
	gsSPEndDisplayList(),
};

Gfx mat_castle_grounds_dl_f3dlite_material_004[] = {
	gsSPClearGeometryMode(G_LIGHTING),
	gsDPPipeSync(),
	gsDPSetCombineLERP(TEXEL0, 0, SHADE, 0, TEXEL0, 0, PRIMITIVE, 0, TEXEL0, 0, SHADE, 0, TEXEL0, 0, PRIMITIVE, 0),
	gsDPSetAlphaDither(G_AD_NOISE),
	gsDPSetTextureLUT(G_TT_RGBA16),
	gsSPTexture(65535, 65535, 0, 0, 1),
	gsDPSetPrimColor(0, 0, 255, 255, 255, 255),
	gsDPSetTextureImage(G_IM_FMT_RGBA, G_IM_SIZ_16b, 1, castle_grounds_dl__2EB6628BD0351A22F3163295E64E9B63_ci4_pal_rgba16),
	gsDPSetTile(0, 0, 0, 256, 5, 0, G_TX_WRAP | G_TX_NOMIRROR, 0, 0, G_TX_WRAP | G_TX_NOMIRROR, 0, 0),
	gsDPLoadTLUTCmd(5, 14),
	gsDPSetTextureImage(G_IM_FMT_CI, G_IM_SIZ_16b, 1, castle_grounds_dl__2EB6628BD0351A22F3163295E64E9B63_ci4_ci4),
	gsDPSetTile(G_IM_FMT_CI, G_IM_SIZ_16b, 0, 0, 7, 0, G_TX_WRAP | G_TX_NOMIRROR, 0, 0, G_TX_WRAP | G_TX_NOMIRROR, 0, 0),
	gsDPLoadBlock(7, 0, 0, 1023, 512),
	gsDPSetTile(G_IM_FMT_CI, G_IM_SIZ_4b, 4, 0, 0, 0, G_TX_WRAP | G_TX_NOMIRROR, 6, 0, G_TX_WRAP | G_TX_NOMIRROR, 6, 0),
	gsDPSetTileSize(0, 0, 0, 252, 252),
	gsSPEndDisplayList(),
};

Gfx mat_revert_castle_grounds_dl_f3dlite_material_004[] = {
	gsSPSetGeometryMode(G_LIGHTING),
	gsDPPipeSync(),
	gsDPSetAlphaDither(G_AD_DISABLE),
	gsDPSetTextureLUT(G_TT_NONE),
	gsSPEndDisplayList(),
};

Gfx castle_grounds_dl_Circle_mesh_layer_1[] = {
	gsSPClearGeometryMode(G_LIGHTING),
	gsSPVertex(castle_grounds_dl_Circle_mesh_layer_1_vtx_cull + 0, 8, 0),
	gsSPSetGeometryMode(G_LIGHTING),
	gsSPCullDisplayList(0, 7),
	gsSPDisplayList(mat_castle_grounds_dl_f3dlite_material_006),
	gsSPDisplayList(castle_grounds_dl_Circle_mesh_layer_1_tri_0),
	gsSPDisplayList(mat_revert_castle_grounds_dl_f3dlite_material_006),
	gsSPDisplayList(mat_castle_grounds_dl_f3dlite_material_007),
	gsSPDisplayList(castle_grounds_dl_Circle_mesh_layer_1_tri_1),
	gsSPDisplayList(mat_revert_castle_grounds_dl_f3dlite_material_007),
	gsSPDisplayList(mat_castle_grounds_dl_f3dlite_material_008),
	gsSPDisplayList(castle_grounds_dl_Circle_mesh_layer_1_tri_2),
	gsSPDisplayList(mat_revert_castle_grounds_dl_f3dlite_material_008),
	gsSPDisplayList(mat_castle_grounds_dl_f3dlite_material_009),
	gsSPDisplayList(castle_grounds_dl_Circle_mesh_layer_1_tri_3),
	gsSPDisplayList(mat_revert_castle_grounds_dl_f3dlite_material_009),
	gsSPDisplayList(mat_castle_grounds_dl_f3dlite_material_001),
	gsSPDisplayList(castle_grounds_dl_Circle_mesh_layer_1_tri_4),
	gsSPDisplayList(mat_revert_castle_grounds_dl_f3dlite_material_001),
	gsSPDisplayList(mat_castle_grounds_dl_f3dlite_material_002),
	gsSPDisplayList(castle_grounds_dl_Circle_mesh_layer_1_tri_5),
	gsSPDisplayList(mat_revert_castle_grounds_dl_f3dlite_material_002),
	gsSPDisplayList(mat_castle_grounds_dl_f3dlite_material_016),
	gsSPDisplayList(castle_grounds_dl_Circle_mesh_layer_1_tri_6),
	gsSPDisplayList(mat_revert_castle_grounds_dl_f3dlite_material_016),
	gsSPEndDisplayList(),
};

Gfx castle_grounds_dl_Circle_002_mesh_layer_1[] = {
	gsSPClearGeometryMode(G_LIGHTING),
	gsSPVertex(castle_grounds_dl_Circle_002_mesh_layer_1_vtx_cull + 0, 8, 0),
	gsSPSetGeometryMode(G_LIGHTING),
	gsSPCullDisplayList(0, 7),
	gsSPDisplayList(mat_castle_grounds_dl_f3dlite_material_003),
	gsSPDisplayList(castle_grounds_dl_Circle_002_mesh_layer_1_tri_0),
	gsSPDisplayList(mat_revert_castle_grounds_dl_f3dlite_material_003),
	gsSPDisplayList(mat_castle_grounds_dl_f3dlite_material_014),
	gsSPDisplayList(castle_grounds_dl_Circle_002_mesh_layer_1_tri_1),
	gsSPDisplayList(mat_revert_castle_grounds_dl_f3dlite_material_014),
	gsSPDisplayList(mat_castle_grounds_dl_f3dlite_material_015),
	gsSPDisplayList(castle_grounds_dl_Circle_002_mesh_layer_1_tri_2),
	gsSPDisplayList(mat_revert_castle_grounds_dl_f3dlite_material_015),
	gsSPEndDisplayList(),
};

Gfx castle_grounds_dl_Water_Box_Mesh_mesh_layer_5[] = {
	gsSPClearGeometryMode(G_LIGHTING),
	gsSPVertex(castle_grounds_dl_Water_Box_Mesh_mesh_layer_5_vtx_cull + 0, 8, 0),
	gsSPSetGeometryMode(G_LIGHTING),
	gsSPCullDisplayList(0, 7),
	gsSPDisplayList(mat_castle_grounds_dl_sm64_water_mat),
	gsSPDisplayList(castle_grounds_dl_Water_Box_Mesh_mesh_layer_5_tri_0),
	gsSPDisplayList(mat_revert_castle_grounds_dl_sm64_water_mat),
	gsSPEndDisplayList(),
};

Gfx castle_grounds_dl_final_revert_mesh_layer_1[] = {
	gsDPPipeSync(),
	gsSPSetGeometryMode(G_LIGHTING),
	gsSPClearGeometryMode(G_TEXTURE_GEN),
	gsDPSetCombineLERP(0, 0, 0, SHADE, 0, 0, 0, ENVIRONMENT, 0, 0, 0, SHADE, 0, 0, 0, ENVIRONMENT),
	gsSPTexture(65535, 65535, 0, 0, 0),
	gsDPSetEnvColor(255, 255, 255, 255),
	gsDPSetAlphaCompare(G_AC_NONE),
	gsSPEndDisplayList(),
};

Gfx castle_grounds_dl_final_revert_mesh_layer_5[] = {
	gsDPPipeSync(),
	gsSPSetGeometryMode(G_LIGHTING),
	gsSPClearGeometryMode(G_TEXTURE_GEN),
	gsDPSetCombineLERP(0, 0, 0, SHADE, 0, 0, 0, ENVIRONMENT, 0, 0, 0, SHADE, 0, 0, 0, ENVIRONMENT),
	gsSPTexture(65535, 65535, 0, 0, 0),
	gsDPSetEnvColor(255, 255, 255, 255),
	gsDPSetAlphaCompare(G_AC_NONE),
	gsSPEndDisplayList(),
};

Gfx castle_grounds_dl_Circle_001_mesh_layer_1[] = {
	gsSPClearGeometryMode(G_LIGHTING),
	gsSPVertex(castle_grounds_dl_Circle_001_mesh_layer_1_vtx_cull + 0, 8, 0),
	gsSPSetGeometryMode(G_LIGHTING),
	gsSPCullDisplayList(0, 7),
	gsSPDisplayList(mat_castle_grounds_dl_f3dlite_material_006),
	gsSPDisplayList(castle_grounds_dl_Circle_001_mesh_layer_1_tri_0),
	gsSPDisplayList(mat_revert_castle_grounds_dl_f3dlite_material_006),
	gsSPDisplayList(mat_castle_grounds_dl_f3dlite_material_010),
	gsSPDisplayList(castle_grounds_dl_Circle_001_mesh_layer_1_tri_1),
	gsSPDisplayList(mat_revert_castle_grounds_dl_f3dlite_material_010),
	gsSPDisplayList(mat_castle_grounds_dl_f3dlite_material_001),
	gsSPDisplayList(castle_grounds_dl_Circle_001_mesh_layer_1_tri_2),
	gsSPDisplayList(mat_revert_castle_grounds_dl_f3dlite_material_001),
	gsSPDisplayList(mat_castle_grounds_dl_f3dlite_material_002),
	gsSPDisplayList(castle_grounds_dl_Circle_001_mesh_layer_1_tri_3),
	gsSPDisplayList(mat_revert_castle_grounds_dl_f3dlite_material_002),
	gsSPEndDisplayList(),
};

Gfx castle_grounds_dl_Circle_001_mesh_layer_5[] = {
	gsSPClearGeometryMode(G_LIGHTING),
	gsSPVertex(castle_grounds_dl_Circle_001_mesh_layer_5_vtx_cull + 0, 8, 0),
	gsSPSetGeometryMode(G_LIGHTING),
	gsSPCullDisplayList(0, 7),
	gsSPDisplayList(mat_castle_grounds_dl_f3dlite_material_004),
	gsSPDisplayList(castle_grounds_dl_Circle_001_mesh_layer_5_tri_0),
	gsSPDisplayList(mat_revert_castle_grounds_dl_f3dlite_material_004),
	gsSPEndDisplayList(),
};

Gfx castle_grounds_dl_Water_Box_Mesh_001_mesh_layer_5[] = {
	gsSPClearGeometryMode(G_LIGHTING),
	gsSPVertex(castle_grounds_dl_Water_Box_Mesh_001_mesh_layer_5_vtx_cull + 0, 8, 0),
	gsSPSetGeometryMode(G_LIGHTING),
	gsSPCullDisplayList(0, 7),
	gsSPDisplayList(mat_castle_grounds_dl_sm64_water_mat),
	gsSPDisplayList(castle_grounds_dl_Water_Box_Mesh_001_mesh_layer_5_tri_0),
	gsSPDisplayList(mat_revert_castle_grounds_dl_sm64_water_mat),
	gsSPEndDisplayList(),
};

Gfx castle_grounds_dl_final_revert_mesh_layer_1_001[] = {
	gsDPPipeSync(),
	gsSPSetGeometryMode(G_LIGHTING),
	gsSPClearGeometryMode(G_TEXTURE_GEN),
	gsDPSetCombineLERP(0, 0, 0, SHADE, 0, 0, 0, ENVIRONMENT, 0, 0, 0, SHADE, 0, 0, 0, ENVIRONMENT),
	gsSPTexture(65535, 65535, 0, 0, 0),
	gsDPSetEnvColor(255, 255, 255, 255),
	gsDPSetAlphaCompare(G_AC_NONE),
	gsSPEndDisplayList(),
};

Gfx castle_grounds_dl_final_revert_mesh_layer_5_001[] = {
	gsDPPipeSync(),
	gsSPSetGeometryMode(G_LIGHTING),
	gsSPClearGeometryMode(G_TEXTURE_GEN),
	gsDPSetCombineLERP(0, 0, 0, SHADE, 0, 0, 0, ENVIRONMENT, 0, 0, 0, SHADE, 0, 0, 0, ENVIRONMENT),
	gsSPTexture(65535, 65535, 0, 0, 0),
	gsDPSetEnvColor(255, 255, 255, 255),
	gsDPSetAlphaCompare(G_AC_NONE),
	gsSPEndDisplayList(),
};

