Gfx bob_dl_GrassTestie_png_i4_aligner[] = {gsSPEndDisplayList()};
u8 bob_dl_GrassTestie_png_i4[] = {
	0xaa, 0xaa, 0xaa, 0xab, 0xbb, 0xba, 0xab, 0xbb, 
	0xba, 0xba, 0xa9, 0xaa, 0x99, 0x9a, 0xbb, 0xbb, 
	0xaa, 0xaa, 0xaa, 0xaa, 0x9a, 0xaa, 0xa9, 0x99, 
	0xab, 0xba, 0xaa, 0xaa, 0xaa, 0xaa, 0xa9, 0x99, 
	0xaa, 0xaa, 0xaa, 0xbb, 0xbc, 0xba, 0xaa, 0xbc, 
	0xbb, 0xcb, 0xaa, 0xab, 0xa9, 0x99, 0x9a, 0xaa, 
	0xbb, 0xbb, 0xa9, 0xab, 0xaa, 0xaa, 0x99, 0xaa, 
	0xaa, 0xaa, 0xab, 0xba, 0xaa, 0xbb, 0xaa, 0xaa, 
	0xaa, 0xab, 0xbb, 0xba, 0xbc, 0xba, 0x99, 0xaa, 
	0xbc, 0xcc, 0xba, 0xab, 0xbb, 0xaa, 0xaa, 0xaa, 
	0xbb, 0xba, 0x99, 0xaa, 0xaa, 0xaa, 0x99, 0xaa, 
	0xaa, 0xaa, 0xab, 0xbb, 0xaa, 0xab, 0xba, 0xaa, 
	0xaa, 0xab, 0xcc, 0xba, 0xab, 0xba, 0xaa, 0xaa, 
	0xbb, 0xbb, 0xba, 0xbb, 0xbb, 0xbb, 0xbb, 0xaa, 
	0xbb, 0xbb, 0xaa, 0xaa, 0xaa, 0xba, 0xaa, 0x99, 
	0xaa, 0xaa, 0xaa, 0xaa, 0xaa, 0xaa, 0xaa, 0xa9, 
	0xaa, 0xaa, 0xbb, 0xba, 0xaa, 0xaa, 0xab, 0xaa, 
	0xaa, 0xab, 0xbb, 0xbb, 0xbb, 0xbb, 0xba, 0xaa, 
	0xbb, 0xaa, 0xaa, 0xaa, 0xab, 0xbb, 0xba, 0xa9, 
	0xa9, 0xa9, 0x99, 0xaa, 0xaa, 0xaa, 0xaa, 0xaa, 
	0xaa, 0x99, 0x9a, 0xaa, 0xaa, 0xaa, 0xaa, 0xa9, 
	0xaa, 0xab, 0xcc, 0xbb, 0xbb, 0xaa, 0xaa, 0xab, 
	0xba, 0x9a, 0xaa, 0xaa, 0xaa, 0xaa, 0xab, 0xaa, 
	0xaa, 0xaa, 0xa9, 0xaa, 0xba, 0xaa, 0xaa, 0xbb, 
	0x99, 0x99, 0x99, 0xaa, 0xcb, 0xaa, 0xaa, 0x9a, 
	0xaa, 0xaa, 0xab, 0xbb, 0xab, 0xba, 0xaa, 0xba, 
	0xaa, 0xaa, 0xaa, 0xab, 0xcb, 0xaa, 0xaa, 0x9a, 
	0xaa, 0xbb, 0xa9, 0x9a, 0xaa, 0xaa, 0xaa, 0xaa, 
	0x99, 0x99, 0x99, 0x9a, 0xaa, 0xaa, 0xab, 0xba, 
	0xaa, 0xaa, 0xaa, 0xaa, 0xab, 0xbb, 0xbb, 0xbb, 
	0xaa, 0xaa, 0xaa, 0x9a, 0xbb, 0xaa, 0xba, 0xaa, 
	0xaa, 0xba, 0xaa, 0xaa, 0xaa, 0xaa, 0xaa, 0xaa, 
	0x99, 0x9a, 0xa9, 0x99, 0x9a, 0xaa, 0xab, 0xba, 
	0x99, 0xaa, 0xaa, 0xa9, 0xaa, 0xab, 0xbb, 0xbc, 
	0xaa, 0xaa, 0xaa, 0xaa, 0xaa, 0xab, 0xba, 0xaa, 
	0xbb, 0xaa, 0xaa, 0xaa, 0xba, 0xaa, 0xaa, 0xa9, 
	0x99, 0x9a, 0xa9, 0x99, 0x99, 0xaa, 0xab, 0xaa, 
	0x9a, 0xaa, 0xaa, 0xa9, 0xa9, 0x9a, 0xaa, 0xac, 
	0xbb, 0xba, 0xaa, 0xaa, 0xab, 0xaa, 0xba, 0xaa, 
	0xbb, 0xaa, 0xab, 0xbb, 0xaa, 0xaa, 0xaa, 0xa9, 
	0xaa, 0xaa, 0x98, 0x9a, 0x99, 0x9a, 0xaa, 0x9a, 
	0xaa, 0xaa, 0x9a, 0xa9, 0xa9, 0x9a, 0xa9, 0xab, 
	0xcb, 0xba, 0xaa, 0xaa, 0xbb, 0xbb, 0xba, 0xaa, 
	0xba, 0xaa, 0xab, 0xbc, 0xaa, 0xaa, 0xaa, 0xaa, 
	0xbc, 0xcb, 0xa9, 0x9a, 0xa9, 0x9a, 0xaa, 0xaa, 
	0xaa, 0xaa, 0xaa, 0xaa, 0xaa, 0xaa, 0xaa, 0xab, 
	0xbb, 0xaa, 0xaa, 0xaa, 0xbb, 0xbb, 0xbb, 0xba, 
	0xba, 0xaa, 0xaa, 0xaa, 0xaa, 0xab, 0xbb, 0xba, 
	0xbc, 0xcb, 0xbb, 0xaa, 0x99, 0xaa, 0xaa, 0xaa, 
	0xaa, 0xaa, 0xab, 0xba, 0xaa, 0xaa, 0xaa, 0xbb, 
	0xaa, 0xaa, 0xab, 0xaa, 0xab, 0xbb, 0xbb, 0xba, 
	0xbb, 0xba, 0xa9, 0x99, 0xaa, 0xbb, 0xbb, 0xba, 
	0x9a, 0xaa, 0xab, 0xa9, 0x9a, 0xaa, 0xab, 0xaa, 
	0xaa, 0xaa, 0xbb, 0xba, 0xaa, 0xaa, 0xaa, 0xba, 
	0xaa, 0xaa, 0xbb, 0xba, 0xab, 0xbb, 0xbb, 0xbb, 
	0xab, 0xbb, 0xa9, 0xaa, 0xaa, 0xbb, 0xba, 0xaa, 
	0xaa, 0xa9, 0x99, 0xaa, 0x9a, 0xba, 0xaa, 0xbb, 
	0xba, 0xab, 0xbb, 0xbb, 0xbb, 0xaa, 0xaa, 0xbb, 
	0xba, 0xab, 0xbb, 0xbb, 0xab, 0xbb, 0xaa, 0xbb, 
	0xcb, 0xbb, 0xbb, 0xbb, 0xab, 0xba, 0x99, 0xab, 
	0x9a, 0xaa, 0xaa, 0xbb, 0xaa, 0xba, 0xab, 0xbb, 
	0xba, 0xaa, 0xbb, 0xba, 0xab, 0xbb, 0xaa, 0xbc, 
	0xcb, 0xbb, 0xcc, 0xbb, 0xbb, 0xbb, 0xba, 0xaa, 
	0xbb, 0xbc, 0xcb, 0xaa, 0xbb, 0xaa, 0xaa, 0xaa, 
	0xab, 0xbb, 0xaa, 0xaa, 0xaa, 0xaa, 0xaa, 0xbb, 
	0xbb, 0xba, 0xbb, 0xaa, 0xab, 0xbb, 0xbb, 0xbc, 
	0xcc, 0xba, 0xbc, 0xca, 0xbb, 0xbb, 0xbb, 0xbb, 
	0xbb, 0xbb, 0xbb, 0xaa, 0xcc, 0xcb, 0xbb, 0xbb, 
	0xbb, 0xbb, 0xaa, 0xa9, 0xa9, 0xaa, 0xba, 0xab, 
	0xbc, 0xca, 0xbb, 0xaa, 0xaa, 0xaa, 0xbc, 0xbb, 
	0xbb, 0xba, 0xab, 0xba, 0xaa, 0xaa, 0xbb, 0xcc, 
	0xbb, 0xba, 0xaa, 0xbb, 0xac, 0xcc, 0xaa, 0xaa, 
	0xaa, 0xaa, 0xab, 0xaa, 0xaa, 0xab, 0xbb, 0xbb, 
	0xac, 0xca, 0xaa, 0x9a, 0xaa, 0x9a, 0xbb, 0xba, 
	0xaa, 0xaa, 0xab, 0xbb, 0xba, 0xaa, 0xaa, 0xba, 
	0xbb, 0xbb, 0xbb, 0xbb, 0xab, 0xcc, 0xba, 0xaa, 
	0xaa, 0xa9, 0xaa, 0xba, 0xaa, 0xab, 0xbb, 0xbb, 
	0xac, 0xba, 0xaa, 0x9a, 0xaa, 0xaa, 0x99, 0x9a, 
	0x99, 0xab, 0xba, 0xbb, 0xaa, 0xbb, 0xbb, 0xaa, 
	0xbb, 0xbb, 0xbb, 0xbb, 0xbb, 0xbb, 0xbb, 0xba, 
	0xab, 0xba, 0xaa, 0xaa, 0xab, 0xaa, 0xaa, 0xaa, 
	0xbb, 0xba, 0xaa, 0xa9, 0xaa, 0xaa, 0x99, 0x9a, 
	0x99, 0xab, 0xbb, 0xbb, 0xaa, 0xab, 0xbb, 0xaa, 
	0xab, 0xbb, 0xbb, 0xbb, 0xbb, 0xaa, 0xab, 0xa9, 
	0xab, 0xba, 0xaa, 0xbb, 0xbb, 0xba, 0xaa, 0xaa, 
	0xba, 0xaa, 0xab, 0xa9, 0xa9, 0x9a, 0xaa, 0xaa, 
	0xaa, 0xab, 0xbb, 0xba, 0xba, 0xaa, 0xaa, 0x99, 
	0xaa, 0xbb, 0xbb, 0xba, 0xbb, 0xaa, 0xaa, 0xbb, 
	0xaa, 0xaa, 0xaa, 0xab, 0xbb, 0xaa, 0xaa, 0xaa, 
	0xab, 0xaa, 0xaa, 0xaa, 0xa9, 0xaa, 0x99, 0x99, 
	0xab, 0xcb, 0xbb, 0xaa, 0xb9, 0x9a, 0xaa, 0xaa, 
	0xaa, 0xab, 0xbb, 0xab, 0xba, 0xab, 0xaa, 0xa9, 
	0x99, 0x9a, 0xaa, 0xab, 0xbb, 0xaa, 0xbb, 0xbb, 
	0xab, 0xba, 0xaa, 0xaa, 0xaa, 0xaa, 0xaa, 0x98, 
	0xab, 0xba, 0xaa, 0xaa, 0xa9, 0xaa, 0x99, 0xaa, 
	0xaa, 0xaa, 0xaa, 0xaa, 0xaa, 0xaa, 0xaa, 0xaa, 
	0xaa, 0xaa, 0xaa, 0xaa, 0xaa, 0xaa, 0xbb, 0xbb, 
	0xab, 0xaa, 0xaa, 0xba, 0xba, 0xaa, 0xaa, 0xa9, 
	0xaa, 0xa9, 0x99, 0x9a, 0x99, 0xaa, 0x99, 0x9a, 
	0xab, 0xba, 0xab, 0xa9, 0xaa, 0xaa, 0xaa, 0xaa, 
	0xaa, 0xab, 0xaa, 0x99, 0x9a, 0xaa, 0xbb, 0xaa, 
	0xbb, 0xaa, 0xaa, 0xcc, 0xba, 0xab, 0xaa, 0xaa, 
	0xaa, 0xa9, 0x99, 0x99, 0x99, 0x99, 0x99, 0x99, 
	0xab, 0xba, 0xab, 0xa9, 0xba, 0xaa, 0xaa, 0xaa, 
	0x99, 0xaa, 0xaa, 0xaa, 0xbb, 0xaa, 0xaa, 0x9a, 
	0xbb, 0xaa, 0xaa, 0xcc, 0xba, 0xcc, 0xa9, 0x99, 
	0xab, 0xba, 0xaa, 0x99, 0xaa, 0xaa, 0xaa, 0xaa, 
	0xaa, 0xaa, 0xaa, 0xa9, 0xba, 0xab, 0xaa, 0xaa, 
	0x99, 0x9a, 0xaa, 0xaa, 0xaa, 0xa9, 0x9a, 0xaa, 
	0xab, 0xaa, 0xaa, 0xbb, 0xcc, 0xcb, 0x98, 0x9a, 
	0xbc, 0xbb, 0xbb, 0xaa, 0x9a, 0xba, 0xa9, 0xab, 
	0xa9, 0x9a, 0xaa, 0xaa, 0xba, 0xaa, 0xaa, 0xaa, 
	0xba, 0xaa, 0xaa, 0xaa, 0x9a, 0x99, 0x9a, 0xab, 
	0xab, 0xab, 0xaa, 0xba, 0xdc, 0xcb, 0x98, 0xac, 
	0xcc, 0xba, 0xbb, 0xaa, 0x9a, 0xab, 0xba, 0x9a, 
	0xaa, 0xaa, 0xaa, 0xaa, 0xa9, 0x9a, 0xaa, 0xab, 
	0xca, 0xaa, 0xaa, 0xa9, 0x9a, 0xaa, 0xaa, 0xab, 
	0x9b, 0xbb, 0xbb, 0xba, 0xab, 0xcd, 0xba, 0xbc, 
	0xbb, 0xaa, 0xab, 0xaa, 0xaa, 0xab, 0xdb, 0x9a, 
	0xaa, 0x99, 0x9a, 0xba, 0xaa, 0xaa, 0xaa, 0xba, 
	0xca, 0xaa, 0x99, 0xab, 0xaa, 0xaa, 0xaa, 0xaa, 
	0x9a, 0xaa, 0xbc, 0xcb, 0xbc, 0xcc, 0xcb, 0xba, 
	0x9a, 0xaa, 0xaa, 0xaa, 0x99, 0x9a, 0xbc, 0xba, 
	0xa9, 0x99, 0xaa, 0xaa, 0xa9, 0xaa, 0xab, 0xbc, 
	0xca, 0x99, 0x9a, 0xaa, 0x99, 0xaa, 0xa9, 0x99, 
	0xaa, 0xba, 0xbb, 0xba, 0xab, 0xbb, 0xaa, 0x99, 
	0xaa, 0xaa, 0xaa, 0xab, 0xaa, 0xaa, 0xab, 0xba, 
	0xa9, 0x9a, 0xaa, 0xaa, 0xaa, 0xab, 0xbb, 0xbb, 
	0xba, 0xaa, 0xaa, 0xaa, 0x9a, 0xaa, 0xa9, 0x99, 
	0xab, 0xba, 0xaa, 0xaa, 0xaa, 0xaa, 0xa9, 0x99, 
	0xaa, 0xaa, 0xaa, 0xab, 0xbb, 0xba, 0xab, 0xbb, 
	0xba, 0xba, 0xa9, 0xaa, 0x99, 0x9a, 0xbb, 0xbb, 
	0xbb, 0xbb, 0xa9, 0xab, 0xaa, 0xaa, 0x99, 0xaa, 
	0xaa, 0xaa, 0xab, 0xba, 0xaa, 0xbb, 0xaa, 0xaa, 
	0xaa, 0xaa, 0xaa, 0xbb, 0xbc, 0xba, 0xaa, 0xbc, 
	0xbb, 0xcb, 0xaa, 0xab, 0xa9, 0x99, 0x9a, 0xaa, 
	0xbb, 0xba, 0x99, 0xaa, 0xaa, 0xaa, 0x99, 0xaa, 
	0xaa, 0xaa, 0xab, 0xbb, 0xaa, 0xab, 0xba, 0xaa, 
	0xaa, 0xab, 0xbb, 0xba, 0xbc, 0xba, 0x99, 0xaa, 
	0xbc, 0xcc, 0xba, 0xab, 0xbb, 0xaa, 0xaa, 0xaa, 
	0xbb, 0xbb, 0xaa, 0xaa, 0xaa, 0xba, 0xaa, 0x99, 
	0xaa, 0xaa, 0xaa, 0xaa, 0xaa, 0xaa, 0xaa, 0xa9, 
	0xaa, 0xab, 0xcc, 0xba, 0xab, 0xba, 0xaa, 0xaa, 
	0xbb, 0xbb, 0xba, 0xbb, 0xbb, 0xbb, 0xbb, 0xaa, 
	0xbb, 0xaa, 0xaa, 0xaa, 0xab, 0xbb, 0xba, 0xa9, 
	0xa9, 0xa9, 0x99, 0xaa, 0xaa, 0xaa, 0xaa, 0xaa, 
	0xaa, 0xaa, 0xbb, 0xba, 0xaa, 0xaa, 0xab, 0xaa, 
	0xaa, 0xab, 0xbb, 0xbb, 0xbb, 0xbb, 0xba, 0xaa, 
	0xba, 0x9a, 0xaa, 0xaa, 0xaa, 0xaa, 0xab, 0xaa, 
	0xaa, 0xaa, 0xa9, 0xaa, 0xba, 0xaa, 0xaa, 0xbb, 
	0xaa, 0x99, 0x9a, 0xaa, 0xaa, 0xaa, 0xaa, 0xa9, 
	0xaa, 0xab, 0xcc, 0xbb, 0xbb, 0xaa, 0xaa, 0xab, 
	0xaa, 0xaa, 0xaa, 0xab, 0xcb, 0xaa, 0xaa, 0x9a, 
	0xaa, 0xbb, 0xa9, 0x9a, 0xaa, 0xaa, 0xaa, 0xaa, 
	0x99, 0x99, 0x99, 0xaa, 0xcb, 0xaa, 0xaa, 0x9a, 
	0xaa, 0xaa, 0xab, 0xbb, 0xab, 0xba, 0xaa, 0xba, 
	0xaa, 0xaa, 0xaa, 0x9a, 0xbb, 0xaa, 0xba, 0xaa, 
	0xaa, 0xba, 0xaa, 0xaa, 0xaa, 0xaa, 0xaa, 0xaa, 
	0x99, 0x99, 0x99, 0x9a, 0xaa, 0xaa, 0xab, 0xba, 
	0xaa, 0xaa, 0xaa, 0xaa, 0xab, 0xbb, 0xbb, 0xbb, 
	0xaa, 0xaa, 0xaa, 0xaa, 0xaa, 0xab, 0xba, 0xaa, 
	0xbb, 0xaa, 0xaa, 0xaa, 0xba, 0xaa, 0xaa, 0xa9, 
	0x99, 0x9a, 0xa9, 0x99, 0x9a, 0xaa, 0xab, 0xba, 
	0x99, 0xaa, 0xaa, 0xa9, 0xaa, 0xab, 0xbb, 0xbc, 
	0xbb, 0xba, 0xaa, 0xaa, 0xab, 0xaa, 0xba, 0xaa, 
	0xbb, 0xaa, 0xab, 0xbb, 0xaa, 0xaa, 0xaa, 0xa9, 
	0x99, 0x9a, 0xa9, 0x99, 0x99, 0xaa, 0xab, 0xaa, 
	0x9a, 0xaa, 0xaa, 0xa9, 0xa9, 0x9a, 0xaa, 0xac, 
	0xcb, 0xba, 0xaa, 0xaa, 0xbb, 0xbb, 0xba, 0xaa, 
	0xba, 0xaa, 0xab, 0xbc, 0xaa, 0xaa, 0xaa, 0xaa, 
	0xaa, 0xaa, 0x98, 0x9a, 0x99, 0x9a, 0xaa, 0x9a, 
	0xaa, 0xaa, 0x9a, 0xa9, 0xa9, 0x9a, 0xa9, 0xab, 
	0xbb, 0xaa, 0xaa, 0xaa, 0xbb, 0xbb, 0xbb, 0xba, 
	0xba, 0xaa, 0xaa, 0xaa, 0xaa, 0xab, 0xbb, 0xba, 
	0xbc, 0xcb, 0xa9, 0x9a, 0xa9, 0x9a, 0xaa, 0xaa, 
	0xaa, 0xaa, 0xaa, 0xaa, 0xaa, 0xaa, 0xaa, 0xab, 
	0xaa, 0xaa, 0xab, 0xaa, 0xab, 0xbb, 0xbb, 0xba, 
	0xbb, 0xba, 0xa9, 0x99, 0xaa, 0xbb, 0xbb, 0xba, 
	0xbc, 0xcb, 0xbb, 0xaa, 0x99, 0xaa, 0xaa, 0xaa, 
	0xaa, 0xaa, 0xab, 0xba, 0xaa, 0xaa, 0xaa, 0xbb, 
	0xaa, 0xaa, 0xbb, 0xba, 0xab, 0xbb, 0xbb, 0xbb, 
	0xab, 0xbb, 0xa9, 0xaa, 0xaa, 0xbb, 0xba, 0xaa, 
	0x9a, 0xaa, 0xab, 0xa9, 0x9a, 0xaa, 0xab, 0xaa, 
	0xaa, 0xaa, 0xbb, 0xba, 0xaa, 0xaa, 0xaa, 0xba, 
	0xba, 0xab, 0xbb, 0xbb, 0xab, 0xbb, 0xaa, 0xbb, 
	0xcb, 0xbb, 0xbb, 0xbb, 0xab, 0xba, 0x99, 0xab, 
	0xaa, 0xa9, 0x99, 0xaa, 0x9a, 0xba, 0xaa, 0xbb, 
	0xba, 0xab, 0xbb, 0xbb, 0xbb, 0xaa, 0xaa, 0xbb, 
	0xcb, 0xbb, 0xcc, 0xbb, 0xbb, 0xbb, 0xba, 0xaa, 
	0xbb, 0xbc, 0xcb, 0xaa, 0xbb, 0xaa, 0xaa, 0xaa, 
	0x9a, 0xaa, 0xaa, 0xbb, 0xaa, 0xba, 0xab, 0xbb, 
	0xba, 0xaa, 0xbb, 0xba, 0xab, 0xbb, 0xaa, 0xbc, 
	0xcc, 0xba, 0xbc, 0xca, 0xbb, 0xbb, 0xbb, 0xbb, 
	0xbb, 0xbb, 0xbb, 0xaa, 0xcc, 0xcb, 0xbb, 0xbb, 
	0xab, 0xbb, 0xaa, 0xaa, 0xaa, 0xaa, 0xaa, 0xbb, 
	0xbb, 0xba, 0xbb, 0xaa, 0xab, 0xbb, 0xbb, 0xbc, 
	0xbb, 0xba, 0xab, 0xba, 0xaa, 0xaa, 0xbb, 0xcc, 
	0xbb, 0xba, 0xaa, 0xbb, 0xac, 0xcc, 0xaa, 0xaa, 
	0xbb, 0xbb, 0xaa, 0xa9, 0xa9, 0xaa, 0xba, 0xab, 
	0xbc, 0xca, 0xbb, 0xaa, 0xaa, 0xaa, 0xbc, 0xbb, 
	0xaa, 0xaa, 0xab, 0xbb, 0xba, 0xaa, 0xaa, 0xba, 
	0xbb, 0xbb, 0xbb, 0xbb, 0xab, 0xcc, 0xba, 0xaa, 
	0xaa, 0xaa, 0xab, 0xaa, 0xaa, 0xab, 0xbb, 0xbb, 
	0xac, 0xca, 0xaa, 0x9a, 0xaa, 0x9a, 0xbb, 0xba, 
	0x99, 0xab, 0xba, 0xbb, 0xaa, 0xbb, 0xbb, 0xaa, 
	0xbb, 0xbb, 0xbb, 0xbb, 0xbb, 0xbb, 0xbb, 0xba, 
	0xaa, 0xa9, 0xaa, 0xba, 0xaa, 0xab, 0xbb, 0xbb, 
	0xac, 0xba, 0xaa, 0x9a, 0xaa, 0xaa, 0x99, 0x9a, 
	0x99, 0xab, 0xbb, 0xbb, 0xaa, 0xab, 0xbb, 0xaa, 
	0xab, 0xbb, 0xbb, 0xbb, 0xbb, 0xaa, 0xab, 0xa9, 
	0xab, 0xba, 0xaa, 0xaa, 0xab, 0xaa, 0xaa, 0xaa, 
	0xbb, 0xba, 0xaa, 0xa9, 0xaa, 0xaa, 0x99, 0x9a, 
	0xaa, 0xab, 0xbb, 0xba, 0xba, 0xaa, 0xaa, 0x99, 
	0xaa, 0xbb, 0xbb, 0xba, 0xbb, 0xaa, 0xaa, 0xbb, 
	0xab, 0xba, 0xaa, 0xbb, 0xbb, 0xba, 0xaa, 0xaa, 
	0xba, 0xaa, 0xab, 0xa9, 0xa9, 0x9a, 0xaa, 0xaa, 
	0xab, 0xcb, 0xbb, 0xaa, 0xb9, 0x9a, 0xaa, 0xaa, 
	0xaa, 0xab, 0xbb, 0xab, 0xba, 0xab, 0xaa, 0xa9, 
	0xaa, 0xaa, 0xaa, 0xab, 0xbb, 0xaa, 0xaa, 0xaa, 
	0xab, 0xaa, 0xaa, 0xaa, 0xa9, 0xaa, 0x99, 0x99, 
	0xab, 0xba, 0xaa, 0xaa, 0xa9, 0xaa, 0x99, 0xaa, 
	0xaa, 0xaa, 0xaa, 0xaa, 0xaa, 0xaa, 0xaa, 0xaa, 
	0x99, 0x9a, 0xaa, 0xab, 0xbb, 0xaa, 0xbb, 0xbb, 
	0xab, 0xba, 0xaa, 0xaa, 0xaa, 0xaa, 0xaa, 0x98, 
	0xaa, 0xa9, 0x99, 0x9a, 0x99, 0xaa, 0x99, 0x9a, 
	0xab, 0xba, 0xab, 0xa9, 0xaa, 0xaa, 0xaa, 0xaa, 
	0xaa, 0xaa, 0xaa, 0xaa, 0xaa, 0xaa, 0xbb, 0xbb, 
	0xab, 0xaa, 0xaa, 0xba, 0xba, 0xaa, 0xaa, 0xa9, 
	0xaa, 0xa9, 0x99, 0x99, 0x99, 0x99, 0x99, 0x99, 
	0xab, 0xba, 0xab, 0xa9, 0xba, 0xaa, 0xaa, 0xaa, 
	0xaa, 0xab, 0xaa, 0x99, 0x9a, 0xaa, 0xbb, 0xaa, 
	0xbb, 0xaa, 0xaa, 0xcc, 0xba, 0xab, 0xaa, 0xaa, 
	0xab, 0xba, 0xaa, 0x99, 0xaa, 0xaa, 0xaa, 0xaa, 
	0xaa, 0xaa, 0xaa, 0xa9, 0xba, 0xab, 0xaa, 0xaa, 
	0x99, 0xaa, 0xaa, 0xaa, 0xbb, 0xaa, 0xaa, 0x9a, 
	0xbb, 0xaa, 0xaa, 0xcc, 0xba, 0xcc, 0xa9, 0x99, 
	0xbc, 0xbb, 0xbb, 0xaa, 0x9a, 0xba, 0xa9, 0xab, 
	0xa9, 0x9a, 0xaa, 0xaa, 0xba, 0xaa, 0xaa, 0xaa, 
	0x99, 0x9a, 0xaa, 0xaa, 0xaa, 0xa9, 0x9a, 0xaa, 
	0xab, 0xaa, 0xaa, 0xbb, 0xcc, 0xcb, 0x98, 0x9a, 
	0xcc, 0xba, 0xbb, 0xaa, 0x9a, 0xab, 0xba, 0x9a, 
	0xaa, 0xaa, 0xaa, 0xaa, 0xa9, 0x9a, 0xaa, 0xab, 
	0xba, 0xaa, 0xaa, 0xaa, 0x9a, 0x99, 0x9a, 0xab, 
	0xab, 0xab, 0xaa, 0xba, 0xdc, 0xcb, 0x98, 0xac, 
	0xbb, 0xaa, 0xab, 0xaa, 0xaa, 0xab, 0xdb, 0x9a, 
	0xaa, 0x99, 0x9a, 0xba, 0xaa, 0xaa, 0xaa, 0xba, 
	0xca, 0xaa, 0xaa, 0xa9, 0x9a, 0xaa, 0xaa, 0xab, 
	0x9b, 0xbb, 0xbb, 0xba, 0xab, 0xcd, 0xba, 0xbc, 
	0x9a, 0xaa, 0xaa, 0xaa, 0x99, 0x9a, 0xbc, 0xba, 
	0xa9, 0x99, 0xaa, 0xaa, 0xa9, 0xaa, 0xab, 0xbc, 
	0xca, 0xaa, 0x99, 0xab, 0xaa, 0xaa, 0xaa, 0xaa, 
	0x9a, 0xaa, 0xbc, 0xcb, 0xbc, 0xcc, 0xcb, 0xba, 
	0xaa, 0xaa, 0xaa, 0xab, 0xaa, 0xaa, 0xab, 0xba, 
	0xa9, 0x9a, 0xaa, 0xaa, 0xaa, 0xab, 0xbb, 0xbb, 
	0xca, 0x99, 0x9a, 0xaa, 0x99, 0xaa, 0xa9, 0x99, 
	0xaa, 0xba, 0xbb, 0xba, 0xab, 0xbb, 0xaa, 0x99, 
	
};

Gfx bob_dl_TexturesCom_Cement_1x1_512_height_png_i4_aligner[] = {gsSPEndDisplayList()};
u8 bob_dl_TexturesCom_Cement_1x1_512_height_png_i4[] = {
	0xbb, 0xcc, 0xcc, 0xcc, 0xcc, 0xcb, 0xbb, 0xcc, 
	0xbc, 0xcb, 0xbc, 0xcc, 0xcc, 0xcd, 0xdc, 0xcb, 
	0xcc, 0xcb, 0xbc, 0xcc, 0xcc, 0xcb, 0xbc, 0xcc, 
	0xcc, 0xcc, 0xcc, 0xcc, 0xcc, 0xcd, 0xdc, 0xcb, 
	0xcb, 0xcc, 0xcc, 0xcc, 0xcc, 0xcc, 0xcc, 0xbb, 
	0xbc, 0xcb, 0xbc, 0xcc, 0xcc, 0xcc, 0xcc, 0xcc, 
	0xcc, 0xcc, 0xcb, 0xbc, 0xcc, 0xcb, 0xcb, 0xbc, 
	0xcc, 0xcc, 0xcc, 0xcc, 0xbc, 0xdc, 0xbb, 0xcb, 
	0xcc, 0xbc, 0xcc, 0xcc, 0xcb, 0xcc, 0xcc, 0xcc, 
	0xcc, 0xcc, 0xcc, 0xcb, 0xcc, 0xcc, 0xcd, 0xcb, 
	0xcc, 0xcc, 0xcb, 0xbb, 0xcc, 0xcc, 0xcb, 0xcc, 
	0xdd, 0xcb, 0xcc, 0xcb, 0xbc, 0xcc, 0xbb, 0xcc, 
	0xcc, 0xbb, 0xcc, 0xcc, 0xcc, 0xcd, 0xcc, 0xcc, 
	0xcc, 0xcc, 0xcc, 0xcb, 0xcc, 0xcc, 0xbc, 0xcb, 
	0xcc, 0xcc, 0xcc, 0xcc, 0xcc, 0xcc, 0xcb, 0xcd, 
	0xdc, 0xcc, 0xcc, 0xcc, 0xcc, 0xcc, 0xcc, 0xcc, 
	0xcb, 0xbc, 0xcc, 0xcc, 0xbc, 0xcc, 0xcc, 0xcc, 
	0xcc, 0xcb, 0xcc, 0xcc, 0xcc, 0xcb, 0xcc, 0xbc, 
	0xcc, 0xdc, 0xcc, 0xcc, 0xcc, 0xcc, 0xcc, 0xcd, 
	0xcb, 0xbc, 0xcc, 0xcc, 0xcc, 0xcc, 0xcc, 0xcc, 
	0xcb, 0xbb, 0xdc, 0xcb, 0xbc, 0xcb, 0xcb, 0xbc, 
	0xcc, 0xcc, 0xcc, 0xcc, 0xcc, 0xcb, 0xcc, 0xcc, 
	0xcc, 0xcd, 0xdc, 0xcc, 0xcc, 0xcc, 0xcb, 0xcb, 
	0xbb, 0xbc, 0xcb, 0xbb, 0xcc, 0xcc, 0xcc, 0xcc, 
	0xbc, 0xcc, 0xcc, 0xbb, 0xbc, 0xcb, 0xcb, 0xab, 
	0xbc, 0xdc, 0xcc, 0xcc, 0xcc, 0xbb, 0xbb, 0xcc, 
	0xcb, 0xbc, 0xcc, 0xcc, 0xcc, 0xcc, 0xcc, 0xba, 
	0xbc, 0xcc, 0xbb, 0xbc, 0xcc, 0xdd, 0xcc, 0xcc, 
	0xbb, 0xcc, 0xcc, 0xcb, 0xbc, 0xcc, 0xbc, 0xbb, 
	0xbb, 0xcc, 0xbb, 0xbc, 0xdc, 0xcc, 0xbb, 0xbb, 
	0xbb, 0xcc, 0xbb, 0xbc, 0xcc, 0xba, 0xbc, 0xcb, 
	0xbc, 0xbc, 0xcc, 0xbc, 0xcc, 0xcd, 0xdc, 0xcb, 
	0xbc, 0xcc, 0xcb, 0xbb, 0xcc, 0xbc, 0xbc, 0xcc, 
	0xbb, 0xbb, 0xbb, 0xbc, 0xcc, 0xdc, 0xbb, 0xcb, 
	0xbc, 0xcc, 0xcb, 0xbc, 0xcc, 0xcb, 0xbc, 0xcb, 
	0xbc, 0xdc, 0xdc, 0xcc, 0xcd, 0xcc, 0xcc, 0xcc, 
	0xcc, 0xdc, 0xbb, 0xbc, 0xcc, 0xcc, 0xcc, 0xcc, 
	0xcc, 0xcb, 0xcc, 0xcc, 0xcc, 0xcb, 0xcc, 0xcb, 
	0xcc, 0xcc, 0xcc, 0xcc, 0xcc, 0xdc, 0xcc, 0xcc, 
	0xcd, 0xdc, 0xcb, 0xcc, 0xcc, 0xbb, 0xbc, 0xcc, 
	0xcc, 0xdc, 0xbc, 0xcc, 0xbc, 0xcb, 0xcc, 0xcd, 
	0xcb, 0xbb, 0xcd, 0xcc, 0xcc, 0xbb, 0xcc, 0xbb, 
	0xcc, 0xcc, 0xcc, 0xcc, 0xcc, 0xcc, 0xcc, 0xcc, 
	0xcc, 0xcc, 0xcb, 0xbc, 0xbb, 0xbb, 0xbb, 0xbc, 
	0xcc, 0xcb, 0xbc, 0xcc, 0xbb, 0xcc, 0xcc, 0xcc, 
	0xcc, 0xcc, 0xcc, 0xcc, 0xdc, 0xcc, 0xbc, 0xcc, 
	0xcc, 0xcc, 0xbc, 0xcc, 0xcc, 0xcb, 0xcc, 0xcc, 
	0xbc, 0xcc, 0xcc, 0xcb, 0xcc, 0xcc, 0xcb, 0xbc, 
	0xbb, 0xbb, 0xcd, 0xcb, 0xbb, 0xcc, 0xcc, 0xcb, 
	0xbd, 0xcc, 0xcc, 0xdd, 0xcd, 0xcc, 0xcc, 0xcc, 
	0xcc, 0xbb, 0xcc, 0xcc, 0xbb, 0xcc, 0xcc, 0xcc, 
	0xcc, 0xcb, 0xcc, 0xcb, 0xcd, 0xcc, 0xdc, 0xcb, 
	0xaa, 0xbb, 0xcd, 0xcb, 0xcc, 0xcc, 0xcc, 0xcc, 
	0xbc, 0xcb, 0xbc, 0xcc, 0xbc, 0xcc, 0xbc, 0xcc, 
	0xbb, 0xbb, 0xcc, 0xcc, 0xbb, 0xcc, 0xcc, 0xcc, 
	0xcd, 0xcb, 0xcc, 0xcc, 0xcc, 0xbc, 0xcc, 0xcb, 
	0xbc, 0xcc, 0xcb, 0xcb, 0xbc, 0xdd, 0xcc, 0xcc, 
	0xdc, 0xcb, 0xbb, 0xbb, 0xcc, 0xcc, 0xcc, 0xcc, 
	0xbb, 0xcc, 0xbc, 0xcc, 0xbc, 0xcc, 0xdc, 0xbc, 
	0xcc, 0xcc, 0xcc, 0xcc, 0xcc, 0xcb, 0xbc, 0xcb, 
	0xcc, 0xcc, 0xbc, 0xcc, 0xbb, 0xcc, 0xcc, 0xcc, 
	0xcc, 0xbb, 0xba, 0xbc, 0xcc, 0xcc, 0xcc, 0xcc, 
	0xcc, 0xcc, 0xcc, 0xcc, 0xcd, 0xcc, 0xdc, 0xbc, 
	0xcc, 0xcb, 0xbc, 0xdc, 0xcc, 0xcc, 0xcc, 0xcb, 
	0xcc, 0xcb, 0xbc, 0xcb, 0xbb, 0xbb, 0xcc, 0xcc, 
	0xcc, 0xcc, 0xbb, 0xcc, 0xcc, 0xcc, 0xcc, 0xcc, 
	0xdc, 0xcc, 0xcc, 0xcc, 0xcc, 0xcc, 0xcc, 0xbb, 
	0xbb, 0xcd, 0xcc, 0xcc, 0xcc, 0xcc, 0xcc, 0xcc, 
	0xcc, 0xcc, 0xcc, 0xcc, 0xcb, 0xcb, 0xbc, 0xcb, 
	0xcc, 0xed, 0xcc, 0xdc, 0xcc, 0xcc, 0xcc, 0xcc, 
	0xcc, 0xdd, 0xcc, 0xcb, 0xbc, 0xbc, 0xcc, 0xcc, 
	0xcb, 0xcd, 0xdc, 0xcc, 0xcc, 0xcc, 0xcc, 0xbc, 
	0xcc, 0xdd, 0xdd, 0xdc, 0xbb, 0xbb, 0xcc, 0xcc, 
	0xcc, 0xdd, 0xcc, 0xcc, 0xbc, 0xcc, 0xcc, 0xdc, 
	0xcb, 0xbc, 0xcc, 0xcc, 0xdd, 0xcb, 0xcb, 0xbc, 
	0xcb, 0xbb, 0xbb, 0xcc, 0xcc, 0xcc, 0xbb, 0xbc, 
	0xcc, 0xcd, 0xdc, 0xcc, 0xbb, 0xbc, 0xdc, 0xbc, 
	0xbb, 0xbc, 0xcc, 0xcc, 0xcc, 0xbb, 0xbc, 0xcc, 
	0xcc, 0xbb, 0xcb, 0xbc, 0xdc, 0xbb, 0xbb, 0xbb, 
	0xbb, 0xbb, 0xbc, 0xcc, 0xcc, 0xcc, 0xcc, 0xcc, 
	0xbc, 0xcc, 0xcc, 0xcc, 0xbb, 0xcc, 0xcc, 0xbb, 
	0xcc, 0xcc, 0xcc, 0xcc, 0xcc, 0xba, 0xbb, 0xcb, 
	0xcd, 0xcb, 0xcc, 0xcb, 0xbb, 0xbb, 0xbc, 0xcc, 
	0xcb, 0xbc, 0xcc, 0xcc, 0xcc, 0xcc, 0xcc, 0xcb, 
	0xbb, 0xcc, 0xcc, 0xdc, 0xcc, 0xcc, 0xcc, 0xcc, 
	0xcc, 0xcb, 0xcc, 0xcc, 0xdd, 0xcb, 0xbb, 0xbc, 
	0xcd, 0xcb, 0xcc, 0xcc, 0xbb, 0xbc, 0xcc, 0xcc, 
	0xcc, 0xcb, 0xcc, 0xcc, 0xcb, 0xbc, 0xcc, 0xba, 
	0xcb, 0xbc, 0xcc, 0xdb, 0xbc, 0xcc, 0xcc, 0xdc, 
	0xab, 0xcb, 0xbc, 0xdd, 0xdd, 0xcc, 0xbb, 0xbb, 
	0xcd, 0xcc, 0xcc, 0xcc, 0xcb, 0xac, 0xcc, 0xcc, 
	0xcc, 0xcb, 0xcd, 0xcc, 0xcb, 0xbd, 0xdc, 0xcc, 
	0xcb, 0xbb, 0xcc, 0xcc, 0xcc, 0xbb, 0xcc, 0xcc, 
	0xbc, 0xbc, 0xcb, 0xcd, 0xcc, 0xcc, 0xcc, 0xbc, 
	0xcd, 0xcc, 0xbc, 0xcd, 0xcb, 0xbc, 0xcc, 0xcb, 
	0xbc, 0xcb, 0xdd, 0xcc, 0xcc, 0xcc, 0xcc, 0xcb, 
	0xbb, 0xbc, 0xcc, 0xcb, 0xcd, 0xcc, 0xcc, 0xcc, 
	0xdd, 0xcc, 0xcc, 0xcc, 0xcc, 0xbb, 0xcc, 0xdd, 
	0xcc, 0xcc, 0xbb, 0xcc, 0xdc, 0xbc, 0xcc, 0xcc, 
	0xbc, 0xcb, 0xcd, 0xcc, 0xcd, 0xdc, 0xcc, 0xcb, 
	0xbb, 0xcc, 0xbc, 0xcb, 0xcc, 0xcc, 0xcc, 0xcc, 
	0xcc, 0xcc, 0xcc, 0xcc, 0xbc, 0xcc, 0xbc, 0xdc, 
	0xcb, 0xcb, 0xbb, 0xcc, 0xcc, 0xcc, 0xdd, 0xdc, 
	0xbb, 0xbc, 0xcc, 0xcc, 0xcc, 0xdd, 0xcc, 0xcb, 
	0xbb, 0xcc, 0xbc, 0xcc, 0xcc, 0xcc, 0xdd, 0xcb, 
	0xbb, 0xcc, 0xcc, 0xcc, 0xcc, 0xbc, 0xcb, 0xbc, 
	0xdb, 0xbb, 0xbb, 0xcc, 0xcc, 0xcc, 0xcc, 0xba, 
	0xbc, 0xcb, 0xbc, 0xcc, 0xcb, 0xbc, 0xbc, 0xcb, 
	0xcb, 0xcc, 0xcb, 0xbc, 0xcc, 0xbb, 0xcd, 0xcc, 
	0xcc, 0xcc, 0xcc, 0xdd, 0xcd, 0xcb, 0xbc, 0xbc, 
	0xcc, 0xbc, 0xcc, 0xcc, 0xcc, 0xcc, 0xcb, 0xbb, 
	0xbc, 0xdc, 0xbc, 0xcb, 0xcc, 0xcb, 0xcc, 0xcb, 
	0xbc, 0xcc, 0xcc, 0xbb, 0xbb, 0xaa, 0xcc, 0xcc, 
	0xcc, 0xcc, 0xcc, 0xdc, 0xcd, 0xcc, 0xcc, 0xcc, 
	0xcc, 0xcc, 0xcd, 0xdc, 0xcc, 0xcb, 0xbc, 0xbb, 
	0xcc, 0xcc, 0xbb, 0xcc, 0xcc, 0xbb, 0xcc, 0xcc, 
	0xbc, 0xcc, 0xcc, 0xbb, 0xbb, 0xbb, 0xbc, 0xcc, 
	0xbc, 0xcc, 0xbc, 0xdc, 0xcd, 0xdc, 0xcc, 0xcc, 
	0xcc, 0xcc, 0xdd, 0xcc, 0xcc, 0xcc, 0xbb, 0xbb, 
	0xcc, 0xcc, 0xcc, 0xcc, 0xcb, 0xba, 0xbc, 0xcc, 
	0xbb, 0xcc, 0xdc, 0xbb, 0xcc, 0xcc, 0xbb, 0xcd, 
	0xcc, 0xbc, 0xbc, 0xcc, 0xcb, 0xcc, 0xcc, 0xcc, 
	0xcc, 0xbb, 0xcc, 0xcb, 0xcc, 0xbc, 0xcc, 0xbb, 
	0xbc, 0xcc, 0xcc, 0xbc, 0xcc, 0xcb, 0xac, 0xcc, 
	0xbc, 0xcc, 0xcc, 0xcc, 0xcc, 0xcc, 0xcb, 0xbc, 
	0xcb, 0xbc, 0xcc, 0xcb, 0xcc, 0xcc, 0xcc, 0xcc, 
	0xcc, 0xcc, 0xcc, 0xcc, 0xbb, 0xbc, 0xcc, 0xcb, 
	0xcc, 0xbc, 0xcb, 0xcc, 0xcc, 0xcb, 0xcc, 0xcc, 
	0xcc, 0xcc, 0xcb, 0xcc, 0xcc, 0xcc, 0xcb, 0xbc, 
	0xcb, 0xbb, 0xcc, 0xcb, 0xbc, 0xdc, 0xcb, 0xbc, 
	0xcc, 0xdd, 0xcc, 0xcc, 0xbc, 0xcc, 0xcc, 0xcc, 
	0xbc, 0xcc, 0xcc, 0xdc, 0xbb, 0xcc, 0xcc, 0xcc, 
	0xcc, 0xbc, 0xcc, 0xcc, 0xcc, 0xcc, 0xcc, 0xcc, 
	0xcb, 0xcc, 0xcc, 0xcb, 0xab, 0xcc, 0xcb, 0xbc, 
	0xcc, 0xdc, 0xcc, 0xcb, 0xbc, 0xcc, 0xcc, 0xcc, 
	0xbc, 0xcc, 0xcc, 0xcc, 0xcc, 0xcc, 0xcc, 0xcc, 
	0xcc, 0xcc, 0xcb, 0xcc, 0xcc, 0xcc, 0xcc, 0xcc, 
	0xcc, 0xcc, 0xcb, 0xbb, 0xbb, 0xcc, 0xcc, 0xcc, 
	0xcc, 0xcc, 0xcc, 0xcb, 0xbc, 0xcc, 0xcc, 0xcc, 
	0xbc, 0xcc, 0xcc, 0xdc, 0xcc, 0xcc, 0xcc, 0xcc, 
	0xbc, 0xcd, 0xcb, 0xbc, 0xcc, 0xcc, 0xcc, 0xcc, 
	0xcd, 0xcc, 0xcc, 0xcc, 0xcc, 0xcb, 0xcc, 0xcb, 
	0xbc, 0xcc, 0xcc, 0xcd, 0xcc, 0xcc, 0xcc, 0xcd, 
	0xbb, 0xcc, 0xcd, 0xcc, 0xbb, 0xcc, 0xcb, 0xcc, 
	0xcc, 0xcd, 0xcc, 0xcb, 0xcc, 0xcc, 0xcc, 0xbc, 
	0xcc, 0xcc, 0xdc, 0xcc, 0xcd, 0xdb, 0xcc, 0xcc, 
	0xcb, 0xcc, 0xcc, 0xcd, 0xcb, 0xcc, 0xcd, 0xdd, 
	0xcc, 0xcc, 0xcc, 0xcb, 0xab, 0xcb, 0xbb, 0xcc, 
	0xcc, 0xbc, 0xcc, 0xcb, 0xbc, 0xcc, 0xbb, 0xcc, 
	0xcc, 0xcc, 0xcc, 0xcc, 0xbd, 0xdc, 0xcc, 0xdc, 
	0xcc, 0xcc, 0xcc, 0xcb, 0xbb, 0xcc, 0xcc, 0xcc, 
	0xcc, 0xcc, 0xcb, 0xaa, 0xab, 0xbb, 0xbc, 0xcc, 
	0xcb, 0xbb, 0xcc, 0xbb, 0xbc, 0xcb, 0xbc, 0xcc, 
	0xbb, 0xcc, 0xcc, 0xcc, 0xcc, 0xcc, 0xbc, 0xdc, 
	0xcc, 0xcc, 0xcc, 0xcc, 0xcb, 0xcc, 0xbb, 0xcc, 
	0xcc, 0xcc, 0xcc, 0xbb, 0xcb, 0xcc, 0xcc, 0xcc, 
	0xbb, 0xcc, 0xcc, 0xbb, 0xcc, 0xcc, 0xbc, 0xcb, 
	0xcc, 0xcd, 0xcc, 0xcc, 0xcb, 0xbc, 0xcc, 0xcc, 
	0xcc, 0xcc, 0xcc, 0xcc, 0xcb, 0xbc, 0xbc, 0xcc, 
	0xcc, 0xcc, 0xcc, 0xcc, 0xcc, 0xcd, 0xcc, 0xbb, 
	0xcc, 0xcc, 0xcc, 0xbb, 0xcd, 0xcc, 0xcc, 0xcc, 
	0xcc, 0xcd, 0xcc, 0xcc, 0xcb, 0xbb, 0xcc, 0xbc, 
	0xcd, 0xcc, 0xcc, 0xcb, 0xbc, 0xcb, 0xbc, 0xcc, 
	0xcc, 0xcc, 0xcc, 0xcc, 0xcc, 0xdd, 0xcb, 0xcc, 
	0xcc, 0xdd, 0xcc, 0xcb, 0xcd, 0xcc, 0xcc, 0xcc, 
	0xbb, 0xcc, 0xdd, 0xdc, 0xcc, 0xbc, 0xcc, 0xcc, 
	0xcc, 0xcb, 0xcc, 0xbc, 0xcc, 0xcb, 0xcb, 0xcc, 
	0xcc, 0xcc, 0xcc, 0xbb, 0xcc, 0xdd, 0xcb, 0xcc, 
	0xcc, 0xcc, 0xcb, 0xbb, 0xbc, 0xcc, 0xcc, 0xcc, 
	0xbb, 0xcd, 0xdc, 0xcd, 0xcc, 0xcd, 0xdd, 0xcc, 
	0xcb, 0xcc, 0xcb, 0xbc, 0xcb, 0xcc, 0xcc, 0xcc, 
	0xcc, 0xbc, 0xcc, 0xcb, 0xbc, 0xcc, 0xcc, 0xcc, 
	0xcb, 0xbb, 0xbb, 0xbb, 0xbc, 0xbb, 0xcc, 0xcc, 
	0xbb, 0xbc, 0xcb, 0xcc, 0xcc, 0xcc, 0xcd, 0xdc, 
	0xbc, 0xcc, 0xcb, 0xbc, 0xcc, 0xcc, 0xcc, 0xcc, 
	0xcc, 0xbc, 0xcc, 0xcc, 0xbc, 0xbb, 0xcc, 0xdc, 
	0xcc, 0xbb, 0xbc, 0xcc, 0xcc, 0xcc, 0xbb, 0xcc, 
	0xcc, 0xcb, 0xbb, 0xbb, 0xcc, 0xbb, 0xcc, 0xcb, 
	0xbb, 0xcc, 0xcc, 0xbb, 0xcc, 0xcc, 0xcc, 0xcc, 
	0xcc, 0xcb, 0xcc, 0xbc, 0xcc, 0xbb, 0xbc, 0xdc, 
	0xcc, 0xcc, 0xcc, 0xdd, 0xcc, 0xdd, 0xbc, 0xcb, 
	0xcd, 0xcb, 0xbb, 0xbc, 0xcc, 0xcc, 0xcc, 0xbb, 
	0xbb, 0xbc, 0xdc, 0xcc, 0xcc, 0xdc, 0xdc, 0xcc, 
	0xcc, 0xbb, 0xcc, 0xbc, 0xcc, 0xcb, 0xcc, 0xcc, 
	0xcc, 0xcc, 0xcc, 0xdd, 0xcc, 0xcc, 0xcd, 0xcb, 
	0xcc, 0xbb, 0xcc, 0xcd, 0xcb, 0xcc, 0xcb, 0xcc, 
	0xcb, 0xbc, 0xcc, 0xcc, 0xcc, 0xcc, 0xcc, 0xcc, 
	0xcc, 0xbb, 0xcd, 0xcc, 0xdc, 0xcc, 0xcd, 0xcc, 
	0xcc, 0xcd, 0xcb, 0xcc, 0xcc, 0xbb, 0xcc, 0xcc, 
	0xcb, 0xbb, 0xcc, 0xbc, 0xcc, 0xcc, 0xcb, 0xdc, 
	0xcc, 0xbc, 0xcc, 0xcc, 0xcc, 0xbc, 0xcc, 0xcc, 
	0xcb, 0xcc, 0xcd, 0xcc, 0xcb, 0xbc, 0xcc, 0xcc, 
	0xcc, 0xdc, 0xcc, 0xcc, 0xbc, 0xbb, 0xcc, 0xcb, 
	0xbc, 0xcc, 0xcb, 0xbc, 0xcc, 0xcc, 0xcc, 0xdc, 
	0xbc, 0xcc, 0xcc, 0xcc, 0xcc, 0xcb, 0xbc, 0xcc, 
	0xbb, 0xcc, 0xcc, 0xcc, 0xbb, 0xbb, 0xcc, 0xcc, 
	0xcc, 0xcc, 0xbc, 0xcc, 0xcc, 0xbc, 0xcc, 0xcb, 
	0xbc, 0xcc, 0xcc, 0xcc, 0xcc, 0xcc, 0xbc, 0xcc, 
	0xcc, 0xcc, 0xcc, 0xcb, 0xbc, 0xcb, 0xbc, 0xcc, 
	0xbb, 0xbc, 0xcb, 0xbb, 0xbc, 0xcc, 0xcc, 0xcc, 
	0xcb, 0xcc, 0xbc, 0xcc, 0xcb, 0xcc, 0xcc, 0xcc, 
	0xbb, 0xbc, 0xcc, 0xcc, 0xcc, 0xcc, 0xcc, 0xbb, 
	0xcc, 0xcc, 0xcd, 0xcc, 0xcc, 0xcc, 0xcc, 0xcc, 
	0xba, 0xbc, 0xcb, 0xbb, 0xbc, 0xcd, 0xcc, 0xcc, 
	0xcc, 0xcc, 0xcc, 0xcb, 0xbb, 0xcc, 0xcc, 0xcc, 
	0xcc, 0xbc, 0xcc, 0xcd, 0xcc, 0xbc, 0xcb, 0xbb, 
	0xcc, 0xcc, 0xdc, 0xcc, 0xcc, 0xcc, 0xcc, 0xdd, 
	0xcb, 0xcc, 0xcc, 0xcc, 0xcc, 0xcc, 0xcc, 0xcc, 
	0xcc, 0xcc, 0xcb, 0xbb, 0xbc, 0xcc, 0xdc, 0xcc, 
	0xdc, 0xcc, 0xcb, 0xcc, 0xcc, 0xbc, 0xcb, 0xbc, 
	0xcc, 0xdd, 0xdc, 0xcc, 0xcc, 0xdd, 0xdd, 0xdd, 
	0xcc, 0xcc, 0xdd, 0xcc, 0xbb, 0xbc, 0xcc, 0xcc, 
	0xcc, 0xcc, 0xcb, 0xab, 0xcb, 0xcc, 0xcd, 0xdc, 
	0xcc, 0xcc, 0xbb, 0xcc, 0xcc, 0xcc, 0xdd, 0xcc, 
	0xcd, 0xcd, 0xdc, 0xbb, 0xcc, 0xcd, 0xdd, 0xdc, 
	0xcb, 0xbc, 0xdc, 0xcc, 0xbc, 0xcb, 0xcc, 0xcc, 
	0xcc, 0xcc, 0xcb, 0xbc, 0xcc, 0xbb, 0xcd, 0xdc, 
	0xbb, 0xbc, 0xcc, 0xcc, 0xcc, 0xcd, 0xcc, 0xcc, 
	0xcc, 0xcc, 0xcc, 0xbb, 0xbc, 0xcc, 0xcc, 0xcb, 
	0xbb, 0xbb, 0xbb, 0xbc, 0xcc, 0xcc, 0xcc, 0xbc, 
	0xbc, 0xcc, 0xdd, 0xcc, 0xcc, 0xbc, 0xcb, 0xcb, 
	0xbb, 0xbb, 0xcc, 0xcc, 0xcc, 0xcc, 0xcb, 0xbc, 
	0xbb, 0xbb, 0xcc, 0xcc, 0xcc, 0xcb, 0xcc, 0xbb, 
	0xcc, 0xcb, 0xbb, 0xbc, 0xcc, 0xcc, 0xbc, 0xcb, 
	0xcc, 0xcc, 0xcc, 0xdb, 0xbb, 0xcc, 0xcc, 0xbb, 
	0xcc, 0xbb, 0xcc, 0xcb, 0xcc, 0xcc, 0xbb, 0xcc, 
	0xcb, 0xbb, 0xbb, 0xcc, 0xbb, 0xcb, 0xcc, 0xcb, 
	0xcc, 0xcc, 0xbb, 0xcc, 0xcc, 0xcb, 0xbc, 0xcc, 
	0xcc, 0xcc, 0xbb, 0xcc, 0xcc, 0xcc, 0xcc, 0xcc, 
	0xcd, 0xcc, 0xcc, 0xcc, 0xbb, 0xcc, 0xbb, 0xcb, 
	0xcd, 0xbc, 0xcb, 0xcc, 0xcb, 0xcc, 0xbc, 0xcb, 
	0xbc, 0xcc, 0xcb, 0xcd, 0xcc, 0xbb, 0xcc, 0xcc, 
	0xcc, 0xcc, 0xcc, 0xbc, 0xdc, 0xcc, 0xcc, 0xcc, 
	0xcc, 0xcc, 0xcc, 0xcc, 0xbb, 0xba, 0xbc, 0xcc, 
	0xcc, 0xcd, 0xcb, 0xbc, 0xcc, 0xcc, 0xbb, 0xbc, 
	0xcb, 0xcc, 0xcb, 0xcd, 0xcb, 0xcc, 0xdc, 0xcc, 
	0xcc, 0xbb, 0xcc, 0xcc, 0xcc, 0xbc, 0xcc, 0xcc, 
	0xcc, 0xcc, 0xcb, 0xcc, 0xcc, 0xbb, 0xbc, 0xcc, 
	0xbc, 0xbc, 0xcb, 0xcd, 0xcc, 0xbc, 0xcb, 0xbb, 
	0xbb, 0xcc, 0xbb, 0xcc, 0xcb, 0xcc, 0xcc, 0xbc, 
	0xcc, 0xcc, 0xcc, 0xcc, 0xcb, 0xcb, 0xcc, 0xcc, 
	0xcc, 0xcc, 0xcc, 0xcc, 0xbc, 0xcc, 0xcc, 0xcc, 
	0xcc, 0xbb, 0xcd, 0xcc, 0xcc, 0xcc, 0xcb, 0xbc, 
	0xcb, 0xcc, 0xcb, 0xcd, 0xcb, 0xcb, 0xcc, 0xcc, 
	0xcc, 0xbc, 0xcc, 0xcc, 0xcb, 0xcc, 0xcc, 0xcc, 
	0xcc, 0xcc, 0xcc, 0xcb, 0xbb, 0xcc, 0xcb, 0xcc, 
	0xcc, 0xbb, 0xcd, 0xcc, 0xcc, 0xcc, 0xcb, 0xbc, 
	0xdd, 0xcc, 0xcc, 0xcc, 0xcc, 0xbb, 0xcc, 0xcc, 
	0xcc, 0xcc, 0xbc, 0xcc, 0xcc, 0xdc, 0xcc, 0xcc, 
	0xcb, 0xbc, 0xcc, 0xcc, 0xbb, 0xcc, 0xcb, 0xdc, 
	0xbc, 0xbc, 0xcc, 0xcc, 0xcc, 0xbc, 0xcc, 0xcc, 
	0xdd, 0xdd, 0xcd, 0xcb, 0xcc, 0xbc, 0xcc, 0xcd, 
	0xcc, 0xcc, 0xcc, 0xcc, 0xcd, 0xcc, 0xcc, 0xcd, 
	0xcc, 0xcc, 0xcc, 0xcc, 0xcb, 0xcc, 0xcc, 0xbc, 
	0xbc, 0xcc, 0xcc, 0xcc, 0xcc, 0xcb, 0xcc, 0xcc, 
	0xcc, 0xdc, 0xcc, 0xcc, 0xcc, 0xcd, 0xdd, 0xdc, 
	
};

Gfx bob_dl_stone_granite_ci8_ci8_aligner[] = {gsSPEndDisplayList()};
u8 bob_dl_stone_granite_ci8_ci8[] = {
	0x00, 0x01, 0x01, 0x02, 0x01, 0x03, 0x04, 0x05, 
	0x06, 0x03, 0x04, 0x07, 0x08, 0x06, 0x05, 0x01, 
	0x09, 0x0a, 0x0b, 0x06, 0x0c, 0x0b, 0x05, 0x07, 
	0x04, 0x01, 0x00, 0x0d, 0x0e, 0x02, 0x09, 0x00, 
	0x04, 0x03, 0x02, 0x02, 0x00, 0x08, 0x08, 0x05, 
	0x08, 0x09, 0x07, 0x05, 0x01, 0x07, 0x03, 0x07, 
	0x04, 0x0f, 0x05, 0x10, 0x01, 0x06, 0x05, 0x08, 
	0x11, 0x0c, 0x00, 0x02, 0x02, 0x02, 0x12, 0x13, 
	0x08, 0x06, 0x08, 0x07, 0x10, 0x08, 0x08, 0x05, 
	0x0f, 0x07, 0x07, 0x01, 0x03, 0x08, 0x04, 0x07, 
	0x00, 0x08, 0x05, 0x14, 0x05, 0x14, 0x0f, 0x0f, 
	0x08, 0x08, 0x08, 0x07, 0x03, 0x00, 0x03, 0x01, 
	0x0f, 0x14, 0x08, 0x15, 0x16, 0x05, 0x0b, 0x05, 
	0x05, 0x07, 0x07, 0x02, 0x00, 0x07, 0x00, 0x04, 
	0x02, 0x02, 0x08, 0x08, 0x05, 0x17, 0x16, 0x05, 
	0x05, 0x08, 0x05, 0x08, 0x00, 0x07, 0x04, 0x01, 
	0x04, 0x02, 0x00, 0x00, 0x08, 0x05, 0x05, 0x05, 
	0x0f, 0x08, 0x07, 0x07, 0x03, 0x02, 0x03, 0x12, 
	0x18, 0x18, 0x12, 0x19, 0x07, 0x14, 0x05, 0x01, 
	0x16, 0x0c, 0x08, 0x03, 0x04, 0x03, 0x07, 0x07, 
	0x02, 0x1a, 0x18, 0x0e, 0x03, 0x07, 0x08, 0x05, 
	0x05, 0x14, 0x07, 0x1a, 0x02, 0x07, 0x00, 0x04, 
	0x02, 0x1b, 0x02, 0x1c, 0x02, 0x03, 0x07, 0x07, 
	0x1d, 0x05, 0x08, 0x07, 0x1e, 0x1f, 0x1c, 0x1a, 
	0x1a, 0x20, 0x0e, 0x1a, 0x02, 0x02, 0x02, 0x07, 
	0x03, 0x02, 0x02, 0x12, 0x1f, 0x20, 0x20, 0x04, 
	0x04, 0x1a, 0x04, 0x03, 0x11, 0x03, 0x21, 0x03, 
	0x05, 0x05, 0x01, 0x00, 0x12, 0x1b, 0x18, 0x18, 
	0x1f, 0x1f, 0x1b, 0x1f, 0x1a, 0x02, 0x00, 0x07, 
	0x02, 0x01, 0x1a, 0x12, 0x1a, 0x1f, 0x02, 0x02, 
	0x09, 0x03, 0x22, 0x1a, 0x02, 0x02, 0x07, 0x23, 
	0x23, 0x08, 0x07, 0x02, 0x12, 0x12, 0x03, 0x00, 
	0x02, 0x1a, 0x02, 0x00, 0x02, 0x04, 0x08, 0x07, 
	0x02, 0x03, 0x0e, 0x18, 0x18, 0x1f, 0x12, 0x02, 
	0x02, 0x02, 0x12, 0x12, 0x02, 0x00, 0x01, 0x08, 
	0x08, 0x07, 0x01, 0x03, 0x07, 0x07, 0x0c, 0x00, 
	0x09, 0x00, 0x07, 0x07, 0x01, 0x00, 0x07, 0x07, 
	0x1f, 0x12, 0x02, 0x02, 0x12, 0x1a, 0x02, 0x04, 
	0x04, 0x02, 0x02, 0x03, 0x04, 0x1a, 0x07, 0x08, 
	0x08, 0x0c, 0x07, 0x08, 0x05, 0x08, 0x05, 0x0f, 
	0x01, 0x04, 0x01, 0x14, 0x06, 0x08, 0x02, 0x02, 
	0x02, 0x04, 0x04, 0x02, 0x1a, 0x00, 0x04, 0x04, 
	0x07, 0x07, 0x07, 0x07, 0x03, 0x07, 0x07, 0x05, 
	0x14, 0x01, 0x07, 0x08, 0x05, 0x05, 0x23, 0x08, 
	0x07, 0x03, 0x04, 0x01, 0x10, 0x0f, 0x07, 0x07, 
	0x12, 0x03, 0x00, 0x24, 0x1a, 0x03, 0x02, 0x04, 
	0x03, 0x00, 0x02, 0x02, 0x02, 0x00, 0x02, 0x02, 
	0x1c, 0x04, 0x03, 0x07, 0x05, 0x05, 0x25, 0x07, 
	0x07, 0x08, 0x07, 0x01, 0x0c, 0x05, 0x08, 0x03, 
	0x07, 0x02, 0x00, 0x02, 0x1f, 0x18, 0x1a, 0x04, 
	0x02, 0x02, 0x03, 0x04, 0x04, 0x20, 0x18, 0x1e, 
	0x11, 0x00, 0x11, 0x03, 0x08, 0x10, 0x14, 0x01, 
	0x08, 0x08, 0x01, 0x01, 0x08, 0x06, 0x14, 0x07, 
	0x01, 0x03, 0x03, 0x0e, 0x1f, 0x18, 0x12, 0x0e, 
	0x11, 0x1a, 0x02, 0x00, 0x12, 0x02, 0x02, 0x02, 
	0x02, 0x04, 0x00, 0x08, 0x05, 0x1d, 0x16, 0x05, 
	0x17, 0x26, 0x1d, 0x08, 0x05, 0x16, 0x08, 0x08, 
	0x05, 0x07, 0x03, 0x12, 0x1b, 0x02, 0x04, 0x02, 
	0x02, 0x02, 0x02, 0x0e, 0x04, 0x03, 0x07, 0x14, 
	0x02, 0x02, 0x02, 0x02, 0x07, 0x08, 0x05, 0x0b, 
	0x0b, 0x17, 0x0b, 0x14, 0x0b, 0x0b, 0x05, 0x09, 
	0x08, 0x08, 0x03, 0x03, 0x02, 0x07, 0x04, 0x04, 
	0x01, 0x00, 0x04, 0x00, 0x20, 0x03, 0x07, 0x0c, 
	0x09, 0x02, 0x1a, 0x02, 0x02, 0x07, 0x1d, 0x26, 
	0x07, 0x0a, 0x27, 0x06, 0x05, 0x28, 0x05, 0x07, 
	0x07, 0x07, 0x02, 0x03, 0x0e, 0x13, 0x07, 0x02, 
	0x00, 0x04, 0x08, 0x03, 0x04, 0x03, 0x01, 0x05, 
	0x06, 0x03, 0x07, 0x07, 0x08, 0x29, 0x05, 0x07, 
	0x02, 0x05, 0x06, 0x05, 0x08, 0x05, 0x05, 0x07, 
	0x02, 0x08, 0x13, 0x03, 0x02, 0x02, 0x02, 0x03, 
	0x03, 0x03, 0x00, 0x02, 0x03, 0x08, 0x07, 0x06, 
	0x08, 0x09, 0x07, 0x14, 0x01, 0x07, 0x07, 0x03, 
	0x00, 0x07, 0x05, 0x05, 0x05, 0x05, 0x08, 0x08, 
	0x01, 0x23, 0x05, 0x07, 0x03, 0x02, 0x07, 0x03, 
	0x01, 0x10, 0x08, 0x01, 0x05, 0x0f, 0x08, 0x05, 
	0x14, 0x07, 0x07, 0x01, 0x07, 0x08, 0x04, 0x2a, 
	0x02, 0x02, 0x03, 0x08, 0x05, 0x0b, 0x0b, 0x10, 
	0x05, 0x06, 0x05, 0x08, 0x00, 0x07, 0x00, 0x07, 
	0x05, 0x05, 0x06, 0x05, 0x05, 0x06, 0x1d, 0x05, 
	0x08, 0x01, 0x03, 0x00, 0x00, 0x02, 0x07, 0x04, 
	0x1b, 0x18, 0x1a, 0x02, 0x04, 0x08, 0x06, 0x08, 
	0x0b, 0x05, 0x05, 0x07, 0x00, 0x04, 0x04, 0x21, 
	0x01, 0x03, 0x02, 0x07, 0x08, 0x05, 0x05, 0x05, 
	0x06, 0x05, 0x01, 0x04, 0x13, 0x03, 0x03, 0x12, 
	0x00, 0x18, 0x22, 0x02, 0x0e, 0x04, 0x07, 0x07, 
	0x1d, 0x05, 0x14, 0x03, 0x12, 0x1a, 0x0e, 0x12, 
	0x02, 0x1a, 0x12, 0x1f, 0x00, 0x07, 0x01, 0x10, 
	0x23, 0x01, 0x02, 0x1a, 0x00, 0x07, 0x03, 0x07, 
	0x00, 0x02, 0x02, 0x03, 0x04, 0x03, 0x09, 0x01, 
	0x05, 0x0f, 0x01, 0x00, 0x0e, 0x1b, 0x18, 0x1b, 
	0x1e, 0x02, 0x1a, 0x1a, 0x1a, 0x03, 0x04, 0x07, 
	0x07, 0x04, 0x02, 0x0e, 0x1a, 0x02, 0x00, 0x09, 
	0x02, 0x1c, 0x18, 0x18, 0x1a, 0x02, 0x07, 0x08, 
	0x05, 0x14, 0x07, 0x02, 0x1f, 0x1e, 0x02, 0x02, 
	0x1a, 0x18, 0x18, 0x12, 0x1a, 0x02, 0x00, 0x07, 
	0x02, 0x02, 0x02, 0x1f, 0x1b, 0x12, 0x20, 0x00, 
	0x0e, 0x02, 0x18, 0x18, 0x1a, 0x02, 0x04, 0x07, 
	0x14, 0x10, 0x09, 0x03, 0x07, 0x04, 0x04, 0x00, 
	0x0e, 0x02, 0x02, 0x00, 0x04, 0x04, 0x08, 0x07, 
	0x00, 0x02, 0x12, 0x1a, 0x18, 0x18, 0x02, 0x00, 
	0x03, 0x04, 0x00, 0x0e, 0x04, 0x02, 0x07, 0x07, 
	0x08, 0x0c, 0x07, 0x08, 0x08, 0x08, 0x05, 0x05, 
	0x01, 0x07, 0x07, 0x07, 0x03, 0x04, 0x07, 0x03, 
	0x12, 0x1a, 0x02, 0x02, 0x12, 0x1f, 0x02, 0x04, 
	0x0f, 0x07, 0x07, 0x01, 0x03, 0x07, 0x07, 0x06, 
	0x08, 0x08, 0x08, 0x08, 0x05, 0x26, 0x05, 0x08, 
	0x01, 0x07, 0x01, 0x14, 0x05, 0x14, 0x00, 0x04, 
	0x20, 0x02, 0x02, 0x02, 0x1f, 0x04, 0x00, 0x00, 
	0x04, 0x02, 0x04, 0x02, 0x02, 0x00, 0x02, 0x02, 
	0x04, 0x03, 0x04, 0x01, 0x08, 0x05, 0x05, 0x07, 
	0x07, 0x02, 0x01, 0x07, 0x05, 0x08, 0x07, 0x01, 
	0x1a, 0x04, 0x03, 0x12, 0x12, 0x04, 0x02, 0x04, 
	0x02, 0x1a, 0x03, 0x04, 0x04, 0x22, 0x1b, 0x12, 
	0x1a, 0x02, 0x00, 0x04, 0x01, 0x10, 0x05, 0x01, 
	0x07, 0x08, 0x07, 0x07, 0x08, 0x1d, 0x0c, 0x02, 
	0x00, 0x02, 0x03, 0x11, 0x1b, 0x1b, 0x12, 0x0e, 
	0x02, 0x1a, 0x20, 0x00, 0x00, 0x00, 0x02, 0x0e, 
	0x02, 0x00, 0x02, 0x07, 0x05, 0x0b, 0x28, 0x05, 
	0x08, 0x08, 0x14, 0x01, 0x05, 0x06, 0x05, 0x07, 
	0x07, 0x03, 0x03, 0x02, 0x1f, 0x2b, 0x1a, 0x12, 
	0x04, 0x12, 0x1a, 0x0e, 0x04, 0x03, 0x14, 0x14, 
	0x13, 0x00, 0x02, 0x1a, 0x04, 0x08, 0x0b, 0x17, 
	0x0b, 0x05, 0x14, 0x01, 0x1d, 0x05, 0x05, 0x07, 
	0x05, 0x08, 0x07, 0x12, 0x18, 0x1c, 0x03, 0x2a, 
	0x07, 0x03, 0x02, 0x02, 0x20, 0x04, 0x07, 0x08, 
	0x04, 0x02, 0x1a, 0x03, 0x02, 0x01, 0x1d, 0x05, 
	0x0b, 0x16, 0x17, 0x08, 0x1d, 0x0b, 0x05, 0x08, 
	0x08, 0x08, 0x04, 0x03, 0x02, 0x07, 0x00, 0x04, 
	
};

Gfx bob_dl_stone_granite_ci8_x_Dirt_3_pal_rgba16_aligner[] = {gsSPEndDisplayList()};
u8 bob_dl_stone_granite_ci8_x_Dirt_3_pal_rgba16[] = {
	0x8b, 0x0f, 0x93, 0x91, 0x83, 0x0f, 0x8b, 0x51, 
	0x8b, 0x4f, 0xa3, 0xd3, 0xa3, 0xd1, 0x93, 0x51, 
	0x9b, 0x91, 0x93, 0x4f, 0xb4, 0x97, 0xac, 0x13, 
	0x9b, 0xd1, 0x83, 0x51, 0x7b, 0x0f, 0x9b, 0xd3, 
	0xa3, 0x91, 0x83, 0x0d, 0x7a, 0xcd, 0x8b, 0x11, 
	0x9b, 0x93, 0xa4, 0x15, 0xac, 0x55, 0xac, 0x15, 
	0x72, 0x8d, 0x82, 0xcd, 0x7a, 0xcf, 0x6a, 0x8d, 
	0x83, 0x11, 0xa4, 0x13, 0x7b, 0x0d, 0x72, 0xcd, 
	0x82, 0xcf, 0x9b, 0x51, 0x72, 0xcf, 0xa3, 0x93, 
	0x7a, 0x8d, 0xa3, 0xd5, 0xab, 0xd3, 0xac, 0x95, 
	0xb4, 0x55, 0x93, 0x93, 0x83, 0x4f, 0x62, 0x4b, 
	0x8b, 0x95, 0x83, 0x53, 0x7b, 0x11, 0x7a, 0xd1, 
	0x72, 0x8f, 0x52, 0x8b, 0x6a, 0xcf, 0x83, 0x13, 
	0x83, 0x55, 0x8b, 0x97, 0x93, 0xd7, 0x93, 0x97, 
	0x7b, 0x13, 0x72, 0xd1, 0x8b, 0x55, 0x7a, 0xd3, 
	0x6a, 0x8f, 0x73, 0x11, 0x62, 0x8d, 0x62, 0xcf, 
	0x8b, 0xd5, 0x9c, 0x19, 0x6a, 0x4f, 0x5a, 0x8d, 
	0x6a, 0x4d, 0x93, 0xd9, 0x62, 0xcd, 0x6a, 0x91, 
	
};

Gfx bob_dl_Dirt_3_ci8_aligner[] = {gsSPEndDisplayList()};
u8 bob_dl_Dirt_3_ci8[] = {
	0x2c, 0x2d, 0x2e, 0x2e, 0x2f, 0x30, 0x30, 0x30, 
	0x31, 0x32, 0x2d, 0x33, 0x2d, 0x34, 0x35, 0x36, 
	0x36, 0x36, 0x36, 0x36, 0x37, 0x2c, 0x34, 0x38, 
	0x2d, 0x2c, 0x36, 0x36, 0x36, 0x36, 0x36, 0x36, 
	0x38, 0x2d, 0x2d, 0x2d, 0x33, 0x2e, 0x39, 0x39, 
	0x1b, 0x1b, 0x32, 0x38, 0x2d, 0x2d, 0x38, 0x2d, 
	0x2e, 0x2e, 0x2e, 0x2e, 0x33, 0x2d, 0x38, 0x33, 
	0x3a, 0x35, 0x37, 0x35, 0x2c, 0x2c, 0x3a, 0x2c, 
	0x39, 0x38, 0x38, 0x3b, 0x38, 0x38, 0x2e, 0x2e, 
	0x2e, 0x30, 0x30, 0x3c, 0x3c, 0x22, 0x30, 0x2f, 
	0x2e, 0x3d, 0x32, 0x32, 0x32, 0x3e, 0x3f, 0x2e, 
	0x34, 0x2c, 0x38, 0x2f, 0x2f, 0x3c, 0x3c, 0x2f, 
	0x34, 0x34, 0x39, 0x3f, 0x39, 0x38, 0x38, 0x2e, 
	0x2e, 0x39, 0x30, 0x3c, 0x30, 0x3c, 0x30, 0x2f, 
	0x38, 0x38, 0x3f, 0x38, 0x38, 0x32, 0x32, 0x38, 
	0x2e, 0x2e, 0x2f, 0x39, 0x30, 0x30, 0x30, 0x32, 
	0x36, 0x40, 0x34, 0x38, 0x2e, 0x32, 0x32, 0x2e, 
	0x2f, 0x39, 0x30, 0x30, 0x22, 0x22, 0x39, 0x2f, 
	0x38, 0x38, 0x38, 0x38, 0x38, 0x38, 0x38, 0x38, 
	0x38, 0x38, 0x38, 0x38, 0x2e, 0x3c, 0x39, 0x36, 
	0x36, 0x41, 0x36, 0x35, 0x2c, 0x33, 0x39, 0x2e, 
	0x2f, 0x2f, 0x2f, 0x2e, 0x2f, 0x39, 0x39, 0x2f, 
	0x33, 0x2d, 0x2d, 0x2d, 0x2d, 0x2d, 0x38, 0x38, 
	0x38, 0x38, 0x38, 0x38, 0x38, 0x2d, 0x34, 0x2c, 
	0x41, 0x41, 0x36, 0x36, 0x37, 0x2c, 0x2c, 0x3a, 
	0x2d, 0x38, 0x33, 0x2d, 0x2d, 0x2d, 0x2d, 0x2d, 
	0x2d, 0x2d, 0x34, 0x2c, 0x2c, 0x34, 0x33, 0x3a, 
	0x2d, 0x2d, 0x2d, 0x38, 0x38, 0x2d, 0x2d, 0x2d, 
	0x2c, 0x41, 0x41, 0x36, 0x36, 0x36, 0x36, 0x36, 
	0x2c, 0x34, 0x2d, 0x2d, 0x34, 0x34, 0x34, 0x2d, 
	0x2d, 0x34, 0x34, 0x2c, 0x2c, 0x3a, 0x2c, 0x35, 
	0x2c, 0x2c, 0x2c, 0x2d, 0x33, 0x2d, 0x2d, 0x2d, 
	0x34, 0x36, 0x41, 0x41, 0x36, 0x36, 0x36, 0x36, 
	0x2c, 0x2c, 0x3a, 0x38, 0x34, 0x3a, 0x2d, 0x2d, 
	0x33, 0x2d, 0x34, 0x34, 0x2c, 0x37, 0x36, 0x36, 
	0x36, 0x36, 0x36, 0x2c, 0x2d, 0x38, 0x38, 0x2d, 
	0x34, 0x37, 0x36, 0x41, 0x41, 0x41, 0x36, 0x36, 
	0x36, 0x36, 0x2d, 0x33, 0x2d, 0x34, 0x2c, 0x34, 
	0x2d, 0x3a, 0x2c, 0x2c, 0x2c, 0x36, 0x36, 0x36, 
	0x36, 0x36, 0x36, 0x2c, 0x34, 0x2e, 0x2f, 0x33, 
	0x34, 0x2c, 0x36, 0x36, 0x41, 0x36, 0x36, 0x41, 
	0x36, 0x34, 0x2d, 0x2f, 0x38, 0x34, 0x3a, 0x2c, 
	0x2c, 0x35, 0x36, 0x36, 0x36, 0x36, 0x36, 0x36, 
	0x36, 0x36, 0x36, 0x2c, 0x2c, 0x2d, 0x2f, 0x38, 
	0x33, 0x2d, 0x2c, 0x2c, 0x36, 0x35, 0x3a, 0x34, 
	0x2d, 0x2d, 0x2d, 0x39, 0x38, 0x2d, 0x34, 0x2c, 
	0x36, 0x36, 0x36, 0x36, 0x36, 0x36, 0x36, 0x36, 
	0x36, 0x36, 0x41, 0x2c, 0x2c, 0x34, 0x38, 0x2f, 
	0x2e, 0x33, 0x2d, 0x34, 0x2d, 0x2d, 0x2d, 0x2d, 
	0x2d, 0x2d, 0x38, 0x39, 0x2f, 0x2d, 0x2d, 0x34, 
	0x2c, 0x2c, 0x35, 0x36, 0x36, 0x36, 0x36, 0x2c, 
	0x2c, 0x2c, 0x37, 0x2c, 0x2c, 0x2c, 0x2f, 0x22, 
	0x2f, 0x2f, 0x38, 0x2d, 0x2d, 0x2d, 0x38, 0x2f, 
	0x38, 0x39, 0x32, 0x3c, 0x42, 0x39, 0x33, 0x2d, 
	0x34, 0x34, 0x2c, 0x35, 0x36, 0x36, 0x2c, 0x34, 
	0x34, 0x2d, 0x2d, 0x3d, 0x2d, 0x2d, 0x43, 0x3e, 
	0x39, 0x2f, 0x2f, 0x38, 0x2d, 0x2e, 0x39, 0x22, 
	0x3e, 0x31, 0x38, 0x32, 0x32, 0x32, 0x2e, 0x2f, 
	0x2d, 0x2c, 0x35, 0x36, 0x36, 0x36, 0x3a, 0x2d, 
	0x38, 0x2f, 0x3e, 0x43, 0x32, 0x32, 0x2f, 0x3c, 
	0x3c, 0x39, 0x22, 0x30, 0x2f, 0x39, 0x39, 0x2f, 
	0x2e, 0x39, 0x38, 0x38, 0x32, 0x38, 0x32, 0x39, 
	0x22, 0x33, 0x2c, 0x36, 0x35, 0x2c, 0x34, 0x2d, 
	0x38, 0x3d, 0x2e, 0x32, 0x38, 0x38, 0x38, 0x39, 
	0x39, 0x30, 0x39, 0x39, 0x39, 0x2f, 0x2e, 0x33, 
	0x2d, 0x2d, 0x2d, 0x2d, 0x33, 0x38, 0x2e, 0x2f, 
	0x2f, 0x2f, 0x2e, 0x3a, 0x35, 0x2c, 0x2e, 0x2e, 
	0x38, 0x38, 0x38, 0x38, 0x38, 0x33, 0x38, 0x38, 
	0x2c, 0x2d, 0x38, 0x39, 0x39, 0x38, 0x2d, 0x34, 
	0x2c, 0x35, 0x35, 0x2c, 0x3a, 0x2d, 0x2d, 0x38, 
	0x2e, 0x2f, 0x2e, 0x2e, 0x22, 0x30, 0x2f, 0x2e, 
	0x38, 0x38, 0x38, 0x2d, 0x2d, 0x34, 0x34, 0x2c, 
	0x2c, 0x3a, 0x3a, 0x34, 0x3a, 0x2c, 0x35, 0x37, 
	0x35, 0x35, 0x35, 0x35, 0x2c, 0x36, 0x35, 0x3a, 
	0x2d, 0x2e, 0x2f, 0x2f, 0x30, 0x44, 0x30, 0x2f, 
	0x38, 0x38, 0x2c, 0x34, 0x34, 0x34, 0x2c, 0x2c, 
	0x2c, 0x3a, 0x3a, 0x34, 0x34, 0x35, 0x36, 0x36, 
	0x36, 0x36, 0x36, 0x36, 0x36, 0x36, 0x36, 0x2c, 
	0x2c, 0x34, 0x38, 0x3c, 0x44, 0x44, 0x44, 0x39, 
	0x38, 0x2c, 0x35, 0x35, 0x35, 0x35, 0x35, 0x36, 
	0x2c, 0x34, 0x3a, 0x2c, 0x3a, 0x2c, 0x35, 0x36, 
	0x36, 0x36, 0x36, 0x41, 0x41, 0x41, 0x36, 0x36, 
	0x37, 0x2c, 0x38, 0x30, 0x44, 0x44, 0x42, 0x2e, 
	0x2d, 0x2c, 0x35, 0x36, 0x36, 0x36, 0x36, 0x36, 
	0x2c, 0x2d, 0x34, 0x35, 0x36, 0x35, 0x35, 0x36, 
	0x36, 0x36, 0x41, 0x41, 0x41, 0x41, 0x41, 0x36, 
	0x2c, 0x2d, 0x2f, 0x30, 0x44, 0x44, 0x44, 0x2f, 
	0x33, 0x3a, 0x35, 0x36, 0x36, 0x36, 0x36, 0x36, 
	0x3a, 0x2d, 0x2d, 0x2c, 0x36, 0x36, 0x36, 0x41, 
	0x41, 0x41, 0x41, 0x41, 0x41, 0x41, 0x41, 0x36, 
	0x34, 0x34, 0x2f, 0x22, 0x30, 0x3c, 0x30, 0x30, 
	0x2f, 0x2d, 0x3a, 0x37, 0x36, 0x36, 0x36, 0x37, 
	0x2d, 0x2d, 0x2d, 0x3a, 0x36, 0x36, 0x36, 0x41, 
	0x41, 0x45, 0x45, 0x41, 0x41, 0x36, 0x2c, 0x2d, 
	0x3d, 0x3d, 0x32, 0x22, 0x2f, 0x2f, 0x39, 0x30, 
	0x30, 0x38, 0x34, 0x2c, 0x3a, 0x2c, 0x2c, 0x35, 
	0x2d, 0x2d, 0x2d, 0x3a, 0x35, 0x2c, 0x2c, 0x37, 
	0x45, 0x36, 0x36, 0x2c, 0x38, 0x2e, 0x38, 0x38, 
	0x3d, 0x3d, 0x46, 0x39, 0x38, 0x38, 0x2f, 0x30, 
	0x30, 0x22, 0x39, 0x2e, 0x3a, 0x3a, 0x2c, 0x2c, 
	0x2d, 0x2d, 0x2d, 0x2d, 0x2d, 0x34, 0x2d, 0x34, 
	0x36, 0x2c, 0x2d, 0x38, 0x2e, 0x32, 0x38, 0x2e, 
	0x32, 0x38, 0x2d, 0x2c, 0x3a, 0x2c, 0x2d, 0x33, 
	0x39, 0x39, 0x2f, 0x38, 0x33, 0x2d, 0x33, 0x33, 
	0x2f, 0x2e, 0x38, 0x2d, 0x2d, 0x2d, 0x2d, 0x2d, 
	0x34, 0x2d, 0x2e, 0x2f, 0x2e, 0x32, 0x2d, 0x34, 
	0x34, 0x34, 0x35, 0x35, 0x37, 0x36, 0x36, 0x35, 
	0x2c, 0x38, 0x38, 0x38, 0x38, 0x38, 0x2f, 0x39, 
	0x39, 0x2f, 0x2e, 0x38, 0x2d, 0x2d, 0x2d, 0x2d, 
	0x2d, 0x38, 0x2e, 0x2f, 0x33, 0x35, 0x36, 0x36, 
	0x36, 0x35, 0x35, 0x2c, 0x37, 0x36, 0x36, 0x36, 
	0x2c, 0x2d, 0x38, 0x38, 0x38, 0x38, 0x2e, 0x39, 
	0x32, 0x32, 0x2e, 0x38, 0x2d, 0x2d, 0x2d, 0x2d, 
	0x2e, 0x2e, 0x2f, 0x38, 0x35, 0x36, 0x36, 0x36, 
	0x36, 0x36, 0x36, 0x36, 0x36, 0x36, 0x36, 0x2c, 
	0x2c, 0x2f, 0x47, 0x2f, 0x38, 0x3d, 0x2f, 0x39, 
	0x38, 0x2e, 0x2e, 0x2e, 0x33, 0x33, 0x2e, 0x22, 
	0x2f, 0x38, 0x2d, 0x2c, 0x36, 0x36, 0x36, 0x36, 
	0x36, 0x36, 0x36, 0x36, 0x36, 0x36, 0x35, 0x3a, 
	0x34, 0x2d, 0x39, 0x2d, 0x2c, 0x2c, 0x34, 0x33, 
	0x3a, 0x38, 0x38, 0x2f, 0x2e, 0x2f, 0x2f, 0x2f, 
	0x2e, 0x2d, 0x2c, 0x35, 0x36, 0x36, 0x36, 0x36, 
	0x36, 0x36, 0x36, 0x36, 0x36, 0x36, 0x35, 0x2d, 
	0x34, 0x2c, 0x2c, 0x36, 0x36, 0x36, 0x36, 0x36, 
	0x2c, 0x2d, 0x2e, 0x2f, 0x39, 0x39, 0x2f, 0x32, 
	0x32, 0x2d, 0x2d, 0x2d, 0x34, 0x2c, 0x36, 0x36, 
	0x36, 0x36, 0x36, 0x36, 0x36, 0x36, 0x2c, 0x2d, 
	0x34, 0x34, 0x2c, 0x36, 0x36, 0x36, 0x36, 0x36, 
	
};

Gfx bob_dl__2EB6628BD0351A22F3163295E64E9B63_ci4_ci4_aligner[] = {gsSPEndDisplayList()};
u8 bob_dl__2EB6628BD0351A22F3163295E64E9B63_ci4_ci4[] = {
	0x00, 0x12, 0x22, 0x22, 0x13, 0x23, 0x13, 0x14, 
	0x45, 0x51, 0x61, 0x12, 0x22, 0x32, 0x22, 0x25, 
	0x05, 0x41, 0x77, 0x88, 0x88, 0x34, 0x33, 0x10, 
	0x05, 0x55, 0x00, 0x06, 0x39, 0x88, 0x21, 0x00, 
	0x09, 0x98, 0x82, 0x21, 0x27, 0x78, 0x27, 0x21, 
	0x45, 0x18, 0x76, 0x28, 0x88, 0x78, 0x82, 0x61, 
	0x15, 0x41, 0x87, 0x88, 0x87, 0x73, 0x77, 0x78, 
	0x65, 0x68, 0xa0, 0x18, 0x78, 0x88, 0x78, 0x21, 
	0x07, 0x98, 0x78, 0x73, 0x28, 0x88, 0x97, 0x36, 
	0x15, 0x67, 0x89, 0x88, 0x88, 0x88, 0x87, 0x77, 
	0x25, 0x22, 0x87, 0x78, 0x87, 0x92, 0x88, 0x77, 
	0x30, 0x97, 0xa1, 0x28, 0x88, 0x77, 0x88, 0x86, 
	0x58, 0x98, 0x88, 0x88, 0x98, 0x89, 0x98, 0x66, 
	0x65, 0x68, 0x88, 0x88, 0x88, 0x88, 0x88, 0x88, 
	0x95, 0x18, 0x87, 0x78, 0x87, 0x98, 0x87, 0x77, 
	0x30, 0x88, 0x73, 0x18, 0x88, 0x77, 0x78, 0x83, 
	0x57, 0x98, 0x88, 0x88, 0x88, 0x88, 0x88, 0x66, 
	0x65, 0x67, 0x88, 0x89, 0x88, 0x88, 0x88, 0x88, 
	0x95, 0x12, 0x87, 0x88, 0x88, 0x28, 0x87, 0x78, 
	0x35, 0x88, 0x73, 0x68, 0x88, 0x77, 0x77, 0x83, 
	0x57, 0x88, 0x88, 0x88, 0x87, 0x78, 0x89, 0x66, 
	0x65, 0x37, 0x88, 0x89, 0x88, 0x78, 0x88, 0x88, 
	0x90, 0x12, 0x77, 0x88, 0x89, 0x98, 0x87, 0x78, 
	0x35, 0x88, 0x73, 0x37, 0x88, 0x77, 0x77, 0x83, 
	0x47, 0x88, 0x88, 0x88, 0x87, 0x78, 0x89, 0x66, 
	0x65, 0x37, 0x88, 0x89, 0x88, 0x79, 0x88, 0x88, 
	0x20, 0x66, 0x77, 0x88, 0x88, 0x98, 0x87, 0x88, 
	0x34, 0x88, 0x78, 0x98, 0x88, 0x77, 0x77, 0x83, 
	0x68, 0x88, 0x87, 0x88, 0x88, 0x77, 0x99, 0x66, 
	0x65, 0x37, 0x88, 0x89, 0x77, 0x79, 0x87, 0x78, 
	0x36, 0x63, 0x77, 0x88, 0x77, 0xba, 0x87, 0x78, 
	0x36, 0x87, 0x7c, 0xad, 0xaa, 0xed, 0x7a, 0x83, 
	0x68, 0x88, 0x88, 0x88, 0x88, 0x87, 0x98, 0x36, 
	0x65, 0x67, 0x88, 0x87, 0xee, 0xee, 0xaa, 0xaa, 
	0xdd, 0xda, 0xaa, 0xaa, 0xae, 0xaa, 0xaa, 0xaa, 
	0xaa, 0xba, 0xdc, 0xa6, 0xde, 0xcd, 0xce, 0xde, 
	0xdb, 0xee, 0xa7, 0x97, 0xaa, 0xbe, 0xea, 0xb3, 
	0x61, 0xbe, 0xee, 0xee, 0xab, 0xba, 0xab, 0xba, 
	0xaa, 0xad, 0xd3, 0xdb, 0xba, 0xdd, 0x6d, 0xdd, 
	0xda, 0xa3, 0x6d, 0xd6, 0x1b, 0xed, 0xbd, 0xde, 
	0xbc, 0xbb, 0xeb, 0xaa, 0xee, 0xee, 0xd3, 0xda, 
	0xd3, 0xed, 0xdb, 0xbd, 0xdd, 0x66, 0x61, 0x11, 
	0x3d, 0x36, 0x66, 0x66, 0x33, 0x61, 0x66, 0x66, 
	0x3b, 0x36, 0x66, 0x63, 0x26, 0x66, 0x66, 0x63, 
	0x6a, 0xd6, 0x66, 0xdb, 0xed, 0xd6, 0x16, 0x16, 
	0xbd, 0xe6, 0x16, 0x11, 0x11, 0x63, 0x63, 0x31, 
	0x16, 0x99, 0x22, 0x33, 0x66, 0x63, 0x82, 0x66, 
	0x3d, 0x62, 0x23, 0x28, 0x86, 0x63, 0x23, 0x31, 
	0xb6, 0x11, 0x66, 0x66, 0xd1, 0x16, 0x32, 0x31, 
	0x3d, 0x63, 0x33, 0x33, 0x63, 0x27, 0x99, 0x82, 
	0x10, 0x28, 0x87, 0x88, 0x22, 0x28, 0x77, 0x99, 
	0x34, 0x28, 0x78, 0x88, 0x88, 0x78, 0x88, 0x96, 
	0xb3, 0x23, 0x99, 0x36, 0x11, 0x38, 0x88, 0x21, 
	0x6d, 0x39, 0x78, 0x29, 0x98, 0x87, 0x98, 0x87, 
	0x30, 0x99, 0x98, 0x77, 0x88, 0x78, 0x78, 0x98, 
	0x34, 0x28, 0x88, 0x78, 0x89, 0x88, 0x88, 0x96, 
	0xb3, 0x78, 0x87, 0x82, 0x32, 0x87, 0x88, 0x26, 
	0x10, 0x28, 0x78, 0x29, 0x87, 0x77, 0x98, 0x87, 
	0x25, 0x99, 0x98, 0x87, 0x89, 0x78, 0x78, 0x98, 
	0x35, 0x28, 0x88, 0x78, 0x99, 0x88, 0x88, 0x96, 
	0xb2, 0x78, 0x87, 0x89, 0x88, 0x87, 0x88, 0x26, 
	0x60, 0x28, 0x78, 0x29, 0x88, 0x88, 0x98, 0x88, 
	0x35, 0x99, 0x87, 0x88, 0x89, 0x78, 0x79, 0x98, 
	0x35, 0x28, 0x88, 0x78, 0x99, 0x78, 0x88, 0x96, 
	0x03, 0x78, 0x87, 0x89, 0x88, 0x87, 0x88, 0x26, 
	0x60, 0x28, 0x78, 0x29, 0x88, 0x88, 0x98, 0x88, 
	0x30, 0x99, 0x87, 0x87, 0x89, 0x88, 0x79, 0x98, 
	0x33, 0x27, 0x88, 0x88, 0x99, 0x78, 0x88, 0x96, 
	0x03, 0x78, 0x87, 0x89, 0x98, 0x88, 0x88, 0x26, 
	0x60, 0x27, 0x79, 0x29, 0x88, 0x88, 0x88, 0x88, 
	0x36, 0x29, 0x87, 0x87, 0x88, 0x88, 0x89, 0x98, 
	0x33, 0x88, 0x88, 0x88, 0x99, 0x78, 0x88, 0x26, 
	0x53, 0x78, 0x87, 0x79, 0x98, 0x88, 0x88, 0x26, 
	0x61, 0x37, 0x79, 0x99, 0x88, 0x78, 0x88, 0x88, 
	0x36, 0x99, 0x87, 0x88, 0x88, 0x88, 0x89, 0x98, 
	0x32, 0x88, 0x88, 0x78, 0x99, 0x78, 0x88, 0x96, 
	0x53, 0x78, 0x87, 0x79, 0x98, 0x88, 0x88, 0x26, 
	0x61, 0x37, 0x79, 0x99, 0x88, 0x88, 0x88, 0x88, 
	0x36, 0x99, 0x87, 0x88, 0x88, 0x78, 0x89, 0x89, 
	0x32, 0x88, 0x88, 0x88, 0x99, 0x78, 0x88, 0x96, 
	0x56, 0x78, 0x87, 0x79, 0x98, 0x88, 0x88, 0x96, 
	0x66, 0x37, 0x79, 0x99, 0x87, 0x88, 0x88, 0x78, 
	0x36, 0x98, 0x87, 0x88, 0x88, 0x88, 0x89, 0x83, 
	0x32, 0x88, 0x88, 0x88, 0x89, 0x88, 0x88, 0x86, 
	0x56, 0x87, 0x87, 0x78, 0x98, 0x88, 0x88, 0x96, 
	0x66, 0x67, 0x79, 0x99, 0x87, 0x88, 0x88, 0x78, 
	0x36, 0x98, 0x77, 0x88, 0x88, 0x88, 0x99, 0x73, 
	0x32, 0x88, 0x88, 0x88, 0x89, 0x88, 0x88, 0x83, 
	0x56, 0x88, 0x87, 0x78, 0x98, 0x88, 0x88, 0x83, 
	0x66, 0x37, 0x89, 0x89, 0x87, 0x88, 0x88, 0x88, 
	0x36, 0x98, 0x77, 0x88, 0x88, 0x88, 0x98, 0x83, 
	0x32, 0x88, 0x88, 0x88, 0x78, 0x88, 0x88, 0x83, 
	0x56, 0x78, 0x87, 0x77, 0x98, 0x88, 0x98, 0x82, 
	0x66, 0x37, 0x89, 0x89, 0x87, 0x89, 0x98, 0x88, 
	0x36, 0x98, 0x78, 0x88, 0x88, 0x88, 0x98, 0x93, 
	0x32, 0x88, 0x88, 0x88, 0x88, 0x88, 0x88, 0x83, 
	0x56, 0x88, 0x87, 0x77, 0x88, 0x88, 0x98, 0x89, 
	0x66, 0x38, 0x98, 0x89, 0x87, 0x89, 0x98, 0x88, 
	0x36, 0x28, 0x78, 0x88, 0x88, 0x88, 0x98, 0x93, 
	0x38, 0x88, 0x88, 0x88, 0x88, 0x88, 0x88, 0x83, 
	0x51, 0x88, 0x87, 0x77, 0x98, 0x88, 0x99, 0x88, 
	0x66, 0x38, 0x98, 0x99, 0x87, 0x89, 0x98, 0x88, 
	0x36, 0x28, 0x79, 0x98, 0x88, 0x88, 0x98, 0x83, 
	0x38, 0x88, 0x88, 0x88, 0x88, 0x88, 0x88, 0x83, 
	0x51, 0x88, 0x87, 0x78, 0x98, 0x88, 0x99, 0x88, 
	0x36, 0x38, 0x88, 0x99, 0x87, 0x89, 0x98, 0x88, 
	0x36, 0x28, 0x79, 0x88, 0x88, 0x88, 0x98, 0x83, 
	0x38, 0x88, 0x88, 0x88, 0x88, 0x88, 0x88, 0x83, 
	0x51, 0x88, 0x88, 0x78, 0x98, 0x88, 0x99, 0x88, 
	0x36, 0x38, 0x88, 0x99, 0x87, 0x89, 0x98, 0x88, 
	0x36, 0x27, 0x78, 0x98, 0x77, 0x88, 0x98, 0x73, 
	0x38, 0x88, 0x88, 0x88, 0x88, 0x88, 0x88, 0x86, 
	0x41, 0x88, 0x88, 0x78, 0x98, 0x88, 0x99, 0x87, 
	0x36, 0x38, 0x88, 0x99, 0x87, 0x89, 0x98, 0x78, 
	0x66, 0x97, 0x78, 0x99, 0x87, 0x88, 0x98, 0x73, 
	0x38, 0x88, 0x88, 0x87, 0x88, 0x88, 0x88, 0x83, 
	0x44, 0x88, 0x88, 0x78, 0x88, 0x88, 0x99, 0x87, 
	0x36, 0x38, 0x88, 0x99, 0x87, 0x89, 0x98, 0x88, 
	0x66, 0x97, 0x78, 0x99, 0x88, 0x98, 0x98, 0x73, 
	0x38, 0x88, 0x88, 0x88, 0x88, 0x88, 0x78, 0x83, 
	0x44, 0x88, 0x88, 0x88, 0x88, 0x88, 0x89, 0x88, 
	0x36, 0x38, 0x88, 0x99, 0x87, 0x89, 0x98, 0x88, 
	0x66, 0x97, 0x78, 0x99, 0x88, 0x88, 0x98, 0x73, 
	0x38, 0x88, 0x88, 0x87, 0x88, 0x88, 0x78, 0x83, 
	0x44, 0x98, 0x88, 0x78, 0x98, 0x88, 0x89, 0x88, 
	0x36, 0x68, 0x88, 0x89, 0x88, 0x89, 0x99, 0x88, 
	0x66, 0x87, 0x79, 0x99, 0x98, 0x88, 0x98, 0x73, 
	0x38, 0x88, 0x89, 0x87, 0x88, 0x88, 0x79, 0x83, 
	0x54, 0x27, 0x88, 0x87, 0x98, 0x88, 0x89, 0x88, 
	0x36, 0x68, 0x88, 0x89, 0x88, 0x88, 0x99, 0x88, 
	0x66, 0x87, 0x79, 0x89, 0x98, 0x88, 0x88, 0x73, 
	0x38, 0x88, 0x89, 0x77, 0x88, 0x88, 0x79, 0x83, 
	0x05, 0x27, 0x88, 0x87, 0x98, 0x88, 0x88, 0x88, 
	0x36, 0x69, 0x88, 0x88, 0x88, 0x88, 0x99, 0x88, 
	0x66, 0x87, 0x78, 0x89, 0x98, 0x98, 0x88, 0x83, 
	0x38, 0x88, 0x89, 0x77, 0x88, 0x88, 0x79, 0x83, 
	0x05, 0x37, 0x88, 0x87, 0x89, 0x88, 0x88, 0x87, 
	0x36, 0x69, 0x88, 0x88, 0x88, 0x89, 0x99, 0x88, 
	0x66, 0x87, 0x78, 0x89, 0x98, 0x88, 0x98, 0x83, 
	0x38, 0x88, 0x89, 0x77, 0x88, 0x88, 0x79, 0x83, 
	0x05, 0x37, 0x88, 0x87, 0x89, 0x88, 0x88, 0x88, 
	0x36, 0x69, 0x88, 0x88, 0x88, 0x89, 0x29, 0x88, 
	0x66, 0x77, 0x79, 0x89, 0x98, 0x88, 0x98, 0x83, 
	0x38, 0x87, 0x89, 0x77, 0x88, 0x88, 0x89, 0x83, 
	0x05, 0x67, 0x88, 0x88, 0x89, 0x88, 0x88, 0x88, 
	0x36, 0x69, 0x78, 0x88, 0x88, 0x88, 0x29, 0x88, 
	0x66, 0x77, 0x78, 0x89, 0x98, 0x88, 0x98, 0x83, 
	0x38, 0x77, 0x89, 0x77, 0x98, 0x88, 0x89, 0x82, 
	0x00, 0x67, 0x78, 0x88, 0x82, 0x88, 0x88, 0x88, 
	0x36, 0x69, 0x78, 0x88, 0x88, 0x88, 0x29, 0x88, 
	0x66, 0x77, 0x78, 0x88, 0x98, 0x88, 0x99, 0x93, 
	0x38, 0x87, 0x89, 0x77, 0x99, 0x88, 0x89, 0x82, 
	0x00, 0x67, 0x78, 0x88, 0x82, 0x88, 0x88, 0x88, 
	0x36, 0x69, 0x78, 0x88, 0x88, 0x88, 0x29, 0x88, 
	0x66, 0x77, 0x79, 0x78, 0x98, 0x88, 0x99, 0x83, 
	0x38, 0x87, 0x89, 0x77, 0x99, 0x78, 0x88, 0x83, 
	0xbb, 0x17, 0x88, 0x89, 0x82, 0x88, 0x98, 0x88, 
	0x26, 0x69, 0x78, 0x88, 0x88, 0x88, 0x29, 0x88, 
	0x66, 0x77, 0x89, 0x78, 0x98, 0x88, 0x89, 0x83, 
	0x38, 0x87, 0x89, 0x87, 0x99, 0x78, 0x88, 0x83, 
	0xbb, 0x18, 0x88, 0x89, 0x89, 0x98, 0x98, 0x88, 
	0x96, 0x68, 0x78, 0x78, 0x88, 0x88, 0x29, 0x88, 
	0x36, 0x77, 0x89, 0x78, 0x98, 0x88, 0x89, 0x83, 
	0x68, 0x87, 0x89, 0x87, 0x82, 0x88, 0x78, 0x83, 
	0xbb, 0x18, 0x78, 0x89, 0x88, 0x98, 0x98, 0x88, 
	0x96, 0x68, 0x78, 0x78, 0x88, 0x78, 0x29, 0x88, 
	0x36, 0x87, 0x89, 0x88, 0x98, 0x88, 0x89, 0x83, 
	0x38, 0x87, 0x89, 0x87, 0x82, 0x88, 0x78, 0x83, 
	0x00, 0xb8, 0x78, 0x89, 0x88, 0x98, 0x98, 0x88, 
	0x86, 0x68, 0x88, 0x78, 0x88, 0x89, 0x29, 0x88, 
	0x36, 0x77, 0x88, 0x88, 0x98, 0x88, 0x88, 0x83, 
	0x68, 0x87, 0x89, 0x87, 0x82, 0x88, 0x78, 0x83, 
	0x00, 0xb9, 0x77, 0x89, 0x88, 0x98, 0x99, 0x88, 
	0x86, 0x68, 0x88, 0x78, 0x88, 0x89, 0x29, 0x98, 
	0x36, 0x77, 0x88, 0x88, 0x98, 0x88, 0x78, 0x83, 
	0x68, 0x87, 0x89, 0x87, 0x82, 0x88, 0x88, 0x83, 
	0x00, 0x02, 0x77, 0x89, 0x88, 0x98, 0x99, 0x88, 
	0x73, 0x67, 0x88, 0x88, 0x88, 0x88, 0x99, 0x98, 
	0x36, 0x77, 0x89, 0x88, 0x98, 0x88, 0x78, 0x83, 
	0x68, 0x87, 0x89, 0x87, 0x82, 0x78, 0x88, 0x83, 
	0x00, 0x03, 0x77, 0x89, 0x88, 0x88, 0x99, 0x88, 
	0x83, 0x67, 0x88, 0x89, 0x88, 0x88, 0x98, 0x98, 
	0x36, 0x87, 0x78, 0x88, 0x98, 0x88, 0x78, 0x83, 
	0x68, 0x87, 0x89, 0x87, 0x83, 0x78, 0x88, 0x83, 
	0x00, 0x03, 0x78, 0x89, 0x88, 0x88, 0x99, 0x88, 
	0x83, 0x67, 0x88, 0x89, 0x88, 0x88, 0x98, 0x88, 
	0x36, 0x87, 0x78, 0x88, 0x98, 0x88, 0x87, 0x73, 
	0x69, 0x88, 0x89, 0x87, 0x83, 0x77, 0x88, 0x83, 
	0x00, 0x06, 0x78, 0x88, 0x89, 0x88, 0x99, 0x88, 
	0x83, 0x67, 0x88, 0x89, 0x88, 0x88, 0x88, 0x88, 
	0x36, 0x87, 0x78, 0x88, 0x97, 0x88, 0x87, 0x73, 
	0x69, 0x88, 0x89, 0x87, 0x93, 0x87, 0x87, 0x83, 
	0x00, 0x06, 0x78, 0x88, 0x89, 0x87, 0x99, 0x88, 
	0x83, 0x67, 0x88, 0x99, 0x88, 0x88, 0x88, 0x88, 
	0x36, 0x87, 0x78, 0x88, 0x97, 0x88, 0x87, 0x83, 
	0x69, 0x88, 0x88, 0x87, 0x93, 0x87, 0x88, 0x83, 
	0x00, 0x06, 0x78, 0x78, 0x89, 0x87, 0x99, 0x88, 
	0x83, 0x67, 0x88, 0x89, 0x88, 0x88, 0x88, 0x88, 
	0x36, 0x77, 0x78, 0x88, 0x97, 0x88, 0x87, 0x83, 
	0x69, 0x88, 0x88, 0x97, 0x93, 0x88, 0x87, 0x83, 
	0x00, 0x06, 0x78, 0x78, 0x88, 0x87, 0x99, 0x88, 
	0x72, 0x68, 0x88, 0x89, 0x98, 0x89, 0x88, 0x88, 
	0x36, 0x77, 0x78, 0x78, 0x97, 0x88, 0x87, 0x93, 
	0x69, 0x88, 0x78, 0x87, 0x29, 0x88, 0x88, 0x83, 
	0x55, 0x06, 0x78, 0x78, 0x88, 0x87, 0x89, 0x88, 
	0x72, 0x68, 0x88, 0x89, 0x98, 0x89, 0x88, 0x88, 
	0x36, 0x77, 0x78, 0x78, 0x97, 0x88, 0x87, 0x93, 
	0xb9, 0x78, 0x88, 0x87, 0x88, 0x88, 0x88, 0x86, 
	0x55, 0x51, 0x78, 0x78, 0x88, 0x87, 0x89, 0x88, 
	0x82, 0x68, 0x88, 0x89, 0x99, 0x89, 0x88, 0x88, 
	0x36, 0x87, 0x78, 0x88, 0x97, 0x88, 0x87, 0x93, 
	0x09, 0x78, 0x88, 0x87, 0x78, 0x88, 0x88, 0x96, 
	0x55, 0x50, 0x38, 0x78, 0x88, 0x87, 0x88, 0x88, 
	0x82, 0x69, 0x88, 0x89, 0x99, 0x89, 0x88, 0x88, 
	0x25, 0x87, 0x78, 0x88, 0x97, 0x88, 0x87, 0x93, 
	0x02, 0x78, 0x78, 0x87, 0x78, 0x88, 0x88, 0x86, 
	0x00, 0x00, 0x66, 0x78, 0x98, 0x87, 0x88, 0x88, 
	0x82, 0x59, 0x88, 0x79, 0x98, 0x89, 0x88, 0x88, 
	0x35, 0x87, 0x78, 0x88, 0x97, 0x88, 0x77, 0x96, 
	0x09, 0x77, 0x78, 0x87, 0x78, 0x88, 0x88, 0x86, 
	0x00, 0x13, 0xd6, 0x36, 0x63, 0x22, 0x33, 0x22, 
	0x22, 0x09, 0x87, 0x79, 0x92, 0x32, 0x88, 0x88, 
	0x25, 0x77, 0x89, 0x26, 0x63, 0x98, 0x79, 0x36, 
	0x13, 0x92, 0x99, 0x92, 0x78, 0x88, 0x88, 0x21, 
	0x11, 0xdd, 0xb6, 0x66, 0x66, 0x66, 0x66, 0x66, 
	0x66, 0x13, 0x22, 0x82, 0x36, 0x16, 0x28, 0x87, 
	0x21, 0x23, 0x66, 0x61, 0x16, 0x63, 0x36, 0x13, 
	0x66, 0x66, 0x66, 0x66, 0x23, 0x22, 0x26, 0x61, 
	0xdd, 0xd1, 0xbb, 0x63, 0xd3, 0x16, 0x66, 0x66, 
	0x63, 0x66, 0x66, 0x36, 0x16, 0x61, 0x63, 0x28, 
	0x31, 0x66, 0x66, 0x63, 0x36, 0x66, 0x66, 0x6b, 
	0xe6, 0x16, 0x11, 0x66, 0x66, 0x66, 0x61, 0x13, 
	0x8d, 0x88, 0x8b, 0xbb, 0xcd, 0x3d, 0xab, 0xdb, 
	0xdb, 0xb6, 0x11, 0x11, 0x3d, 0xb6, 0x11, 0x66, 
	0x13, 0xbb, 0xbb, 0xbb, 0xbd, 0x33, 0xdd, 0xdb, 
	0xcc, 0xbb, 0xbd, 0xdd, 0x33, 0x36, 0x11, 0x3d, 
	0x00, 0xbb, 0x97, 0x7a, 0xce, 0xea, 0xca, 0xac, 
	0xab, 0xee, 0xd3, 0xdd, 0xab, 0xeb, 0xb3, 0x66, 
	0x6a, 0xcc, 0xca, 0xaa, 0xaa, 0xaa, 0xbb, 0xb3, 
	0xbc, 0xcc, 0xcc, 0xab, 0xaa, 0xad, 0x3b, 0xd3, 
	0x00, 0x0b, 0x27, 0x88, 0x88, 0x87, 0xeb, 0x8a, 
	0xb9, 0xae, 0xba, 0xec, 0xca, 0xee, 0xee, 0xea, 
	0xab, 0x77, 0x78, 0x78, 0x87, 0x87, 0x77, 0x25, 
	0x38, 0x88, 0x2d, 0xee, 0xea, 0xaa, 0xbb, 0x76, 
	0x00, 0x00, 0x28, 0x88, 0x87, 0x88, 0x87, 0x77, 
	0x81, 0x03, 0x77, 0x78, 0x91, 0xdb, 0x87, 0xba, 
	0x24, 0x87, 0x88, 0x88, 0x77, 0x88, 0x78, 0x25, 
	0x28, 0x87, 0x36, 0x77, 0x72, 0x87, 0x88, 0x83, 
	0x55, 0x00, 0x37, 0x88, 0x77, 0x89, 0x36, 0x63, 
	0x10, 0x01, 0x77, 0x77, 0x90, 0x59, 0x87, 0x78, 
	0x64, 0x87, 0x77, 0x77, 0x29, 0x77, 0x78, 0x65, 
	0x67, 0x77, 0x31, 0x88, 0x73, 0x97, 0x88, 0x83, 
	0x55, 0x00, 0x18, 0x88, 0x26, 0x15, 0x55, 0x55, 
	0x00, 0x00, 0x33, 0x23, 0x10, 0x56, 0x39, 0x23, 
	0x64, 0x11, 0x66, 0x33, 0x11, 0x93, 0x31, 0x55, 
	0x53, 0x27, 0x30, 0x87, 0x76, 0x62, 0x29, 0x91, 
	
};

Gfx bob_dl__2EB6628BD0351A22F3163295E64E9B63_ci4_pal_rgba16_aligner[] = {gsSPEndDisplayList()};
u8 bob_dl__2EB6628BD0351A22F3163295E64E9B63_ci4_pal_rgba16[] = {
	0x6a, 0x8d, 0x20, 0x83, 0x51, 0x45, 0x41, 0x05, 
	0x83, 0x0f, 0x72, 0xcd, 0x30, 0xc3, 0x6a, 0x09, 
	0x61, 0xc7, 0x59, 0x85, 0x6a, 0xcf, 0x5a, 0x4d, 
	0x83, 0xd7, 0x4a, 0x09, 0x73, 0x53, 
};

Gfx bob_dl_Texture0201_RGB_ci8_ci8_aligner[] = {gsSPEndDisplayList()};
u8 bob_dl_Texture0201_RGB_ci8_ci8[] = {
	0x00, 0x01, 0x02, 0x03, 0x04, 0x05, 0x06, 0x07, 
	0x02, 0x08, 0x02, 0x09, 0x0a, 0x0b, 0x09, 0x0c, 
	0x0d, 0x0e, 0x07, 0x0f, 0x0e, 0x10, 0x0e, 0x06, 
	0x11, 0x12, 0x13, 0x14, 0x02, 0x13, 0x15, 0x16, 
	0x02, 0x17, 0x03, 0x18, 0x19, 0x1a, 0x06, 0x03, 
	0x1b, 0x1c, 0x03, 0x06, 0x06, 0x1d, 0x1e, 0x1f, 
	0x0a, 0x07, 0x07, 0x20, 0x0f, 0x21, 0x22, 0x23, 
	0x11, 0x13, 0x12, 0x24, 0x03, 0x03, 0x07, 0x10, 
	0x25, 0x26, 0x05, 0x27, 0x28, 0x29, 0x2a, 0x2b, 
	0x0b, 0x2c, 0x13, 0x03, 0x2d, 0x2d, 0x2e, 0x0c, 
	0x0c, 0x1f, 0x09, 0x07, 0x2f, 0x24, 0x30, 0x25, 
	0x31, 0x13, 0x24, 0x32, 0x03, 0x03, 0x07, 0x33, 
	0x26, 0x34, 0x05, 0x19, 0x35, 0x02, 0x14, 0x0b, 
	0x36, 0x12, 0x1f, 0x29, 0x1a, 0x04, 0x37, 0x03, 
	0x04, 0x1e, 0x0c, 0x38, 0x13, 0x18, 0x39, 0x1e, 
	0x02, 0x12, 0x13, 0x24, 0x03, 0x03, 0x02, 0x3a, 
	0x06, 0x2d, 0x05, 0x3b, 0x3c, 0x13, 0x1f, 0x31, 
	0x2c, 0x03, 0x19, 0x14, 0x02, 0x3d, 0x15, 0x02, 
	0x02, 0x0c, 0x08, 0x03, 0x13, 0x3b, 0x16, 0x0a, 
	0x03, 0x1c, 0x1c, 0x03, 0x1c, 0x02, 0x3e, 0x3f, 
	0x1f, 0x05, 0x13, 0x40, 0x41, 0x03, 0x1f, 0x3d, 
	0x1a, 0x03, 0x03, 0x42, 0x1c, 0x43, 0x09, 0x13, 
	0x0b, 0x15, 0x44, 0x0c, 0x02, 0x45, 0x12, 0x16, 
	0x0c, 0x02, 0x42, 0x42, 0x1f, 0x11, 0x46, 0x2f, 
	0x47, 0x48, 0x0c, 0x13, 0x49, 0x24, 0x1e, 0x1a, 
	0x1a, 0x4a, 0x1c, 0x1f, 0x06, 0x4b, 0x4c, 0x3d, 
	0x03, 0x00, 0x0c, 0x4d, 0x1c, 0x18, 0x27, 0x0a, 
	0x1f, 0x03, 0x24, 0x2f, 0x4e, 0x4f, 0x20, 0x4d, 
	0x13, 0x15, 0x05, 0x50, 0x1c, 0x29, 0x02, 0x02, 
	0x12, 0x51, 0x3b, 0x19, 0x1a, 0x07, 0x25, 0x0f, 
	0x11, 0x1f, 0x02, 0x52, 0x49, 0x2c, 0x1c, 0x0a, 
	0x02, 0x12, 0x53, 0x54, 0x55, 0x09, 0x00, 0x56, 
	0x4a, 0x48, 0x15, 0x06, 0x03, 0x57, 0x06, 0x03, 
	0x1a, 0x32, 0x18, 0x12, 0x47, 0x06, 0x37, 0x25, 
	0x1f, 0x58, 0x13, 0x4d, 0x37, 0x3b, 0x44, 0x57, 
	0x16, 0x54, 0x59, 0x5a, 0x07, 0x5b, 0x5b, 0x3d, 
	0x5c, 0x37, 0x1e, 0x4c, 0x1e, 0x08, 0x06, 0x38, 
	0x5c, 0x12, 0x5d, 0x49, 0x1c, 0x5b, 0x0b, 0x04, 
	0x2d, 0x03, 0x1c, 0x1c, 0x2a, 0x4e, 0x03, 0x02, 
	0x5e, 0x5f, 0x20, 0x05, 0x60, 0x27, 0x04, 0x3d, 
	0x13, 0x35, 0x15, 0x37, 0x00, 0x07, 0x05, 0x1b, 
	0x61, 0x5d, 0x3d, 0x1a, 0x2c, 0x04, 0x00, 0x37, 
	0x43, 0x5c, 0x13, 0x03, 0x27, 0x62, 0x03, 0x3d, 
	0x04, 0x63, 0x02, 0x2d, 0x64, 0x03, 0x1a, 0x5b, 
	0x07, 0x23, 0x0b, 0x2d, 0x27, 0x27, 0x09, 0x1a, 
	0x2c, 0x40, 0x65, 0x5b, 0x3d, 0x09, 0x05, 0x1a, 
	0x00, 0x37, 0x1c, 0x32, 0x5c, 0x1a, 0x04, 0x1d, 
	0x1a, 0x64, 0x64, 0x3d, 0x66, 0x1c, 0x04, 0x12, 
	0x1f, 0x67, 0x05, 0x2d, 0x18, 0x1a, 0x1f, 0x66, 
	0x41, 0x4a, 0x1b, 0x40, 0x13, 0x02, 0x02, 0x5b, 
	0x13, 0x1f, 0x13, 0x1b, 0x32, 0x13, 0x1d, 0x68, 
	0x3d, 0x06, 0x3d, 0x69, 0x6a, 0x1c, 0x18, 0x04, 
	0x13, 0x1d, 0x13, 0x13, 0x19, 0x41, 0x4c, 0x27, 
	0x49, 0x14, 0x03, 0x54, 0x20, 0x09, 0x11, 0x03, 
	0x1c, 0x1c, 0x13, 0x47, 0x32, 0x6b, 0x0b, 0x6c, 
	0x0b, 0x02, 0x0c, 0x2b, 0x07, 0x05, 0x31, 0x37, 
	0x13, 0x1d, 0x2d, 0x62, 0x12, 0x24, 0x1e, 0x03, 
	0x0c, 0x6d, 0x0e, 0x04, 0x6e, 0x2c, 0x0b, 0x54, 
	0x11, 0x03, 0x04, 0x12, 0x02, 0x3d, 0x60, 0x6c, 
	0x2b, 0x00, 0x1a, 0x50, 0x58, 0x6f, 0x54, 0x1a, 
	0x5c, 0x03, 0x05, 0x18, 0x1a, 0x70, 0x71, 0x26, 
	0x72, 0x1a, 0x73, 0x74, 0x75, 0x5d, 0x76, 0x77, 
	0x6f, 0x25, 0x09, 0x78, 0x12, 0x13, 0x2b, 0x2d, 
	0x13, 0x1a, 0x31, 0x19, 0x43, 0x1d, 0x44, 0x12, 
	0x63, 0x13, 0x2d, 0x5c, 0x1b, 0x74, 0x79, 0x7a, 
	0x04, 0x2c, 0x12, 0x61, 0x4a, 0x12, 0x7b, 0x64, 
	0x77, 0x7c, 0x37, 0x1f, 0x1c, 0x0c, 0x02, 0x2b, 
	0x13, 0x02, 0x1c, 0x6c, 0x3d, 0x6c, 0x2b, 0x1f, 
	0x37, 0x0c, 0x03, 0x62, 0x27, 0x40, 0x7d, 0x00, 
	0x3d, 0x27, 0x7e, 0x27, 0x7f, 0x80, 0x2c, 0x5c, 
	0x75, 0x73, 0x13, 0x08, 0x5c, 0x06, 0x29, 0x19, 
	0x03, 0x5c, 0x42, 0x02, 0x43, 0x3d, 0x37, 0x0c, 
	0x4c, 0x1c, 0x00, 0x5b, 0x1c, 0x11, 0x35, 0x37, 
	0x12, 0x38, 0x81, 0x2c, 0x27, 0x3b, 0x2c, 0x1c, 
	0x70, 0x1a, 0x1c, 0x11, 0x2b, 0x82, 0x2b, 0x13, 
	0x3f, 0x2d, 0x00, 0x1a, 0x83, 0x1a, 0x2d, 0x0a, 
	0x0f, 0x5c, 0x5b, 0x62, 0x0c, 0x71, 0x5c, 0x5b, 
	0x32, 0x1a, 0x3b, 0x18, 0x38, 0x27, 0x32, 0x1c, 
	0x2d, 0x1b, 0x1a, 0x00, 0x44, 0x1c, 0x1c, 0x2d, 
	0x03, 0x50, 0x03, 0x6c, 0x03, 0x02, 0x29, 0x84, 
	0x0a, 0x1f, 0x04, 0x11, 0x46, 0x37, 0x1a, 0x1c, 
	0x1c, 0x62, 0x5d, 0x27, 0x37, 0x2c, 0x70, 0x6c, 
	0x1c, 0x70, 0x70, 0x2d, 0x29, 0x0b, 0x2d, 0x2d, 
	0x1c, 0x42, 0x03, 0x02, 0x12, 0x14, 0x03, 0x0c, 
	0x1e, 0x1c, 0x00, 0x11, 0x7d, 0x1f, 0x1c, 0x62, 
	0x1f, 0x5b, 0x85, 0x4a, 0x40, 0x18, 0x5b, 0x1d, 
	0x2b, 0x1a, 0x04, 0x1f, 0x49, 0x6c, 0x86, 0x7c, 
	0x2b, 0x1c, 0x87, 0x03, 0x1a, 0x0c, 0x02, 0x5c, 
	0x0f, 0x3f, 0x35, 0x88, 0x71, 0x11, 0x00, 0x2d, 
	0x2d, 0x64, 0x6c, 0x27, 0x5d, 0x18, 0x5c, 0x1a, 
	0x2d, 0x03, 0x0c, 0x89, 0x6c, 0x1c, 0x05, 0x03, 
	0x03, 0x2d, 0x29, 0x5c, 0x12, 0x24, 0x03, 0x04, 
	0x0f, 0x23, 0x15, 0x1f, 0x6c, 0x20, 0x1e, 0x63, 
	0x0b, 0x8a, 0x80, 0x27, 0x0b, 0x2d, 0x1d, 0x03, 
	0x13, 0x1b, 0x7a, 0x7a, 0x15, 0x1c, 0x2b, 0x13, 
	0x5c, 0x50, 0x2d, 0x0b, 0x19, 0x1a, 0x13, 0x4c, 
	0x63, 0x48, 0x67, 0x8b, 0x2b, 0x15, 0x08, 0x05, 
	0x04, 0x5c, 0x12, 0x13, 0x37, 0x02, 0x1f, 0x15, 
	0x05, 0x7a, 0x79, 0x32, 0x2b, 0x05, 0x5c, 0x0b, 
	0x27, 0x1f, 0x64, 0x8c, 0x3f, 0x14, 0x03, 0x20, 
	0x02, 0x8d, 0x8e, 0x1c, 0x7c, 0x1c, 0x28, 0x1f, 
	0x07, 0x4c, 0x07, 0x0a, 0x20, 0x71, 0x7a, 0x35, 
	0x3f, 0x07, 0x1a, 0x02, 0x07, 0x50, 0x6c, 0x05, 
	0x8f, 0x32, 0x29, 0x44, 0x3d, 0x50, 0x20, 0x1f, 
	0x2d, 0x90, 0x66, 0x13, 0x2b, 0x5c, 0x1a, 0x1a, 
	0x5b, 0x27, 0x02, 0x18, 0x18, 0x03, 0x03, 0x2d, 
	0x63, 0x6c, 0x1a, 0x02, 0x1c, 0x5c, 0x91, 0x33, 
	0x79, 0x79, 0x3f, 0x79, 0x11, 0x54, 0x20, 0x03, 
	0x6c, 0x0b, 0x05, 0x12, 0x06, 0x6c, 0x4b, 0x2d, 
	0x80, 0x47, 0x5c, 0x40, 0x2b, 0x15, 0x37, 0x1c, 
	0x15, 0x2d, 0x00, 0x04, 0x13, 0x0c, 0x92, 0x93, 
	0x65, 0x65, 0x0b, 0x4c, 0x5e, 0x79, 0x44, 0x1f, 
	0x0b, 0x6c, 0x2d, 0x05, 0x1c, 0x94, 0x2d, 0x00, 
	0x2c, 0x61, 0x04, 0x95, 0x03, 0x08, 0x1f, 0x04, 
	0x6c, 0x2b, 0x37, 0x03, 0x64, 0x4e, 0x96, 0x32, 
	0x13, 0x62, 0x1b, 0x97, 0x44, 0x44, 0x86, 0x1f, 
	0x05, 0x15, 0x07, 0x37, 0x11, 0x1c, 0x6c, 0x0a, 
	0x12, 0x61, 0x07, 0x3d, 0x0f, 0x1f, 0x05, 0x1f, 
	0x27, 0x6c, 0x2d, 0x04, 0x3d, 0x1e, 0x09, 0x2c, 
	0x5b, 0x62, 0x62, 0x5b, 0x98, 0x2b, 0x02, 0x87, 
	0x15, 0x2b, 0x05, 0x6c, 0x1c, 0x13, 0x5c, 0x02, 
	0x02, 0x1a, 0x07, 0x00, 0x07, 0x5c, 0x08, 0x1f, 
	0x02, 0x2b, 0x26, 0x13, 0x0c, 0x35, 0x15, 0x1c, 
	0x03, 0x1a, 0x62, 0x3b, 0x27, 0x99, 0x2b, 0x0a, 
	0x26, 0x1c, 0x03, 0x12, 0x9a, 0x5c, 0x03, 0x15, 
	0x1f, 0x1e, 0x4b, 0x15, 0x23, 0x08, 0x14, 0x5c, 
	0x11, 0x09, 0x07, 0x08, 0x11, 0x9b, 0x15, 0x4b, 
	0x03, 0x13, 0x27, 0x1a, 0x1c, 0x1a, 0x4b, 0x7a, 
	
};

Gfx bob_dl_Texture0201_RGB_ci8_pal_rgba16_aligner[] = {gsSPEndDisplayList()};
u8 bob_dl_Texture0201_RGB_ci8_pal_rgba16[] = {
	0x94, 0x5d, 0x83, 0x59, 0x94, 0x1b, 0x9c, 0x5d, 
	0xac, 0xe3, 0x9c, 0x5f, 0x93, 0xdb, 0x8b, 0x99, 
	0x83, 0x57, 0x83, 0x97, 0x7b, 0x15, 0xbd, 0x67, 
	0x8b, 0x97, 0x6a, 0xd5, 0x6a, 0xd3, 0x73, 0x15, 
	0x39, 0x49, 0x83, 0x55, 0xac, 0x9f, 0xa4, 0x9f, 
	0x9c, 0x1b, 0x94, 0x1d, 0x5a, 0x4f, 0x73, 0x17, 
	0xbd, 0x23, 0xa4, 0x5d, 0xb4, 0xe3, 0xc5, 0xa7, 
	0xac, 0xa1, 0xa4, 0xa3, 0x7b, 0x55, 0x93, 0xd9, 
	0x72, 0xd3, 0x52, 0x0f, 0x41, 0xcd, 0x83, 0x99, 
	0xa4, 0x9d, 0x7b, 0x57, 0x8b, 0xdb, 0xb4, 0xe1, 
	0xa4, 0x5f, 0x93, 0x97, 0x8b, 0x95, 0xac, 0xa3, 
	0xc5, 0x65, 0xa4, 0xa1, 0xa4, 0xe3, 0xa4, 0x5b, 
	0x31, 0x09, 0x94, 0x19, 0x9c, 0x5b, 0x49, 0x8b, 
	0x8b, 0x9b, 0x62, 0x91, 0xde, 0x71, 0x9c, 0x9f, 
	0xac, 0xe1, 0x39, 0x4b, 0x51, 0xcd, 0xac, 0x9d, 
	0xb4, 0x9d, 0xb5, 0x25, 0x83, 0x53, 0x62, 0x4f, 
	0xcd, 0xa7, 0xbc, 0xe3, 0x9c, 0x19, 0xc5, 0xa9, 
	0x7b, 0x13, 0xbc, 0xdf, 0x49, 0xcb, 0xb4, 0x9f, 
	0xac, 0xe5, 0xb4, 0xa1, 0xbc, 0xe1, 0x9c, 0xa1, 
	0x8b, 0xd9, 0x8b, 0x55, 0x72, 0xd1, 0x39, 0x47, 
	0x93, 0xd7, 0xb4, 0xdf, 0x94, 0x5b, 0xa4, 0x9b, 
	0x6a, 0x8f, 0x41, 0x49, 0xb5, 0x65, 0x73, 0x13, 
	0xbd, 0xa7, 0x51, 0x89, 0x49, 0x89, 0xbd, 0x65, 
	0xbd, 0x25, 0xc5, 0x23, 0x41, 0x89, 0x28, 0xc5, 
	0xcd, 0xa9, 0xcd, 0xa5, 0xb5, 0x23, 0x94, 0x5f, 
	0xcd, 0xeb, 0xd6, 0x2d, 0xc5, 0x25, 0xb5, 0x27, 
	0xbd, 0x27, 0xbd, 0xa9, 0xc5, 0xeb, 0xb5, 0x67, 
	0xb4, 0xe5, 0x62, 0x8f, 0xce, 0x2b, 0xbd, 0x69, 
	0xcd, 0xe9, 0x6a, 0xd1, 0x49, 0xcd, 0xd5, 0xe9, 
	0xde, 0x6d, 0xd5, 0xe7, 0xde, 0x2b, 0xd6, 0x6f, 
	0x9c, 0x9d, 0x5a, 0x0d, 0x6a, 0x91, 0xe6, 0xaf, 
	0xc5, 0x67, 0x51, 0xcb, 0xd5, 0xa7, 0xd5, 0xa5, 
	0xde, 0x29, 0xcd, 0x65, 0x9c, 0x1f, 0xbd, 0xab, 
	0x7a, 0xd3, 0xbd, 0x21, 0x8b, 0x57, 0x93, 0x99, 
	0x52, 0x0d, 0x62, 0x51, 0xd6, 0x2b, 0xd6, 0x2f, 
	0xc5, 0xab, 0xb5, 0xa9, 0xcd, 0xab, 0x7a, 0xd1, 
	0xbd, 0xed, 0x8b, 0x59, 0x39, 0x07, 0x72, 0x91, 
	0xb4, 0xa3, 0xce, 0x2d, 0x59, 0xcb, 0xd6, 0x71, 
	0xde, 0xb3, 0xce, 0x2f, 0x9c, 0x1d, 0x5a, 0x51, 
	
};

Gfx bob_dl_frs_step_01_3C680_ci8_ci8_aligner[] = {gsSPEndDisplayList()};
u8 bob_dl_frs_step_01_3C680_ci8_ci8[] = {
	0x00, 0x00, 0x01, 0x02, 0x03, 0x04, 0x05, 0x05, 
	0x05, 0x06, 0x05, 0x05, 0x05, 0x06, 0x06, 0x06, 
	0x06, 0x06, 0x06, 0x06, 0x06, 0x06, 0x06, 0x06, 
	0x06, 0x06, 0x06, 0x06, 0x06, 0x06, 0x06, 0x06, 
	0x05, 0x05, 0x05, 0x05, 0x05, 0x05, 0x05, 0x05, 
	0x05, 0x05, 0x05, 0x05, 0x05, 0x05, 0x05, 0x05, 
	0x05, 0x05, 0x05, 0x05, 0x05, 0x05, 0x05, 0x05, 
	0x05, 0x05, 0x04, 0x03, 0x02, 0x01, 0x00, 0x07, 
	0x01, 0x00, 0x01, 0x08, 0x02, 0x04, 0x06, 0x09, 
	0x09, 0x09, 0x05, 0x09, 0x09, 0x09, 0x09, 0x09, 
	0x09, 0x09, 0x09, 0x09, 0x09, 0x09, 0x09, 0x09, 
	0x09, 0x09, 0x06, 0x06, 0x09, 0x09, 0x06, 0x09, 
	0x09, 0x09, 0x0a, 0x0a, 0x0a, 0x0a, 0x09, 0x0a, 
	0x0a, 0x09, 0x09, 0x09, 0x09, 0x09, 0x09, 0x09, 
	0x09, 0x06, 0x06, 0x06, 0x09, 0x09, 0x09, 0x06, 
	0x09, 0x06, 0x04, 0x02, 0x02, 0x01, 0x00, 0x0b, 
	0x01, 0x00, 0x0c, 0x0d, 0x02, 0x0e, 0x09, 0x09, 
	0x09, 0x09, 0x0f, 0x10, 0x11, 0x0f, 0x0f, 0x12, 
	0x0f, 0x0f, 0x0f, 0x0f, 0x0f, 0x0f, 0x0f, 0x0f, 
	0x0f, 0x0f, 0x0f, 0x12, 0x0f, 0x0f, 0x0f, 0x0f, 
	0x12, 0x13, 0x0f, 0x11, 0x0f, 0x0f, 0x0f, 0x0f, 
	0x11, 0x0f, 0x11, 0x11, 0x11, 0x09, 0x09, 0x09, 
	0x0f, 0x11, 0x0f, 0x0f, 0x0f, 0x0f, 0x0f, 0x12, 
	0x0f, 0x11, 0x0e, 0x0d, 0x08, 0x0c, 0x00, 0x07, 
	0x07, 0x00, 0x07, 0x0d, 0x14, 0x15, 0x0f, 0x0f, 
	0x0f, 0x0f, 0x0f, 0x0f, 0x11, 0x0f, 0x0f, 0x12, 
	0x0f, 0x0f, 0x11, 0x0f, 0x11, 0x11, 0x0f, 0x0f, 
	0x0f, 0x0f, 0x0f, 0x0f, 0x0f, 0x0f, 0x0f, 0x0f, 
	0x12, 0x12, 0x0f, 0x12, 0x11, 0x0f, 0x0f, 0x0f, 
	0x0f, 0x0f, 0x11, 0x11, 0x11, 0x0f, 0x11, 0x0f, 
	0x11, 0x11, 0x13, 0x13, 0x11, 0x11, 0x0f, 0x0f, 
	0x0f, 0x0f, 0x15, 0x0d, 0x16, 0x07, 0x00, 0x0c, 
	0x0c, 0x00, 0x07, 0x0d, 0x14, 0x17, 0x11, 0x0f, 
	0x12, 0x0f, 0x0f, 0x0f, 0x0f, 0x0f, 0x11, 0x0f, 
	0x11, 0x11, 0x11, 0x11, 0x11, 0x11, 0x0f, 0x0f, 
	0x0f, 0x0f, 0x0f, 0x0f, 0x0f, 0x0f, 0x0f, 0x0f, 
	0x0f, 0x0f, 0x0f, 0x0f, 0x11, 0x11, 0x11, 0x0f, 
	0x0f, 0x0f, 0x11, 0x11, 0x11, 0x0f, 0x11, 0x0f, 
	0x11, 0x11, 0x11, 0x11, 0x11, 0x11, 0x0f, 0x0f, 
	0x0f, 0x0f, 0x15, 0x0d, 0x16, 0x07, 0x00, 0x0c, 
	0x0c, 0x0c, 0x07, 0x16, 0x16, 0x15, 0x12, 0x14, 
	0x03, 0x03, 0x03, 0x18, 0x03, 0x18, 0x18, 0x18, 
	0x03, 0x03, 0x03, 0x03, 0x03, 0x08, 0x08, 0x16, 
	0x08, 0x08, 0x02, 0x02, 0x02, 0x08, 0x08, 0x0d, 
	0x08, 0x08, 0x16, 0x0d, 0x16, 0x08, 0x16, 0x02, 
	0x02, 0x02, 0x0d, 0x0d, 0x08, 0x16, 0x14, 0x16, 
	0x16, 0x16, 0x16, 0x16, 0x16, 0x16, 0x0c, 0x0c, 
	0x19, 0x1a, 0x15, 0x16, 0x16, 0x07, 0x0c, 0x0c, 
	0x1b, 0x1c, 0x1c, 0x16, 0x16, 0x0e, 0x09, 0x1d, 
	0x1d, 0x1e, 0x02, 0x03, 0x03, 0x03, 0x03, 0x03, 
	0x02, 0x1f, 0x16, 0x03, 0x03, 0x16, 0x08, 0x08, 
	0x08, 0x08, 0x08, 0x16, 0x16, 0x16, 0x0d, 0x0d, 
	0x16, 0x14, 0x08, 0x08, 0x08, 0x08, 0x08, 0x08, 
	0x08, 0x16, 0x08, 0x08, 0x08, 0x08, 0x08, 0x08, 
	0x20, 0x20, 0x18, 0x03, 0x03, 0x03, 0x02, 0x02, 
	0x21, 0x22, 0x10, 0x13, 0x08, 0x1c, 0x1c, 0x1b, 
	0x1b, 0x1c, 0x1c, 0x14, 0x0d, 0x22, 0x23, 0x09, 
	0x09, 0x09, 0x0d, 0x0d, 0x08, 0x08, 0x0d, 0x0d, 
	0x16, 0x16, 0x14, 0x14, 0x14, 0x14, 0x0d, 0x16, 
	0x0d, 0x0d, 0x14, 0x16, 0x14, 0x0d, 0x14, 0x14, 
	0x14, 0x14, 0x14, 0x14, 0x14, 0x14, 0x0d, 0x13, 
	0x0d, 0x0d, 0x14, 0x13, 0x13, 0x13, 0x0d, 0x13, 
	0x0d, 0x0d, 0x08, 0x08, 0x0d, 0x0d, 0x02, 0x0d, 
	0x22, 0x15, 0x10, 0x13, 0x08, 0x1c, 0x1c, 0x1b, 
	0x1b, 0x1c, 0x1c, 0x0d, 0x14, 0x22, 0x23, 0x09, 
	0x0a, 0x0a, 0x0d, 0x13, 0x14, 0x0f, 0x13, 0x13, 
	0x14, 0x14, 0x13, 0x13, 0x13, 0x13, 0x12, 0x12, 
	0x12, 0x12, 0x12, 0x13, 0x12, 0x12, 0x12, 0x13, 
	0x0f, 0x13, 0x13, 0x12, 0x12, 0x13, 0x12, 0x12, 
	0x0f, 0x12, 0x12, 0x13, 0x13, 0x13, 0x12, 0x0f, 
	0x13, 0x13, 0x13, 0x12, 0x12, 0x0f, 0x12, 0x12, 
	0x22, 0x15, 0x10, 0x13, 0x08, 0x1c, 0x1c, 0x1b, 
	0x1b, 0x24, 0x1c, 0x14, 0x14, 0x22, 0x23, 0x05, 
	0x09, 0x09, 0x0f, 0x0f, 0x0f, 0x0f, 0x0f, 0x0f, 
	0x0f, 0x0f, 0x0f, 0x0f, 0x12, 0x12, 0x0f, 0x0f, 
	0x0f, 0x12, 0x12, 0x12, 0x12, 0x0f, 0x0f, 0x0f, 
	0x0f, 0x0f, 0x0f, 0x0f, 0x0f, 0x0f, 0x0f, 0x0f, 
	0x11, 0x11, 0x12, 0x12, 0x12, 0x0f, 0x0f, 0x0f, 
	0x11, 0x11, 0x13, 0x0f, 0x0f, 0x10, 0x12, 0x12, 
	0x15, 0x15, 0x10, 0x13, 0x16, 0x1c, 0x24, 0x1b, 
	0x0c, 0x00, 0x16, 0x25, 0x26, 0x26, 0x23, 0x23, 
	0x23, 0x06, 0x05, 0x05, 0x05, 0x06, 0x06, 0x06, 
	0x06, 0x06, 0x06, 0x06, 0x06, 0x06, 0x06, 0x06, 
	0x06, 0x06, 0x06, 0x06, 0x06, 0x06, 0x06, 0x06, 
	0x06, 0x06, 0x06, 0x06, 0x06, 0x06, 0x09, 0x09, 
	0x09, 0x09, 0x09, 0x06, 0x06, 0x06, 0x06, 0x06, 
	0x05, 0x05, 0x06, 0x06, 0x06, 0x06, 0x05, 0x05, 
	0x05, 0x05, 0x0e, 0x13, 0x16, 0x00, 0x24, 0x1b, 
	0x0c, 0x00, 0x16, 0x1d, 0x26, 0x26, 0x05, 0x09, 
	0x09, 0x09, 0x05, 0x09, 0x09, 0x11, 0x11, 0x11, 
	0x06, 0x06, 0x06, 0x09, 0x09, 0x09, 0x09, 0x09, 
	0x09, 0x09, 0x09, 0x09, 0x09, 0x0f, 0x0f, 0x0f, 
	0x11, 0x11, 0x0f, 0x11, 0x0f, 0x11, 0x09, 0x09, 
	0x09, 0x06, 0x09, 0x06, 0x06, 0x09, 0x06, 0x06, 
	0x09, 0x06, 0x06, 0x06, 0x06, 0x06, 0x09, 0x05, 
	0x09, 0x05, 0x0e, 0x13, 0x16, 0x00, 0x24, 0x1b, 
	0x0c, 0x00, 0x16, 0x1d, 0x26, 0x06, 0x09, 0x09, 
	0x0a, 0x09, 0x09, 0x09, 0x09, 0x11, 0x0f, 0x0f, 
	0x0a, 0x0a, 0x0a, 0x09, 0x09, 0x0a, 0x09, 0x0a, 
	0x09, 0x09, 0x0a, 0x0a, 0x0a, 0x0f, 0x0f, 0x0f, 
	0x0f, 0x0f, 0x0f, 0x0f, 0x0f, 0x0f, 0x09, 0x0a, 
	0x0a, 0x09, 0x09, 0x0a, 0x0a, 0x09, 0x09, 0x0a, 
	0x0a, 0x0a, 0x0a, 0x0a, 0x0a, 0x0a, 0x0a, 0x0a, 
	0x09, 0x09, 0x0e, 0x13, 0x16, 0x00, 0x24, 0x1b, 
	0x1c, 0x24, 0x1c, 0x14, 0x12, 0x27, 0x11, 0x0f, 
	0x11, 0x11, 0x11, 0x10, 0x11, 0x0f, 0x0f, 0x12, 
	0x0f, 0x0f, 0x0f, 0x0f, 0x0f, 0x0f, 0x0f, 0x0f, 
	0x0f, 0x0f, 0x0f, 0x12, 0x0f, 0x12, 0x0f, 0x0f, 
	0x12, 0x12, 0x0f, 0x11, 0x0f, 0x0f, 0x28, 0x28, 
	0x0f, 0x0f, 0x11, 0x11, 0x11, 0x11, 0x0f, 0x0f, 
	0x0f, 0x0f, 0x0f, 0x0f, 0x0f, 0x12, 0x0f, 0x12, 
	0x0f, 0x11, 0x10, 0x14, 0x16, 0x0c, 0x00, 0x0c, 
	0x0c, 0x0c, 0x0c, 0x14, 0x12, 0x29, 0x10, 0x10, 
	0x10, 0x10, 0x11, 0x11, 0x11, 0x11, 0x11, 0x11, 
	0x10, 0x10, 0x10, 0x28, 0x28, 0x28, 0x11, 0x11, 
	0x11, 0x11, 0x10, 0x10, 0x10, 0x11, 0x11, 0x11, 
	0x10, 0x10, 0x10, 0x11, 0x11, 0x11, 0x28, 0x28, 
	0x11, 0x0f, 0x11, 0x11, 0x11, 0x11, 0x11, 0x11, 
	0x11, 0x11, 0x11, 0x11, 0x11, 0x11, 0x11, 0x11, 
	0x11, 0x11, 0x2a, 0x14, 0x16, 0x0c, 0x0c, 0x07, 
	0x0c, 0x0c, 0x0c, 0x14, 0x12, 0x29, 0x12, 0x1b, 
	0x1b, 0x1b, 0x20, 0x20, 0x20, 0x18, 0x18, 0x18, 
	0x03, 0x03, 0x03, 0x07, 0x07, 0x07, 0x16, 0x16, 
	0x16, 0x16, 0x1b, 0x1b, 0x14, 0x16, 0x16, 0x16, 
	0x1b, 0x1b, 0x1b, 0x20, 0x20, 0x20, 0x2b, 0x2c, 
	0x12, 0x12, 0x12, 0x03, 0x03, 0x20, 0x20, 0x20, 
	0x02, 0x02, 0x02, 0x02, 0x02, 0x02, 0x20, 0x20, 
	0x20, 0x13, 0x2a, 0x14, 0x16, 0x0c, 0x0c, 0x07, 
	0x1b, 0x1b, 0x0c, 0x16, 0x13, 0x29, 0x13, 0x14, 
	0x2d, 0x2d, 0x2e, 0x2f, 0x30, 0x31, 0x32, 0x32, 
	0x31, 0x2f, 0x31, 0x31, 0x31, 0x31, 0x30, 0x30, 
	0x2e, 0x2f, 0x2f, 0x2e, 0x2e, 0x33, 0x34, 0x34, 
	0x07, 0x35, 0x35, 0x20, 0x20, 0x20, 0x03, 0x03, 
	0x16, 0x13, 0x36, 0x36, 0x37, 0x18, 0x30, 0x18, 
	0x20, 0x2e, 0x38, 0x39, 0x33, 0x33, 0x03, 0x03, 
	0x13, 0x13, 0x15, 0x14, 0x0d, 0x0c, 0x1c, 0x1b, 
	0x1b, 0x1c, 0x0c, 0x16, 0x13, 0x29, 0x0f, 0x13, 
	0x08, 0x2d, 0x2e, 0x2e, 0x30, 0x1f, 0x2f, 0x2f, 
	0x1f, 0x31, 0x1f, 0x1f, 0x1f, 0x03, 0x2e, 0x2e, 
	0x2e, 0x2e, 0x2e, 0x2f, 0x2f, 0x34, 0x39, 0x39, 
	0x37, 0x35, 0x35, 0x38, 0x2f, 0x38, 0x03, 0x02, 
	0x08, 0x08, 0x37, 0x37, 0x36, 0x18, 0x30, 0x18, 
	0x20, 0x2e, 0x38, 0x3a, 0x33, 0x33, 0x03, 0x02, 
	0x12, 0x12, 0x15, 0x14, 0x0d, 0x0c, 0x1b, 0x1b, 
	0x1b, 0x1b, 0x01, 0x16, 0x0d, 0x27, 0x11, 0x13, 
	0x12, 0x12, 0x1c, 0x24, 0x24, 0x0d, 0x08, 0x08, 
	0x02, 0x14, 0x16, 0x0d, 0x0d, 0x0d, 0x16, 0x0d, 
	0x0d, 0x0d, 0x0d, 0x0d, 0x0d, 0x1b, 0x1c, 0x1c, 
	0x16, 0x0d, 0x02, 0x16, 0x16, 0x0d, 0x0d, 0x0d, 
	0x16, 0x14, 0x0d, 0x0d, 0x0d, 0x0d, 0x0d, 0x0d, 
	0x0d, 0x14, 0x14, 0x00, 0x3b, 0x3b, 0x0d, 0x0d, 
	0x12, 0x10, 0x0e, 0x13, 0x0d, 0x01, 0x1c, 0x20, 
	0x01, 0x00, 0x0c, 0x16, 0x14, 0x15, 0x23, 0x09, 
	0x0a, 0x0a, 0x13, 0x11, 0x12, 0x13, 0x0a, 0x0a, 
	0x0f, 0x0f, 0x0f, 0x12, 0x13, 0x13, 0x13, 0x0f, 
	0x0f, 0x13, 0x13, 0x11, 0x13, 0x13, 0x13, 0x13, 
	0x0f, 0x13, 0x13, 0x13, 0x12, 0x13, 0x12, 0x12, 
	0x12, 0x13, 0x0f, 0x0f, 0x0f, 0x13, 0x12, 0x11, 
	0x0a, 0x26, 0x0a, 0x12, 0x13, 0x12, 0x26, 0x26, 
	0x09, 0x23, 0x06, 0x13, 0x16, 0x0c, 0x00, 0x0c, 
	0x01, 0x00, 0x0c, 0x16, 0x12, 0x15, 0x23, 0x05, 
	0x05, 0x05, 0x11, 0x11, 0x13, 0x12, 0x09, 0x09, 
	0x11, 0x0f, 0x11, 0x11, 0x12, 0x12, 0x13, 0x11, 
	0x0f, 0x13, 0x0f, 0x0f, 0x0f, 0x13, 0x0f, 0x0f, 
	0x13, 0x0f, 0x11, 0x0f, 0x12, 0x12, 0x12, 0x12, 
	0x12, 0x0f, 0x0f, 0x0f, 0x0f, 0x12, 0x12, 0x11, 
	0x09, 0x0a, 0x0a, 0x12, 0x10, 0x10, 0x0a, 0x06, 
	0x23, 0x23, 0x06, 0x13, 0x16, 0x07, 0x0c, 0x07, 
	0x1b, 0x1c, 0x1b, 0x16, 0x12, 0x22, 0x05, 0x05, 
	0x05, 0x06, 0x05, 0x09, 0x05, 0x10, 0x06, 0x06, 
	0x05, 0x05, 0x05, 0x06, 0x06, 0x06, 0x06, 0x06, 
	0x06, 0x06, 0x06, 0x06, 0x06, 0x06, 0x06, 0x06, 
	0x05, 0x05, 0x05, 0x05, 0x05, 0x05, 0x05, 0x05, 
	0x05, 0x05, 0x05, 0x05, 0x05, 0x05, 0x05, 0x05, 
	0x05, 0x05, 0x05, 0x05, 0x05, 0x05, 0x05, 0x05, 
	0x06, 0x23, 0x09, 0x13, 0x16, 0x08, 0x16, 0x08, 
	0x1b, 0x1c, 0x1b, 0x0d, 0x13, 0x0e, 0x06, 0x09, 
	0x0a, 0x09, 0x11, 0x11, 0x11, 0x0f, 0x0f, 0x0f, 
	0x0f, 0x0f, 0x0f, 0x0f, 0x0f, 0x12, 0x0f, 0x0f, 
	0x11, 0x0f, 0x0f, 0x11, 0x11, 0x0f, 0x0f, 0x12, 
	0x0f, 0x0f, 0x0f, 0x0f, 0x0f, 0x0f, 0x0f, 0x0f, 
	0x0f, 0x0f, 0x11, 0x11, 0x11, 0x11, 0x09, 0x0a, 
	0x0f, 0x0f, 0x0f, 0x0f, 0x0f, 0x0f, 0x0f, 0x0f, 
	0x11, 0x11, 0x0e, 0x14, 0x16, 0x1b, 0x1c, 0x20, 
	0x20, 0x1c, 0x1b, 0x0d, 0x13, 0x0e, 0x09, 0x09, 
	0x09, 0x09, 0x0f, 0x10, 0x11, 0x0f, 0x0f, 0x12, 
	0x0f, 0x0f, 0x0f, 0x0f, 0x0f, 0x0f, 0x0f, 0x0f, 
	0x0f, 0x0f, 0x0f, 0x12, 0x0f, 0x0f, 0x0f, 0x0f, 
	0x12, 0x13, 0x0f, 0x11, 0x0f, 0x0f, 0x0f, 0x11, 
	0x11, 0x0f, 0x11, 0x11, 0x11, 0x11, 0x09, 0x09, 
	0x0f, 0x11, 0x0f, 0x0f, 0x0f, 0x0f, 0x0f, 0x12, 
	0x0f, 0x11, 0x0e, 0x03, 0x16, 0x1b, 0x1b, 0x20, 
	0x01, 0x07, 0x07, 0x0d, 0x13, 0x15, 0x0a, 0x0a, 
	0x0a, 0x0a, 0x26, 0x0a, 0x0a, 0x0f, 0x0f, 0x12, 
	0x12, 0x12, 0x11, 0x0f, 0x0f, 0x11, 0x0f, 0x11, 
	0x11, 0x0f, 0x0f, 0x0f, 0x12, 0x0f, 0x0f, 0x0f, 
	0x13, 0x13, 0x0f, 0x12, 0x11, 0x0f, 0x0a, 0x0a, 
	0x09, 0x0a, 0x06, 0x09, 0x09, 0x0f, 0x09, 0x0a, 
	0x09, 0x09, 0x0a, 0x0f, 0x11, 0x11, 0x0a, 0x0a, 
	0x0a, 0x0a, 0x15, 0x03, 0x16, 0x1b, 0x1b, 0x20, 
	0x01, 0x07, 0x07, 0x0d, 0x0f, 0x17, 0x06, 0x06, 
	0x09, 0x06, 0x06, 0x06, 0x06, 0x11, 0x11, 0x11, 
	0x10, 0x10, 0x12, 0x0f, 0x0f, 0x0f, 0x0f, 0x0f, 
	0x11, 0x11, 0x11, 0x12, 0x12, 0x13, 0x12, 0x13, 
	0x14, 0x13, 0x0f, 0x11, 0x11, 0x11, 0x06, 0x06, 
	0x0a, 0x06, 0x05, 0x06, 0x06, 0x10, 0x06, 0x09, 
	0x09, 0x09, 0x09, 0x11, 0x10, 0x11, 0x06, 0x06, 
	0x06, 0x06, 0x17, 0x03, 0x16, 0x20, 0x20, 0x20, 
	0x20, 0x20, 0x01, 0x1d, 0x09, 0x09, 0x3c, 0x3c, 
	0x2f, 0x2f, 0x08, 0x08, 0x02, 0x0c, 0x0c, 0x0c, 
	0x02, 0x08, 0x08, 0x07, 0x00, 0x00, 0x0c, 0x0c, 
	0x35, 0x01, 0x20, 0x01, 0x07, 0x07, 0x07, 0x07, 
	0x08, 0x08, 0x02, 0x0c, 0x01, 0x35, 0x35, 0x35, 
	0x35, 0x35, 0x35, 0x01, 0x37, 0x07, 0x01, 0x07, 
	0x01, 0x37, 0x07, 0x39, 0x34, 0x39, 0x34, 0x3a, 
	0x02, 0x02, 0x12, 0x03, 0x14, 0x01, 0x20, 0x20, 
	0x20, 0x20, 0x01, 0x3d, 0x26, 0x23, 0x14, 0x16, 
	0x16, 0x16, 0x3e, 0x0c, 0x0c, 0x24, 0x20, 0x1c, 
	0x00, 0x0c, 0x0c, 0x01, 0x0c, 0x0c, 0x0c, 0x0c, 
	0x07, 0x07, 0x1c, 0x07, 0x0c, 0x07, 0x07, 0x0c, 
	0x07, 0x0c, 0x07, 0x0c, 0x0c, 0x01, 0x01, 0x01, 
	0x01, 0x35, 0x01, 0x01, 0x01, 0x07, 0x01, 0x01, 
	0x07, 0x07, 0x01, 0x3a, 0x3a, 0x3a, 0x3a, 0x3a, 
	0x08, 0x0d, 0x11, 0x03, 0x14, 0x01, 0x1b, 0x20, 
	0x20, 0x1b, 0x07, 0x3d, 0x26, 0x23, 0x0f, 0x0f, 
	0x16, 0x2f, 0x01, 0x01, 0x01, 0x2e, 0x20, 0x2e, 
	0x35, 0x01, 0x01, 0x01, 0x01, 0x01, 0x07, 0x01, 
	0x07, 0x07, 0x20, 0x01, 0x07, 0x07, 0x07, 0x07, 
	0x07, 0x01, 0x01, 0x35, 0x35, 0x01, 0x01, 0x01, 
	0x01, 0x07, 0x01, 0x01, 0x01, 0x01, 0x35, 0x35, 
	0x01, 0x01, 0x35, 0x34, 0x34, 0x34, 0x34, 0x39, 
	0x08, 0x0d, 0x2a, 0x03, 0x16, 0x07, 0x1b, 0x20, 
	0x02, 0x08, 0x0d, 0x0a, 0x06, 0x05, 0x09, 0x26, 
	0x26, 0x3d, 0x16, 0x16, 0x16, 0x08, 0x16, 0x16, 
	0x16, 0x16, 0x08, 0x16, 0x08, 0x08, 0x16, 0x08, 
	0x08, 0x08, 0x08, 0x08, 0x08, 0x08, 0x08, 0x08, 
	0x3f, 0x3f, 0x3f, 0x16, 0x16, 0x16, 0x08, 0x16, 
	0x08, 0x0d, 0x08, 0x16, 0x16, 0x16, 0x08, 0x08, 
	0x08, 0x08, 0x08, 0x08, 0x16, 0x16, 0x08, 0x08, 
	0x08, 0x12, 0x22, 0x14, 0x08, 0x16, 0x08, 0x18, 
	0x03, 0x03, 0x08, 0x0a, 0x06, 0x05, 0x23, 0x09, 
	0x09, 0x09, 0x13, 0x11, 0x11, 0x0f, 0x0f, 0x0f, 
	0x12, 0x12, 0x12, 0x0f, 0x0f, 0x0f, 0x0f, 0x11, 
	0x0f, 0x0f, 0x0f, 0x0f, 0x0f, 0x13, 0x13, 0x13, 
	0x12, 0x12, 0x13, 0x12, 0x12, 0x13, 0x11, 0x13, 
	0x11, 0x13, 0x22, 0x21, 0x22, 0x11, 0x0f, 0x11, 
	0x11, 0x0f, 0x0f, 0x0f, 0x0f, 0x0f, 0x0f, 0x0f, 
	0x11, 0x29, 0x0e, 0x12, 0x14, 0x2e, 0x2e, 0x2e, 
	0x02, 0x08, 0x16, 0x1d, 0x06, 0x05, 0x23, 0x23, 
	0x23, 0x06, 0x2a, 0x2a, 0x2a, 0x27, 0x27, 0x27, 
	0x10, 0x10, 0x10, 0x27, 0x27, 0x27, 0x27, 0x27, 
	0x27, 0x27, 0x27, 0x27, 0x27, 0x2a, 0x2a, 0x2a, 
	0x10, 0x10, 0x10, 0x10, 0x10, 0x10, 0x2a, 0x2a, 
	0x2a, 0x2a, 0x15, 0x15, 0x15, 0x27, 0x27, 0x27, 
	0x27, 0x27, 0x27, 0x27, 0x27, 0x27, 0x27, 0x27, 
	0x27, 0x29, 0x0e, 0x12, 0x14, 0x1b, 0x1b, 0x20, 
	
};

Gfx bob_dl_frs_step_01_3C680_ci8_pal_rgba16_aligner[] = {gsSPEndDisplayList()};
u8 bob_dl_frs_step_01_3C680_ci8_pal_rgba16[] = {
	0x5a, 0x91, 0x73, 0x57, 0x6b, 0x57, 0x73, 0x99, 
	0x31, 0x8d, 0x18, 0xc5, 0x21, 0x07, 0x6b, 0x15, 
	0x63, 0x15, 0x29, 0x49, 0x31, 0x8b, 0x83, 0x9b, 
	0x62, 0xd3, 0x52, 0x91, 0x21, 0x09, 0x31, 0x89, 
	0x21, 0x05, 0x29, 0x47, 0x39, 0xcb, 0x42, 0x0d, 
	0x4a, 0x4f, 0x18, 0xc7, 0x5a, 0xd3, 0x08, 0x43, 
	0x7b, 0xdb, 0x4a, 0x0d, 0x41, 0xcb, 0x63, 0x13, 
	0x5a, 0xd1, 0x4a, 0x51, 0x63, 0x17, 0x84, 0x1d, 
	0x6b, 0x55, 0x42, 0x11, 0x29, 0x4b, 0x10, 0x83, 
	0x52, 0x8f, 0x52, 0x93, 0x39, 0xcd, 0x21, 0x03, 
	0x29, 0x07, 0x10, 0x81, 0x18, 0xc3, 0x62, 0xd5, 
	0x4a, 0x0f, 0x73, 0x9b, 0x73, 0x97, 0x84, 0x1b, 
	0x8c, 0x5d, 0x8c, 0x5f, 0x94, 0x9f, 0x83, 0xd9, 
	0x7b, 0x97, 0x7b, 0x99, 0x8c, 0x1d, 0x83, 0xdb, 
	0x7b, 0xd9, 0x73, 0x55, 0x6b, 0x13, 0x52, 0x4f, 
	0x6b, 0x59, 0x4a, 0x53, 0x4a, 0x4d, 0x6a, 0xd3, 
	
};

Gfx bob_dl_sun_ia8_aligner[] = {gsSPEndDisplayList()};
u8 bob_dl_sun_ia8[] = {
	0x00, 0x00, 0x00, 0x00, 0x00, 0x00, 0x00, 0x00, 
	0x00, 0x00, 0x00, 0x00, 0x00, 0x00, 0x00, 0x00, 
	0x00, 0x00, 0x00, 0x00, 0x00, 0x00, 0x00, 0x00, 
	0x00, 0x00, 0x00, 0x00, 0x00, 0x00, 0x00, 0x00, 
	0x00, 0x00, 0x00, 0x00, 0x00, 0x00, 0x00, 0x00, 
	0x00, 0x00, 0x00, 0x00, 0x00, 0x00, 0x00, 0x00, 
	0x00, 0x00, 0x00, 0x00, 0x00, 0x00, 0x00, 0x00, 
	0x00, 0x00, 0x00, 0x00, 0x00, 0x00, 0x00, 0x00, 
	0x00, 0x00, 0x00, 0x00, 0x00, 0x00, 0x00, 0x00, 
	0x00, 0x00, 0x00, 0x00, 0x00, 0x00, 0x00, 0x00, 
	0x00, 0x00, 0x00, 0x00, 0x00, 0x00, 0x00, 0x00, 
	0x00, 0x00, 0x00, 0x00, 0x00, 0x00, 0x00, 0x00, 
	0x00, 0x00, 0x00, 0x00, 0x00, 0x00, 0x00, 0x00, 
	0x00, 0x00, 0x00, 0x00, 0x00, 0x00, 0x00, 0x00, 
	0x00, 0x00, 0x00, 0x00, 0x00, 0x00, 0x00, 0x00, 
	0x00, 0x00, 0x00, 0x00, 0x00, 0x00, 0x00, 0x00, 
	0x00, 0x00, 0x00, 0x00, 0x00, 0x00, 0x00, 0x00, 
	0x00, 0x00, 0x00, 0x00, 0x00, 0x00, 0x00, 0x00, 
	0x00, 0x00, 0x00, 0x00, 0x00, 0x00, 0x00, 0x00, 
	0x00, 0x00, 0x00, 0x00, 0x00, 0x00, 0x00, 0x00, 
	0x00, 0x00, 0x00, 0x00, 0x00, 0x00, 0x00, 0x00, 
	0x00, 0x00, 0x00, 0x00, 0x00, 0x00, 0x00, 0x00, 
	0x00, 0x00, 0x00, 0x00, 0x00, 0x00, 0x00, 0x00, 
	0x00, 0x00, 0x00, 0x00, 0x00, 0x00, 0x00, 0x00, 
	0x00, 0x00, 0x00, 0x00, 0x00, 0x00, 0x00, 0x00, 
	0x00, 0x00, 0x00, 0x00, 0x00, 0x00, 0x00, 0x00, 
	0x00, 0x00, 0x00, 0x00, 0x00, 0x00, 0x00, 0x00, 
	0x00, 0x00, 0x00, 0x00, 0xa0, 0xa0, 0xa0, 0xa0, 
	0xa0, 0xa0, 0xa0, 0xa0, 0x00, 0x00, 0x00, 0x00, 
	0x00, 0x00, 0x00, 0x00, 0x00, 0x00, 0x00, 0x00, 
	0x00, 0x00, 0x00, 0x00, 0x00, 0x00, 0x00, 0x00, 
	0x00, 0x00, 0x00, 0x00, 0x00, 0x00, 0x00, 0x00, 
	0x00, 0x00, 0x00, 0x00, 0x00, 0x00, 0x00, 0x00, 
	0x00, 0x00, 0x00, 0x00, 0x00, 0x00, 0x00, 0x00, 
	0x00, 0x00, 0xa0, 0xa0, 0xa0, 0xa0, 0xa0, 0xa0, 
	0xa0, 0xb0, 0xb0, 0xa0, 0xa0, 0xa0, 0xa0, 0xa0, 
	0xa0, 0xa0, 0xa0, 0xa0, 0xa0, 0xa0, 0xa0, 0xa0, 
	0xa0, 0x00, 0x00, 0x00, 0x00, 0x00, 0x00, 0x00, 
	0x00, 0x00, 0x00, 0x00, 0x00, 0x00, 0x00, 0x00, 
	0x00, 0x00, 0x00, 0x00, 0x00, 0x00, 0x00, 0x00, 
	0x00, 0x00, 0x00, 0x00, 0x00, 0x00, 0x00, 0x00, 
	0x00, 0x00, 0x00, 0x00, 0x00, 0x00, 0xb0, 0xb0, 
	0xa0, 0xa0, 0xa0, 0xa0, 0xa0, 0xa0, 0xa0, 0xa0, 
	0xa0, 0xa0, 0xa0, 0xa0, 0xa0, 0xa1, 0xa1, 0xa1, 
	0xa1, 0xa1, 0xa1, 0xa1, 0xa0, 0xa0, 0xa0, 0xa0, 
	0xa0, 0xa0, 0xb0, 0xb0, 0xb0, 0xa0, 0x00, 0x00, 
	0x00, 0x00, 0x00, 0x00, 0x00, 0x00, 0x00, 0x00, 
	0x00, 0x00, 0x00, 0x00, 0x00, 0x00, 0x00, 0x00, 
	0x00, 0x00, 0x00, 0x00, 0x00, 0x00, 0x00, 0x00, 
	0x00, 0x00, 0x00, 0x00, 0x00, 0xb0, 0xb0, 0xa0, 
	0xa0, 0xa0, 0xa0, 0xa1, 0xa1, 0xa1, 0xa1, 0xa1, 
	0xa1, 0xa1, 0xa1, 0xa1, 0xa1, 0xa1, 0xa2, 0xa1, 
	0xa1, 0xa1, 0xa1, 0xa1, 0xa1, 0xa1, 0xa1, 0xa1, 
	0xa0, 0xa0, 0xa0, 0xa0, 0xa0, 0xa0, 0xb0, 0x00, 
	0x00, 0x00, 0x00, 0x00, 0x00, 0x00, 0x00, 0x00, 
	0x00, 0x00, 0x00, 0x00, 0x00, 0x00, 0x00, 0x00, 
	0x00, 0x00, 0x00, 0x00, 0x00, 0x00, 0x00, 0x00, 
	0x00, 0x00, 0x00, 0xb0, 0xb0, 0xb0, 0xb0, 0xa0, 
	0xa0, 0xa1, 0xa1, 0xa1, 0xa1, 0xa1, 0xa1, 0xa1, 
	0xa1, 0xa1, 0xa1, 0xa1, 0xa1, 0xa2, 0xa2, 0xa2, 
	0xa2, 0xa2, 0xa2, 0xa2, 0xa1, 0xa1, 0xa1, 0xa1, 
	0xa1, 0xa1, 0xa0, 0xa0, 0xa0, 0xa0, 0xa0, 0xa0, 
	0x00, 0x00, 0x00, 0x00, 0x00, 0x00, 0x00, 0x00, 
	0x00, 0x00, 0x00, 0x00, 0x00, 0x00, 0x00, 0x00, 
	0x00, 0x00, 0x00, 0x00, 0x00, 0x00, 0xc0, 0xc0, 
	0xc0, 0xb0, 0xb0, 0xb0, 0xb0, 0xb0, 0xb0, 0xa1, 
	0xa1, 0xa1, 0xa1, 0xa1, 0xa2, 0xa2, 0xa2, 0xa2, 
	0xa2, 0xa2, 0xa2, 0xa2, 0xa2, 0xa3, 0xa3, 0xa3, 
	0xa2, 0xa2, 0xa2, 0xa2, 0xa2, 0xa2, 0xa2, 0xa2, 
	0xa1, 0xa1, 0xa1, 0xa1, 0xa1, 0xa1, 0xa0, 0xa0, 
	0xa0, 0x00, 0x00, 0x00, 0x00, 0x00, 0x00, 0x00, 
	0x00, 0x00, 0x00, 0x00, 0x00, 0x00, 0x00, 0x00, 
	0x00, 0x00, 0x00, 0x00, 0x00, 0x00, 0xc0, 0xc0, 
	0xb0, 0xa0, 0xb0, 0xb0, 0xb0, 0xa0, 0xb1, 0xa1, 
	0xa1, 0xa1, 0xa1, 0xa2, 0xa2, 0xa3, 0xa2, 0xa2, 
	0xa2, 0xa2, 0xa2, 0xa2, 0xa3, 0xa4, 0xa4, 0xa3, 
	0xa3, 0xa3, 0xa3, 0xa3, 0xa2, 0xa2, 0xa3, 0xa2, 
	0xa1, 0xa1, 0xa1, 0xa1, 0xa1, 0xa1, 0xa1, 0xa0, 
	0xa0, 0xa0, 0x00, 0x00, 0x00, 0x00, 0x00, 0x00, 
	0x00, 0x00, 0x00, 0x00, 0x00, 0x00, 0x00, 0x00, 
	0x00, 0x00, 0x00, 0x00, 0x00, 0xb0, 0xc0, 0xb0, 
	0xb0, 0xb0, 0xb1, 0xb1, 0xa1, 0xa1, 0xa1, 0xa1, 
	0xa1, 0xa2, 0xa2, 0xa2, 0xa3, 0xa4, 0xa4, 0xa3, 
	0xa3, 0xa3, 0xa3, 0xa3, 0xa3, 0xa5, 0xa5, 0xa4, 
	0xa4, 0xa4, 0xa4, 0xa3, 0xa3, 0xa3, 0xa4, 0xa2, 
	0xa2, 0xa2, 0xa2, 0xa2, 0xa2, 0xa1, 0xa1, 0xa1, 
	0xa0, 0xa0, 0xa0, 0x00, 0x00, 0x00, 0x00, 0x00, 
	0x00, 0x00, 0x00, 0x00, 0x00, 0x00, 0x00, 0x00, 
	0x00, 0x00, 0x00, 0x00, 0xb0, 0xc0, 0xb0, 0xb0, 
	0xb0, 0xb1, 0xa1, 0xa1, 0xa1, 0xa1, 0xa1, 0xa1, 
	0xa1, 0xa2, 0xa2, 0xa2, 0xa3, 0xa4, 0xa5, 0xa4, 
	0xa3, 0xa4, 0xa4, 0xa3, 0xa3, 0xa5, 0xa6, 0xa5, 
	0xa4, 0xa4, 0xa4, 0xa4, 0xa3, 0xa4, 0xa4, 0xa3, 
	0xa2, 0xa2, 0xa2, 0xa2, 0xa2, 0xa2, 0xa1, 0xa1, 
	0xa1, 0xa0, 0xa0, 0xb0, 0x00, 0x00, 0x00, 0x00, 
	0x00, 0x00, 0x00, 0x00, 0x00, 0x00, 0x00, 0x00, 
	0x00, 0x00, 0x00, 0xb0, 0xb0, 0xb0, 0xb0, 0xb0, 
	0xb1, 0xa1, 0xa1, 0xa1, 0xa1, 0xa1, 0xa1, 0xa2, 
	0xa2, 0xa2, 0xa3, 0xa3, 0xa3, 0xa4, 0xa5, 0xa5, 
	0xa4, 0xa4, 0xa5, 0xa3, 0xa4, 0xa6, 0xa7, 0xa5, 
	0xa5, 0xa5, 0xa5, 0xa4, 0xa4, 0xa5, 0xa4, 0xa3, 
	0xa3, 0xa3, 0xa3, 0xa3, 0xa2, 0xa2, 0xa2, 0xa1, 
	0xa1, 0xa1, 0xa0, 0xa0, 0xb0, 0x00, 0x00, 0x00, 
	0x00, 0x00, 0x00, 0x00, 0x00, 0x00, 0x00, 0x00, 
	0x00, 0x00, 0x00, 0xa0, 0xa0, 0xa0, 0xb0, 0xb0, 
	0xa1, 0xa1, 0xa1, 0xa1, 0xa1, 0xa1, 0xa2, 0xa2, 
	0xa2, 0xa3, 0xa3, 0xa3, 0xa3, 0xa4, 0xa5, 0xa7, 
	0xa5, 0xa5, 0xa5, 0xa4, 0xa5, 0xa7, 0xb8, 0xa6, 
	0xa5, 0xa6, 0xa5, 0xa5, 0xa5, 0xa6, 0xa4, 0xa3, 
	0xa3, 0xa4, 0xa4, 0xa3, 0xa3, 0xa3, 0xa2, 0xa2, 
	0xa1, 0xa1, 0xa0, 0xa0, 0xb0, 0xb0, 0x00, 0x00, 
	0x00, 0x00, 0x00, 0x00, 0x00, 0x00, 0x00, 0x00, 
	0x00, 0x00, 0x00, 0xb0, 0xb0, 0xb0, 0xb0, 0xa1, 
	0xa1, 0xa1, 0xa1, 0xa1, 0xa2, 0xa2, 0xa2, 0xa2, 
	0xa3, 0xa3, 0xa3, 0xa3, 0xa3, 0xa4, 0xa5, 0xa8, 
	0xa6, 0xa5, 0xa6, 0xa6, 0xa5, 0xb8, 0xb9, 0xa7, 
	0xa6, 0xa7, 0xa6, 0xa5, 0xa7, 0xa6, 0xa4, 0xa4, 
	0xa4, 0xa4, 0xa4, 0xa4, 0xa4, 0xa3, 0xa3, 0xa2, 
	0xa1, 0xa1, 0xa1, 0xa0, 0xa0, 0xa0, 0xa0, 0x00, 
	0x00, 0x00, 0x00, 0x00, 0x00, 0x00, 0x00, 0x00, 
	0x00, 0x00, 0x00, 0xb0, 0xb0, 0xa0, 0xa1, 0xa1, 
	0xa1, 0xa1, 0xa2, 0xa2, 0xa2, 0xa2, 0xa3, 0xa3, 
	0xa3, 0xa3, 0xa4, 0xa4, 0xa4, 0xa4, 0xa5, 0xa7, 
	0xb8, 0xa6, 0xa7, 0xa7, 0xa6, 0xb8, 0xba, 0xb8, 
	0xa7, 0xa8, 0xa7, 0xa7, 0xb8, 0xa6, 0xa4, 0xa4, 
	0xa6, 0xa5, 0xa4, 0xa4, 0xa4, 0xa4, 0xa3, 0xa2, 
	0xa2, 0xa1, 0xa1, 0xa1, 0xa0, 0xa0, 0xb0, 0xb0, 
	0x00, 0x00, 0x00, 0x00, 0x00, 0x00, 0x00, 0x00, 
	0x00, 0x00, 0xb0, 0xb0, 0xb0, 0xa0, 0xa1, 0xa1, 
	0xa1, 0xa1, 0xa2, 0xa2, 0xa2, 0xa3, 0xa3, 0xa3, 
	0xa3, 0xa3, 0xa4, 0xa5, 0xa5, 0xa5, 0xa5, 0xa7, 
	0xb9, 0xa7, 0xa7, 0xb9, 0xa7, 0xb9, 0xbb, 0xb9, 
	0xb9, 0xb9, 0xa7, 0xb8, 0xb9, 0xa6, 0xa5, 0xa6, 
	0xa6, 0xa5, 0xa5, 0xa5, 0xa4, 0xa4, 0xa3, 0xa2, 
	0xa2, 0xa1, 0xa1, 0xa1, 0xa1, 0xa0, 0xa0, 0xa0, 
	0x00, 0x00, 0x00, 0x00, 0x00, 0x00, 0x00, 0x00, 
	0x00, 0x00, 0xa0, 0xb0, 0xb0, 0xa1, 0xa1, 0xa1, 
	0xa1, 0xa2, 0xa2, 0xa2, 0xa3, 0xa3, 0xa3, 0xa4, 
	0xa4, 0xa4, 0xa4, 0xa5, 0xa6, 0xa6, 0xa6, 0xa7, 
	0xba, 0xb9, 0xa8, 0xbb, 0xb9, 0xba, 0xcc, 0xba, 
	0xba, 0xba, 0xb9, 0xba, 0xba, 0xa6, 0xa6, 0xa8, 
	0xa6, 0xa5, 0xa6, 0xa6, 0xa5, 0xa4, 0xa3, 0xa3, 
	0xa2, 0xa2, 0xa2, 0xa1, 0xa1, 0xa1, 0xa0, 0xa0, 
	0xa0, 0x00, 0x00, 0x00, 0x00, 0x00, 0x00, 0x00, 
	0x00, 0x00, 0xb0, 0xa0, 0xb0, 0xa1, 0xa1, 0xa1, 
	0xa1, 0xa2, 0xa2, 0xa3, 0xa3, 0xa3, 0xa3, 0xa4, 
	0xa5, 0xa5, 0xa5, 0xa5, 0xa6, 0xa8, 0xa8, 0xa7, 
	0xba, 0xbb, 0xb9, 0xbb, 0xba, 0xcb, 0xcd, 0xbb, 
	0xbb, 0xbb, 0xba, 0xbc, 0xb9, 0xa7, 0xb9, 0xa8, 
	0xa7, 0xa7, 0xa7, 0xa6, 0xa4, 0xa3, 0xa3, 0xa3, 
	0xa3, 0xa2, 0xa2, 0xa2, 0xa1, 0xa1, 0xa1, 0xa0, 
	0xa0, 0x00, 0x00, 0x00, 0x00, 0x00, 0x00, 0x00, 
	0x00, 0x00, 0x00, 0xa0, 0xb0, 0xa1, 0xa1, 0xa1, 
	0xa2, 0xa2, 0xa3, 0xa3, 0xa3, 0xa3, 0xa4, 0xa4, 
	0xa5, 0xa6, 0xa7, 0xa6, 0xa7, 0xb8, 0xb9, 0xb9, 
	0xba, 0xcc, 0xbb, 0xbb, 0xbb, 0xcc, 0xcd, 0xcc, 
	0xbc, 0xbc, 0xcc, 0xcc, 0xb9, 0xba, 0xba, 0xa8, 
	0xb8, 0xb9, 0xa7, 0xa5, 0xa5, 0xa4, 0xa4, 0xa3, 
	0xa3, 0xa3, 0xa2, 0xa2, 0xa2, 0xa1, 0xa1, 0xa0, 
	0xa0, 0x00, 0x00, 0x00, 0x00, 0x00, 0x00, 0x00, 
	0x00, 0x00, 0xb0, 0xa0, 0xa0, 0xa0, 0xa1, 0xa1, 
	0xa2, 0xa2, 0xa3, 0xa3, 0xa3, 0xa4, 0xa4, 0xa4, 
	0xa5, 0xa6, 0xb8, 0xb8, 0xa8, 0xb9, 0xba, 0xbb, 
	0xba, 0xcd, 0xcd, 0xbc, 0xcc, 0xcd, 0xde, 0xcd, 
	0xcd, 0xcc, 0xcd, 0xcc, 0xba, 0xbb, 0xba, 0xb9, 
	0xba, 0xb8, 0xa7, 0xa6, 0xa5, 0xa5, 0xa4, 0xa4, 
	0xa3, 0xa3, 0xa3, 0xa2, 0xa2, 0xa1, 0xa1, 0xa0, 
	0xa0, 0x00, 0x00, 0x00, 0x00, 0x00, 0x00, 0x00, 
	0x00, 0x00, 0xa0, 0xa0, 0xa0, 0xa1, 0xa1, 0xa1, 
	0xa2, 0xa2, 0xa3, 0xa3, 0xa3, 0xa4, 0xa5, 0xa6, 
	0xa6, 0xa6, 0xa7, 0xb9, 0xba, 0xb9, 0xba, 0xbc, 
	0xbc, 0xcd, 0xde, 0xcd, 0xcd, 0xcd, 0xde, 0xce, 
	0xcd, 0xcd, 0xde, 0xcc, 0xcc, 0xbb, 0xbb, 0xbb, 
	0xba, 0xb8, 0xa7, 0xa7, 0xa7, 0xa5, 0xa4, 0xa4, 
	0xa4, 0xa3, 0xa3, 0xa3, 0xa3, 0xa2, 0xa1, 0xa1, 
	0xa0, 0x00, 0x00, 0x00, 0x00, 0x00, 0x00, 0x00, 
	0x00, 0x00, 0xa0, 0xa0, 0xa0, 0xa1, 0xa2, 0xa2, 
	0xa2, 0xa2, 0xa3, 0xa3, 0xa3, 0xa3, 0xa4, 0xa6, 
	0xa7, 0xa7, 0xa7, 0xb9, 0xbb, 0xbb, 0xbb, 0xbc, 
	0xcc, 0xcd, 0xde, 0xce, 0xce, 0xde, 0xef, 0xde, 
	0xce, 0xde, 0xde, 0xcd, 0xcd, 0xbc, 0xbc, 0xcc, 
	0xba, 0xb9, 0xb9, 0xa8, 0xa7, 0xa5, 0xa5, 0xa4, 
	0xa4, 0xa4, 0xa4, 0xa4, 0xa3, 0xa2, 0xa1, 0xa1, 
	0xa0, 0x00, 0x00, 0x00, 0x00, 0x00, 0x00, 0x00, 
	0x00, 0x00, 0xa0, 0xa0, 0xa0, 0xa1, 0xa1, 0xa2, 
	0xa3, 0xa4, 0xa4, 0xa4, 0xa4, 0xa4, 0xa4, 0xa5, 
	0xa6, 0xb9, 0xba, 0xb9, 0xba, 0xcc, 0xcd, 0xcc, 
	0xcd, 0xce, 0xde, 0xdf, 0xde, 0xde, 0xef, 0xdf, 
	0xde, 0xdf, 0xde, 0xce, 0xcd, 0xcd, 0xcd, 0xbc, 
	0xba, 0xbb, 0xba, 0xa8, 0xa6, 0xa6, 0xa5, 0xa6, 
	0xa6, 0xa6, 0xa5, 0xa4, 0xa2, 0xa2, 0xa1, 0xa1, 
	0xa0, 0xa0, 0x00, 0x00, 0x00, 0x00, 0x00, 0x00, 
	0x00, 0x00, 0xb0, 0xa0, 0xa0, 0xa1, 0xa1, 0xa2, 
	0xa2, 0xa3, 0xa4, 0xa5, 0xa6, 0xa6, 0xa6, 0xa6, 
	0xa7, 0xa7, 0xba, 0xbb, 0xbb, 0xbc, 0xcd, 0xde, 
	0xde, 0xde, 0xde, 0xef, 0xef, 0xef, 0xef, 0xef, 
	0xef, 0xef, 0xde, 0xde, 0xde, 0xde, 0xcd, 0xcc, 
	0xbc, 0xba, 0xb9, 0xb8, 0xb8, 0xb8, 0xb8, 0xa8, 
	0xa6, 0xa5, 0xa4, 0xa3, 0xa2, 0xa2, 0xa1, 0xa1, 
	0xa0, 0xa0, 0x00, 0x00, 0x00, 0x00, 0x00, 0x00, 
	0x00, 0x00, 0xb0, 0xa0, 0xa0, 0xa1, 0xa1, 0xa2, 
	0xa2, 0xa3, 0xa3, 0xa4, 0xa5, 0xa6, 0xa8, 0xb9, 
	0xba, 0xba, 0xb9, 0xba, 0xbb, 0xcd, 0xcd, 0xce, 
	0xdf, 0xdf, 0xef, 0xef, 0xef, 0xef, 0xff, 0xef, 
	0xef, 0xef, 0xef, 0xef, 0xdf, 0xde, 0xce, 0xcd, 
	0xbc, 0xbb, 0xbb, 0xbc, 0xbb, 0xb9, 0xa7, 0xa6, 
	0xa5, 0xa4, 0xa3, 0xa3, 0xa3, 0xa2, 0xa1, 0xa1, 
	0xa0, 0xa0, 0x00, 0x00, 0x00, 0x00, 0x00, 0x00, 
	0x00, 0x00, 0xb0, 0xa0, 0xa0, 0xa1, 0xa1, 0xa2, 
	0xa2, 0xa3, 0xa3, 0xa3, 0xa4, 0xa5, 0xa6, 0xb8, 
	0xba, 0xbb, 0xcc, 0xcc, 0xbc, 0xcd, 0xcd, 0xce, 
	0xdf, 0xef, 0xef, 0xef, 0xff, 0xff, 0xff, 0xff, 
	0xff, 0xef, 0xef, 0xef, 0xdf, 0xde, 0xde, 0xcd, 
	0xcd, 0xcd, 0xcd, 0xbb, 0xba, 0xa8, 0xa6, 0xa6, 
	0xa5, 0xa4, 0xa4, 0xa3, 0xa3, 0xa2, 0xa1, 0xa1, 
	0xa0, 0xa0, 0x00, 0x00, 0x00, 0x00, 0x00, 0x00, 
	0x00, 0x00, 0xb0, 0xa0, 0xa0, 0xa1, 0xa1, 0xa2, 
	0xa3, 0xa3, 0xa4, 0xa4, 0xa5, 0xa5, 0xa6, 0xa6, 
	0xa7, 0xb9, 0xbb, 0xcd, 0xde, 0xde, 0xde, 0xde, 
	0xdf, 0xef, 0xff, 0xff, 0xff, 0xff, 0xff, 0xff, 
	0xff, 0xff, 0xff, 0xef, 0xef, 0xdf, 0xde, 0xde, 
	0xde, 0xcc, 0xbb, 0xba, 0xb9, 0xb9, 0xa8, 0xa7, 
	0xa6, 0xa5, 0xa4, 0xa3, 0xa2, 0xa2, 0xa1, 0xa1, 
	0xa0, 0xa0, 0x00, 0x00, 0x00, 0x00, 0x00, 0x00, 
	0x00, 0x00, 0xa0, 0xa0, 0xa0, 0xa1, 0xa1, 0xa2, 
	0xa3, 0xa3, 0xa4, 0xa4, 0xa5, 0xa6, 0xa7, 0xa8, 
	0xb9, 0xba, 0xbb, 0xbc, 0xcd, 0xde, 0xde, 0xef, 
	0xef, 0xef, 0xff, 0xff, 0xff, 0xff, 0xff, 0xff, 
	0xff, 0xff, 0xff, 0xff, 0xef, 0xef, 0xef, 0xde, 
	0xcd, 0xcc, 0xbc, 0xbb, 0xba, 0xb9, 0xa7, 0xa6, 
	0xa5, 0xa4, 0xa3, 0xa3, 0xa3, 0xa2, 0xa1, 0xa1, 
	0xa0, 0xa0, 0x00, 0x00, 0x00, 0x00, 0x00, 0x00, 
	0x00, 0x00, 0xa0, 0xa0, 0xa0, 0xa1, 0xa1, 0xa2, 
	0xa2, 0xa3, 0xa3, 0xa4, 0xa5, 0xa5, 0xa7, 0xa8, 
	0xb9, 0xbb, 0xbc, 0xcc, 0xcd, 0xce, 0xde, 0xef, 
	0xef, 0xff, 0xff, 0xff, 0xff, 0xff, 0xff, 0xff, 
	0xff, 0xff, 0xff, 0xff, 0xef, 0xef, 0xdf, 0xde, 
	0xcd, 0xcc, 0xbc, 0xba, 0xb9, 0xa8, 0xa7, 0xa6, 
	0xa5, 0xa5, 0xa4, 0xa4, 0xa3, 0xa3, 0xa2, 0xa1, 
	0xa1, 0xa0, 0xa0, 0x00, 0x00, 0x00, 0x00, 0x00, 
	0x00, 0x00, 0xa0, 0xa0, 0xa1, 0xa1, 0xa2, 0xa2, 
	0xa3, 0xa3, 0xa4, 0xa4, 0xa5, 0xa6, 0xa7, 0xb8, 
	0xb9, 0xba, 0xbb, 0xcc, 0xcd, 0xde, 0xde, 0xef, 
	0xef, 0xff, 0xff, 0xff, 0xff, 0xff, 0xff, 0xff, 
	0xff, 0xff, 0xff, 0xff, 0xef, 0xef, 0xef, 0xde, 
	0xde, 0xcd, 0xcd, 0xcc, 0xcc, 0xbb, 0xba, 0xb9, 
	0xb8, 0xa7, 0xa6, 0xa6, 0xa5, 0xa4, 0xa3, 0xa2, 
	0xa1, 0xa0, 0xa0, 0x00, 0x00, 0x00, 0x00, 0x00, 
	0x00, 0x00, 0xa0, 0xa0, 0xa1, 0xa1, 0xa2, 0xa3, 
	0xa4, 0xa5, 0xa6, 0xa6, 0xa7, 0xb8, 0xb9, 0xba, 
	0xbb, 0xcc, 0xcd, 0xde, 0xde, 0xdf, 0xef, 0xef, 
	0xff, 0xff, 0xff, 0xff, 0xff, 0xff, 0xff, 0xff, 
	0xff, 0xff, 0xff, 0xff, 0xff, 0xef, 0xef, 0xef, 
	0xde, 0xde, 0xce, 0xcd, 0xcc, 0xbb, 0xba, 0xb9, 
	0xb8, 0xa7, 0xa6, 0xa6, 0xa5, 0xa4, 0xa3, 0xa2, 
	0xa1, 0xa0, 0xa0, 0x00, 0x00, 0x00, 0x00, 0x00, 
	0x00, 0x00, 0xa0, 0xa0, 0xa1, 0xa1, 0xa2, 0xa3, 
	0xa4, 0xa5, 0xa5, 0xa6, 0xa7, 0xb8, 0xb8, 0xb9, 
	0xba, 0xbb, 0xbb, 0xcc, 0xcd, 0xde, 0xde, 0xdf, 
	0xef, 0xff, 0xff, 0xff, 0xff, 0xff, 0xff, 0xff, 
	0xff, 0xff, 0xff, 0xff, 0xef, 0xef, 0xdf, 0xde, 
	0xcd, 0xcd, 0xbc, 0xbb, 0xba, 0xb9, 0xa7, 0xa6, 
	0xa5, 0xa5, 0xa4, 0xa4, 0xa3, 0xa3, 0xa2, 0xa1, 
	0xa1, 0xa0, 0xa0, 0x00, 0x00, 0x00, 0x00, 0x00, 
	0x00, 0x00, 0xa0, 0xa0, 0xa0, 0xa1, 0xa2, 0xa2, 
	0xa3, 0xa3, 0xa4, 0xa4, 0xa5, 0xa5, 0xa6, 0xa7, 
	0xa8, 0xba, 0xbb, 0xcc, 0xcd, 0xce, 0xde, 0xdf, 
	0xef, 0xff, 0xff, 0xff, 0xff, 0xff, 0xff, 0xff, 
	0xff, 0xff, 0xff, 0xff, 0xef, 0xef, 0xdf, 0xde, 
	0xcd, 0xcd, 0xcc, 0xbc, 0xbb, 0xb9, 0xa8, 0xa7, 
	0xa6, 0xa5, 0xa4, 0xa4, 0xa3, 0xa3, 0xa2, 0xa1, 
	0xa1, 0xa0, 0xa0, 0x00, 0x00, 0x00, 0x00, 0x00, 
	0x00, 0x00, 0x00, 0xa0, 0xa0, 0xa1, 0xa1, 0xa2, 
	0xa3, 0xa3, 0xa4, 0xa4, 0xa5, 0xa6, 0xa7, 0xa9, 
	0xba, 0xbb, 0xbb, 0xbc, 0xcd, 0xde, 0xde, 0xef, 
	0xef, 0xef, 0xef, 0xff, 0xff, 0xff, 0xff, 0xff, 
	0xff, 0xff, 0xff, 0xef, 0xef, 0xef, 0xef, 0xde, 
	0xce, 0xcc, 0xbc, 0xbb, 0xba, 0xb9, 0xa8, 0xa7, 
	0xa6, 0xa5, 0xa4, 0xa4, 0xa3, 0xa3, 0xa2, 0xa1, 
	0xa1, 0xa0, 0xa0, 0x00, 0x00, 0x00, 0x00, 0x00, 
	0x00, 0x00, 0x00, 0xa0, 0xa0, 0xa1, 0xa1, 0xa2, 
	0xa3, 0xa3, 0xa4, 0xa5, 0xa6, 0xa6, 0xa7, 0xa8, 
	0xb8, 0xb9, 0xbb, 0xcc, 0xcd, 0xde, 0xde, 0xde, 
	0xef, 0xef, 0xef, 0xff, 0xff, 0xff, 0xff, 0xff, 
	0xff, 0xff, 0xff, 0xef, 0xef, 0xde, 0xde, 0xde, 
	0xde, 0xcd, 0xcc, 0xbb, 0xb9, 0xb8, 0xa7, 0xa6, 
	0xa5, 0xa5, 0xa4, 0xa4, 0xa3, 0xa3, 0xa2, 0xa1, 
	0xa0, 0xa0, 0xa0, 0x00, 0x00, 0x00, 0x00, 0x00, 
	0x00, 0x00, 0x00, 0xa0, 0xa0, 0xa1, 0xa1, 0xa2, 
	0xa3, 0xa3, 0xa3, 0xa4, 0xa4, 0xa4, 0xa5, 0xa6, 
	0xb8, 0xbb, 0xcd, 0xcd, 0xcc, 0xcd, 0xcd, 0xde, 
	0xde, 0xef, 0xef, 0xef, 0xff, 0xff, 0xff, 0xff, 
	0xff, 0xef, 0xef, 0xef, 0xef, 0xde, 0xce, 0xcd, 
	0xbc, 0xcc, 0xcc, 0xcc, 0xbb, 0xb9, 0xb8, 0xa6, 
	0xa5, 0xa4, 0xa3, 0xa3, 0xa3, 0xa2, 0xa1, 0xa1, 
	0xa0, 0xa0, 0x00, 0x00, 0x00, 0x00, 0x00, 0x00, 
	0x00, 0x00, 0x00, 0xa0, 0xa0, 0xa1, 0xa1, 0xa2, 
	0xa2, 0xa2, 0xa3, 0xa3, 0xa4, 0xa5, 0xa7, 0xb9, 
	0xba, 0xba, 0xba, 0xba, 0xbb, 0xcd, 0xcd, 0xcd, 
	0xde, 0xdf, 0xdf, 0xef, 0xef, 0xef, 0xff, 0xef, 
	0xef, 0xef, 0xef, 0xdf, 0xdf, 0xde, 0xcd, 0xcd, 
	0xcc, 0xbb, 0xba, 0xb9, 0xb9, 0xb9, 0xb9, 0xa7, 
	0xa6, 0xa5, 0xa4, 0xa3, 0xa2, 0xa2, 0xa1, 0xa1, 
	0xa0, 0xa0, 0x00, 0x00, 0x00, 0x00, 0x00, 0x00, 
	0x00, 0x00, 0x00, 0xa0, 0xa0, 0xa0, 0xa1, 0xa1, 
	0xa2, 0xa2, 0xa3, 0xa4, 0xa5, 0xa6, 0xb8, 0xb8, 
	0xb8, 0xb8, 0xb9, 0xba, 0xbc, 0xbc, 0xcc, 0xce, 
	0xde, 0xde, 0xde, 0xef, 0xef, 0xef, 0xef, 0xef, 
	0xef, 0xef, 0xdf, 0xde, 0xde, 0xde, 0xce, 0xcc, 
	0xbc, 0xbb, 0xba, 0xa8, 0xa7, 0xa7, 0xa7, 0xa7, 
	0xa6, 0xa6, 0xa4, 0xa4, 0xa3, 0xa2, 0xa1, 0xa1, 
	0xa0, 0xa0, 0x00, 0x00, 0x00, 0x00, 0x00, 0x00, 
	0x00, 0x00, 0x00, 0x00, 0xa0, 0xa0, 0xa1, 0xa1, 
	0xa2, 0xa3, 0xa4, 0xa5, 0xa5, 0xa5, 0xa5, 0xa5, 
	0xa6, 0xa8, 0xba, 0xbb, 0xba, 0xbb, 0xcc, 0xcd, 
	0xcd, 0xcd, 0xde, 0xef, 0xde, 0xde, 0xef, 0xef, 
	0xde, 0xdf, 0xde, 0xde, 0xce, 0xcd, 0xcd, 0xcd, 
	0xba, 0xb9, 0xba, 0xb9, 0xa8, 0xa6, 0xa5, 0xa5, 
	0xa5, 0xa4, 0xa4, 0xa4, 0xa3, 0xa2, 0xa1, 0xa1, 
	0xa0, 0xa0, 0x00, 0x00, 0x00, 0x00, 0x00, 0x00, 
	0x00, 0x00, 0x00, 0x00, 0xb0, 0xa0, 0xa1, 0xa1, 
	0xa2, 0xa3, 0xa3, 0xa3, 0xa3, 0xa3, 0xa4, 0xa5, 
	0xa7, 0xa8, 0xa8, 0xa8, 0xb9, 0xcc, 0xcc, 0xbb, 
	0xcc, 0xcd, 0xce, 0xde, 0xce, 0xde, 0xdf, 0xde, 
	0xce, 0xce, 0xde, 0xcd, 0xcd, 0xcc, 0xbc, 0xbc, 
	0xcc, 0xb9, 0xa8, 0xa7, 0xa8, 0xa7, 0xa5, 0xa4, 
	0xa4, 0xa3, 0xa3, 0xa3, 0xa2, 0xa2, 0xa1, 0xa1, 
	0xa0, 0xa0, 0x00, 0x00, 0x00, 0x00, 0x00, 0x00, 
	0x00, 0x00, 0x00, 0x00, 0xa0, 0xa0, 0xa1, 0xa1, 
	0xa1, 0xa2, 0xa2, 0xa3, 0xa3, 0xa3, 0xa4, 0xa6, 
	0xa6, 0xa7, 0xa7, 0xb8, 0xba, 0xba, 0xb9, 0xbb, 
	0xbc, 0xcc, 0xce, 0xcd, 0xcd, 0xcd, 0xde, 0xde, 
	0xcd, 0xcd, 0xce, 0xcd, 0xbb, 0xbc, 0xbb, 0xba, 
	0xba, 0xba, 0xb8, 0xa6, 0xa5, 0xa6, 0xa5, 0xa4, 
	0xa4, 0xa3, 0xa3, 0xa3, 0xa2, 0xa1, 0xa1, 0xa0, 
	0xa0, 0xa0, 0x00, 0x00, 0x00, 0x00, 0x00, 0x00, 
	0x00, 0x00, 0x00, 0x00, 0xa0, 0xa0, 0xa0, 0xa1, 
	0xa1, 0xa2, 0xa2, 0xa3, 0xa3, 0xa4, 0xa5, 0xa5, 
	0xa6, 0xa6, 0xa7, 0xb8, 0xb9, 0xb9, 0xb9, 0xbb, 
	0xba, 0xcc, 0xcd, 0xcc, 0xcd, 0xcc, 0xde, 0xce, 
	0xcd, 0xcc, 0xcd, 0xcd, 0xbb, 0xbb, 0xbb, 0xba, 
	0xb9, 0xb9, 0xb8, 0xa6, 0xa5, 0xa4, 0xa4, 0xa4, 
	0xa4, 0xa3, 0xa3, 0xa2, 0xa2, 0xa1, 0xa1, 0xa0, 
	0xa0, 0x00, 0x00, 0x00, 0x00, 0x00, 0x00, 0x00, 
	0x00, 0x00, 0x00, 0x00, 0x00, 0xa0, 0xa0, 0xa1, 
	0xa1, 0xa2, 0xa2, 0xa3, 0xa3, 0xa4, 0xa4, 0xa4, 
	0xa5, 0xa5, 0xa7, 0xb8, 0xa7, 0xa7, 0xb9, 0xb9, 
	0xb9, 0xcc, 0xcc, 0xbb, 0xbc, 0xbb, 0xcd, 0xcd, 
	0xbc, 0xbc, 0xbb, 0xcc, 0xbb, 0xb9, 0xb9, 0xb9, 
	0xa7, 0xa7, 0xa7, 0xa6, 0xa5, 0xa4, 0xa4, 0xa3, 
	0xa3, 0xa3, 0xa2, 0xa2, 0xa1, 0xa1, 0xa1, 0xa0, 
	0xa0, 0x00, 0x00, 0x00, 0x00, 0x00, 0x00, 0x00, 
	0x00, 0x00, 0x00, 0x00, 0x00, 0xa0, 0xa0, 0xa1, 
	0xa1, 0xa1, 0xa2, 0xa3, 0xa3, 0xa3, 0xa4, 0xa4, 
	0xa4, 0xa5, 0xa7, 0xa6, 0xa6, 0xa8, 0xa9, 0xa7, 
	0xb9, 0xbc, 0xbb, 0xba, 0xbb, 0xba, 0xcc, 0xcc, 
	0xbb, 0xbc, 0xba, 0xbb, 0xbb, 0xb8, 0xa8, 0xa8, 
	0xa8, 0xa6, 0xa6, 0xa6, 0xa5, 0xa4, 0xa3, 0xa3, 
	0xa3, 0xa2, 0xa2, 0xa2, 0xa1, 0xa1, 0xa0, 0xa0, 
	0x00, 0x00, 0x00, 0x00, 0x00, 0x00, 0x00, 0x00, 
	0x00, 0x00, 0x00, 0x00, 0x00, 0xa0, 0xa0, 0xa0, 
	0xa1, 0xa1, 0xa2, 0xa2, 0xa3, 0xa3, 0xa3, 0xa4, 
	0xa4, 0xa5, 0xa4, 0xa4, 0xa5, 0xa7, 0xa6, 0xa6, 
	0xb9, 0xba, 0xb9, 0xba, 0xb9, 0xb9, 0xcb, 0xbc, 
	0xb9, 0xbb, 0xb9, 0xb9, 0xbb, 0xa8, 0xa6, 0xa7, 
	0xa7, 0xa6, 0xa5, 0xa5, 0xa4, 0xa4, 0xa3, 0xa3, 
	0xa2, 0xa2, 0xa1, 0xa1, 0xa1, 0xa0, 0xa0, 0xa0, 
	0x00, 0x00, 0x00, 0x00, 0x00, 0x00, 0x00, 0x00, 
	0x00, 0x00, 0x00, 0x00, 0x00, 0xa0, 0xa0, 0xa0, 
	0xa1, 0xa1, 0xa2, 0xa2, 0xa3, 0xa3, 0xa3, 0xa3, 
	0xa4, 0xa4, 0xa3, 0xa4, 0xa5, 0xa5, 0xa5, 0xa6, 
	0xb9, 0xb9, 0xa8, 0xb9, 0xa8, 0xa7, 0xba, 0xbb, 
	0xa8, 0xb9, 0xa8, 0xa7, 0xb9, 0xb8, 0xa6, 0xa5, 
	0xa6, 0xa6, 0xa5, 0xa4, 0xa4, 0xa3, 0xa3, 0xa2, 
	0xa2, 0xa1, 0xa1, 0xa1, 0xa0, 0xa0, 0xa0, 0x00, 
	0x00, 0x00, 0x00, 0x00, 0x00, 0x00, 0x00, 0x00, 
	0x00, 0x00, 0x00, 0x00, 0x00, 0x00, 0xa0, 0xa0, 
	0xa1, 0xa1, 0xa1, 0xa2, 0xa2, 0xa2, 0xa3, 0xa3, 
	0xa3, 0xa3, 0xa3, 0xa4, 0xa4, 0xa4, 0xa5, 0xa6, 
	0xb8, 0xa7, 0xa6, 0xa7, 0xa6, 0xa6, 0xb9, 0xba, 
	0xa7, 0xa8, 0xa7, 0xa6, 0xa6, 0xb8, 0xa6, 0xa4, 
	0xa4, 0xa5, 0xa4, 0xa4, 0xa3, 0xa3, 0xa2, 0xa2, 
	0xa1, 0xa1, 0xa1, 0xa0, 0xa0, 0xa0, 0x00, 0x00, 
	0x00, 0x00, 0x00, 0x00, 0x00, 0x00, 0x00, 0x00, 
	0x00, 0x00, 0x00, 0x00, 0x00, 0x00, 0xa0, 0xa0, 
	0xa0, 0xa1, 0xa1, 0xa1, 0xa2, 0xa2, 0xa2, 0xa2, 
	0xa2, 0xa2, 0xa3, 0xa3, 0xa4, 0xa4, 0xa4, 0xa7, 
	0xa7, 0xa6, 0xa6, 0xa6, 0xa5, 0xa5, 0xb8, 0xb9, 
	0xa6, 0xa7, 0xa7, 0xa5, 0xa5, 0xa7, 0xa6, 0xa4, 
	0xa4, 0xa4, 0xa4, 0xa3, 0xa3, 0xa2, 0xa2, 0xa1, 
	0xa1, 0xa0, 0xa0, 0xa0, 0xa0, 0x00, 0x00, 0x00, 
	0x00, 0x00, 0x00, 0x00, 0x00, 0x00, 0x00, 0x00, 
	0x00, 0x00, 0x00, 0x00, 0x00, 0x00, 0x00, 0xa0, 
	0xa0, 0xa0, 0xa1, 0xa1, 0xa1, 0xa1, 0xa2, 0xa2, 
	0xa2, 0xa2, 0xa3, 0xa3, 0xa3, 0xa3, 0xa4, 0xa6, 
	0xa6, 0xa4, 0xa5, 0xa5, 0xa4, 0xa5, 0xa7, 0xb8, 
	0xa5, 0xa5, 0xa6, 0xa5, 0xa4, 0xa5, 0xa5, 0xa3, 
	0xa3, 0xa3, 0xa3, 0xa3, 0xa2, 0xa2, 0xa1, 0xa1, 
	0xa0, 0xa0, 0xa0, 0xa0, 0x00, 0x00, 0x00, 0x00, 
	0x00, 0x00, 0x00, 0x00, 0x00, 0x00, 0x00, 0x00, 
	0x00, 0x00, 0x00, 0x00, 0x00, 0x00, 0x00, 0xb0, 
	0xa0, 0xa0, 0xa0, 0xa1, 0xa1, 0xa1, 0xa1, 0xa1, 
	0xa1, 0xa2, 0xa2, 0xa3, 0xa3, 0xa3, 0xa4, 0xa5, 
	0xa4, 0xa4, 0xa4, 0xa4, 0xa3, 0xa4, 0xa6, 0xa7, 
	0xa4, 0xa4, 0xa5, 0xa4, 0xa3, 0xa3, 0xa4, 0xa3, 
	0xa2, 0xa2, 0xa2, 0xa2, 0xa2, 0xa1, 0xa1, 0xa0, 
	0xa0, 0xa0, 0xa0, 0x00, 0x00, 0x00, 0x00, 0x00, 
	0x00, 0x00, 0x00, 0x00, 0x00, 0x00, 0x00, 0x00, 
	0x00, 0x00, 0x00, 0x00, 0x00, 0x00, 0x00, 0x00, 
	0xb0, 0xa0, 0xa0, 0xa0, 0xa0, 0xa1, 0xa1, 0xa1, 
	0xa1, 0xa1, 0xa2, 0xa2, 0xa2, 0xa3, 0xa4, 0xa5, 
	0xa3, 0xa3, 0xa3, 0xa3, 0xa3, 0xa3, 0xa5, 0xa6, 
	0xa4, 0xa4, 0xa4, 0xa3, 0xa3, 0xa2, 0xa3, 0xa3, 
	0xa2, 0xa2, 0xa1, 0xa1, 0xa1, 0xa1, 0xa0, 0xa0, 
	0xa0, 0x00, 0x00, 0x00, 0x00, 0x00, 0x00, 0x00, 
	0x00, 0x00, 0x00, 0x00, 0x00, 0x00, 0x00, 0x00, 
	0x00, 0x00, 0x00, 0x00, 0x00, 0x00, 0x00, 0x00, 
	0x00, 0xb0, 0xb0, 0xa0, 0xb0, 0xa0, 0xa0, 0xa1, 
	0xa1, 0xa1, 0xa1, 0xa2, 0xa2, 0xa2, 0xa3, 0xa3, 
	0xa2, 0xa2, 0xa2, 0xa2, 0xa2, 0xa3, 0xa4, 0xa4, 
	0xa3, 0xa3, 0xa3, 0xa3, 0xa2, 0xa2, 0xa2, 0xa2, 
	0xa1, 0xa1, 0xa1, 0xa1, 0xa0, 0xa0, 0xa0, 0xa0, 
	0x00, 0x00, 0x00, 0x00, 0x00, 0x00, 0x00, 0x00, 
	0x00, 0x00, 0x00, 0x00, 0x00, 0x00, 0x00, 0x00, 
	0x00, 0x00, 0x00, 0x00, 0x00, 0x00, 0x00, 0x00, 
	0x00, 0x00, 0x00, 0xb0, 0xb0, 0xa0, 0xb0, 0xa0, 
	0xa0, 0xa1, 0xa1, 0xa1, 0xa1, 0xa2, 0xa2, 0xa2, 
	0xa2, 0xa2, 0xa2, 0xa2, 0xa2, 0xa2, 0xa3, 0xa3, 
	0xa2, 0xa2, 0xa2, 0xa2, 0xa1, 0xa1, 0xa1, 0xa1, 
	0xa1, 0xa0, 0xa0, 0xa0, 0xa0, 0xa0, 0xa0, 0x00, 
	0x00, 0x00, 0x00, 0x00, 0x00, 0x00, 0x00, 0x00, 
	0x00, 0x00, 0x00, 0x00, 0x00, 0x00, 0x00, 0x00, 
	0x00, 0x00, 0x00, 0x00, 0x00, 0x00, 0x00, 0x00, 
	0x00, 0x00, 0x00, 0x00, 0x00, 0x00, 0xb0, 0xa0, 
	0xa0, 0xa0, 0xa0, 0xa1, 0xa1, 0xa1, 0xa1, 0xa1, 
	0xa1, 0xa1, 0xa1, 0xa1, 0xa1, 0xa1, 0xa2, 0xa2, 
	0xa1, 0xa1, 0xa1, 0xa1, 0xa1, 0xa1, 0xa0, 0xa0, 
	0xa0, 0xa0, 0xa0, 0xa0, 0xa0, 0x00, 0x00, 0x00, 
	0x00, 0x00, 0x00, 0x00, 0x00, 0x00, 0x00, 0x00, 
	0x00, 0x00, 0x00, 0x00, 0x00, 0x00, 0x00, 0x00, 
	0x00, 0x00, 0x00, 0x00, 0x00, 0x00, 0x00, 0x00, 
	0x00, 0x00, 0x00, 0x00, 0x00, 0x00, 0x00, 0xa0, 
	0xa0, 0xa0, 0xa0, 0xa0, 0xa0, 0xa1, 0xa1, 0xa0, 
	0xa0, 0xa0, 0xa0, 0xa0, 0xa0, 0xa1, 0xa1, 0xa1, 
	0xa1, 0xa1, 0xa1, 0xa0, 0xa0, 0xa0, 0xa0, 0xa0, 
	0xa0, 0xa0, 0x00, 0x00, 0x00, 0x00, 0x00, 0x00, 
	0x00, 0x00, 0x00, 0x00, 0x00, 0x00, 0x00, 0x00, 
	0x00, 0x00, 0x00, 0x00, 0x00, 0x00, 0x00, 0x00, 
	0x00, 0x00, 0x00, 0x00, 0x00, 0x00, 0x00, 0x00, 
	0x00, 0x00, 0x00, 0x00, 0x00, 0x00, 0x00, 0x00, 
	0x00, 0x00, 0xa0, 0xa0, 0xa0, 0xa0, 0xa0, 0xa0, 
	0xa0, 0xa0, 0xa0, 0xa0, 0xa0, 0xa0, 0xa0, 0xa0, 
	0xa0, 0xa0, 0xa0, 0xa0, 0xa0, 0xa0, 0x00, 0x00, 
	0x00, 0x00, 0x00, 0x00, 0x00, 0x00, 0x00, 0x00, 
	0x00, 0x00, 0x00, 0x00, 0x00, 0x00, 0x00, 0x00, 
	0x00, 0x00, 0x00, 0x00, 0x00, 0x00, 0x00, 0x00, 
	0x00, 0x00, 0x00, 0x00, 0x00, 0x00, 0x00, 0x00, 
	0x00, 0x00, 0x00, 0x00, 0x00, 0x00, 0x00, 0x00, 
	0x00, 0x00, 0x00, 0x00, 0x00, 0x00, 0x00, 0x00, 
	0x00, 0x00, 0x00, 0x00, 0x00, 0xa0, 0xa0, 0xa0, 
	0xa0, 0xa0, 0x00, 0x00, 0x00, 0x00, 0x00, 0x00, 
	0x00, 0x00, 0x00, 0x00, 0x00, 0x00, 0x00, 0x00, 
	0x00, 0x00, 0x00, 0x00, 0x00, 0x00, 0x00, 0x00, 
	0x00, 0x00, 0x00, 0x00, 0x00, 0x00, 0x00, 0x00, 
	0x00, 0x00, 0x00, 0x00, 0x00, 0x00, 0x00, 0x00, 
	0x00, 0x00, 0x00, 0x00, 0x00, 0x00, 0x00, 0x00, 
	0x00, 0x00, 0x00, 0x00, 0x00, 0x00, 0x00, 0x00, 
	0x00, 0x00, 0x00, 0x00, 0x00, 0x00, 0x00, 0x00, 
	0x00, 0x00, 0x00, 0x00, 0x00, 0x00, 0x00, 0x00, 
	0x00, 0x00, 0x00, 0x00, 0x00, 0x00, 0x00, 0x00, 
	0x00, 0x00, 0x00, 0x00, 0x00, 0x00, 0x00, 0x00, 
	0x00, 0x00, 0x00, 0x00, 0x00, 0x00, 0x00, 0x00, 
	0x00, 0x00, 0x00, 0x00, 0x00, 0x00, 0x00, 0x00, 
	0x00, 0x00, 0x00, 0x00, 0x00, 0x00, 0x00, 0x00, 
	0x00, 0x00, 0x00, 0x00, 0x00, 0x00, 0x00, 0x00, 
	0x00, 0x00, 0x00, 0x00, 0x00, 0x00, 0x00, 0x00, 
	0x00, 0x00, 0x00, 0x00, 0x00, 0x00, 0x00, 0x00, 
	0x00, 0x00, 0x00, 0x00, 0x00, 0x00, 0x00, 0x00, 
	0x00, 0x00, 0x00, 0x00, 0x00, 0x00, 0x00, 0x00, 
	0x00, 0x00, 0x00, 0x00, 0x00, 0x00, 0x00, 0x00, 
	0x00, 0x00, 0x00, 0x00, 0x00, 0x00, 0x00, 0x00, 
	0x00, 0x00, 0x00, 0x00, 0x00, 0x00, 0x00, 0x00, 
	0x00, 0x00, 0x00, 0x00, 0x00, 0x00, 0x00, 0x00, 
	0x00, 0x00, 0x00, 0x00, 0x00, 0x00, 0x00, 0x00, 
	0x00, 0x00, 0x00, 0x00, 0x00, 0x00, 0x00, 0x00, 
	0x00, 0x00, 0x00, 0x00, 0x00, 0x00, 0x00, 0x00, 
	0x00, 0x00, 0x00, 0x00, 0x00, 0x00, 0x00, 0x00, 
	0x00, 0x00, 0x00, 0x00, 0x00, 0x00, 0x00, 0x00, 
	0x00, 0x00, 0x00, 0x00, 0x00, 0x00, 0x00, 0x00, 
	0x00, 0x00, 0x00, 0x00, 0x00, 0x00, 0x00, 0x00, 
	0x00, 0x00, 0x00, 0x00, 0x00, 0x00, 0x00, 0x00, 
	0x00, 0x00, 0x00, 0x00, 0x00, 0x00, 0x00, 0x00, 
	0x00, 0x00, 0x00, 0x00, 0x00, 0x00, 0x00, 0x00, 
	0x00, 0x00, 0x00, 0x00, 0x00, 0x00, 0x00, 0x00, 
	0x00, 0x00, 0x00, 0x00, 0x00, 0x00, 0x00, 0x00, 
	0x00, 0x00, 0x00, 0x00, 0x00, 0x00, 0x00, 0x00, 
	0x00, 0x00, 0x00, 0x00, 0x00, 0x00, 0x00, 0x00, 
	0x00, 0x00, 0x00, 0x00, 0x00, 0x00, 0x00, 0x00, 
	0x00, 0x00, 0x00, 0x00, 0x00, 0x00, 0x00, 0x00, 
	0x00, 0x00, 0x00, 0x00, 0x00, 0x00, 0x00, 0x00, 
	0x00, 0x00, 0x00, 0x00, 0x00, 0x00, 0x00, 0x00, 
	0x00, 0x00, 0x00, 0x00, 0x00, 0x00, 0x00, 0x00, 
	0x00, 0x00, 0x00, 0x00, 0x00, 0x00, 0x00, 0x00, 
	0x00, 0x00, 0x00, 0x00, 0x00, 0x00, 0x00, 0x00, 
	0x00, 0x00, 0x00, 0x00, 0x00, 0x00, 0x00, 0x00, 
	0x00, 0x00, 0x00, 0x00, 0x00, 0x00, 0x00, 0x00, 
	0x00, 0x00, 0x00, 0x00, 0x00, 0x00, 0x00, 0x00, 
	0x00, 0x00, 0x00, 0x00, 0x00, 0x00, 0x00, 0x00, 
	0x00, 0x00, 0x00, 0x00, 0x00, 0x00, 0x00, 0x00, 
	0x00, 0x00, 0x00, 0x00, 0x00, 0x00, 0x00, 0x00, 
	0x00, 0xb0, 0xb0, 0xc0, 0xb0, 0xb0, 0x00, 0x00, 
	0x00, 0x00, 0x00, 0x00, 0x00, 0x00, 0x00, 0x00, 
	
};

Gfx bob_dl_cloud_ia8_aligner[] = {gsSPEndDisplayList()};
u8 bob_dl_cloud_ia8[] = {
	0x00, 0x00, 0x00, 0x00, 0x00, 0x00, 0x00, 0x00, 
	0x00, 0x00, 0x00, 0x00, 0x00, 0x00, 0x00, 0x00, 
	0x00, 0x00, 0x00, 0x00, 0x00, 0x00, 0x00, 0x00, 
	0x00, 0x00, 0x00, 0x00, 0x00, 0x00, 0x00, 0x00, 
	0x00, 0x00, 0x00, 0x00, 0x00, 0x00, 0x00, 0x00, 
	0x00, 0x00, 0x00, 0x00, 0x00, 0x00, 0x00, 0x00, 
	0x00, 0x00, 0x00, 0x00, 0x00, 0x00, 0x00, 0x00, 
	0x00, 0x00, 0x00, 0x00, 0x00, 0x00, 0x00, 0x00, 
	0x00, 0x00, 0x00, 0x00, 0x00, 0x00, 0x00, 0x00, 
	0x00, 0x00, 0x00, 0x00, 0x00, 0x00, 0x00, 0x00, 
	0x00, 0x00, 0x00, 0x00, 0x00, 0x00, 0x00, 0x00, 
	0x00, 0x00, 0x00, 0x00, 0x00, 0x00, 0x00, 0x00, 
	0x00, 0x00, 0x00, 0x00, 0x00, 0x00, 0x00, 0x00, 
	0x00, 0x00, 0x00, 0x00, 0x00, 0x00, 0x00, 0x00, 
	0x00, 0x00, 0x00, 0x00, 0x00, 0x00, 0x00, 0x00, 
	0x00, 0x00, 0x00, 0x00, 0x00, 0x00, 0x00, 0x00, 
	0x00, 0x00, 0x00, 0x00, 0x00, 0x00, 0x00, 0x00, 
	0x00, 0x00, 0x00, 0x00, 0x00, 0x00, 0x00, 0x00, 
	0x00, 0x00, 0x00, 0x00, 0x00, 0x00, 0xc1, 0xc3, 
	0xd2, 0xc1, 0x00, 0x00, 0x00, 0x00, 0x00, 0x00, 
	0x00, 0x00, 0x00, 0x00, 0x00, 0x00, 0x00, 0x00, 
	0x00, 0x00, 0x00, 0x00, 0x00, 0x00, 0x00, 0x00, 
	0x00, 0x00, 0x00, 0x00, 0x00, 0x00, 0x00, 0x00, 
	0x00, 0x00, 0x00, 0x00, 0x00, 0x00, 0x00, 0x00, 
	0x00, 0x00, 0x00, 0x00, 0x00, 0x00, 0x00, 0x00, 
	0x00, 0x00, 0x00, 0x00, 0x00, 0x00, 0x00, 0x00, 
	0x00, 0x00, 0x00, 0x00, 0x00, 0xc1, 0xd6, 0xd9, 
	0xd7, 0xd4, 0xa0, 0x00, 0x00, 0x00, 0x00, 0x00, 
	0x00, 0x00, 0x00, 0x00, 0x00, 0x00, 0x00, 0x00, 
	0x00, 0x00, 0x00, 0x00, 0x00, 0x00, 0x00, 0x00, 
	0x00, 0x00, 0x00, 0x00, 0x00, 0x00, 0x00, 0x00, 
	0x00, 0x00, 0x00, 0x00, 0x00, 0x00, 0x00, 0x00, 
	0x00, 0x00, 0x00, 0x00, 0x00, 0x00, 0x00, 0x00, 
	0x00, 0x00, 0x00, 0x00, 0x00, 0x00, 0x00, 0x00, 
	0x00, 0x00, 0x00, 0x00, 0xb1, 0xd6, 0xea, 0xdb, 
	0xda, 0xd6, 0xa1, 0x00, 0x00, 0xa0, 0xc1, 0xc3, 
	0xc3, 0xb1, 0xb0, 0x00, 0x00, 0x00, 0x00, 0x00, 
	0x00, 0x00, 0x00, 0x00, 0x00, 0x00, 0x00, 0x00, 
	0x00, 0x00, 0x00, 0x00, 0x00, 0x00, 0x00, 0x00, 
	0x00, 0x00, 0x00, 0x00, 0x00, 0x00, 0x00, 0x00, 
	0x00, 0x00, 0x00, 0x00, 0x00, 0x00, 0x00, 0x00, 
	0x00, 0x00, 0x00, 0x00, 0x00, 0x00, 0x00, 0x00, 
	0x00, 0x00, 0x00, 0xb0, 0xb4, 0xdb, 0xdd, 0xdd, 
	0xcb, 0xb6, 0xa1, 0xa0, 0xa0, 0xc3, 0xd9, 0xdb, 
	0xc8, 0xb4, 0xb1, 0xb2, 0xb1, 0x90, 0xb1, 0xb0, 
	0x90, 0xa0, 0xb0, 0x00, 0x00, 0x00, 0x00, 0x00, 
	0x00, 0x00, 0x00, 0x00, 0x00, 0x00, 0x00, 0x00, 
	0x00, 0x00, 0x00, 0x00, 0x00, 0x00, 0x00, 0x00, 
	0x00, 0x00, 0x00, 0x00, 0x00, 0x00, 0x00, 0x00, 
	0x00, 0x00, 0x00, 0x00, 0x00, 0x00, 0x00, 0x00, 
	0x00, 0x00, 0x00, 0x90, 0xb4, 0xcc, 0xde, 0xde, 
	0xdc, 0xb8, 0xb4, 0xa1, 0xc2, 0xda, 0xee, 0xde, 
	0xdd, 0xdb, 0xda, 0xda, 0xc7, 0xb6, 0xd9, 0xd9, 
	0xd6, 0xd6, 0xd5, 0xb1, 0x00, 0x00, 0x00, 0x00, 
	0x00, 0x00, 0x00, 0x00, 0x00, 0x00, 0x00, 0x00, 
	0x00, 0x00, 0x00, 0x00, 0x00, 0x00, 0x00, 0x00, 
	0x00, 0x00, 0x00, 0x00, 0x00, 0x00, 0x00, 0x00, 
	0x00, 0x00, 0x00, 0x00, 0x00, 0x00, 0x00, 0x00, 
	0x00, 0x00, 0x90, 0x91, 0xb5, 0xcd, 0xdf, 0xdf, 
	0xce, 0xbc, 0xba, 0xc7, 0xeb, 0xee, 0xef, 0xdf, 
	0xef, 0xdf, 0xde, 0xde, 0xdd, 0xed, 0xee, 0xee, 
	0xdd, 0xec, 0xdb, 0xd8, 0xb2, 0xa0, 0x00, 0x00, 
	0x00, 0x00, 0x00, 0x00, 0x00, 0x00, 0x00, 0x00, 
	0x00, 0x00, 0x00, 0x00, 0x00, 0x00, 0x00, 0x00, 
	0x00, 0x00, 0x00, 0x00, 0x00, 0x00, 0x00, 0x00, 
	0x00, 0x00, 0x00, 0x00, 0x00, 0x00, 0x00, 0x00, 
	0xa0, 0xc4, 0xc7, 0xd9, 0xdc, 0xde, 0xdf, 0xdf, 
	0xce, 0xbd, 0xbd, 0xcd, 0xde, 0xef, 0xdf, 0xdf, 
	0xdf, 0xdf, 0xdf, 0xdf, 0xef, 0xef, 0xef, 0xdf, 
	0xde, 0xde, 0xde, 0xce, 0xdc, 0xd9, 0xc3, 0x70, 
	0x00, 0x00, 0x00, 0x00, 0x00, 0x00, 0x00, 0x00, 
	0x00, 0x00, 0x00, 0x00, 0x00, 0x00, 0x00, 0x00, 
	0x00, 0x00, 0x00, 0x00, 0x00, 0x00, 0x00, 0x00, 
	0x00, 0x00, 0x00, 0xb1, 0xb2, 0xc2, 0xa0, 0x00, 
	0xb2, 0xcb, 0xde, 0xef, 0xdf, 0xdf, 0xcf, 0xcf, 
	0xce, 0xbe, 0xbe, 0xce, 0xdf, 0xdf, 0xdf, 0xdf, 
	0xdf, 0xef, 0xef, 0xef, 0xef, 0xdf, 0xdf, 0xdf, 
	0xdf, 0xdf, 0xdf, 0xdf, 0xdf, 0xde, 0xdb, 0xc5, 
	0xb2, 0xa0, 0x00, 0x00, 0x00, 0x00, 0x00, 0x00, 
	0x00, 0x00, 0x00, 0x00, 0x00, 0x00, 0x00, 0x00, 
	0x00, 0x00, 0x00, 0x00, 0x00, 0x00, 0x00, 0x00, 
	0x00, 0x00, 0xa1, 0xb6, 0xca, 0xca, 0xb4, 0x90, 
	0xc7, 0xde, 0xdf, 0xdf, 0xdf, 0xcf, 0xcf, 0xcf, 
	0xce, 0xbe, 0xbe, 0xcf, 0xcf, 0xdf, 0xdf, 0xdf, 
	0xef, 0xef, 0xef, 0xef, 0xef, 0xdf, 0xdf, 0xdf, 
	0xdf, 0xdf, 0xdf, 0xdf, 0xdf, 0xdf, 0xdf, 0xde, 
	0xdc, 0xc7, 0xa2, 0x90, 0x90, 0x00, 0x00, 0x00, 
	0x00, 0x00, 0x00, 0x00, 0x00, 0x00, 0x00, 0x00, 
	0x00, 0x00, 0x00, 0x00, 0x00, 0x00, 0x00, 0x00, 
	0x00, 0x00, 0x90, 0xa4, 0xaa, 0xba, 0xa6, 0xa1, 
	0xc9, 0xdf, 0xdf, 0xcf, 0xcf, 0xdf, 0xcf, 0xcf, 
	0xcf, 0xbe, 0xbe, 0xcf, 0xcf, 0xdf, 0xdf, 0xef, 
	0xef, 0xdf, 0xdf, 0xdf, 0xdf, 0xdf, 0xcf, 0xdf, 
	0xdf, 0xdf, 0xdf, 0xdf, 0xdf, 0xdf, 0xdf, 0xdf, 
	0xdf, 0xde, 0xcb, 0xc7, 0xa3, 0xa1, 0x00, 0x00, 
	0x00, 0x00, 0x00, 0x00, 0x00, 0x00, 0x00, 0x00, 
	0x00, 0x00, 0x00, 0x00, 0x00, 0x00, 0x00, 0x00, 
	0x00, 0x00, 0xa1, 0xb8, 0xcd, 0xcc, 0xba, 0xa5, 
	0xcc, 0xdf, 0xdf, 0xcf, 0xdf, 0xdf, 0xdf, 0xdf, 
	0xdf, 0xdf, 0xcf, 0xcf, 0xcf, 0xcf, 0xcf, 0xdf, 
	0xdf, 0xdf, 0xdf, 0xdf, 0xdf, 0xdf, 0xdf, 0xdf, 
	0xdf, 0xdf, 0xcf, 0xdf, 0xdf, 0xdf, 0xdf, 0xdf, 
	0xdf, 0xdf, 0xdd, 0xcb, 0xc7, 0xc4, 0xb2, 0x00, 
	0x00, 0x00, 0x00, 0x00, 0x00, 0x00, 0x00, 0x00, 
	0x00, 0x00, 0x00, 0x00, 0x00, 0x00, 0x00, 0x00, 
	0x00, 0xb3, 0xc9, 0xce, 0xcf, 0xdf, 0xde, 0xcc, 
	0xde, 0xdf, 0xdf, 0xdf, 0xdf, 0xdf, 0xdf, 0xdf, 
	0xdf, 0xdf, 0xdf, 0xdf, 0xdf, 0xdf, 0xcf, 0xcf, 
	0xcf, 0xcf, 0xdf, 0xdf, 0xdf, 0xdf, 0xdf, 0xdf, 
	0xcf, 0xcf, 0xcf, 0xcf, 0xcf, 0xcf, 0xcf, 0xcf, 
	0xdf, 0xdf, 0xde, 0xcc, 0xc9, 0xc8, 0xc6, 0xa1, 
	0x00, 0x00, 0x00, 0x00, 0x00, 0x00, 0x00, 0x00, 
	0x00, 0x00, 0x00, 0x00, 0x80, 0x90, 0x90, 0x80, 
	0x91, 0xb8, 0xcd, 0xcf, 0xdf, 0xdf, 0xdf, 0xdf, 
	0xdf, 0xdf, 0xef, 0xdf, 0xef, 0xef, 0xdf, 0xdf, 
	0xdf, 0xdf, 0xdf, 0xdf, 0xdf, 0xdf, 0xdf, 0xcf, 
	0xcf, 0xcf, 0xdf, 0xdf, 0xdf, 0xdf, 0xdf, 0xcf, 
	0xcf, 0xbf, 0xbf, 0xcf, 0xcf, 0xcf, 0xcf, 0xcf, 
	0xcf, 0xcf, 0xce, 0xcd, 0xcc, 0xca, 0xc9, 0xb4, 
	0x90, 0x00, 0x00, 0x00, 0x00, 0x00, 0x00, 0x00, 
	0x00, 0x00, 0x00, 0x00, 0x91, 0x93, 0xa3, 0xa3, 
	0xb7, 0xcd, 0xce, 0xdf, 0xdf, 0xdf, 0xdf, 0xdf, 
	0xdf, 0xdf, 0xdf, 0xdf, 0xef, 0xef, 0xdf, 0xdf, 
	0xdf, 0xdf, 0xdf, 0xdf, 0xdf, 0xdf, 0xdf, 0xdf, 
	0xdf, 0xdf, 0xcf, 0xcf, 0xcf, 0xcf, 0xcf, 0xcf, 
	0xcf, 0xbf, 0xbf, 0xcf, 0xbf, 0xcf, 0xcf, 0xcf, 
	0xcf, 0xcf, 0xcf, 0xce, 0xcd, 0xcc, 0xca, 0xb6, 
	0xa2, 0x00, 0x00, 0x00, 0x00, 0x00, 0x00, 0x00, 
	0x00, 0x00, 0x00, 0xa0, 0xa4, 0xa8, 0xba, 0xbb, 
	0xcd, 0xce, 0xde, 0xde, 0xde, 0xdf, 0xdf, 0xcf, 
	0xdf, 0xdf, 0xdf, 0xdf, 0xdf, 0xdf, 0xdf, 0xdf, 
	0xdf, 0xdf, 0xcf, 0xcf, 0xcf, 0xcf, 0xdf, 0xdf, 
	0xdf, 0xdf, 0xcf, 0xdf, 0xdf, 0xdf, 0xdf, 0xcf, 
	0xbf, 0xbf, 0xcf, 0xcf, 0xcf, 0xcf, 0xcf, 0xcf, 
	0xcf, 0xbf, 0xbf, 0xbf, 0xbe, 0xcd, 0xcb, 0xb9, 
	0xb4, 0x90, 0x00, 0x00, 0x00, 0x00, 0x00, 0x00, 
	0x00, 0x00, 0x00, 0xa2, 0xb8, 0xba, 0xbb, 0xcc, 
	0xcd, 0xce, 0xdd, 0xdc, 0xdd, 0xcd, 0xce, 0xcf, 
	0xcf, 0xcf, 0xdf, 0xdf, 0xcf, 0xcf, 0xdf, 0xcf, 
	0xcf, 0xcf, 0xcf, 0xcf, 0xcf, 0xcf, 0xcf, 0xcf, 
	0xdf, 0xdf, 0xdf, 0xdf, 0xdf, 0xdf, 0xdf, 0xcf, 
	0xcf, 0xcf, 0xcf, 0xcf, 0xcf, 0xcf, 0xcf, 0xcf, 
	0xbf, 0xbf, 0xaf, 0xbf, 0xae, 0xae, 0xad, 0xab, 
	0xba, 0xa4, 0x90, 0x00, 0x00, 0x00, 0x00, 0x00, 
	0x00, 0x00, 0x00, 0xa1, 0xa5, 0xa6, 0xb8, 0xca, 
	0xcb, 0xcc, 0xcb, 0xda, 0xca, 0xcc, 0xce, 0xcf, 
	0xcf, 0xcf, 0xcf, 0xcf, 0xcf, 0xcf, 0xcf, 0xcf, 
	0xcf, 0xcf, 0xcf, 0xcf, 0xcf, 0xcf, 0xbf, 0xcf, 
	0xcf, 0xdf, 0xdf, 0xdf, 0xdf, 0xcf, 0xcf, 0xcf, 
	0xbf, 0xbf, 0xcf, 0xcf, 0xbf, 0xbf, 0xbf, 0xbf, 
	0xaf, 0x9e, 0x9e, 0x9e, 0x9e, 0x9e, 0x9d, 0x9c, 
	0xbd, 0xba, 0xa3, 0x80, 0x00, 0x00, 0x00, 0x00, 
	0x00, 0x00, 0x00, 0x90, 0x91, 0x91, 0xa3, 0xb4, 
	0xa4, 0xa6, 0xb7, 0xc7, 0xc8, 0xcb, 0xbd, 0xbe, 
	0xbe, 0xbf, 0xbf, 0xbf, 0xbf, 0xbf, 0xbe, 0xbe, 
	0xbf, 0xbf, 0xbf, 0xbf, 0xcf, 0xbf, 0xbf, 0xbf, 
	0xcf, 0xcf, 0xcf, 0xcf, 0xcf, 0xcf, 0xbf, 0xbf, 
	0xaf, 0xaf, 0xbf, 0xbf, 0xbf, 0xbf, 0xaf, 0xaf, 
	0xae, 0x9e, 0x9e, 0x8e, 0x8d, 0x8d, 0x9d, 0x9d, 
	0xad, 0xbd, 0xa6, 0x80, 0x90, 0x80, 0x00, 0x00, 
	0x00, 0x00, 0x00, 0x60, 0x90, 0x90, 0xa0, 0xa0, 
	0x90, 0x91, 0x91, 0xa3, 0xb7, 0xba, 0xbc, 0xad, 
	0xad, 0xae, 0xae, 0xae, 0xad, 0xad, 0xad, 0xae, 
	0xae, 0xae, 0xae, 0xae, 0xaf, 0xbf, 0xbf, 0xbf, 
	0xbf, 0xbf, 0xbf, 0xbf, 0xbf, 0xaf, 0xaf, 0x9e, 
	0x9e, 0x9e, 0x9f, 0x9f, 0x9f, 0xaf, 0x9e, 0x9e, 
	0x8e, 0x8e, 0x8d, 0x8d, 0x8d, 0x8d, 0x8d, 0x9d, 
	0xae, 0xbe, 0xbb, 0x94, 0xa6, 0xa6, 0x91, 0x00, 
	0x00, 0x00, 0x00, 0x00, 0x10, 0x90, 0x70, 0x80, 
	0x91, 0xa4, 0x93, 0xa5, 0xb9, 0xbb, 0xab, 0x99, 
	0xaa, 0xac, 0xac, 0x9b, 0xab, 0xab, 0xac, 0xad, 
	0xad, 0xad, 0xad, 0xae, 0xbf, 0xbf, 0xaf, 0xaf, 
	0xaf, 0xaf, 0xaf, 0xae, 0x9f, 0x9e, 0x8e, 0x8e, 
	0x8e, 0x8e, 0x8e, 0x8e, 0x8e, 0x8e, 0x8e, 0x8d, 
	0x7d, 0x7d, 0x7d, 0x7d, 0x7d, 0x8c, 0x8d, 0x9d, 
	0xae, 0xae, 0xbe, 0xac, 0xbd, 0xbd, 0xa5, 0x60, 
	0x00, 0x00, 0x00, 0x00, 0x00, 0x80, 0x90, 0xa0, 
	0x91, 0xa5, 0xa6, 0xb9, 0xbc, 0xbb, 0xa8, 0x96, 
	0x98, 0x9a, 0x99, 0x9a, 0xaa, 0x9a, 0x9a, 0xab, 
	0x9b, 0xab, 0xad, 0xbf, 0xcf, 0xbf, 0xbf, 0xaf, 
	0xae, 0xaf, 0xaf, 0x9e, 0x9e, 0x9e, 0x8e, 0x8e, 
	0x8e, 0x8e, 0x7e, 0x7d, 0x7d, 0x7e, 0x7d, 0x7d, 
	0x7d, 0x7d, 0x7d, 0x7d, 0x8d, 0x8c, 0x8d, 0x9d, 
	0x9d, 0xad, 0xad, 0xac, 0xbe, 0xbb, 0xa7, 0x91, 
	0x00, 0x00, 0x00, 0x00, 0x00, 0x00, 0x10, 0xa0, 
	0x91, 0xa5, 0xa7, 0xa9, 0xaa, 0xa6, 0x94, 0x93, 
	0x95, 0x96, 0x96, 0x98, 0xa9, 0xaa, 0x98, 0x96, 
	0x96, 0x96, 0xbb, 0xcf, 0xcf, 0xcf, 0xbf, 0xaf, 
	0xae, 0xaf, 0xaf, 0xae, 0x9e, 0x9e, 0x9e, 0x8e, 
	0x8e, 0x8e, 0x7d, 0x7d, 0x7d, 0x7d, 0x7d, 0x7d, 
	0x8d, 0x8d, 0x8d, 0x8d, 0x8d, 0x8d, 0x8d, 0x8d, 
	0x9d, 0x9c, 0x9c, 0x9b, 0xab, 0x95, 0x81, 0x80, 
	0x00, 0x00, 0x00, 0x00, 0x00, 0x00, 0x40, 0xa0, 
	0x91, 0x93, 0xa4, 0xa5, 0x94, 0x92, 0x91, 0x91, 
	0x91, 0x92, 0x92, 0x94, 0x95, 0xa6, 0x93, 0x91, 
	0x81, 0x91, 0xb7, 0xce, 0xcf, 0xbf, 0xbf, 0xae, 
	0xae, 0xae, 0xae, 0xae, 0x9e, 0x9e, 0x9e, 0x8e, 
	0x8e, 0x8e, 0x8d, 0x8d, 0x8d, 0x7d, 0x7d, 0x8c, 
	0x8c, 0x8c, 0x8d, 0x8d, 0x8d, 0x8d, 0x8c, 0x8c, 
	0x8c, 0x8a, 0x88, 0x88, 0x97, 0x83, 0x80, 0x00, 
	0x00, 0x00, 0x00, 0x00, 0x00, 0x00, 0x70, 0x90, 
	0x91, 0x91, 0x90, 0x90, 0x91, 0x90, 0x90, 0xb0, 
	0x90, 0x90, 0x91, 0x91, 0x81, 0x91, 0x80, 0xa0, 
	0xa0, 0xb0, 0x92, 0xba, 0xbd, 0xbd, 0xad, 0xac, 
	0xac, 0xad, 0x9e, 0x9e, 0x9e, 0x9e, 0x9e, 0x9e, 
	0x8e, 0x8e, 0x8d, 0x8d, 0x8d, 0x8d, 0x8c, 0x8a, 
	0x87, 0x88, 0x8a, 0x8b, 0x8c, 0x9c, 0x9b, 0x8a, 
	0x88, 0x85, 0x83, 0x84, 0x84, 0x82, 0x80, 0x00, 
	0x00, 0x00, 0x00, 0x00, 0x00, 0x00, 0xa0, 0xb0, 
	0x90, 0xb0, 0xd0, 0xd0, 0xa0, 0xa0, 0x80, 0x30, 
	0xc0, 0xc0, 0x90, 0x80, 0x70, 0x80, 0xb0, 0xf0, 
	0xe0, 0xa0, 0x90, 0xa4, 0xa5, 0xa6, 0xa6, 0x93, 
	0x96, 0x9a, 0x9c, 0x9d, 0x9d, 0x9d, 0x9d, 0x9d, 
	0x8d, 0x8d, 0x8d, 0x8d, 0x8c, 0x8b, 0x89, 0x86, 
	0x82, 0x83, 0x85, 0x86, 0x87, 0x97, 0x96, 0x84, 
	0x81, 0x80, 0x80, 0x71, 0x71, 0x80, 0x60, 0x00, 
	0x00, 0x00, 0x00, 0x00, 0x00, 0x00, 0x30, 0xc0, 
	0xd0, 0xa0, 0x60, 0x90, 0x80, 0x80, 0x10, 0x00, 
	0x40, 0xb0, 0xd0, 0xc0, 0xb0, 0x90, 0xb0, 0xc0, 
	0x80, 0xa0, 0xb0, 0x90, 0x80, 0x80, 0x81, 0x80, 
	0x81, 0x96, 0x99, 0x9a, 0x9a, 0x9b, 0x9b, 0x8b, 
	0x8b, 0x8b, 0x8b, 0x8a, 0x89, 0x86, 0x85, 0x84, 
	0x81, 0x81, 0x81, 0x82, 0x82, 0x81, 0x81, 0x80, 
	0x60, 0x10, 0x70, 0x80, 0x40, 0x10, 0x00, 0x00, 
	0x00, 0x00, 0x00, 0x00, 0x00, 0x00, 0x00, 0x00, 
	0x10, 0x00, 0x00, 0x00, 0x00, 0x00, 0x00, 0x00, 
	0x00, 0x20, 0xd0, 0xe0, 0xb0, 0x10, 0x00, 0x50, 
	0x10, 0x20, 0x80, 0x80, 0xc0, 0xf0, 0xf0, 0xf0, 
	0x90, 0x81, 0x82, 0x94, 0x96, 0x97, 0x86, 0x85, 
	0x88, 0x89, 0x88, 0x86, 0x84, 0x81, 0x70, 0x81, 
	0x81, 0x70, 0x80, 0x90, 0x90, 0x40, 0x30, 0x00, 
	0x00, 0x00, 0x00, 0x00, 0x00, 0x00, 0x00, 0x00, 
	0x00, 0x00, 0x00, 0x00, 0x00, 0x00, 0x00, 0x00, 
	0x00, 0x00, 0x00, 0x00, 0x00, 0x00, 0x00, 0x00, 
	0x00, 0x00, 0xa0, 0xd0, 0xc0, 0x40, 0x00, 0x20, 
	0x00, 0x00, 0x00, 0x00, 0x10, 0xb0, 0xf0, 0xf0, 
	0xf0, 0xa0, 0x90, 0x80, 0x81, 0x94, 0x94, 0x82, 
	0x82, 0x84, 0x85, 0x84, 0x72, 0x81, 0x80, 0x60, 
	0x90, 0xc0, 0x90, 0x30, 0x00, 0x00, 0x00, 0x00, 
	0x00, 0x00, 0x00, 0x00, 0x00, 0x00, 0x00, 0x00, 
	0x00, 0x00, 0x00, 0x00, 0x00, 0x00, 0x00, 0x00, 
	0x00, 0x00, 0x00, 0x00, 0x00, 0x00, 0x00, 0x00, 
	0x00, 0x00, 0x00, 0x20, 0x20, 0x00, 0x00, 0x00, 
	0x00, 0x00, 0x00, 0x00, 0x00, 0x90, 0xf0, 0xf0, 
	0xf0, 0xe0, 0xe0, 0xe0, 0xa0, 0x81, 0x81, 0x70, 
	0x70, 0x81, 0x81, 0x71, 0x81, 0x81, 0xb0, 0xc0, 
	0xa0, 0x30, 0x00, 0x00, 0x00, 0x00, 0x00, 0x00, 
	0x00, 0x00, 0x00, 0x00, 0x00, 0x00, 0x00, 0x00, 
	0x00, 0x00, 0x00, 0x00, 0x00, 0x00, 0x00, 0x00, 
	0x00, 0x00, 0x00, 0x00, 0x00, 0x00, 0x00, 0x00, 
	0x00, 0x00, 0x00, 0x00, 0x00, 0x00, 0x10, 0x00, 
	0x00, 0x00, 0x00, 0x00, 0x00, 0x50, 0xd0, 0xf0, 
	0xe0, 0xe0, 0xe0, 0xe0, 0xf0, 0x80, 0x60, 0x90, 
	0xc0, 0x70, 0x80, 0x80, 0x80, 0x80, 0xb0, 0xc0, 
	0x40, 0x00, 0x00, 0x00, 0x00, 0x00, 0x00, 0x00, 
	0x00, 0x00, 0x00, 0x00, 0x00, 0x00, 0x00, 0x00, 
	
};

Gfx bob_dl_hang_ci8_aligner[] = {gsSPEndDisplayList()};
u8 bob_dl_hang_ci8[] = {
	0x00, 0x00, 0x00, 0x00, 0x00, 0x00, 0x00, 0x00, 
	0x00, 0x00, 0x00, 0x00, 0x00, 0x00, 0x00, 0x00, 
	0x00, 0x00, 0x00, 0x00, 0x00, 0x00, 0x00, 0x00, 
	0x00, 0x00, 0x00, 0x00, 0x00, 0x00, 0x00, 0x00, 
	0x00, 0x00, 0x00, 0x00, 0x00, 0x00, 0x00, 0x00, 
	0x00, 0x00, 0x00, 0x00, 0x00, 0x00, 0x00, 0x00, 
	0x00, 0x00, 0x00, 0x00, 0x00, 0x00, 0x00, 0x00, 
	0x00, 0x00, 0x00, 0x00, 0x00, 0x00, 0x00, 0x00, 
	0x00, 0x00, 0x00, 0x00, 0x00, 0x00, 0x00, 0x00, 
	0x00, 0x00, 0x00, 0x00, 0x00, 0x00, 0x00, 0x00, 
	0x00, 0x00, 0x00, 0x00, 0x00, 0x00, 0x00, 0x00, 
	0x00, 0x00, 0x00, 0x00, 0x00, 0x00, 0x00, 0x00, 
	0x00, 0x00, 0x00, 0x00, 0x00, 0x00, 0x00, 0x00, 
	0x00, 0x00, 0x00, 0x00, 0x00, 0x00, 0x00, 0x00, 
	0x00, 0x00, 0x00, 0x00, 0x00, 0x00, 0x00, 0x00, 
	0x00, 0x00, 0x00, 0x00, 0x00, 0x00, 0x00, 0x00, 
	0x00, 0x00, 0x00, 0x00, 0x00, 0x00, 0x00, 0x00, 
	0x00, 0x00, 0x00, 0x01, 0x02, 0x02, 0x02, 0x02, 
	0x02, 0x02, 0x02, 0x02, 0x01, 0x00, 0x00, 0x00, 
	0x00, 0x00, 0x00, 0x00, 0x00, 0x00, 0x00, 0x00, 
	0x00, 0x00, 0x00, 0x00, 0x00, 0x00, 0x00, 0x00, 
	0x01, 0x02, 0x03, 0x03, 0x03, 0x03, 0x04, 0x05, 
	0x05, 0x05, 0x03, 0x03, 0x03, 0x02, 0x01, 0x01, 
	0x00, 0x00, 0x00, 0x00, 0x00, 0x00, 0x00, 0x00, 
	0x00, 0x00, 0x00, 0x00, 0x00, 0x00, 0x01, 0x02, 
	0x03, 0x03, 0x05, 0x05, 0x06, 0x06, 0x07, 0x07, 
	0x08, 0x07, 0x07, 0x06, 0x05, 0x05, 0x03, 0x02, 
	0x01, 0x00, 0x00, 0x00, 0x00, 0x00, 0x00, 0x00, 
	0x00, 0x00, 0x00, 0x00, 0x00, 0x01, 0x02, 0x03, 
	0x05, 0x06, 0x07, 0x08, 0x09, 0x09, 0x0a, 0x0b, 
	0x0c, 0x0c, 0x0a, 0x0d, 0x07, 0x06, 0x05, 0x04, 
	0x03, 0x02, 0x0e, 0x00, 0x00, 0x00, 0x00, 0x00, 
	0x00, 0x00, 0x00, 0x00, 0x01, 0x02, 0x03, 0x05, 
	0x07, 0x0f, 0x0a, 0x0c, 0x0b, 0x0b, 0x10, 0x11, 
	0x11, 0x12, 0x13, 0x0b, 0x0a, 0x0d, 0x08, 0x06, 
	0x05, 0x03, 0x02, 0x01, 0x00, 0x00, 0x00, 0x00, 
	0x00, 0x00, 0x00, 0x01, 0x02, 0x03, 0x06, 0x08, 
	0x09, 0x0c, 0x13, 0x13, 0x13, 0x13, 0x11, 0x11, 
	0x14, 0x12, 0x11, 0x11, 0x13, 0x0b, 0x0d, 0x08, 
	0x15, 0x05, 0x03, 0x02, 0x01, 0x00, 0x00, 0x00, 
	0x00, 0x00, 0x01, 0x03, 0x03, 0x06, 0x16, 0x17, 
	0x0c, 0x13, 0x11, 0x11, 0x11, 0x12, 0x18, 0x14, 
	0x14, 0x11, 0x14, 0x11, 0x11, 0x13, 0x0b, 0x0a, 
	0x0a, 0x08, 0x06, 0x03, 0x02, 0x01, 0x00, 0x00, 
	0x00, 0x00, 0x02, 0x03, 0x06, 0x08, 0x17, 0x13, 
	0x11, 0x11, 0x11, 0x12, 0x14, 0x19, 0x1a, 0x19, 
	0x14, 0x11, 0x14, 0x18, 0x11, 0x11, 0x13, 0x13, 
	0x13, 0x0c, 0x0f, 0x05, 0x03, 0x02, 0x00, 0x00, 
	0x00, 0x02, 0x03, 0x05, 0x08, 0x0a, 0x13, 0x1b, 
	0x12, 0x12, 0x12, 0x14, 0x18, 0x19, 0x1c, 0x1a, 
	0x14, 0x11, 0x11, 0x18, 0x11, 0x11, 0x12, 0x14, 
	0x18, 0x14, 0x1d, 0x07, 0x05, 0x03, 0x01, 0x00, 
	0x01, 0x02, 0x05, 0x07, 0x0a, 0x1b, 0x1e, 0x13, 
	0x12, 0x14, 0x14, 0x14, 0x18, 0x19, 0x1c, 0x1a, 
	0x18, 0x11, 0x1f, 0x18, 0x18, 0x18, 0x18, 0x18, 
	0x1a, 0x1a, 0x19, 0x17, 0x07, 0x05, 0x02, 0x01, 
	0x02, 0x03, 0x06, 0x09, 0x1b, 0x14, 0x14, 0x1e, 
	0x1e, 0x14, 0x14, 0x14, 0x18, 0x19, 0x1a, 0x1a, 
	0x18, 0x18, 0x18, 0x19, 0x19, 0x19, 0x1a, 0x20, 
	0x21, 0x21, 0x1c, 0x22, 0x09, 0x06, 0x03, 0x02, 
	0x02, 0x05, 0x07, 0x0a, 0x11, 0x14, 0x1e, 0x13, 
	0x1e, 0x14, 0x14, 0x14, 0x18, 0x19, 0x19, 0x19, 
	0x18, 0x14, 0x18, 0x18, 0x18, 0x19, 0x1a, 0x21, 
	0x21, 0x21, 0x21, 0x1c, 0x0c, 0x07, 0x05, 0x02, 
	0x03, 0x06, 0x0d, 0x10, 0x11, 0x12, 0x13, 0x1b, 
	0x13, 0x13, 0x13, 0x14, 0x18, 0x19, 0x19, 0x19, 
	0x18, 0x14, 0x14, 0x14, 0x18, 0x19, 0x1a, 0x20, 
	0x20, 0x21, 0x21, 0x21, 0x14, 0x0a, 0x23, 0x03, 
	0x05, 0x15, 0x0b, 0x10, 0x11, 0x11, 0x13, 0x11, 
	0x11, 0x13, 0x13, 0x11, 0x18, 0x1a, 0x1a, 0x19, 
	0x18, 0x14, 0x14, 0x14, 0x18, 0x19, 0x19, 0x1a, 
	0x1a, 0x1c, 0x21, 0x21, 0x19, 0x1d, 0x16, 0x05, 
	0x06, 0x0d, 0x0b, 0x13, 0x12, 0x18, 0x14, 0x11, 
	0x13, 0x13, 0x13, 0x11, 0x18, 0x1a, 0x1a, 0x19, 
	0x14, 0x1e, 0x14, 0x14, 0x14, 0x18, 0x19, 0x1a, 
	0x1a, 0x1a, 0x21, 0x1a, 0x19, 0x1b, 0x09, 0x06, 
	0x15, 0x0b, 0x10, 0x11, 0x18, 0x1a, 0x18, 0x11, 
	0x13, 0x13, 0x11, 0x11, 0x14, 0x14, 0x18, 0x19, 
	0x19, 0x19, 0x19, 0x14, 0x14, 0x14, 0x19, 0x19, 
	0x1a, 0x1a, 0x1a, 0x21, 0x24, 0x14, 0x17, 0x07, 
	0x08, 0x0b, 0x10, 0x11, 0x18, 0x18, 0x18, 0x18, 
	0x11, 0x10, 0x10, 0x13, 0x11, 0x12, 0x1b, 0x14, 
	0x19, 0x19, 0x14, 0x14, 0x14, 0x14, 0x19, 0x1a, 
	0x1a, 0x1a, 0x1a, 0x21, 0x18, 0x14, 0x0c, 0x0f, 
	0x0d, 0x0b, 0x10, 0x11, 0x11, 0x11, 0x25, 0x1f, 
	0x11, 0x10, 0x0b, 0x0b, 0x13, 0x13, 0x13, 0x14, 
	0x18, 0x18, 0x14, 0x14, 0x14, 0x19, 0x26, 0x1c, 
	0x1c, 0x1c, 0x20, 0x1a, 0x18, 0x14, 0x1e, 0x17, 
	0x27, 0x0b, 0x10, 0x11, 0x11, 0x11, 0x11, 0x11, 
	0x11, 0x10, 0x0b, 0x0b, 0x13, 0x13, 0x14, 0x14, 
	0x18, 0x14, 0x13, 0x13, 0x14, 0x19, 0x1c, 0x21, 
	0x21, 0x21, 0x21, 0x1a, 0x19, 0x18, 0x14, 0x0c, 
	0x0b, 0x10, 0x10, 0x10, 0x13, 0x28, 0x11, 0x11, 
	0x11, 0x11, 0x13, 0x10, 0x10, 0x11, 0x18, 0x18, 
	0x14, 0x14, 0x14, 0x14, 0x14, 0x19, 0x1c, 0x21, 
	0x20, 0x1a, 0x1a, 0x1a, 0x14, 0x11, 0x11, 0x13, 
	0x0b, 0x10, 0x10, 0x13, 0x13, 0x10, 0x11, 0x11, 
	0x11, 0x11, 0x13, 0x10, 0x11, 0x18, 0x18, 0x18, 
	0x14, 0x14, 0x14, 0x14, 0x14, 0x19, 0x1a, 0x1a, 
	0x1a, 0x19, 0x18, 0x14, 0x13, 0x13, 0x13, 0x0b, 
	0x0b, 0x10, 0x11, 0x13, 0x13, 0x10, 0x11, 0x11, 
	0x11, 0x13, 0x10, 0x10, 0x11, 0x18, 0x18, 0x12, 
	0x1b, 0x14, 0x14, 0x14, 0x14, 0x14, 0x19, 0x19, 
	0x18, 0x14, 0x14, 0x13, 0x13, 0x13, 0x0b, 0x0a, 
	0x0b, 0x10, 0x13, 0x13, 0x0b, 0x0b, 0x10, 0x10, 
	0x10, 0x10, 0x0b, 0x10, 0x13, 0x11, 0x14, 0x13, 
	0x13, 0x13, 0x12, 0x1b, 0x14, 0x14, 0x19, 0x18, 
	0x14, 0x14, 0x14, 0x13, 0x11, 0x13, 0x10, 0x0a, 
	0x0b, 0x10, 0x10, 0x0b, 0x29, 0x29, 0x2a, 0x10, 
	0x10, 0x0b, 0x0b, 0x0b, 0x10, 0x10, 0x11, 0x10, 
	0x0b, 0x13, 0x11, 0x13, 0x14, 0x14, 0x18, 0x18, 
	0x12, 0x1b, 0x1b, 0x13, 0x13, 0x13, 0x13, 0x0b, 
	0x10, 0x10, 0x0b, 0x29, 0x27, 0x29, 0x0b, 0x0b, 
	0x2a, 0x29, 0x2a, 0x0b, 0x10, 0x10, 0x11, 0x0b, 
	0x0b, 0x13, 0x13, 0x11, 0x14, 0x18, 0x18, 0x18, 
	0x11, 0x13, 0x13, 0x11, 0x13, 0x13, 0x13, 0x0b, 
	0x10, 0x10, 0x0b, 0x29, 0x29, 0x0b, 0x0b, 0x0b, 
	0x29, 0x29, 0x2a, 0x10, 0x10, 0x13, 0x11, 0x0b, 
	0x10, 0x13, 0x13, 0x14, 0x19, 0x1a, 0x1a, 0x18, 
	0x18, 0x11, 0x13, 0x11, 0x10, 0x10, 0x10, 0x13, 
	0x0b, 0x2a, 0x2a, 0x29, 0x29, 0x0b, 0x10, 0x10, 
	0x2a, 0x0b, 0x0b, 0x10, 0x10, 0x10, 0x11, 0x13, 
	0x13, 0x11, 0x11, 0x14, 0x18, 0x19, 0x19, 0x18, 
	0x18, 0x14, 0x12, 0x13, 0x10, 0x10, 0x10, 0x10, 
	0x2a, 0x29, 0x29, 0x29, 0x29, 0x10, 0x10, 0x10, 
	0x0b, 0x0b, 0x10, 0x10, 0x0b, 0x0b, 0x11, 0x11, 
	0x11, 0x25, 0x11, 0x14, 0x14, 0x14, 0x18, 0x18, 
	0x18, 0x18, 0x14, 0x13, 0x10, 0x10, 0x0b, 0x0b, 
	
};

Gfx bob_dl_hang_pal_rgba16_aligner[] = {gsSPEndDisplayList()};
u8 bob_dl_hang_pal_rgba16[] = {
	0x00, 0x00, 0x2b, 0xc2, 0x2b, 0xc3, 0x2b, 0xc5, 
	0x2c, 0x05, 0x34, 0x05, 0x34, 0x45, 0x3c, 0x85, 
	0x3c, 0xc5, 0x45, 0x07, 0x45, 0x47, 0x45, 0x87, 
	0x4d, 0x87, 0x3d, 0x05, 0x56, 0x48, 0x44, 0xc7, 
	0x45, 0xc7, 0x4e, 0x07, 0x4e, 0x09, 0x4d, 0xc7, 
	0x56, 0x09, 0x34, 0x85, 0x3c, 0xc7, 0x4d, 0x47, 
	0x56, 0x49, 0x5e, 0x49, 0x5e, 0x89, 0x4d, 0xc9, 
	0x66, 0x8b, 0x4d, 0x89, 0x55, 0xc9, 0x4e, 0x49, 
	0x66, 0x89, 0x66, 0xcb, 0x5e, 0x09, 0x3c, 0x45, 
	0x56, 0x89, 0x4e, 0x47, 0x5e, 0x8b, 0x3d, 0x45, 
	0x46, 0x07, 0x3d, 0x85, 0x45, 0x85, 
};

Gfx bob_dl__11111texKinokoRed_ci4_ci4_aligner[] = {gsSPEndDisplayList()};
u8 bob_dl__11111texKinokoRed_ci4_ci4[] = {
	0x00, 0x00, 0x00, 0x00, 0x00, 0x00, 0x00, 0x00, 
	0x00, 0x00, 0x00, 0x00, 0x00, 0x00, 0x00, 0x00, 
	0x00, 0x00, 0x00, 0x00, 0x00, 0x00, 0x00, 0x00, 
	0x00, 0x00, 0x00, 0x00, 0x00, 0x00, 0x00, 0x00, 
	0x00, 0x00, 0x00, 0x00, 0x00, 0x00, 0x00, 0x00, 
	0x00, 0x00, 0x00, 0x00, 0x00, 0x00, 0x00, 0x00, 
	0x00, 0x00, 0x00, 0x00, 0x00, 0x00, 0x00, 0x00, 
	0x00, 0x00, 0x00, 0x00, 0x00, 0x00, 0x00, 0x00, 
	0x00, 0x00, 0x00, 0x00, 0x00, 0x00, 0x00, 0x00, 
	0x00, 0x00, 0x00, 0x00, 0x00, 0x00, 0x00, 0x00, 
	0x00, 0x00, 0x00, 0x00, 0x00, 0x00, 0x00, 0x00, 
	0x00, 0x00, 0x00, 0x00, 0x00, 0x00, 0x00, 0x00, 
	0x00, 0x00, 0x00, 0x00, 0x00, 0x00, 0x00, 0x00, 
	0x00, 0x00, 0x00, 0x00, 0x00, 0x00, 0x00, 0x00, 
	0x00, 0x00, 0x00, 0x00, 0x00, 0x00, 0x00, 0x00, 
	0x00, 0x00, 0x00, 0x00, 0x00, 0x00, 0x00, 0x00, 
	0x00, 0x00, 0x00, 0x00, 0x00, 0x00, 0x00, 0x00, 
	0x00, 0x00, 0x00, 0x00, 0x00, 0x00, 0x00, 0x00, 
	0x00, 0x00, 0x00, 0x00, 0x00, 0x00, 0x00, 0x00, 
	0x00, 0x00, 0x00, 0x00, 0x00, 0x00, 0x00, 0x00, 
	0x00, 0x00, 0x00, 0x00, 0x00, 0x00, 0x00, 0x00, 
	0x00, 0x00, 0x00, 0x00, 0x00, 0x00, 0x00, 0x00, 
	0x00, 0x00, 0x00, 0x00, 0x00, 0x00, 0x00, 0x00, 
	0x00, 0x00, 0x00, 0x00, 0x00, 0x00, 0x00, 0x00, 
	0x00, 0x00, 0x00, 0x00, 0x00, 0x00, 0x00, 0x00, 
	0x00, 0x00, 0x00, 0x00, 0x00, 0x00, 0x00, 0x00, 
	0x00, 0x00, 0x00, 0x00, 0x00, 0x00, 0x00, 0x00, 
	0x00, 0x00, 0x00, 0x00, 0x00, 0x00, 0x00, 0x00, 
	0x00, 0x00, 0x00, 0x00, 0x00, 0x00, 0x00, 0x00, 
	0x00, 0x00, 0x00, 0x00, 0x00, 0x00, 0x00, 0x00, 
	0x00, 0x00, 0x00, 0x00, 0x00, 0x00, 0x00, 0x00, 
	0x00, 0x00, 0x00, 0x00, 0x00, 0x00, 0x00, 0x00, 
	0x00, 0x00, 0x00, 0x00, 0x00, 0x00, 0x00, 0x00, 
	0x00, 0x00, 0x00, 0x00, 0x00, 0x00, 0x00, 0x00, 
	0x00, 0x00, 0x00, 0x00, 0x00, 0x00, 0x00, 0x00, 
	0x00, 0x00, 0x00, 0x00, 0x00, 0x00, 0x00, 0x00, 
	0x00, 0x00, 0x00, 0x00, 0x00, 0x00, 0x00, 0x00, 
	0x00, 0x00, 0x00, 0x00, 0x00, 0x00, 0x00, 0x00, 
	0x00, 0x00, 0x00, 0x00, 0x00, 0x00, 0x00, 0x00, 
	0x00, 0x00, 0x00, 0x00, 0x00, 0x00, 0x00, 0x00, 
	0x00, 0x00, 0x00, 0x00, 0x00, 0x00, 0x00, 0x00, 
	0x00, 0x00, 0x00, 0x00, 0x00, 0x00, 0x00, 0x00, 
	0x00, 0x00, 0x00, 0x00, 0x00, 0x00, 0x00, 0x00, 
	0x00, 0x00, 0x00, 0x00, 0x00, 0x00, 0x00, 0x00, 
	0x00, 0x00, 0x00, 0x00, 0x00, 0x00, 0x00, 0x00, 
	0x00, 0x00, 0x00, 0x00, 0x00, 0x00, 0x00, 0x00, 
	0x00, 0x00, 0x00, 0x00, 0x00, 0x00, 0x00, 0x00, 
	0x00, 0x00, 0x00, 0x00, 0x00, 0x00, 0x00, 0x00, 
	0x00, 0x00, 0x00, 0x00, 0x00, 0x00, 0x00, 0x00, 
	0x00, 0x00, 0x00, 0x00, 0x00, 0x00, 0x00, 0x00, 
	0x00, 0x00, 0x00, 0x00, 0x00, 0x00, 0x00, 0x00, 
	0x00, 0x00, 0x00, 0x00, 0x00, 0x00, 0x00, 0x00, 
	0x00, 0x00, 0x00, 0x00, 0x00, 0x00, 0x00, 0x00, 
	0x00, 0x00, 0x00, 0x00, 0x00, 0x00, 0x00, 0x00, 
	0x00, 0x00, 0x00, 0x00, 0x00, 0x00, 0x00, 0x00, 
	0x00, 0x00, 0x00, 0x00, 0x00, 0x00, 0x00, 0x00, 
	0x00, 0x00, 0x00, 0x01, 0x00, 0x00, 0x00, 0x00, 
	0x00, 0x00, 0x00, 0x00, 0x00, 0x00, 0x00, 0x00, 
	0x00, 0x00, 0x00, 0x00, 0x00, 0x00, 0x00, 0x00, 
	0x00, 0x00, 0x00, 0x00, 0x00, 0x00, 0x00, 0x00, 
	0x00, 0x00, 0x00, 0x01, 0x00, 0x00, 0x00, 0x00, 
	0x00, 0x00, 0x00, 0x00, 0x00, 0x00, 0x22, 0x22, 
	0x00, 0x00, 0x00, 0x00, 0x00, 0x00, 0x00, 0x00, 
	0x00, 0x00, 0x00, 0x00, 0x00, 0x00, 0x00, 0x00, 
	0x00, 0x00, 0x00, 0x01, 0x00, 0x00, 0x00, 0x00, 
	0x00, 0x00, 0x00, 0x02, 0x22, 0x33, 0x22, 0x22, 
	0x22, 0x00, 0x00, 0x00, 0x00, 0x00, 0x00, 0x00, 
	0x00, 0x00, 0x00, 0x00, 0x00, 0x00, 0x00, 0x00, 
	0x00, 0x00, 0x00, 0x01, 0x00, 0x00, 0x00, 0x00, 
	0x00, 0x00, 0x22, 0x34, 0x44, 0x44, 0x55, 0x53, 
	0x44, 0x32, 0x66, 0x00, 0x00, 0x00, 0x00, 0x00, 
	0x00, 0x00, 0x00, 0x00, 0x00, 0x00, 0x00, 0x00, 
	0x00, 0x00, 0x00, 0x00, 0x00, 0x00, 0x00, 0x00, 
	0x33, 0x33, 0x44, 0x45, 0x78, 0x88, 0x88, 0x88, 
	0x87, 0x55, 0x33, 0x33, 0x00, 0x00, 0x00, 0x00, 
	0x00, 0x00, 0x00, 0x00, 0x00, 0x00, 0x00, 0x00, 
	0x00, 0x00, 0x00, 0x00, 0x00, 0x00, 0x00, 0x00, 
	0x33, 0x33, 0x45, 0x88, 0x89, 0x99, 0x99, 0x99, 
	0x88, 0x88, 0x73, 0x33, 0x00, 0x00, 0x00, 0x00, 
	0x00, 0x00, 0x00, 0x00, 0x00, 0x00, 0x00, 0x00, 
	0x00, 0x00, 0x00, 0x00, 0x00, 0x00, 0x00, 0x06, 
	0x33, 0x35, 0x88, 0x89, 0x9a, 0xaa, 0x99, 0x99, 
	0x99, 0x98, 0x88, 0x73, 0x20, 0x00, 0x00, 0x00, 
	0x00, 0x00, 0x00, 0x00, 0x00, 0x00, 0x00, 0x00, 
	0x00, 0x00, 0x00, 0x00, 0x00, 0x00, 0x00, 0x62, 
	0x33, 0x77, 0x89, 0x99, 0xaa, 0xaa, 0xaa, 0xaa, 
	0x99, 0x99, 0x88, 0x87, 0x32, 0x00, 0x00, 0x00, 
	0x00, 0x00, 0x00, 0x00, 0x00, 0x00, 0x00, 0x00, 
	0x00, 0x00, 0x00, 0x00, 0x00, 0x00, 0x33, 0x33, 
	0x47, 0x88, 0x99, 0xaa, 0xaa, 0xab, 0xbb, 0xbb, 
	0xaa, 0xaa, 0xa9, 0x98, 0xc2, 0x22, 0x00, 0x00, 
	0x00, 0x00, 0x00, 0x00, 0x00, 0x00, 0x00, 0x00, 
	0x00, 0x00, 0x00, 0x00, 0x00, 0x00, 0x33, 0x33, 
	0x78, 0x89, 0x9a, 0xbb, 0xbb, 0xbb, 0xbb, 0xbb, 
	0xbb, 0xaa, 0xaa, 0xa9, 0x8c, 0x22, 0x00, 0x00, 
	0x00, 0x00, 0x00, 0x00, 0x00, 0x00, 0x00, 0x00, 
	0x00, 0x00, 0x00, 0x00, 0x00, 0x00, 0x33, 0x35, 
	0x88, 0x99, 0xab, 0xbb, 0xbb, 0xbb, 0xbb, 0xbb, 
	0xbb, 0xbb, 0xaa, 0xaa, 0x88, 0xd2, 0x00, 0x00, 
	0x00, 0x00, 0x00, 0x00, 0x00, 0x00, 0x00, 0x00, 
	0x00, 0x00, 0x00, 0x00, 0x00, 0x00, 0x33, 0x37, 
	0x89, 0x99, 0xbb, 0xbb, 0xbb, 0xbb, 0xbb, 0xbb, 
	0xbb, 0xbb, 0xaa, 0xaa, 0x88, 0x8d, 0x00, 0x00, 
	0x00, 0x00, 0x00, 0x00, 0x00, 0x00, 0x00, 0x00, 
	0x00, 0x00, 0x00, 0x00, 0x00, 0x00, 0x44, 0x78, 
	0x99, 0xab, 0xbb, 0xbb, 0xbb, 0xbb, 0xbb, 0xbb, 
	0xbb, 0xbb, 0xbb, 0xaa, 0xa9, 0x97, 0x00, 0x00, 
	0x00, 0x00, 0x00, 0x00, 0x00, 0x00, 0x00, 0x00, 
	0x00, 0x00, 0x00, 0x00, 0x00, 0x06, 0x44, 0x88, 
	0x9a, 0xbb, 0xbb, 0xbb, 0xbb, 0xbb, 0xbb, 0xbb, 
	0xbb, 0xbb, 0xbb, 0xba, 0xaa, 0x98, 0xd0, 0x00, 
	0x00, 0x00, 0x00, 0x00, 0x00, 0x00, 0x00, 0x00, 
	0x00, 0x00, 0x00, 0x00, 0x00, 0x02, 0x47, 0x89, 
	0x9a, 0xbb, 0xbb, 0xbb, 0xbb, 0xbb, 0xbb, 0xbb, 
	0xbb, 0xbb, 0xbb, 0xbb, 0xaa, 0x99, 0x70, 0x00, 
	0x00, 0x00, 0x00, 0x00, 0x00, 0x00, 0x00, 0x00, 
	0x00, 0x00, 0x00, 0x00, 0x00, 0x03, 0x48, 0x89, 
	0xab, 0xbb, 0xbb, 0xbb, 0xbb, 0xbb, 0xbb, 0xbb, 
	0xbb, 0xbb, 0xbb, 0xbb, 0xaa, 0xa9, 0x80, 0x00, 
	0x00, 0x00, 0x00, 0x00, 0x00, 0x00, 0x00, 0x00, 
	0x00, 0x00, 0x00, 0x00, 0x00, 0x23, 0x58, 0x99, 
	0xaa, 0xbb, 0xbb, 0xbb, 0xbb, 0xbb, 0xbb, 0xbb, 
	0xbb, 0xbb, 0xbb, 0xbb, 0xba, 0xa9, 0x8d, 0x00, 
	0x00, 0x00, 0x00, 0x00, 0x00, 0x00, 0x00, 0x00, 
	0x00, 0x00, 0x00, 0x00, 0x00, 0x23, 0x58, 0x99, 
	0xab, 0xbb, 0xbb, 0xbb, 0xbb, 0xbb, 0xbb, 0xbb, 
	0xbb, 0xbb, 0xbb, 0xbb, 0xba, 0xa9, 0x8d, 0x00, 
	0x00, 0x00, 0x00, 0x00, 0x00, 0x00, 0x00, 0x00, 
	0x00, 0x00, 0x00, 0x00, 0x00, 0x23, 0x78, 0x99, 
	0xab, 0xbb, 0xbb, 0xbb, 0xbb, 0xbb, 0xbb, 0xbb, 
	0xbb, 0xbb, 0xbb, 0xbb, 0xba, 0xa9, 0x8c, 0x00, 
	0x00, 0x00, 0x00, 0x00, 0x00, 0x00, 0x00, 0x00, 
	0x00, 0x00, 0x00, 0x00, 0x00, 0x23, 0x78, 0x99, 
	0xab, 0xbb, 0xbb, 0xbb, 0xbb, 0xbb, 0xbb, 0xbb, 
	0xbb, 0xbb, 0xbb, 0xbb, 0xba, 0xa9, 0x8c, 0x00, 
	0x00, 0x00, 0x00, 0x00, 0x00, 0x00, 0x00, 0x00, 
	0x00, 0x00, 0x00, 0x00, 0x00, 0x63, 0x78, 0x99, 
	0xab, 0xbb, 0xbb, 0xbb, 0xbb, 0xbb, 0xbb, 0xbb, 
	0xbb, 0xbb, 0xbb, 0xbb, 0xba, 0xa9, 0x8c, 0x00, 
	0x00, 0x00, 0x00, 0x00, 0x00, 0x00, 0x00, 0x00, 
	0x00, 0x00, 0x00, 0x00, 0x00, 0x63, 0x78, 0x99, 
	0xab, 0xbb, 0xbb, 0xbb, 0xbb, 0xbb, 0xbb, 0xbb, 
	0xbb, 0xbb, 0xbb, 0xbb, 0xba, 0xa9, 0x8c, 0x00, 
	0x00, 0x00, 0x00, 0x00, 0x00, 0x00, 0x00, 0x00, 
	0x00, 0x00, 0x00, 0x00, 0x00, 0x63, 0x78, 0x99, 
	0xab, 0xbb, 0xbb, 0xbb, 0xbb, 0xbb, 0xbb, 0xbb, 
	0xbb, 0xbb, 0xbb, 0xbb, 0xba, 0xa9, 0x8c, 0x00, 
	0x00, 0x00, 0x00, 0x00, 0x00, 0x00, 0x00, 0x00, 
	0x00, 0x00, 0x00, 0x00, 0x00, 0x02, 0x58, 0x99, 
	0xab, 0xbb, 0xbb, 0xbb, 0xbb, 0xbb, 0xbb, 0xbb, 
	0xbb, 0xbb, 0xbb, 0xbb, 0xba, 0xa9, 0x8c, 0x00, 
	0x00, 0x00, 0x00, 0x00, 0x00, 0x00, 0x00, 0x00, 
	0x00, 0x00, 0x00, 0x00, 0x00, 0x06, 0x2c, 0x99, 
	0xaa, 0xbb, 0xbb, 0xbb, 0xbb, 0xbb, 0xbb, 0xbb, 
	0xbb, 0xbb, 0xbb, 0xbb, 0xaa, 0x99, 0x8c, 0xd0, 
	0x00, 0x00, 0x00, 0x00, 0x00, 0x00, 0x00, 0x00, 
	0x00, 0x00, 0x00, 0x00, 0x00, 0x06, 0x2c, 0x99, 
	0xaa, 0xbb, 0xbb, 0xbb, 0xbb, 0xbb, 0xbb, 0xbb, 
	0xbb, 0xbb, 0xbb, 0xbb, 0xaa, 0x99, 0x8c, 0xd0, 
	0x00, 0x00, 0x00, 0x00, 0x00, 0x00, 0x00, 0x00, 
	0x00, 0x00, 0x00, 0x00, 0x00, 0x00, 0x2d, 0xc9, 
	0xaa, 0xab, 0xbb, 0xbb, 0xbb, 0xbb, 0xbb, 0xbb, 
	0xbb, 0xbb, 0xbb, 0xba, 0xa9, 0x98, 0x8c, 0xd0, 
	0x00, 0x00, 0x00, 0x00, 0x00, 0x00, 0x00, 0x00, 
	0x00, 0x00, 0x00, 0x00, 0x00, 0x00, 0x22, 0xc9, 
	0x9a, 0xab, 0xbb, 0xbb, 0xbb, 0xbb, 0xbb, 0xbb, 
	0xbb, 0xbb, 0xbb, 0xba, 0xa9, 0x98, 0xcd, 0xe0, 
	0x00, 0x00, 0x00, 0x00, 0x00, 0x00, 0x00, 0x00, 
	0x00, 0x66, 0x00, 0x00, 0x00, 0x00, 0x00, 0xd8, 
	0x9a, 0xaa, 0xbb, 0xbb, 0xbb, 0xbb, 0xbb, 0xbb, 
	0xbb, 0xbb, 0xbb, 0xba, 0x99, 0x98, 0xcd, 0x10, 
	0x00, 0x00, 0x00, 0x00, 0x00, 0x00, 0x00, 0x00, 
	0x00, 0x06, 0x00, 0x00, 0x00, 0x00, 0x00, 0x08, 
	0x99, 0xaa, 0xab, 0xbb, 0xbb, 0xbb, 0xbb, 0xbb, 
	0xbb, 0xbb, 0xbb, 0xa9, 0x99, 0x8c, 0xd1, 0x11, 
	0x00, 0x00, 0x00, 0x00, 0x00, 0x00, 0x00, 0x00, 
	0x00, 0x06, 0x00, 0x00, 0x00, 0x00, 0x00, 0x0d, 
	0xc9, 0x9a, 0xaa, 0xab, 0xbb, 0xbb, 0xbb, 0xbb, 
	0xbb, 0xba, 0xaa, 0x99, 0x98, 0x8c, 0xd1, 0x11, 
	0x00, 0x00, 0x00, 0x00, 0x00, 0x00, 0x00, 0x00, 
	0x00, 0x00, 0x00, 0x00, 0x00, 0x00, 0x00, 0x00, 
	0x7c, 0x99, 0xaa, 0xaa, 0xbb, 0xbb, 0xbb, 0xbb, 
	0xba, 0xaa, 0xa9, 0x99, 0x88, 0xcd, 0x11, 0x11, 
	0x00, 0x00, 0x00, 0x00, 0x00, 0x00, 0x00, 0x00, 
	0x00, 0x00, 0x00, 0x00, 0x00, 0x00, 0x00, 0x1f, 
	0xfd, 0x88, 0x99, 0x99, 0xaa, 0xaa, 0xbb, 0xbb, 
	0xaa, 0xaa, 0x99, 0x98, 0x88, 0xd1, 0x00, 0x00, 
	0x00, 0x00, 0x00, 0x00, 0x00, 0x00, 0x00, 0x00, 
	0x00, 0x00, 0x00, 0x00, 0x00, 0x00, 0x00, 0x01, 
	0xff, 0xd8, 0x89, 0x99, 0x9a, 0xaa, 0xaa, 0xaa, 
	0xaa, 0x99, 0x99, 0x88, 0x8d, 0x11, 0x00, 0x00, 
	0x00, 0x00, 0x00, 0x00, 0x00, 0x00, 0x00, 0x00, 
	0x00, 0x00, 0x00, 0x00, 0x00, 0x00, 0x00, 0x00, 
	0xff, 0xfd, 0xc8, 0x89, 0x99, 0x99, 0x99, 0x99, 
	0x99, 0x99, 0x88, 0x8c, 0xd1, 0x11, 0x00, 0x00, 
	0x00, 0x00, 0x00, 0x00, 0x00, 0x00, 0x00, 0x00, 
	0x00, 0x00, 0x00, 0x00, 0x00, 0x00, 0x00, 0x00, 
	0xff, 0xff, 0xdd, 0xc8, 0x88, 0x99, 0x99, 0x99, 
	0x99, 0x88, 0x88, 0xcd, 0x11, 0x11, 0x00, 0x00, 
	0x00, 0x00, 0x00, 0x00, 0x00, 0x00, 0x00, 0x00, 
	0x00, 0x00, 0x01, 0x11, 0x00, 0x00, 0x00, 0x00, 
	0x00, 0x1f, 0xfd, 0xcc, 0xc8, 0x88, 0x88, 0x88, 
	0x88, 0x88, 0xcd, 0xf0, 0x00, 0x00, 0x00, 0x00, 
	0x00, 0x00, 0x00, 0x00, 0x00, 0x00, 0x00, 0x00, 
	0x00, 0x00, 0x01, 0x11, 0x00, 0x00, 0x00, 0x00, 
	0x00, 0x00, 0x00, 0xfd, 0xdc, 0xcc, 0xcc, 0xcc, 
	0x8c, 0xcd, 0xf0, 0x00, 0x00, 0x00, 0x00, 0x00, 
	0x00, 0x00, 0x00, 0x00, 0x00, 0x00, 0x00, 0x00, 
	0x00, 0x00, 0x01, 0x11, 0x00, 0x00, 0x00, 0x00, 
	0x00, 0x00, 0x00, 0x00, 0xed, 0xdd, 0xdd, 0xdd, 
	0xdd, 0x11, 0x00, 0x00, 0x00, 0x00, 0x00, 0x00, 
	0x00, 0x00, 0x00, 0x00, 0x00, 0x00, 0x00, 0x00, 
	0x00, 0x00, 0x00, 0x01, 0x00, 0x00, 0x00, 0x00, 
	0x00, 0x00, 0x00, 0x00, 0xee, 0xee, 0xee, 0xee, 
	0x11, 0x11, 0x00, 0x00, 0x00, 0x00, 0x00, 0x00, 
	0x00, 0x00, 0x00, 0x00, 0x00, 0x00, 0x00, 0x00, 
	0x00, 0x00, 0x00, 0x00, 0x00, 0x00, 0x00, 0x00, 
	0x00, 0x00, 0x00, 0x00, 0x00, 0x00, 0x00, 0x00, 
	0x00, 0x00, 0x00, 0x00, 0x00, 0x00, 0x00, 0x00, 
	0x00, 0x00, 0x00, 0x00, 0x00, 0x00, 0x00, 0x00, 
	0x00, 0x00, 0x00, 0x00, 0x00, 0x00, 0x00, 0x00, 
	0x00, 0x00, 0x00, 0x00, 0x00, 0x00, 0x00, 0x00, 
	0x00, 0x00, 0x00, 0x00, 0x00, 0x00, 0x00, 0x00, 
	0x00, 0x00, 0x00, 0x00, 0x00, 0x00, 0x00, 0x00, 
	0x00, 0x00, 0x00, 0x00, 0x00, 0x00, 0x00, 0x00, 
	0x00, 0x00, 0x00, 0x00, 0x00, 0x00, 0x00, 0x00, 
	0x00, 0x00, 0x00, 0x00, 0x00, 0x00, 0x00, 0x00, 
	0x00, 0x00, 0x00, 0x00, 0x00, 0x00, 0x00, 0x00, 
	0x00, 0x00, 0x00, 0x00, 0x00, 0x00, 0x00, 0x00, 
	0x00, 0x00, 0x00, 0x00, 0x00, 0x00, 0x00, 0x00, 
	0x00, 0x00, 0x00, 0x00, 0x00, 0x00, 0x00, 0x00, 
	0x00, 0x00, 0x00, 0x00, 0x00, 0x00, 0x00, 0x00, 
	0x00, 0x00, 0x00, 0x00, 0x00, 0x00, 0x00, 0x00, 
	0x00, 0x00, 0x00, 0x00, 0x00, 0x00, 0x00, 0x00, 
	0x00, 0x00, 0x00, 0x00, 0x00, 0x00, 0x00, 0x00, 
	0x00, 0x00, 0x00, 0x00, 0x00, 0x00, 0x00, 0x00, 
	0x00, 0x00, 0x00, 0x00, 0x00, 0x00, 0x00, 0x00, 
	0x00, 0x00, 0x00, 0x00, 0x00, 0x00, 0x00, 0x00, 
	0x00, 0x00, 0x00, 0x00, 0x00, 0x00, 0x00, 0x00, 
	0x00, 0x00, 0x00, 0x00, 0x00, 0x00, 0x00, 0x00, 
	0x00, 0x00, 0x00, 0x00, 0x00, 0x00, 0x00, 0x00, 
	0x00, 0x00, 0x00, 0x00, 0x00, 0x00, 0x00, 0x00, 
	0x00, 0x00, 0x00, 0x00, 0x00, 0x00, 0x00, 0x00, 
	0x00, 0x00, 0x00, 0x00, 0x00, 0x00, 0x00, 0x00, 
	0x00, 0x00, 0x00, 0x00, 0x00, 0x00, 0x00, 0x00, 
	0x00, 0x00, 0x00, 0x00, 0x00, 0x00, 0x00, 0x00, 
	0x00, 0x00, 0x00, 0x00, 0x00, 0x00, 0x00, 0x00, 
	0x00, 0x00, 0x00, 0x00, 0x00, 0x00, 0x00, 0x00, 
	0x00, 0x00, 0x00, 0x00, 0x00, 0x00, 0x00, 0x00, 
	0x00, 0x00, 0x00, 0x00, 0x00, 0x00, 0x00, 0x00, 
	0x00, 0x00, 0x00, 0x00, 0x00, 0x00, 0x00, 0x00, 
	0x00, 0x00, 0x00, 0x00, 0x00, 0x00, 0x00, 0x00, 
	0x00, 0x00, 0x00, 0x00, 0x00, 0x00, 0x00, 0x00, 
	0x00, 0x00, 0x00, 0x00, 0x00, 0x00, 0x00, 0x00, 
	0x00, 0x00, 0x00, 0x00, 0x00, 0x00, 0x00, 0x00, 
	0x00, 0x00, 0x00, 0x00, 0x00, 0x00, 0x00, 0x00, 
	
};

Gfx bob_dl__11111texKinokoRed_ci4_pal_rgba16_aligner[] = {gsSPEndDisplayList()};
u8 bob_dl__11111texKinokoRed_ci4_pal_rgba16[] = {
	0xc8, 0xc3, 0xc9, 0x05, 0xb8, 0xc3, 0xa8, 0xc3, 
	0x89, 0x03, 0x92, 0x4b, 0xc0, 0xc3, 0xab, 0x93, 
	0xcd, 0x61, 0xd6, 0x6b, 0xef, 0x37, 0xff, 0xff, 
	0xd4, 0x1b, 0xd2, 0x91, 0xd1, 0x05, 0xd1, 0x89, 
	
};

Gfx bob_dl_door_birch_lower_ci4_ci4_aligner[] = {gsSPEndDisplayList()};
u8 bob_dl_door_birch_lower_ci4_ci4[] = {
	0x01, 0x21, 0x31, 0x44, 0x11, 0x14, 0x25, 0x13, 
	0x15, 0x61, 0x15, 0x66, 0x14, 0x75, 0x83, 0x21, 
	0x11, 0x11, 0x01, 0x44, 0x49, 0x12, 0x47, 0x13, 
	0x17, 0x43, 0x32, 0x61, 0x29, 0x76, 0x03, 0x41, 
	0x11, 0x11, 0x01, 0x44, 0x41, 0x12, 0x44, 0x13, 
	0x17, 0x43, 0x3a, 0x61, 0x41, 0x76, 0x03, 0x41, 
	0x11, 0x21, 0x01, 0x42, 0x13, 0x14, 0x17, 0x13, 
	0x17, 0x59, 0x37, 0x64, 0x11, 0x45, 0x03, 0x21, 
	0x13, 0x11, 0x33, 0x24, 0x11, 0x3a, 0x17, 0x13, 
	0x17, 0x63, 0x37, 0x64, 0x11, 0x45, 0x03, 0x21, 
	0x11, 0x11, 0x91, 0x44, 0x49, 0x12, 0x42, 0x13, 
	0x17, 0x23, 0x34, 0x64, 0x41, 0x56, 0x03, 0x41, 
	0x11, 0x11, 0x31, 0x44, 0x19, 0x11, 0x44, 0x13, 
	0x17, 0x53, 0x97, 0x66, 0x42, 0x75, 0x83, 0x41, 
	0x11, 0x11, 0x31, 0x44, 0x11, 0x11, 0x17, 0x13, 
	0x24, 0x63, 0x37, 0x66, 0x11, 0x55, 0x89, 0x41, 
	0x00, 0x11, 0x01, 0x44, 0x11, 0x31, 0x14, 0x13, 
	0x14, 0x59, 0x37, 0x65, 0x11, 0x57, 0x83, 0x41, 
	0x11, 0x11, 0x11, 0x24, 0x41, 0x12, 0x12, 0x13, 
	0x24, 0x11, 0x02, 0xb2, 0xa1, 0x5b, 0x83, 0x41, 
	0x11, 0x11, 0x11, 0x44, 0x49, 0x3a, 0x12, 0x13, 
	0x24, 0x13, 0x02, 0x51, 0xa1, 0x56, 0x03, 0x41, 
	0x13, 0x11, 0x31, 0x44, 0x19, 0x31, 0x14, 0x13, 
	0x14, 0x53, 0x34, 0x5a, 0x91, 0x47, 0x03, 0x21, 
	0x13, 0x11, 0x31, 0x42, 0x13, 0x31, 0x14, 0x10, 
	0x14, 0x79, 0x34, 0x51, 0x91, 0x47, 0x83, 0x29, 
	0x19, 0x11, 0x11, 0x22, 0x13, 0x92, 0x12, 0x13, 
	0x12, 0x43, 0x0a, 0x51, 0x21, 0x47, 0x83, 0x21, 
	0x11, 0x11, 0x13, 0x22, 0x13, 0x91, 0x11, 0x13, 
	0x12, 0x43, 0x01, 0x71, 0x41, 0x47, 0x80, 0x21, 
	0x93, 0x11, 0x33, 0x24, 0x33, 0x31, 0x34, 0x10, 
	0x9a, 0x41, 0x02, 0x41, 0x21, 0x47, 0x33, 0x29, 
	0x33, 0x11, 0x01, 0xa2, 0x03, 0x31, 0x34, 0x10, 
	0x11, 0x41, 0x32, 0x71, 0x21, 0x47, 0x33, 0xa3, 
	0x11, 0x11, 0x31, 0xaa, 0x13, 0x11, 0x12, 0x93, 
	0x11, 0x23, 0x32, 0x71, 0x13, 0x47, 0x00, 0x13, 
	0x11, 0x11, 0x33, 0x22, 0x13, 0x11, 0x14, 0x33, 
	0x11, 0x10, 0x32, 0x41, 0x13, 0x47, 0x00, 0x13, 
	0x11, 0x11, 0x01, 0x11, 0x33, 0x11, 0x34, 0x30, 
	0x32, 0x13, 0x0a, 0x41, 0x30, 0x21, 0x03, 0x13, 
	0x93, 0x11, 0x01, 0x11, 0x33, 0x31, 0x34, 0x30, 
	0x92, 0x19, 0x31, 0x41, 0x33, 0x21, 0x83, 0x13, 
	0x30, 0x11, 0x01, 0x11, 0x33, 0x31, 0x34, 0x30, 
	0x91, 0x13, 0x01, 0x21, 0x00, 0xa1, 0x00, 0x13, 
	0x10, 0x13, 0x33, 0x11, 0x33, 0x91, 0x1a, 0x33, 
	0x91, 0x30, 0x31, 0xa9, 0x10, 0x12, 0x80, 0x13, 
	0x30, 0x13, 0x33, 0x11, 0x33, 0x31, 0x3a, 0x30, 
	0x91, 0x10, 0x01, 0xa9, 0x33, 0x11, 0x80, 0x93, 
	0x30, 0x93, 0x03, 0x11, 0x00, 0x33, 0x31, 0x30, 
	0x31, 0x30, 0x01, 0x13, 0x30, 0x11, 0xc0, 0x90, 
	0x33, 0x93, 0x03, 0x91, 0x00, 0x33, 0x11, 0x33, 
	0x11, 0x38, 0x01, 0x13, 0x30, 0x11, 0xc0, 0x30, 
	0x33, 0x33, 0x33, 0x91, 0x30, 0x31, 0x11, 0x33, 
	0x11, 0x30, 0x03, 0x13, 0x30, 0x11, 0xc0, 0x90, 
	0x38, 0x33, 0x03, 0x39, 0x30, 0x31, 0x11, 0x00, 
	0x11, 0x10, 0x83, 0x13, 0x00, 0x39, 0x88, 0x30, 
	0x30, 0x33, 0x00, 0x93, 0x08, 0x03, 0x31, 0x00, 
	0x31, 0x18, 0x83, 0x13, 0x00, 0x39, 0xc8, 0x08, 
	0x00, 0x30, 0x11, 0x44, 0x44, 0x44, 0xa2, 0x21, 
	0x11, 0x11, 0x11, 0xa1, 0x93, 0x1a, 0x10, 0x08, 
	0x00, 0x00, 0x1a, 0x11, 0x1a, 0x12, 0x22, 0x21, 
	0x13, 0x31, 0x11, 0x22, 0x22, 0x22, 0x40, 0x08, 
	0xc0, 0x08, 0xd1, 0x11, 0x11, 0x22, 0x2a, 0x21, 
	0xaa, 0xa2, 0x11, 0x11, 0x21, 0x11, 0x10, 0x88, 
	
};

Gfx bob_dl_door_birch_lower_ci4_pal_rgba16_aligner[] = {gsSPEndDisplayList()};
u8 bob_dl_door_birch_lower_ci4_pal_rgba16[] = {
	0xa4, 0xe5, 0xb5, 0x27, 0xbd, 0x67, 0xac, 0xe5, 
	0xbd, 0x69, 0xc5, 0xa9, 0xcd, 0xab, 0xc5, 0x69, 
	0xa4, 0xa5, 0xad, 0x27, 0xbd, 0x27, 0xcd, 0xa9, 
	0x9c, 0xa3, 0xa4, 0xa3, 
};

Gfx bob_dl_leaf_half_rgba16_ci8_aligner[] = {gsSPEndDisplayList()};
u8 bob_dl_leaf_half_rgba16_ci8[] = {
	0x00, 0x00, 0x00, 0x00, 0x00, 0x00, 0x00, 0x00, 
	0x00, 0x00, 0x00, 0x00, 0x00, 0x00, 0x00, 0x00, 
	0x00, 0x00, 0x00, 0x00, 0x00, 0x00, 0x00, 0x00, 
	0x00, 0x00, 0x00, 0x00, 0x00, 0x01, 0x02, 0x03, 
	0x00, 0x00, 0x00, 0x00, 0x00, 0x00, 0x00, 0x00, 
	0x00, 0x00, 0x00, 0x00, 0x04, 0x04, 0x00, 0x00, 
	0x00, 0x00, 0x00, 0x00, 0x00, 0x00, 0x00, 0x00, 
	0x00, 0x00, 0x00, 0x00, 0x00, 0x01, 0x02, 0x03, 
	0x00, 0x00, 0x00, 0x00, 0x00, 0x00, 0x05, 0x06, 
	0x07, 0x07, 0x08, 0x09, 0x0a, 0x0b, 0x0a, 0x0a, 
	0x0c, 0x04, 0x04, 0x00, 0x00, 0x00, 0x00, 0x00, 
	0x00, 0x00, 0x00, 0x00, 0x00, 0x0d, 0x0e, 0x0f, 
	0x00, 0x00, 0x00, 0x00, 0x06, 0x10, 0x10, 0x10, 
	0x11, 0x11, 0x08, 0x08, 0x08, 0x12, 0x13, 0x13, 
	0x14, 0x15, 0x15, 0x0c, 0x04, 0x00, 0x00, 0x00, 
	0x00, 0x00, 0x00, 0x00, 0x00, 0x0d, 0x16, 0x0f, 
	0x00, 0x00, 0x00, 0x06, 0x10, 0x10, 0x08, 0x17, 
	0x12, 0x12, 0x18, 0x18, 0x19, 0x12, 0x19, 0x19, 
	0x19, 0x12, 0x1a, 0x1b, 0x0c, 0x0c, 0x04, 0x00, 
	0x00, 0x00, 0x00, 0x00, 0x00, 0x01, 0x1c, 0x0f, 
	0x00, 0x00, 0x06, 0x1d, 0x10, 0x10, 0x17, 0x1e, 
	0x18, 0x18, 0x1f, 0x20, 0x20, 0x20, 0x20, 0x20, 
	0x21, 0x19, 0x19, 0x19, 0x1a, 0x14, 0x15, 0x0c, 
	0x04, 0x00, 0x00, 0x00, 0x00, 0x11, 0x22, 0x0f, 
	0x00, 0x06, 0x23, 0x1d, 0x10, 0x17, 0x18, 0x1f, 
	0x20, 0x20, 0x20, 0x20, 0x20, 0x20, 0x24, 0x24, 
	0x24, 0x24, 0x24, 0x25, 0x25, 0x19, 0x14, 0x14, 
	0x1b, 0x1b, 0x04, 0x00, 0x26, 0x27, 0x28, 0x29, 
	0x00, 0x1d, 0x1d, 0x2a, 0x17, 0x17, 0x20, 0x20, 
	0x2b, 0x2b, 0x2c, 0x2c, 0x2d, 0x24, 0x2c, 0x2d, 
	0x2c, 0x24, 0x24, 0x24, 0x21, 0x21, 0x25, 0x25, 
	0x19, 0x1a, 0x14, 0x14, 0x1a, 0x2e, 0x28, 0x0f, 
	0x2f, 0x30, 0x10, 0x2a, 0x08, 0x1f, 0x20, 0x20, 
	0x2c, 0x2c, 0x2c, 0x31, 0x31, 0x31, 0x31, 0x31, 
	0x31, 0x31, 0x32, 0x24, 0x24, 0x24, 0x24, 0x24, 
	0x19, 0x19, 0x1a, 0x19, 0x21, 0x2c, 0x28, 0x29, 
	0x33, 0x30, 0x10, 0x10, 0x18, 0x20, 0x20, 0x2c, 
	0x2c, 0x31, 0x31, 0x31, 0x31, 0x31, 0x31, 0x31, 
	0x34, 0x31, 0x31, 0x31, 0x2c, 0x24, 0x24, 0x24, 
	0x24, 0x24, 0x24, 0x35, 0x21, 0x2c, 0x28, 0x0f, 
	0x36, 0x30, 0x17, 0x17, 0x1f, 0x2c, 0x24, 0x2c, 
	0x2c, 0x31, 0x37, 0x37, 0x34, 0x31, 0x37, 0x34, 
	0x37, 0x38, 0x39, 0x31, 0x31, 0x31, 0x2c, 0x2d, 
	0x24, 0x24, 0x24, 0x24, 0x2c, 0x31, 0x28, 0x0f, 
	0x3a, 0x3b, 0x12, 0x12, 0x1f, 0x20, 0x2c, 0x2c, 
	0x31, 0x31, 0x37, 0x38, 0x38, 0x38, 0x38, 0x38, 
	0x38, 0x38, 0x38, 0x39, 0x31, 0x31, 0x31, 0x31, 
	0x31, 0x31, 0x24, 0x24, 0x32, 0x37, 0x28, 0x0f, 
	0x3a, 0x3b, 0x12, 0x12, 0x3c, 0x20, 0x24, 0x24, 
	0x31, 0x31, 0x31, 0x38, 0x38, 0x38, 0x38, 0x3d, 
	0x38, 0x38, 0x34, 0x34, 0x3e, 0x3e, 0x34, 0x34, 
	0x3e, 0x3e, 0x3f, 0x3f, 0x2d, 0x34, 0x28, 0x0f, 
	0x00, 0x40, 0x41, 0x41, 0x3c, 0x3c, 0x3f, 0x3f, 
	0x31, 0x31, 0x37, 0x38, 0x38, 0x3d, 0x38, 0x42, 
	0x43, 0x43, 0x3d, 0x34, 0x34, 0x34, 0x3e, 0x34, 
	0x3e, 0x3e, 0x3e, 0x3e, 0x37, 0x34, 0x28, 0x0f, 
	0x00, 0x3b, 0x41, 0x44, 0x45, 0x44, 0x3c, 0x46, 
	0x3f, 0x31, 0x3e, 0x38, 0x38, 0x43, 0x3d, 0x3d, 
	0x42, 0x42, 0x3d, 0x3d, 0x47, 0x47, 0x48, 0x48, 
	0x48, 0x48, 0x3e, 0x3e, 0x47, 0x47, 0x49, 0x4a, 
	0x00, 0x00, 0x41, 0x44, 0x44, 0x44, 0x3c, 0x46, 
	0x3f, 0x31, 0x34, 0x38, 0x38, 0x43, 0x4b, 0x4b, 
	0x4c, 0x4c, 0x4c, 0x4c, 0x4c, 0x4d, 0x4c, 0x4c, 
	0x4e, 0x4e, 0x4e, 0x47, 0x47, 0x4c, 0x49, 0x4f, 
	0x00, 0x00, 0x50, 0x51, 0x52, 0x52, 0x44, 0x53, 
	0x54, 0x54, 0x55, 0x3e, 0x47, 0x3d, 0x4c, 0x4c, 
	0x56, 0x56, 0x57, 0x57, 0x57, 0x57, 0x57, 0x4e, 
	0x4e, 0x58, 0x4c, 0x4e, 0x4e, 0x4c, 0x59, 0x5a, 
	0x00, 0x00, 0x00, 0x00, 0x45, 0x5b, 0x45, 0x45, 
	0x5c, 0x3c, 0x3f, 0x5d, 0x3e, 0x3d, 0x4c, 0x56, 
	0x56, 0x57, 0x57, 0x57, 0x5e, 0x5e, 0x5f, 0x5f, 
	0x57, 0x57, 0x57, 0x57, 0x4e, 0x4c, 0x60, 0x61, 
	0x00, 0x00, 0x00, 0x00, 0x00, 0x50, 0x44, 0x45, 
	0x62, 0x62, 0x19, 0x35, 0x3f, 0x63, 0x48, 0x58, 
	0x57, 0x57, 0x5f, 0x5f, 0x5f, 0x5f, 0x64, 0x5f, 
	0x65, 0x5f, 0x57, 0x57, 0x57, 0x57, 0x60, 0x5a, 
	0x00, 0x00, 0x00, 0x00, 0x00, 0x00, 0x00, 0x50, 
	0x66, 0x45, 0x19, 0x19, 0x35, 0x3f, 0x63, 0x58, 
	0x4c, 0x57, 0x5e, 0x64, 0x64, 0x64, 0x64, 0x64, 
	0x67, 0x67, 0x67, 0x5e, 0x57, 0x68, 0x60, 0x61, 
	0x00, 0x00, 0x00, 0x00, 0x00, 0x00, 0x00, 0x00, 
	0x00, 0x00, 0x50, 0x69, 0x6a, 0x24, 0x63, 0x6b, 
	0x6c, 0x6d, 0x5f, 0x64, 0x67, 0x6e, 0x67, 0x6f, 
	0x70, 0x71, 0x67, 0x67, 0x72, 0x72, 0x73, 0x74, 
	0x00, 0x00, 0x00, 0x00, 0x00, 0x00, 0x00, 0x00, 
	0x00, 0x00, 0x00, 0x00, 0x00, 0x00, 0x75, 0x6b, 
	0x6c, 0x5f, 0x5f, 0x64, 0x67, 0x76, 0x6f, 0x6f, 
	0x70, 0x70, 0x71, 0x71, 0x71, 0x72, 0x73, 0x74, 
	0x00, 0x00, 0x00, 0x00, 0x00, 0x00, 0x00, 0x00, 
	0x00, 0x00, 0x00, 0x00, 0x00, 0x00, 0x77, 0x6b, 
	0x6c, 0x57, 0x67, 0x67, 0x76, 0x76, 0x6f, 0x6f, 
	0x70, 0x70, 0x70, 0x70, 0x71, 0x71, 0x73, 0x78, 
	0x00, 0x00, 0x00, 0x00, 0x00, 0x00, 0x00, 0x00, 
	0x00, 0x00, 0x00, 0x00, 0x50, 0x77, 0x79, 0x6b, 
	0x6c, 0x57, 0x64, 0x67, 0x76, 0x70, 0x7a, 0x6f, 
	0x70, 0x70, 0x7a, 0x7a, 0x7b, 0x7b, 0x73, 0x78, 
	0x00, 0x00, 0x00, 0x00, 0x00, 0x00, 0x00, 0x00, 
	0x00, 0x00, 0x7c, 0x19, 0x46, 0x63, 0x7d, 0x7e, 
	0x6d, 0x5e, 0x64, 0x67, 0x6f, 0x7a, 0x7a, 0x7a, 
	0x7a, 0x7a, 0x7f, 0x7f, 0x7b, 0x71, 0x80, 0x81, 
	0x00, 0x00, 0x00, 0x00, 0x00, 0x00, 0x00, 0x00, 
	0x69, 0x5c, 0x3c, 0x54, 0x6b, 0x82, 0x83, 0x6d, 
	0x5e, 0x5e, 0x67, 0x76, 0x6f, 0x6f, 0x7a, 0x7a, 
	0x7a, 0x7a, 0x7f, 0x7f, 0x7f, 0x7f, 0x80, 0x81, 
	0x00, 0x00, 0x00, 0x00, 0x00, 0x00, 0x50, 0x44, 
	0x5c, 0x53, 0x84, 0x85, 0x7e, 0x6d, 0x86, 0x5e, 
	0x64, 0x64, 0x67, 0x6f, 0x70, 0x87, 0x88, 0x88, 
	0x88, 0x89, 0x89, 0x89, 0x8a, 0x8a, 0x8b, 0x8c, 
	0x00, 0x00, 0x00, 0x00, 0x00, 0x45, 0x44, 0x8d, 
	0x8e, 0x8f, 0x90, 0x91, 0x86, 0x86, 0x64, 0x64, 
	0x76, 0x76, 0x6f, 0x6f, 0x87, 0x88, 0x89, 0x89, 
	0x88, 0x89, 0x89, 0x89, 0x92, 0x8a, 0x8b, 0x93, 
	0x00, 0x00, 0x00, 0x00, 0x94, 0x95, 0x8e, 0x96, 
	0x96, 0x97, 0x98, 0x98, 0x86, 0x65, 0x64, 0x6e, 
	0x76, 0x76, 0x88, 0x88, 0x88, 0x88, 0x88, 0x99, 
	0x99, 0x99, 0x9a, 0x99, 0x92, 0x92, 0x9b, 0x93, 
	0x00, 0x00, 0x00, 0x00, 0x95, 0x8e, 0x96, 0x9c, 
	0x97, 0x98, 0x98, 0x9d, 0x65, 0x9e, 0x6e, 0x6e, 
	0x76, 0x76, 0x88, 0x88, 0x88, 0x88, 0x88, 0x99, 
	0x99, 0x99, 0x9a, 0x9a, 0x92, 0x92, 0x9b, 0x8c, 
	0x00, 0x00, 0x00, 0x9f, 0xa0, 0x9c, 0x9c, 0x97, 
	0x97, 0x98, 0x98, 0x9d, 0x64, 0x9e, 0x6e, 0x6e, 
	0x6e, 0xa1, 0x6e, 0xa2, 0xa2, 0xa3, 0xa4, 0x99, 
	0x9a, 0x9a, 0x9a, 0x9a, 0x92, 0xa5, 0xa6, 0xa7, 
	0x00, 0x00, 0x00, 0x96, 0x96, 0x9c, 0x97, 0x97, 
	0xa8, 0x98, 0xa9, 0x65, 0x9e, 0x9e, 0x6e, 0x6e, 
	0xa1, 0xa1, 0xa2, 0xa2, 0xa2, 0xa2, 0xa4, 0x99, 
	0x89, 0x89, 0x9a, 0xa5, 0xa5, 0xa5, 0xa6, 0xa7, 
	0x00, 0x00, 0x94, 0x96, 0x9c, 0xaa, 0x97, 0x98, 
	0xab, 0xa9, 0x9d, 0x9e, 0x9e, 0x9e, 0x6e, 0x6e, 
	0xa2, 0xa2, 0xa2, 0xa2, 0xa2, 0xa3, 0x88, 0x9a, 
	0x99, 0x99, 0x92, 0xa5, 0xac, 0xad, 0xae, 0xaf, 
	0x00, 0x00, 0xb0, 0x96, 0x9c, 0x97, 0x98, 0x98, 
	0xa9, 0xb1, 0x9e, 0x9e, 0x6e, 0x6e, 0x6e, 0xa2, 
	0xa2, 0xa2, 0xa1, 0xa2, 0xa3, 0xa3, 0x99, 0x9a, 
	0xa5, 0xa5, 0x92, 0xa5, 0xad, 0xad, 0xae, 0xaf, 
	0x00, 0x00, 0xb2, 0x9c, 0x9c, 0x97, 0x98, 0xab, 
	0x9d, 0xb1, 0x9e, 0x9e, 0xa1, 0xa1, 0xa1, 0xa2, 
	0xa2, 0xa2, 0xa3, 0xa2, 0xa4, 0x9a, 0x99, 0x99, 
	0x92, 0xa5, 0xa5, 0xa5, 0xad, 0xb3, 0xb4, 0xaf, 
	0x00, 0x00, 0xb5, 0xb6, 0x97, 0xb7, 0xa9, 0x9d, 
	0x6e, 0x6e, 0x9e, 0xa1, 0xa1, 0xa1, 0xa2, 0x88, 
	0xa3, 0xa2, 0xa3, 0xa3, 0x9a, 0x9a, 0x9a, 0x99, 
	0xa5, 0xa5, 0xad, 0xad, 0xad, 0xb3, 0xb4, 0xaf, 
	0x00, 0x00, 0xb8, 0xb9, 0x98, 0x98, 0xba, 0x9e, 
	0xa1, 0xa1, 0xa1, 0xa1, 0xa1, 0x88, 0x88, 0x88, 
	0xa4, 0xa4, 0x9a, 0x9a, 0x9a, 0x9a, 0xa5, 0xbb, 
	0xbb, 0xbb, 0xbb, 0xb3, 0xbc, 0xbc, 0xbd, 0xaf, 
	0x00, 0x00, 0xbe, 0xbf, 0xab, 0xa9, 0xb1, 0x9e, 
	0x9e, 0xa1, 0xa1, 0x88, 0x88, 0x88, 0x99, 0x99, 
	0x99, 0x99, 0x9a, 0x9a, 0x92, 0x92, 0xbb, 0xbb, 
	0xc0, 0xc0, 0xb3, 0xc1, 0xbc, 0xbc, 0xbd, 0xaf, 
	0x00, 0x00, 0x00, 0xc2, 0xb1, 0xb1, 0xa2, 0x9e, 
	0xa1, 0xa1, 0xa1, 0x88, 0x99, 0x99, 0x99, 0x99, 
	0x9a, 0x9a, 0x92, 0x92, 0xbb, 0xbb, 0xbb, 0xbb, 
	0xc0, 0xc0, 0xb3, 0xb3, 0xc3, 0xbc, 0xbd, 0xc4, 
	0x00, 0x00, 0x00, 0xc5, 0xc6, 0xc6, 0x9e, 0xa2, 
	0xa1, 0xa1, 0x99, 0x99, 0x99, 0x99, 0x89, 0x99, 
	0x89, 0x89, 0xa5, 0xa5, 0xbb, 0xc0, 0xc0, 0xc0, 
	0xc0, 0xc0, 0xb3, 0xbd, 0xc3, 0xc7, 0xbd, 0xc4, 
	0x00, 0x00, 0x00, 0xc8, 0xa3, 0xa3, 0xc6, 0xa2, 
	0xa1, 0xa1, 0x99, 0x9a, 0x89, 0x89, 0x89, 0x89, 
	0xbb, 0xc9, 0xbb, 0xbb, 0xc0, 0xc0, 0xb3, 0xb3, 
	0xb3, 0xb3, 0xc7, 0xc7, 0xc3, 0xc7, 0xca, 0xcb, 
	0x00, 0x00, 0x00, 0x00, 0xcc, 0xcd, 0x9a, 0xa3, 
	0x9a, 0xa4, 0x99, 0x9a, 0x89, 0xce, 0xce, 0xce, 
	0xcf, 0xbb, 0xc0, 0xbb, 0xc0, 0xc0, 0xb3, 0xc1, 
	0xbd, 0xbd, 0xc7, 0xc7, 0xc7, 0xc3, 0xd0, 0xcb, 
	0x00, 0x00, 0x00, 0x00, 0x00, 0xcc, 0xa5, 0xa5, 
	0x9a, 0x9a, 0x92, 0x92, 0x92, 0xa5, 0xbb, 0xc0, 
	0xd1, 0xd1, 0xc0, 0xd2, 0xd3, 0x00, 0x00, 0xc3, 
	0xbc, 0xbc, 0xd4, 0xd4, 0xd4, 0xd4, 0xd5, 0xcb, 
	0x00, 0x00, 0x00, 0x00, 0x00, 0x00, 0xd6, 0xcf, 
	0xcf, 0xa5, 0xa5, 0xa5, 0xbb, 0xbb, 0xbb, 0xc0, 
	0xd1, 0xd7, 0xd8, 0x00, 0x00, 0x00, 0x00, 0xd9, 
	0xc7, 0xbc, 0xd4, 0xd4, 0xd4, 0xd4, 0xc7, 0xda, 
	0x00, 0x00, 0x00, 0x00, 0x00, 0x00, 0x00, 0xd3, 
	0xdb, 0xdb, 0xdb, 0xcf, 0xd1, 0xd1, 0xd1, 0xb4, 
	0xd8, 0xdc, 0x00, 0x00, 0x00, 0x00, 0x00, 0xdd, 
	0xde, 0xdf, 0xde, 0xde, 0xdf, 0xde, 0xc7, 0xda, 
	0x00, 0x00, 0x00, 0x00, 0x00, 0x00, 0x00, 0x00, 
	0x00, 0xd3, 0xe0, 0xe0, 0xe0, 0xe0, 0xe1, 0x00, 
	0x00, 0x00, 0x00, 0x00, 0x00, 0x00, 0x00, 0xe2, 
	0xc7, 0xde, 0xde, 0xde, 0xde, 0xde, 0xc7, 0xda, 
	0x00, 0x00, 0x00, 0x00, 0x00, 0x00, 0x00, 0x00, 
	0x00, 0x00, 0x00, 0x00, 0x00, 0x00, 0x00, 0x00, 
	0x00, 0x00, 0x00, 0x00, 0x00, 0x00, 0x00, 0xe3, 
	0xe4, 0xde, 0xde, 0xde, 0xde, 0xde, 0xe5, 0xe6, 
	0x00, 0x00, 0x00, 0x00, 0x00, 0x00, 0x00, 0x00, 
	0x00, 0x00, 0x00, 0x00, 0x00, 0x00, 0x00, 0x00, 
	0x00, 0x00, 0x00, 0x00, 0x00, 0x00, 0x00, 0xe3, 
	0xe7, 0xe4, 0xde, 0xde, 0xde, 0xde, 0xe5, 0xe6, 
	0x00, 0x00, 0x00, 0x00, 0x00, 0x00, 0x00, 0x00, 
	0x00, 0x00, 0x00, 0x00, 0x00, 0x00, 0x00, 0x00, 
	0x00, 0x00, 0x00, 0x00, 0x00, 0x00, 0x00, 0xe8, 
	0xe9, 0xe5, 0xde, 0xde, 0xde, 0xde, 0xd5, 0xe6, 
	0x00, 0x00, 0x00, 0x00, 0x00, 0x00, 0x00, 0x00, 
	0x00, 0x00, 0x00, 0x00, 0x00, 0x00, 0x00, 0x00, 
	0x00, 0x00, 0x00, 0x00, 0x00, 0x00, 0x00, 0xe8, 
	0xe9, 0xe5, 0xde, 0xde, 0xe5, 0xe5, 0xd5, 0xe6, 
	0x00, 0x00, 0x00, 0x00, 0x00, 0x00, 0x00, 0x00, 
	0x00, 0x00, 0x00, 0x00, 0x00, 0x00, 0x00, 0x00, 
	0x00, 0x00, 0x00, 0x00, 0x00, 0x00, 0x00, 0xe3, 
	0xe9, 0xde, 0xde, 0xde, 0xe5, 0xe5, 0xe5, 0xe6, 
	0x00, 0x00, 0x00, 0x00, 0x00, 0x00, 0x00, 0x00, 
	0x00, 0x00, 0x00, 0x00, 0x00, 0x00, 0x00, 0x00, 
	0x00, 0x00, 0x00, 0x00, 0x00, 0x00, 0x00, 0xe8, 
	0xe9, 0xde, 0xe5, 0xde, 0xe5, 0xe5, 0xd5, 0xe6, 
	0x00, 0x00, 0x00, 0x00, 0x00, 0x00, 0x00, 0x00, 
	0x00, 0x00, 0x00, 0x00, 0x00, 0x00, 0x00, 0x00, 
	0x00, 0x00, 0x00, 0x00, 0x00, 0x00, 0x00, 0xea, 
	0xe9, 0xe5, 0xde, 0xe5, 0xe5, 0xe5, 0xd5, 0xe6, 
	0x00, 0x00, 0x00, 0x00, 0x00, 0x00, 0x00, 0x00, 
	0x00, 0x00, 0x00, 0x00, 0x00, 0x00, 0x00, 0x00, 
	0x00, 0x00, 0x00, 0x00, 0x00, 0x00, 0x00, 0xeb, 
	0xe9, 0xe5, 0xe5, 0xe5, 0xe5, 0xec, 0xe5, 0xe6, 
	0x00, 0x00, 0x00, 0x00, 0x00, 0x00, 0x00, 0x00, 
	0x00, 0x00, 0x00, 0x00, 0x00, 0x00, 0x00, 0x00, 
	0x00, 0x00, 0x00, 0x00, 0x00, 0x00, 0x00, 0x00, 
	0xe9, 0xe4, 0xe5, 0xe5, 0xec, 0xec, 0xe7, 0xed, 
	0x00, 0x00, 0x00, 0x00, 0x00, 0x00, 0x00, 0x00, 
	0x00, 0x00, 0x00, 0x00, 0x00, 0x00, 0x00, 0x00, 
	0x00, 0x00, 0x00, 0x00, 0x00, 0x00, 0x00, 0x00, 
	0xe3, 0xe4, 0xe5, 0xe5, 0xec, 0xec, 0xe5, 0xe6, 
	0x00, 0x00, 0x00, 0x00, 0x00, 0x00, 0x00, 0x00, 
	0x00, 0x00, 0x00, 0x00, 0x00, 0x00, 0x00, 0x00, 
	0x00, 0x00, 0x00, 0x00, 0x00, 0x00, 0x00, 0x00, 
	0xeb, 0xe4, 0xe5, 0xe5, 0xd5, 0xd5, 0xee, 0xe6, 
	0x00, 0x00, 0x00, 0x00, 0x00, 0x00, 0x00, 0x00, 
	0x00, 0x00, 0x00, 0x00, 0x00, 0x00, 0x00, 0x00, 
	0x00, 0x00, 0x00, 0x00, 0x00, 0x00, 0x00, 0x00, 
	0x00, 0xef, 0xe4, 0xe5, 0xd5, 0xd5, 0xe5, 0xed, 
	0x00, 0x00, 0x00, 0x00, 0x00, 0x00, 0x00, 0x00, 
	0x00, 0x00, 0x00, 0x00, 0x00, 0x00, 0x00, 0x00, 
	0x00, 0x00, 0x00, 0x00, 0x00, 0x00, 0x00, 0x00, 
	0x00, 0x00, 0xe9, 0xe9, 0xe4, 0xe5, 0xe5, 0xf0, 
	0x00, 0x00, 0x00, 0x00, 0x00, 0x00, 0x00, 0x00, 
	0x00, 0x00, 0x00, 0x00, 0x00, 0x00, 0x00, 0x00, 
	0x00, 0x00, 0x00, 0x00, 0x00, 0x00, 0x00, 0x00, 
	0x00, 0x00, 0xeb, 0xf1, 0xe7, 0xe4, 0xe5, 0xf2, 
	0x00, 0x00, 0x00, 0x00, 0x00, 0x00, 0x00, 0x00, 
	0x00, 0x00, 0x00, 0x00, 0x00, 0x00, 0x00, 0x00, 
	0x00, 0x00, 0x00, 0x00, 0x00, 0x00, 0x00, 0x00, 
	0x00, 0x00, 0x00, 0xf3, 0xf4, 0xe9, 0xe4, 0xe7, 
	0x00, 0x00, 0x00, 0x00, 0x00, 0x00, 0x00, 0x00, 
	0x00, 0x00, 0x00, 0x00, 0x00, 0x00, 0x00, 0x00, 
	0x00, 0x00, 0x00, 0x00, 0x00, 0x00, 0x00, 0x00, 
	0x00, 0x00, 0x00, 0x00, 0xe8, 0xf4, 0xe7, 0xf5, 
	0x00, 0x00, 0x00, 0x00, 0x00, 0x00, 0x00, 0x00, 
	0x00, 0x00, 0x00, 0x00, 0x00, 0x00, 0x00, 0x00, 
	0x00, 0x00, 0x00, 0x00, 0x00, 0x00, 0x00, 0x00, 
	0x00, 0x00, 0x00, 0x00, 0x00, 0xeb, 0xf6, 0xf7, 
	0x00, 0x00, 0x00, 0x00, 0x00, 0x00, 0x00, 0x00, 
	0x00, 0x00, 0x00, 0x00, 0x00, 0x00, 0x00, 0x00, 
	0x00, 0x00, 0x00, 0x00, 0x00, 0x00, 0x00, 0x00, 
	0x00, 0x00, 0x00, 0x00, 0x00, 0x00, 0x00, 0xeb, 
	
};

Gfx bob_dl_leaf_half_rgba16_pal_rgba16_aligner[] = {gsSPEndDisplayList()};
u8 bob_dl_leaf_half_rgba16_pal_rgba16[] = {
	0x2a, 0xca, 0x3b, 0x0c, 0x8d, 0x17, 0xb5, 0xdd, 
	0x2a, 0xcc, 0x32, 0xca, 0x33, 0x0a, 0x32, 0xcb, 
	0x33, 0x0d, 0x32, 0xcd, 0x2a, 0xcd, 0x2b, 0x0d, 
	0x2a, 0xcf, 0x3b, 0x0e, 0x8c, 0xd7, 0xb5, 0xdf, 
	0x33, 0x0b, 0x3b, 0x0d, 0x33, 0x4f, 0x33, 0x0f, 
	0x2b, 0x11, 0x2a, 0xd1, 0x84, 0xd5, 0x33, 0x4d, 
	0x3b, 0x4f, 0x33, 0x51, 0x33, 0x11, 0x2b, 0x0f, 
	0x7c, 0x97, 0x33, 0x4b, 0x3b, 0x8f, 0x3b, 0x51, 
	0x3b, 0x91, 0x3b, 0x53, 0x84, 0xd7, 0x33, 0x89, 
	0x3b, 0x93, 0x33, 0x53, 0x32, 0xcc, 0x3b, 0x11, 
	0x84, 0xd9, 0xad, 0x9d, 0x2b, 0x0b, 0x43, 0x91, 
	0x43, 0x93, 0x43, 0xd3, 0x4b, 0x53, 0x33, 0x4a, 
	0x3b, 0x8d, 0x43, 0xd5, 0x43, 0x95, 0x3b, 0x8a, 
	0x4c, 0x15, 0x33, 0x93, 0x3b, 0x8c, 0x4b, 0xd5, 
	0x4c, 0x17, 0x4b, 0xd7, 0x33, 0x4c, 0x33, 0x8d, 
	0x33, 0x91, 0x4c, 0x57, 0x44, 0x15, 0x3b, 0xd3, 
	0x33, 0xcd, 0x2b, 0x8d, 0x4c, 0x59, 0x54, 0x59, 
	0x2b, 0x8f, 0x2b, 0x4f, 0x33, 0xd1, 0x4c, 0x55, 
	0x44, 0x55, 0x8d, 0x1b, 0xb6, 0x1f, 0x54, 0x99, 
	0x4c, 0x97, 0x44, 0x97, 0x4c, 0x95, 0xbe, 0x61, 
	0x2b, 0x0c, 0x23, 0x8d, 0x23, 0x4f, 0x2b, 0xd1, 
	0x33, 0xd3, 0x3b, 0xd5, 0x4c, 0x99, 0x4c, 0xd7, 
	0x44, 0x95, 0x8d, 0x9d, 0xb6, 0x63, 0x23, 0x8f, 
	0x2b, 0x91, 0x3c, 0x15, 0x4d, 0x19, 0x4d, 0x17, 
	0x85, 0x5b, 0xbe, 0x63, 0x2b, 0x51, 0x3c, 0x13, 
	0x4d, 0x59, 0x4d, 0x57, 0x2b, 0x0e, 0x55, 0x59, 
	0x55, 0x17, 0x2b, 0x4e, 0x33, 0x0e, 0x3c, 0x53, 
	0x3c, 0x95, 0x44, 0xd7, 0x4d, 0x99, 0x55, 0x9b, 
	0x5d, 0x9b, 0x5d, 0x99, 0x55, 0x57, 0x7d, 0xdb, 
	0xb6, 0x61, 0x33, 0x8e, 0x55, 0x99, 0x33, 0x4e, 
	0xae, 0xa1, 0x34, 0x13, 0x5d, 0xdb, 0x65, 0xd9, 
	0x33, 0x0c, 0x3c, 0x55, 0x3c, 0xd5, 0x5d, 0xd9, 
	0x76, 0x1b, 0xae, 0xe3, 0x3c, 0x93, 0x44, 0xd5, 
	0x34, 0x11, 0x34, 0x53, 0x45, 0x17, 0x55, 0xdb, 
	0x55, 0xd9, 0x5e, 0x19, 0x66, 0x19, 0x76, 0x19, 
	0x9e, 0xe1, 0x2b, 0xcf, 0x2c, 0x11, 0x34, 0x51, 
	0x34, 0x93, 0x3c, 0xd7, 0x5e, 0x17, 0xa7, 0x23, 
	0x2b, 0x4c, 0x23, 0xcf, 0x2c, 0x51, 0x34, 0xd3, 
	0x3d, 0x15, 0x56, 0x19, 0x56, 0x17, 0x76, 0x59, 
	0x2c, 0x91, 0x45, 0x57, 0x4d, 0x97, 0x2b, 0x8c, 
	0x2c, 0x0f, 0x4d, 0xd9, 0x4d, 0xd7, 0x4e, 0x17, 
	0x55, 0xd7, 0x5e, 0x57, 0x76, 0x9b, 0x9f, 0x21, 
	0x3d, 0x13, 0x45, 0x55, 0x2c, 0x93, 0x3d, 0x55, 
	0x5e, 0x55, 0x66, 0x55, 0x76, 0xd9, 0xa7, 0x21, 
	0x2b, 0x8e, 0x45, 0x97, 0x2b, 0xce, 0x6e, 0x55, 
	0x76, 0x97, 0x2c, 0x0e, 0x2c, 0xd1, 0x3c, 0xd3, 
	0x34, 0x0e, 0x35, 0x13, 0x3d, 0x57, 0x66, 0x57, 
	0x6e, 0x53, 0x76, 0x95, 0x34, 0x90, 0x3d, 0x53, 
	0x6e, 0x57, 0x6e, 0x95, 0x45, 0xd5, 0x6e, 0x93, 
	0x9f, 0x5f, 0x45, 0x93, 0x45, 0xd7, 0x76, 0x93, 
	0x3c, 0x0e, 0x66, 0x59, 0x7e, 0xd3, 0x97, 0x5d, 
	0x4d, 0xd5, 0x4e, 0x57, 0x5e, 0x59, 0x66, 0x97, 
	0x7e, 0xd5, 0x6e, 0x97, 0x65, 0xd5, 0x44, 0x4e, 
	0x6e, 0x91, 0x7e, 0x93, 0x5e, 0x15, 0x76, 0xd7, 
	0x6e, 0x15, 0x55, 0x10, 0x97, 0x1d, 0x6e, 0xd7, 
	0x4c, 0x4e, 0x5d, 0x0e, 0x76, 0x91, 0x6e, 0x51, 
	0x55, 0x52, 0x5d, 0x52, 0x5d, 0x4e, 0x65, 0x8e, 
	0x7e, 0xd1, 0x7e, 0x91, 0x97, 0x1b, 0x86, 0xd3, 
	0x6d, 0x8e, 0x86, 0xd1, 0x65, 0x4e, 0x54, 0x4c, 
	0x86, 0x93, 0x97, 0x19, 0x86, 0xd5, 0x76, 0x51, 
	0x8e, 0xd7, 0x87, 0x11, 0x8e, 0xd5, 0x7e, 0x51, 
	0x8e, 0xd1, 0x8f, 0x13, 0x86, 0xcf, 0x96, 0xd3, 
	
};

Gfx bob_dl_cloud1_ci4_ci4_aligner[] = {gsSPEndDisplayList()};
u8 bob_dl_cloud1_ci4_ci4[] = {
	0x00, 0x00, 0x00, 0x00, 0x00, 0x00, 0x00, 0x00, 
	0x00, 0x00, 0x00, 0x00, 0x00, 0x00, 0x00, 0x00, 
	0x00, 0x00, 0x00, 0x00, 0x00, 0x00, 0x00, 0x00, 
	0x00, 0x00, 0x00, 0x00, 0x00, 0x00, 0x00, 0x00, 
	0x00, 0x00, 0x00, 0x00, 0x00, 0x00, 0x00, 0x00, 
	0x00, 0x00, 0x00, 0x00, 0x00, 0x00, 0x00, 0x00, 
	0x00, 0x00, 0x00, 0x00, 0x00, 0x00, 0x00, 0x00, 
	0x00, 0x00, 0x00, 0x00, 0x00, 0x00, 0x00, 0x00, 
	0x00, 0x00, 0x00, 0x00, 0x00, 0x00, 0x00, 0x00, 
	0x00, 0x00, 0x00, 0x00, 0x00, 0x00, 0x00, 0x00, 
	0x00, 0x00, 0x00, 0x00, 0x00, 0x00, 0x00, 0x00, 
	0x00, 0x00, 0x00, 0x00, 0x00, 0x00, 0x00, 0x00, 
	0x00, 0x00, 0x00, 0x00, 0x00, 0x00, 0x00, 0x00, 
	0x00, 0x00, 0x00, 0x00, 0x00, 0x00, 0x00, 0x00, 
	0x00, 0x00, 0x00, 0x00, 0x00, 0x00, 0x00, 0x00, 
	0x00, 0x00, 0x00, 0x00, 0x00, 0x00, 0x00, 0x00, 
	0x00, 0x00, 0x00, 0x00, 0x00, 0x00, 0x00, 0x00, 
	0x00, 0x00, 0x00, 0x00, 0x00, 0x00, 0x00, 0x11, 
	0x11, 0x00, 0x00, 0x00, 0x00, 0x00, 0x00, 0x00, 
	0x00, 0x00, 0x00, 0x00, 0x00, 0x00, 0x00, 0x00, 
	0x00, 0x00, 0x00, 0x00, 0x00, 0x00, 0x00, 0x00, 
	0x00, 0x00, 0x00, 0x00, 0x00, 0x00, 0x01, 0x22, 
	0x22, 0x10, 0x00, 0x00, 0x00, 0x00, 0x00, 0x00, 
	0x00, 0x00, 0x00, 0x00, 0x00, 0x00, 0x00, 0x00, 
	0x00, 0x00, 0x00, 0x00, 0x00, 0x00, 0x00, 0x00, 
	0x00, 0x00, 0x00, 0x00, 0x00, 0x01, 0x12, 0x22, 
	0x22, 0x21, 0x00, 0x00, 0x00, 0x00, 0x00, 0x00, 
	0x00, 0x00, 0x00, 0x00, 0x00, 0x00, 0x00, 0x00, 
	0x00, 0x00, 0x00, 0x00, 0x00, 0x00, 0x00, 0x00, 
	0x00, 0x00, 0x00, 0x00, 0x00, 0x12, 0x22, 0x22, 
	0x22, 0x21, 0x01, 0x00, 0x00, 0x00, 0x00, 0x00, 
	0x00, 0x00, 0x00, 0x00, 0x00, 0x00, 0x00, 0x00, 
	0x00, 0x00, 0x00, 0x00, 0x00, 0x00, 0x00, 0x00, 
	0x00, 0x00, 0x00, 0x00, 0x00, 0x12, 0x22, 0x22, 
	0x22, 0x22, 0x12, 0x10, 0x00, 0x00, 0x00, 0x00, 
	0x00, 0x00, 0x00, 0x00, 0x00, 0x00, 0x00, 0x00, 
	0x00, 0x00, 0x00, 0x00, 0x00, 0x00, 0x00, 0x00, 
	0x00, 0x00, 0x00, 0x00, 0x00, 0x12, 0x22, 0x22, 
	0x23, 0x22, 0x22, 0x21, 0x00, 0x00, 0x00, 0x00, 
	0x00, 0x00, 0x00, 0x00, 0x00, 0x00, 0x00, 0x00, 
	0x00, 0x00, 0x00, 0x00, 0x00, 0x00, 0x00, 0x00, 
	0x00, 0x00, 0x00, 0x00, 0x01, 0x22, 0x23, 0x32, 
	0x22, 0x32, 0x22, 0x21, 0x00, 0x00, 0x00, 0x00, 
	0x00, 0x00, 0x00, 0x00, 0x00, 0x00, 0x00, 0x00, 
	0x00, 0x00, 0x00, 0x00, 0x00, 0x00, 0x00, 0x00, 
	0x00, 0x00, 0x00, 0x00, 0x12, 0x22, 0x32, 0x22, 
	0x22, 0x22, 0x22, 0x21, 0x00, 0x00, 0x00, 0x00, 
	0x00, 0x00, 0x00, 0x00, 0x00, 0x00, 0x00, 0x00, 
	0x00, 0x00, 0x00, 0x00, 0x00, 0x00, 0x00, 0x00, 
	0x00, 0x00, 0x01, 0x11, 0x22, 0x22, 0x22, 0x22, 
	0x22, 0x22, 0x22, 0x22, 0x10, 0x01, 0x00, 0x00, 
	0x00, 0x00, 0x00, 0x00, 0x00, 0x00, 0x00, 0x00, 
	0x00, 0x00, 0x00, 0x00, 0x00, 0x00, 0x00, 0x00, 
	0x00, 0x00, 0x12, 0x22, 0x22, 0x22, 0x22, 0x22, 
	0x22, 0x22, 0x22, 0x22, 0x10, 0x12, 0x10, 0x00, 
	0x00, 0x00, 0x00, 0x00, 0x00, 0x00, 0x00, 0x00, 
	0x00, 0x00, 0x00, 0x00, 0x00, 0x00, 0x00, 0x00, 
	0x00, 0x01, 0x22, 0x22, 0x22, 0x22, 0x22, 0x22, 
	0x22, 0x22, 0x22, 0x22, 0x21, 0x22, 0x10, 0x00, 
	0x00, 0x00, 0x00, 0x00, 0x00, 0x00, 0x00, 0x00, 
	0x00, 0x00, 0x00, 0x00, 0x00, 0x00, 0x00, 0x00, 
	0x00, 0x02, 0x22, 0x22, 0x22, 0x22, 0x22, 0x22, 
	0x22, 0x22, 0x22, 0x22, 0x22, 0x22, 0x10, 0x10, 
	0x00, 0x00, 0x00, 0x00, 0x00, 0x00, 0x00, 0x00, 
	0x00, 0x00, 0x00, 0x00, 0x00, 0x00, 0x00, 0x00, 
	0x01, 0x12, 0x22, 0x22, 0x22, 0x22, 0x22, 0x22, 
	0x22, 0x22, 0x22, 0x22, 0x22, 0x22, 0x21, 0x21, 
	0x00, 0x00, 0x00, 0x00, 0x00, 0x00, 0x00, 0x00, 
	0x00, 0x00, 0x00, 0x00, 0x00, 0x00, 0x00, 0x00, 
	0x12, 0x22, 0x22, 0x22, 0x22, 0x22, 0x22, 0x22, 
	0x22, 0x22, 0x22, 0x22, 0x22, 0x22, 0x22, 0x21, 
	0x00, 0x00, 0x00, 0x00, 0x00, 0x00, 0x00, 0x00, 
	0x00, 0x00, 0x00, 0x00, 0x00, 0x00, 0x00, 0x00, 
	0x12, 0x22, 0x22, 0x22, 0x22, 0x22, 0x22, 0x22, 
	0x22, 0x22, 0x22, 0x22, 0x22, 0x22, 0x22, 0x21, 
	0x00, 0x00, 0x00, 0x00, 0x00, 0x00, 0x00, 0x00, 
	0x00, 0x00, 0x00, 0x00, 0x00, 0x00, 0x00, 0x00, 
	0x01, 0x22, 0x22, 0x22, 0x22, 0x22, 0x22, 0x22, 
	0x22, 0x22, 0x22, 0x22, 0x22, 0x22, 0x22, 0x10, 
	0x00, 0x00, 0x00, 0x00, 0x00, 0x00, 0x00, 0x00, 
	0x00, 0x00, 0x00, 0x00, 0x00, 0x00, 0x00, 0x00, 
	0x00, 0x12, 0x23, 0x22, 0x22, 0x22, 0x22, 0x22, 
	0x23, 0x22, 0x22, 0x22, 0x22, 0x22, 0x21, 0x00, 
	0x00, 0x00, 0x00, 0x00, 0x00, 0x00, 0x00, 0x00, 
	0x00, 0x00, 0x00, 0x00, 0x00, 0x00, 0x00, 0x00, 
	0x00, 0x01, 0x22, 0x32, 0x23, 0x22, 0x22, 0x22, 
	0x32, 0x22, 0x22, 0x22, 0x22, 0x22, 0x22, 0x10, 
	0x00, 0x00, 0x00, 0x00, 0x00, 0x00, 0x00, 0x00, 
	0x00, 0x00, 0x00, 0x00, 0x00, 0x00, 0x00, 0x00, 
	0x00, 0x00, 0x12, 0x23, 0x33, 0x32, 0x22, 0x33, 
	0x33, 0x22, 0x22, 0x32, 0x22, 0x22, 0x22, 0x21, 
	0x00, 0x00, 0x00, 0x00, 0x00, 0x00, 0x00, 0x00, 
	0x00, 0x00, 0x00, 0x00, 0x00, 0x00, 0x00, 0x00, 
	0x00, 0x00, 0x12, 0x22, 0x22, 0x33, 0x33, 0x33, 
	0x23, 0x33, 0x33, 0x22, 0x22, 0x22, 0x22, 0x20, 
	0x00, 0x00, 0x00, 0x00, 0x00, 0x00, 0x00, 0x00, 
	0x00, 0x00, 0x00, 0x00, 0x00, 0x00, 0x00, 0x00, 
	0x00, 0x00, 0x01, 0x11, 0x22, 0x22, 0x33, 0x22, 
	0x22, 0x33, 0x32, 0x22, 0x22, 0x22, 0x21, 0x10, 
	0x00, 0x00, 0x00, 0x00, 0x00, 0x00, 0x00, 0x00, 
	0x00, 0x00, 0x00, 0x00, 0x00, 0x00, 0x00, 0x00, 
	0x00, 0x00, 0x00, 0x00, 0x12, 0x22, 0x22, 0x21, 
	0x22, 0x22, 0x22, 0x22, 0x12, 0x21, 0x10, 0x00, 
	0x00, 0x00, 0x00, 0x00, 0x00, 0x00, 0x00, 0x00, 
	0x00, 0x00, 0x00, 0x00, 0x00, 0x00, 0x00, 0x00, 
	0x00, 0x00, 0x00, 0x00, 0x01, 0x12, 0x22, 0x10, 
	0x11, 0x22, 0x22, 0x11, 0x01, 0x10, 0x00, 0x00, 
	0x00, 0x00, 0x00, 0x00, 0x00, 0x00, 0x00, 0x00, 
	0x00, 0x00, 0x00, 0x00, 0x00, 0x00, 0x00, 0x00, 
	0x00, 0x00, 0x00, 0x00, 0x00, 0x01, 0x11, 0x00, 
	0x00, 0x11, 0x11, 0x00, 0x00, 0x00, 0x00, 0x00, 
	0x00, 0x00, 0x00, 0x00, 0x00, 0x00, 0x00, 0x00, 
	0x00, 0x00, 0x00, 0x00, 0x00, 0x00, 0x00, 0x00, 
	0x00, 0x00, 0x00, 0x00, 0x00, 0x00, 0x00, 0x00, 
	0x00, 0x00, 0x00, 0x00, 0x00, 0x00, 0x00, 0x00, 
	0x00, 0x00, 0x00, 0x00, 0x00, 0x00, 0x00, 0x00, 
	0x00, 0x00, 0x00, 0x00, 0x00, 0x00, 0x00, 0x00, 
	0x00, 0x00, 0x00, 0x00, 0x00, 0x00, 0x00, 0x00, 
	0x00, 0x00, 0x00, 0x00, 0x00, 0x00, 0x00, 0x00, 
	0x00, 0x00, 0x00, 0x00, 0x00, 0x00, 0x00, 0x00, 
	0x00, 0x00, 0x00, 0x00, 0x00, 0x00, 0x00, 0x00, 
	0x00, 0x00, 0x00, 0x00, 0x00, 0x00, 0x00, 0x00, 
	0x00, 0x00, 0x00, 0x00, 0x00, 0x00, 0x00, 0x00, 
	0x00, 0x00, 0x00, 0x00, 0x00, 0x00, 0x00, 0x00, 
	0x00, 0x00, 0x00, 0x00, 0x00, 0x00, 0x00, 0x00, 
	0x00, 0x00, 0x00, 0x00, 0x00, 0x00, 0x00, 0x00, 
	0x00, 0x00, 0x00, 0x00, 0x00, 0x00, 0x00, 0x00, 
	0x00, 0x00, 0x00, 0x00, 0x00, 0x00, 0x00, 0x00, 
	
};

Gfx bob_dl_cloud1_ci4_pal_rgba16_aligner[] = {gsSPEndDisplayList()};
u8 bob_dl_cloud1_ci4_pal_rgba16[] = {
	0x34, 0x3f, 0x00, 0x01, 0xff, 0xff, 0x65, 0x7f, 
	
};

Gfx bob_dl_ki_mizu_ci8_ci8_aligner[] = {gsSPEndDisplayList()};
u8 bob_dl_ki_mizu_ci8_ci8[] = {
	0x00, 0x01, 0x02, 0x03, 0x04, 0x05, 0x05, 0x05, 
	0x06, 0x06, 0x07, 0x08, 0x09, 0x09, 0x09, 0x09, 
	0x0a, 0x0b, 0x0b, 0x0c, 0x0d, 0x0e, 0x0f, 0x10, 
	0x05, 0x11, 0x12, 0x12, 0x0b, 0x13, 0x14, 0x14, 
	0x01, 0x01, 0x02, 0x03, 0x04, 0x05, 0x05, 0x05, 
	0x06, 0x06, 0x07, 0x08, 0x09, 0x09, 0x15, 0x0b, 
	0x0b, 0x0b, 0x0b, 0x0c, 0x0d, 0x0e, 0x0f, 0x10, 
	0x16, 0x11, 0x11, 0x12, 0x0b, 0x13, 0x14, 0x14, 
	0x01, 0x01, 0x02, 0x03, 0x17, 0x17, 0x05, 0x17, 
	0x06, 0x06, 0x07, 0x18, 0x19, 0x19, 0x19, 0x19, 
	0x1a, 0x0b, 0x0b, 0x0c, 0x0d, 0x10, 0x0f, 0x10, 
	0x16, 0x12, 0x11, 0x12, 0x13, 0x13, 0x1b, 0x1b, 
	0x01, 0x01, 0x02, 0x03, 0x17, 0x17, 0x1c, 0x17, 
	0x06, 0x06, 0x18, 0x18, 0x19, 0x19, 0x19, 0x19, 
	0x1a, 0x1a, 0x1a, 0x0c, 0x0d, 0x0e, 0x0f, 0x10, 
	0x16, 0x05, 0x11, 0x11, 0x13, 0x13, 0x1b, 0x1b, 
	0x1d, 0x1d, 0x1e, 0x1f, 0x06, 0x06, 0x0b, 0x06, 
	0x0b, 0x0b, 0x0b, 0x0b, 0x20, 0x20, 0x20, 0x20, 
	0x21, 0x21, 0x21, 0x22, 0x03, 0x23, 0x23, 0x23, 
	0x24, 0x25, 0x05, 0x11, 0x11, 0x11, 0x1d, 0x1d, 
	0x1d, 0x1d, 0x1e, 0x1e, 0x0b, 0x06, 0x06, 0x26, 
	0x0b, 0x27, 0x27, 0x0b, 0x20, 0x20, 0x28, 0x28, 
	0x29, 0x29, 0x29, 0x22, 0x2a, 0x23, 0x23, 0x23, 
	0x24, 0x24, 0x25, 0x11, 0x1d, 0x1d, 0x2b, 0x2b, 
	0x1d, 0x1d, 0x2c, 0x2c, 0x0b, 0x0b, 0x06, 0x06, 
	0x0b, 0x0a, 0x0a, 0x0a, 0x20, 0x2d, 0x2d, 0x2d, 
	0x29, 0x29, 0x29, 0x22, 0x2a, 0x03, 0x23, 0x23, 
	0x24, 0x24, 0x25, 0x05, 0x1d, 0x2b, 0x2b, 0x2b, 
	0x1d, 0x1d, 0x2c, 0x2c, 0x0b, 0x0b, 0x06, 0x06, 
	0x0b, 0x27, 0x0a, 0x0a, 0x2e, 0x2e, 0x2e, 0x2e, 
	0x2f, 0x2f, 0x2f, 0x29, 0x30, 0x2a, 0x2a, 0x03, 
	0x24, 0x24, 0x24, 0x25, 0x11, 0x1d, 0x2b, 0x2b, 
	0x31, 0x31, 0x31, 0x32, 0x33, 0x33, 0x34, 0x2a, 
	0x34, 0x34, 0x32, 0x35, 0x36, 0x36, 0x37, 0x37, 
	0x38, 0x38, 0x38, 0x38, 0x39, 0x3a, 0x3a, 0x3a, 
	0x26, 0x3b, 0x3b, 0x3b, 0x25, 0x11, 0x11, 0x11, 
	0x3c, 0x3c, 0x3c, 0x3c, 0x3d, 0x33, 0x34, 0x34, 
	0x34, 0x34, 0x32, 0x35, 0x36, 0x3e, 0x37, 0x3f, 
	0x40, 0x40, 0x40, 0x40, 0x37, 0x35, 0x39, 0x3a, 
	0x0c, 0x26, 0x3b, 0x3b, 0x24, 0x25, 0x05, 0x05, 
	0x41, 0x41, 0x41, 0x41, 0x3d, 0x3d, 0x34, 0x34, 
	0x34, 0x34, 0x42, 0x35, 0x36, 0x3e, 0x3f, 0x3f, 
	0x2c, 0x40, 0x40, 0x40, 0x37, 0x37, 0x37, 0x35, 
	0x43, 0x26, 0x3b, 0x3b, 0x24, 0x25, 0x24, 0x24, 
	0x41, 0x41, 0x41, 0x3c, 0x3d, 0x3d, 0x34, 0x34, 
	0x34, 0x34, 0x34, 0x42, 0x3e, 0x3e, 0x3f, 0x3f, 
	0x2c, 0x2c, 0x40, 0x2c, 0x37, 0x37, 0x37, 0x37, 
	0x43, 0x0c, 0x26, 0x3b, 0x24, 0x24, 0x24, 0x24, 
	0x41, 0x41, 0x44, 0x42, 0x44, 0x41, 0x44, 0x44, 
	0x3c, 0x3c, 0x3c, 0x3c, 0x45, 0x46, 0x47, 0x47, 
	0x48, 0x48, 0x48, 0x31, 0x38, 0x38, 0x3e, 0x3e, 
	0x43, 0x0c, 0x26, 0x3b, 0x10, 0x10, 0x03, 0x03, 
	0x44, 0x42, 0x49, 0x49, 0x42, 0x44, 0x44, 0x44, 
	0x3c, 0x44, 0x44, 0x3c, 0x47, 0x46, 0x45, 0x45, 
	0x48, 0x48, 0x48, 0x31, 0x38, 0x38, 0x36, 0x3e, 
	0x43, 0x0c, 0x26, 0x3b, 0x10, 0x03, 0x03, 0x4a, 
	0x44, 0x49, 0x49, 0x49, 0x49, 0x42, 0x42, 0x44, 
	0x44, 0x44, 0x4b, 0x44, 0x4c, 0x46, 0x46, 0x45, 
	0x48, 0x48, 0x48, 0x31, 0x31, 0x38, 0x38, 0x3e, 
	0x43, 0x43, 0x0c, 0x3b, 0x10, 0x10, 0x4a, 0x4a, 
	0x44, 0x49, 0x49, 0x49, 0x49, 0x49, 0x49, 0x42, 
	0x44, 0x44, 0x41, 0x44, 0x4c, 0x46, 0x46, 0x45, 
	0x48, 0x48, 0x48, 0x31, 0x31, 0x31, 0x31, 0x31, 
	0x43, 0x43, 0x0c, 0x26, 0x10, 0x03, 0x03, 0x4a, 
	0x44, 0x42, 0x49, 0x49, 0x2c, 0x2c, 0x2c, 0x4c, 
	0x0b, 0x06, 0x26, 0x06, 0x44, 0x4d, 0x4e, 0x4d, 
	0x4f, 0x50, 0x50, 0x51, 0x52, 0x52, 0x52, 0x50, 
	0x28, 0x0b, 0x26, 0x26, 0x53, 0x0d, 0x0d, 0x06, 
	0x41, 0x44, 0x42, 0x49, 0x54, 0x2c, 0x2c, 0x4c, 
	0x0b, 0x06, 0x06, 0x26, 0x44, 0x4d, 0x4e, 0x4d, 
	0x4f, 0x50, 0x50, 0x51, 0x52, 0x52, 0x50, 0x47, 
	0x28, 0x0b, 0x26, 0x26, 0x0d, 0x0d, 0x0d, 0x55, 
	0x41, 0x41, 0x44, 0x42, 0x2c, 0x4c, 0x2c, 0x4c, 
	0x0b, 0x06, 0x06, 0x06, 0x44, 0x4f, 0x4f, 0x4f, 
	0x4f, 0x4f, 0x50, 0x51, 0x52, 0x50, 0x47, 0x47, 
	0x28, 0x0b, 0x26, 0x26, 0x0d, 0x55, 0x55, 0x55, 
	0x41, 0x41, 0x41, 0x44, 0x4c, 0x56, 0x4c, 0x4c, 
	0x0b, 0x06, 0x06, 0x06, 0x44, 0x44, 0x44, 0x4f, 
	0x57, 0x57, 0x57, 0x57, 0x52, 0x50, 0x47, 0x50, 
	0x58, 0x0b, 0x26, 0x26, 0x0d, 0x55, 0x06, 0x06, 
	0x55, 0x4a, 0x4a, 0x4a, 0x59, 0x59, 0x43, 0x43, 
	0x5a, 0x06, 0x5a, 0x5b, 0x5c, 0x5c, 0x1e, 0x1e, 
	0x43, 0x43, 0x43, 0x43, 0x0a, 0x32, 0x5d, 0x32, 
	0x5e, 0x33, 0x5f, 0x5f, 0x18, 0x18, 0x60, 0x60, 
	0x4a, 0x61, 0x61, 0x61, 0x03, 0x03, 0x44, 0x43, 
	0x5a, 0x5a, 0x62, 0x62, 0x63, 0x5c, 0x5c, 0x5c, 
	0x43, 0x44, 0x44, 0x43, 0x0a, 0x0a, 0x32, 0x32, 
	0x5e, 0x18, 0x5f, 0x5f, 0x18, 0x18, 0x18, 0x18, 
	0x55, 0x4a, 0x61, 0x61, 0x03, 0x03, 0x59, 0x44, 
	0x5a, 0x5b, 0x62, 0x62, 0x63, 0x5c, 0x5c, 0x5c, 
	0x44, 0x44, 0x44, 0x59, 0x64, 0x0a, 0x0a, 0x0a, 
	0x18, 0x5f, 0x5f, 0x5f, 0x18, 0x18, 0x18, 0x18, 
	0x60, 0x55, 0x4a, 0x4a, 0x03, 0x03, 0x03, 0x59, 
	0x5a, 0x5b, 0x62, 0x62, 0x51, 0x63, 0x5c, 0x5c, 
	0x44, 0x44, 0x44, 0x59, 0x64, 0x64, 0x64, 0x64, 
	0x5f, 0x5f, 0x5f, 0x18, 0x60, 0x60, 0x18, 0x60, 
	0x65, 0x66, 0x18, 0x18, 0x4a, 0x4a, 0x03, 0x4a, 
	0x5a, 0x5b, 0x62, 0x62, 0x31, 0x31, 0x67, 0x67, 
	0x05, 0x05, 0x05, 0x05, 0x4a, 0x4a, 0x03, 0x10, 
	0x5f, 0x5f, 0x68, 0x60, 0x63, 0x69, 0x69, 0x69, 
	0x63, 0x65, 0x66, 0x18, 0x0c, 0x4a, 0x4a, 0x4a, 
	0x06, 0x5a, 0x62, 0x62, 0x31, 0x6a, 0x08, 0x67, 
	0x05, 0x05, 0x05, 0x05, 0x4a, 0x4a, 0x03, 0x6b, 
	0x5f, 0x5f, 0x60, 0x60, 0x6c, 0x63, 0x69, 0x69, 
	0x63, 0x63, 0x65, 0x66, 0x5c, 0x4a, 0x03, 0x4a, 
	0x06, 0x5a, 0x5b, 0x62, 0x31, 0x31, 0x6a, 0x08, 
	0x05, 0x05, 0x16, 0x16, 0x4a, 0x4a, 0x10, 0x6b, 
	0x5f, 0x5f, 0x60, 0x5e, 0x6c, 0x63, 0x63, 0x69, 
	0x65, 0x65, 0x63, 0x65, 0x5c, 0x03, 0x03, 0x4a, 
	0x06, 0x06, 0x5a, 0x62, 0x31, 0x31, 0x6a, 0x31, 
	0x0a, 0x27, 0x16, 0x16, 0x4a, 0x4a, 0x10, 0x10, 
	0x5f, 0x5f, 0x60, 0x5e, 0x6c, 0x6c, 0x6c, 0x63, 
	0x6d, 0x6d, 0x6d, 0x1c, 0x05, 0x6e, 0x6e, 0x25, 
	0x05, 0x05, 0x12, 0x11, 0x62, 0x6f, 0x70, 0x70, 
	0x38, 0x42, 0x71, 0x71, 0x16, 0x5f, 0x72, 0x5f, 
	0x4a, 0x4a, 0x5c, 0x5c, 0x6c, 0x73, 0x73, 0x6c, 
	0x6d, 0x6d, 0x6d, 0x1c, 0x25, 0x74, 0x6e, 0x25, 
	0x05, 0x05, 0x12, 0x11, 0x62, 0x6f, 0x70, 0x70, 
	0x38, 0x42, 0x1c, 0x71, 0x16, 0x5f, 0x72, 0x5f, 
	0x5c, 0x5c, 0x4a, 0x5c, 0x65, 0x73, 0x73, 0x73, 
	0x6d, 0x6d, 0x6d, 0x1c, 0x6e, 0x74, 0x6e, 0x25, 
	0x05, 0x05, 0x12, 0x11, 0x62, 0x6f, 0x2c, 0x70, 
	0x38, 0x38, 0x1c, 0x71, 0x16, 0x5f, 0x72, 0x5f, 
	0x5c, 0x5c, 0x5c, 0x5c, 0x65, 0x73, 0x73, 0x6c, 
	0x6d, 0x6d, 0x75, 0x1f, 0x74, 0x6e, 0x25, 0x05, 
	0x05, 0x05, 0x12, 0x11, 0x62, 0x6f, 0x6f, 0x6f, 
	0x42, 0x42, 0x1c, 0x71, 0x16, 0x5f, 0x72, 0x5f, 
	0x5c, 0x5c, 0x5c, 0x5c, 0x65, 0x73, 0x73, 0x6c, 
	
};

Gfx bob_dl_ki_mizu_ci8_pal_rgba16_aligner[] = {gsSPEndDisplayList()};
u8 bob_dl_ki_mizu_ci8_pal_rgba16[] = {
	0x13, 0xfb, 0x1b, 0xf7, 0x24, 0x75, 0x45, 0x79, 
	0x45, 0xb9, 0x34, 0xb7, 0x34, 0xf9, 0x34, 0x75, 
	0x2c, 0x33, 0x24, 0x31, 0x1c, 0xb5, 0x2c, 0xb9, 
	0x34, 0xfb, 0x45, 0x3b, 0x55, 0x7b, 0x65, 0xfb, 
	0x4d, 0x7b, 0x2c, 0x35, 0x34, 0x77, 0x24, 0x37, 
	0x13, 0xb9, 0x2c, 0x75, 0x44, 0xfb, 0x35, 0x37, 
	0x3c, 0xbb, 0x3c, 0x7b, 0x2c, 0x7d, 0x1b, 0xb5, 
	0x2c, 0xb7, 0x1b, 0xb1, 0x24, 0xb3, 0x34, 0xf5, 
	0x2c, 0x7b, 0x24, 0xbd, 0x2d, 0x3b, 0x55, 0xfb, 
	0x4d, 0xbb, 0x3c, 0xf7, 0x45, 0x7b, 0x24, 0xb7, 
	0x1c, 0x75, 0x14, 0xb7, 0x35, 0x79, 0x1b, 0xaf, 
	0x14, 0x2f, 0x0c, 0xb1, 0x04, 0xad, 0x04, 0xaf, 
	0x2d, 0x39, 0x1c, 0x31, 0x14, 0xb1, 0x2c, 0xbb, 
	0x24, 0xf7, 0x14, 0xaf, 0x0c, 0xab, 0x0c, 0x6d, 
	0x0c, 0xaf, 0x14, 0xb3, 0x25, 0x37, 0x4d, 0xfb, 
	0x24, 0xf5, 0x3c, 0xfb, 0x0c, 0x6b, 0x14, 0x31, 
	0x0c, 0x6f, 0x3d, 0x79, 0x1c, 0xb3, 0x24, 0xb5, 
	0x2c, 0xf5, 0x0c, 0x2b, 0x0b, 0xe9, 0x14, 0x6d, 
	0x1c, 0x2d, 0x14, 0x71, 0x3d, 0x39, 0x2d, 0x37, 
	0x1c, 0xb1, 0x14, 0x6b, 0x0c, 0x27, 0x1c, 0xaf, 
	0x1c, 0x2f, 0x23, 0xf1, 0x1b, 0xf3, 0x55, 0x7d, 
	0x0b, 0xeb, 0x3c, 0xf9, 0x2c, 0xf7, 0x24, 0xb1, 
	0x14, 0x39, 0x34, 0xf7, 0x2c, 0xb5, 0x24, 0x35, 
	0x34, 0xb9, 0x04, 0x6f, 0x24, 0x7b, 0x4d, 0x3b, 
	0x34, 0xbb, 0x4d, 0xb9, 0x23, 0xf3, 0x2c, 0x39, 
	0x35, 0x39, 0x2c, 0x79, 0x34, 0x79, 0x3c, 0xb9, 
	0x4c, 0xbd, 0x34, 0x7b, 0x13, 0xed, 0x5d, 0xfd, 
	0x24, 0x39, 0x24, 0x3b, 0x45, 0x77, 0x1b, 0xf1, 
	0x14, 0x6f, 0x44, 0xfd, 0x5d, 0xfb, 0x1b, 0xf9, 
	0x55, 0xf9, 0x24, 0x77, 
};

Gfx bob_dl_YukkinaTreeBreak00_ci4_ci4_aligner[] = {gsSPEndDisplayList()};
u8 bob_dl_YukkinaTreeBreak00_ci4_ci4[] = {
	0x00, 0x12, 0x34, 0x25, 0x66, 0x78, 0x99, 0x99, 
	0x47, 0xa3, 0xbb, 0xa6, 0xca, 0xd5, 0x4b, 0x00, 
	0x49, 0xc0, 0x45, 0xa5, 0xb5, 0x78, 0x87, 0x5e, 
	0xea, 0x28, 0x59, 0x78, 0x27, 0x63, 0x28, 0x00, 
	0x4b, 0x18, 0xa4, 0x8a, 0x6e, 0x58, 0x99, 0x99, 
	0x00, 0x55, 0xb8, 0x56, 0x75, 0xe5, 0x9b, 0x04, 
	0x49, 0x30, 0x7a, 0xa5, 0x85, 0x58, 0x27, 0x5a, 
	0x63, 0x2b, 0x99, 0x72, 0x83, 0x65, 0x21, 0x04, 
	0x5b, 0x15, 0xe3, 0x85, 0xee, 0x65, 0xbb, 0x99, 
	0x44, 0x5a, 0xb8, 0x5a, 0xbc, 0xea, 0xcb, 0x47, 
	0x09, 0xa3, 0x56, 0x6a, 0x0a, 0xab, 0x27, 0xa6, 
	0xe3, 0x04, 0xb3, 0x08, 0x4c, 0x6a, 0x81, 0x07, 
	0x38, 0x1a, 0x60, 0x8a, 0xe6, 0xdd, 0x8b, 0x39, 
	0x70, 0x5e, 0x08, 0x5a, 0xb3, 0x65, 0x08, 0x44, 
	0x0c, 0x3c, 0xca, 0xe5, 0xba, 0x50, 0x28, 0x5e, 
	0xd5, 0xcb, 0xb5, 0x48, 0x43, 0xe6, 0x21, 0x47, 
	0x78, 0x25, 0xeb, 0x8a, 0x66, 0xd3, 0x24, 0x37, 
	0x90, 0x5d, 0x0b, 0xc5, 0x0a, 0xe3, 0x48, 0x04, 
	0x47, 0x4c, 0x3a, 0xe5, 0x45, 0x74, 0xb2, 0xce, 
	0xd5, 0x9b, 0x45, 0x3b, 0xb5, 0xde, 0x88, 0xc7, 
	0x0b, 0x8a, 0x60, 0x0a, 0xee, 0x64, 0xb9, 0x97, 
	0x74, 0xae, 0x0b, 0x77, 0x4e, 0xa4, 0x38, 0xb4, 
	0xb4, 0x4c, 0xc6, 0x67, 0x84, 0xbc, 0x21, 0x76, 
	0xe3, 0x02, 0x29, 0x38, 0x85, 0xe5, 0x28, 0x79, 
	0xb0, 0x45, 0x58, 0x7e, 0x66, 0xe4, 0x83, 0x39, 
	0x94, 0x66, 0x40, 0x73, 0xce, 0x57, 0xc2, 0x07, 
	0x47, 0x75, 0x55, 0x54, 0xb5, 0x3c, 0x22, 0x5d, 
	0xea, 0x42, 0x27, 0x38, 0x85, 0xe7, 0x10, 0x73, 
	0x88, 0x47, 0x72, 0x4d, 0x3a, 0xd3, 0x87, 0x33, 
	0x77, 0x65, 0x44, 0x77, 0x7e, 0xa7, 0xc2, 0xb4, 
	0x47, 0xc5, 0xa5, 0xa7, 0x46, 0x57, 0x22, 0x5d, 
	0xe6, 0x82, 0x43, 0x70, 0x96, 0xd3, 0x80, 0x09, 
	0x82, 0x07, 0x72, 0x3d, 0x3a, 0xd7, 0x24, 0x33, 
	0x47, 0xd3, 0x07, 0x40, 0x7d, 0x54, 0x42, 0xb0, 
	0x47, 0x77, 0x35, 0xa0, 0x75, 0xc7, 0x21, 0x9e, 
	0xe6, 0x21, 0x45, 0xbb, 0x36, 0xd5, 0xbb, 0x03, 
	0xbb, 0x7e, 0x48, 0xa6, 0x96, 0xdc, 0x24, 0x93, 
	0x95, 0xe0, 0x77, 0x44, 0x3e, 0x53, 0x02, 0x00, 
	0x04, 0xc5, 0x35, 0xa0, 0x75, 0x30, 0x21, 0xce, 
	0xe6, 0x21, 0x05, 0x9b, 0x95, 0xd5, 0xbb, 0x0c, 
	0xb4, 0x5e, 0x88, 0x6a, 0x7a, 0xe7, 0x1b, 0x99, 
	0x75, 0x58, 0xc4, 0x44, 0x7a, 0x77, 0xb8, 0x00, 
	0x04, 0x35, 0x43, 0x68, 0xb3, 0x38, 0x12, 0x3e, 
	0xea, 0x22, 0x45, 0x38, 0x75, 0xd5, 0xb8, 0x49, 
	0xbb, 0xae, 0x82, 0x65, 0x07, 0x50, 0x1b, 0x97, 
	0x76, 0x50, 0x54, 0x0b, 0xca, 0x47, 0x78, 0x07, 
	0x00, 0x35, 0x7c, 0xa8, 0x4a, 0x58, 0x1b, 0x56, 
	0xaa, 0x82, 0x46, 0x6b, 0x4a, 0xe5, 0x08, 0x09, 
	0x8b, 0xee, 0x82, 0x65, 0x99, 0x30, 0x10, 0x37, 
	0x5d, 0x6c, 0x63, 0x40, 0x3a, 0x75, 0xb2, 0x44, 
	0xb0, 0x5a, 0x9c, 0x30, 0x5e, 0xa2, 0x27, 0xa6, 
	0x55, 0x82, 0x7a, 0xeb, 0x45, 0x65, 0x42, 0xb9, 
	0xb4, 0xda, 0x80, 0xe3, 0x75, 0x57, 0x28, 0x34, 
	0xce, 0xa4, 0x53, 0x4b, 0x75, 0xc9, 0x28, 0x77, 
	0x04, 0x35, 0x39, 0x0b, 0xaa, 0x72, 0x29, 0x65, 
	0x4a, 0x02, 0x06, 0xd0, 0x4a, 0xa5, 0x42, 0xb9, 
	0xb7, 0xea, 0x24, 0xd4, 0x46, 0x65, 0x82, 0x70, 
	0x7e, 0x5b, 0x33, 0x4b, 0x44, 0x00, 0x20, 0x77, 
	0x77, 0x5a, 0x33, 0x08, 0xac, 0x48, 0x2c, 0x63, 
	0x46, 0xb2, 0x0e, 0xd4, 0x05, 0x3c, 0xc2, 0x27, 
	0x09, 0xaa, 0x24, 0xec, 0x96, 0xe5, 0xbb, 0x74, 
	0x5d, 0x50, 0x33, 0x4b, 0xcc, 0x47, 0x2b, 0x79, 
	0x94, 0x56, 0x99, 0x94, 0x34, 0x81, 0x1b, 0x65, 
	0x05, 0x78, 0x4e, 0xd0, 0x03, 0x35, 0x58, 0x24, 
	0x0c, 0x35, 0x8c, 0x64, 0x76, 0xe6, 0xb2, 0x77, 
	0x5e, 0xc4, 0xc3, 0x02, 0xc3, 0xc0, 0x28, 0x47, 
	0x70, 0x75, 0x44, 0x4b, 0x04, 0x11, 0x80, 0xab, 
	0x13, 0x3b, 0x05, 0xab, 0x44, 0x5d, 0x32, 0x20, 
	0x05, 0x74, 0x89, 0x60, 0x76, 0xee, 0x81, 0x47, 
	0x55, 0x40, 0x75, 0x08, 0x7c, 0x30, 0x80, 0x07, 
	0x93, 0x33, 0x40, 0x70, 0x70, 0x12, 0x75, 0x68, 
	0x86, 0x37, 0x84, 0xa0, 0x70, 0x5d, 0x52, 0xb0, 
	0x46, 0xcb, 0xb0, 0x50, 0x76, 0x6e, 0xb1, 0x49, 
	0x37, 0x0b, 0x55, 0xbb, 0xc7, 0xcc, 0xb7, 0x74, 
	0x45, 0xe5, 0x47, 0xc0, 0xcb, 0x27, 0x95, 0xe4, 
	0x0d, 0x59, 0x89, 0xa4, 0x94, 0xae, 0xa8, 0x07, 
	0x9e, 0x3b, 0xc2, 0xb7, 0x76, 0x6e, 0x01, 0x43, 
	0x94, 0xb0, 0xac, 0xb0, 0x74, 0x77, 0x84, 0x44, 
	0x45, 0xa3, 0x7c, 0x54, 0x34, 0x24, 0x7a, 0xd5, 
	0x8a, 0xa9, 0x83, 0xa4, 0x94, 0xae, 0x69, 0x47, 
	0x5d, 0x40, 0x78, 0x47, 0x3e, 0x6e, 0x81, 0x93, 
	0x9b, 0x45, 0xa7, 0xb0, 0x77, 0xc7, 0x84, 0x04, 
	0x3a, 0x3c, 0x07, 0x69, 0x5c, 0x18, 0x7a, 0xda, 
	0x2c, 0xd7, 0x25, 0xa4, 0x90, 0x5e, 0x63, 0x00, 
	0x6a, 0x87, 0x4b, 0x04, 0x36, 0x6e, 0x82, 0x39, 
	0x7b, 0x3e, 0x67, 0x00, 0x77, 0x30, 0x84, 0x04, 
	0xae, 0xa5, 0x45, 0xe0, 0x53, 0x1b, 0x9a, 0xde, 
	0x4c, 0xe9, 0x85, 0x59, 0x99, 0x56, 0xa3, 0xb8, 
	0xe9, 0x83, 0x78, 0xb7, 0x56, 0xee, 0x81, 0x47, 
	0x9b, 0x7e, 0x50, 0x00, 0x77, 0xc0, 0xb4, 0x07, 
	0x5e, 0x59, 0xca, 0x64, 0x57, 0x2b, 0x96, 0xd5, 
	0xb5, 0x69, 0x23, 0x59, 0x97, 0x6d, 0xe5, 0x8b, 
	0xec, 0x03, 0x72, 0xb9, 0xee, 0xee, 0xb2, 0x79, 
	0x78, 0x46, 0x50, 0xbb, 0x77, 0x70, 0x04, 0x47, 
	0x56, 0x57, 0x3a, 0x6b, 0x44, 0x1b, 0x75, 0xd5, 
	0x86, 0x69, 0x2c, 0x57, 0x98, 0x9d, 0xe3, 0x27, 
	0xa7, 0x4a, 0x58, 0x27, 0xe6, 0xe6, 0x02, 0x93, 
	0x74, 0x56, 0x50, 0x00, 0x47, 0xcb, 0xb7, 0x44, 
	0xae, 0x37, 0x56, 0xeb, 0x7a, 0x22, 0x03, 0x65, 
	0xba, 0xa4, 0x85, 0x59, 0x9b, 0x8a, 0x58, 0x27, 
	0x4b, 0x7e, 0x52, 0x29, 0x66, 0xe5, 0x22, 0x44, 
	0x00, 0x3e, 0x50, 0x44, 0x43, 0x3b, 0xb0, 0xb7, 
	0xa6, 0x47, 0x5a, 0xa2, 0x0e, 0x81, 0xb3, 0xab, 
	0x06, 0x34, 0x83, 0xc4, 0x99, 0xb7, 0xc8, 0x2b, 
	0x8b, 0xce, 0x42, 0x8c, 0xee, 0xe9, 0x1b, 0x94, 
	0x04, 0xce, 0x30, 0x77, 0x7c, 0x50, 0x44, 0x0c, 
	0x55, 0x4c, 0x5a, 0xa8, 0x0a, 0x81, 0xb3, 0xd4, 
	0x7e, 0x77, 0xb5, 0xc0, 0x99, 0x83, 0xa8, 0x20, 
	0xb0, 0x5e, 0xb2, 0x85, 0xe6, 0xd0, 0x14, 0x39, 
	0x35, 0x5a, 0x30, 0x47, 0x73, 0xa0, 0x44, 0x03, 
	0x6a, 0xcc, 0x35, 0x38, 0x07, 0x82, 0x05, 0xdc, 
	0x3a, 0x44, 0x4a, 0x09, 0x99, 0x25, 0xd7, 0x8b, 
	0x07, 0xee, 0x08, 0x85, 0xe6, 0x6b, 0x10, 0x94, 
	0x75, 0x5a, 0x4b, 0x40, 0x05, 0x5b, 0x44, 0x45, 
	0xe6, 0x34, 0x40, 0x4b, 0x84, 0x08, 0x83, 0xda, 
	0x54, 0xb4, 0x53, 0x83, 0x94, 0xba, 0xe5, 0x47, 
	0xb4, 0x6a, 0x82, 0x85, 0x66, 0xa0, 0x10, 0x9b, 
	0xb5, 0xae, 0x08, 0x70, 0x4a, 0xa4, 0x99, 0x95, 
	0xe6, 0x30, 0x44, 0xb0, 0xb7, 0x0b, 0x2c, 0x6a, 
	0x58, 0x49, 0x5c, 0x89, 0x94, 0xb6, 0xac, 0x44, 
	0x87, 0xa6, 0x72, 0x2b, 0xc7, 0xcc, 0x12, 0xc0, 
	0x0e, 0x66, 0xb0, 0x74, 0x7a, 0xa7, 0x34, 0x75, 
	0x65, 0x0b, 0x47, 0x40, 0x87, 0x01, 0x1c, 0x75, 
	0x7b, 0xc7, 0x6c, 0x89, 0x30, 0xb6, 0xe7, 0x07, 
	0x05, 0x6e, 0xa2, 0x12, 0x04, 0x97, 0x2b, 0x3b, 
	0x0e, 0xea, 0x8b, 0x70, 0x36, 0x5c, 0xc4, 0x75, 
	0x57, 0x0b, 0x77, 0x90, 0x8c, 0x32, 0x8c, 0x76, 
	0x9b, 0x90, 0x67, 0x29, 0x3b, 0xbe, 0xd3, 0xb3, 
	0xca, 0xa6, 0x65, 0x82, 0xbc, 0x34, 0x84, 0x98, 
	0x3e, 0x5a, 0x88, 0x40, 0x35, 0x74, 0x44, 0x4b, 
	0x40, 0xb0, 0x3c, 0x78, 0x85, 0x32, 0x8c, 0xce, 
	0xcb, 0x94, 0x63, 0x89, 0x38, 0x0a, 0x5b, 0x29, 
	0x3a, 0x5e, 0xe6, 0x81, 0x75, 0x4c, 0x2b, 0x78, 
	0x3e, 0xae, 0x48, 0x77, 0x55, 0xc4, 0x77, 0x0b, 
	0x44, 0x03, 0xa5, 0x30, 0x3e, 0xc2, 0xb0, 0x0a, 
	0x04, 0x90, 0xa5, 0x24, 0x9b, 0x7a, 0x08, 0x84, 
	0x75, 0xa5, 0xa5, 0x11, 0x5e, 0xb4, 0x28, 0x7b, 
	0x5e, 0xed, 0x48, 0x73, 0xae, 0x57, 0x3c, 0x07, 
	0x97, 0x45, 0xac, 0x70, 0x56, 0xc2, 0x04, 0x45, 
	0x4c, 0x70, 0x65, 0x84, 0x94, 0x06, 0x58, 0x27, 
	0x00, 0xa5, 0xa4, 0x10, 0x6d, 0x00, 0x2b, 0x7b, 
	0xaa, 0xa5, 0x48, 0x83, 0x56, 0x57, 0x50, 0x24, 
	0x47, 0x45, 0xac, 0x44, 0x5a, 0x98, 0x39, 0xb5, 
	0x35, 0x74, 0x65, 0xb7, 0x49, 0x46, 0xe0, 0xb9, 
	0xb4, 0xae, 0xa8, 0xba, 0xdd, 0x4c, 0xb0, 0x77, 
	0xaa, 0x53, 0x50, 0x05, 0xc5, 0x59, 0x9b, 0x20, 
	0x47, 0x75, 0xac, 0x44, 0xc5, 0x90, 0x33, 0x03, 
	0x55, 0x90, 0x66, 0x07, 0x79, 0x95, 0x60, 0x44, 
	0x4c, 0x5a, 0x42, 0x0a, 0xe6, 0x0c, 0x70, 0xb4, 
	0x6e, 0xc3, 0x54, 0x7a, 0xaa, 0xa3, 0x9b, 0x24, 
	0x77, 0x4c, 0xa3, 0x00, 0x4b, 0xbb, 0x44, 0x84, 
	0xc3, 0x78, 0x55, 0x8b, 0x8c, 0x9c, 0x50, 0x8b, 
	0x0c, 0x55, 0xc8, 0xb5, 0xda, 0x85, 0x6c, 0xbb, 
	0x6a, 0x7a, 0x30, 0xb3, 0x55, 0x63, 0x9b, 0x87, 
	0x77, 0x07, 0x65, 0x7b, 0x8b, 0x84, 0x40, 0x80, 
	0x45, 0x30, 0x55, 0x8b, 0xb9, 0x40, 0xbb, 0x8b, 
	0x8b, 0xcc, 0x42, 0xce, 0xda, 0xba, 0x6c, 0x20, 
	0x67, 0xc6, 0x3b, 0xbc, 0x55, 0xac, 0x98, 0xb9, 
	0x77, 0x45, 0xa5, 0x54, 0xb0, 0x7c, 0x04, 0x43, 
	0x55, 0x34, 0x55, 0x04, 0x03, 0x35, 0x74, 0xb0, 
	0x08, 0x43, 0x81, 0x7d, 0x64, 0x0a, 0xa0, 0x26, 
	0x6b, 0x36, 0xcb, 0x45, 0x5a, 0x69, 0x9b, 0x89, 
	0x94, 0x83, 0x55, 0x57, 0xbb, 0xc7, 0x8b, 0x7a, 
	0xa6, 0x50, 0x77, 0x00, 0xb3, 0x35, 0x67, 0x8b, 
	0x4b, 0xb3, 0xb1, 0x9e, 0x67, 0x06, 0xa8, 0x8d, 
	0x38, 0x55, 0x78, 0x85, 0x55, 0x59, 0x4b, 0x80, 
	0x90, 0x8c, 0x55, 0xa4, 0x0b, 0x70, 0x8b, 0x36, 
	0xd6, 0x50, 0x74, 0x04, 0x27, 0x55, 0xa4, 0x2b, 
	0x77, 0xcc, 0x82, 0x3e, 0xd3, 0x06, 0x52, 0x25, 
	0xb2, 0xc4, 0x7b, 0x25, 0xc5, 0x59, 0xb2, 0x47, 
	0x98, 0x8a, 0xa5, 0x5b, 0x4b, 0xcb, 0x27, 0xce, 
	0xde, 0x5b, 0x43, 0xb9, 0x87, 0x53, 0xab, 0x80, 
	0xc5, 0x60, 0x11, 0xc6, 0x60, 0x0a, 0x71, 0x84, 
	0x28, 0xc7, 0xcb, 0xb6, 0x55, 0xa4, 0x22, 0x93, 
	0x38, 0x8a, 0x35, 0x54, 0x37, 0x90, 0x23, 0x56, 
	0xee, 0x5b, 0x45, 0x09, 0x8c, 0xcc, 0x64, 0xb0, 
	0x05, 0x41, 0x11, 0xca, 0x50, 0x76, 0x5b, 0x43, 
	0x0b, 0x9c, 0x78, 0x4e, 0x55, 0xa0, 0x20, 0x39, 
	0x9b, 0x85, 0xc5, 0xe5, 0x53, 0x90, 0x85, 0x6a, 
	0xed, 0x58, 0x7a, 0x78, 0x23, 0xa0, 0x44, 0xb0, 
	0x07, 0x81, 0x14, 0x66, 0x53, 0x76, 0x58, 0x73, 
	0x08, 0x4c, 0x42, 0x0a, 0x55, 0x60, 0x14, 0x39, 
	0x94, 0x05, 0x5a, 0x63, 0x04, 0x7b, 0x85, 0x65, 
	0x6d, 0x5b, 0x35, 0x9b, 0x25, 0xd7, 0x8b, 0xb7, 
	0x49, 0xb1, 0x25, 0xd6, 0xe3, 0x0e, 0x72, 0x9c, 
	0x02, 0x43, 0x72, 0x0a, 0x35, 0xe4, 0x10, 0x39, 
	0x94, 0xbc, 0xaa, 0xa3, 0x7b, 0x4b, 0xb5, 0x65, 
	0x6d, 0x30, 0x39, 0x94, 0xb5, 0xd3, 0x8b, 0x07, 
	0xcc, 0x01, 0x10, 0xa6, 0xd9, 0x06, 0x38, 0x07, 
	0x02, 0x35, 0x78, 0x4a, 0xc5, 0xd9, 0x1b, 0x39, 
	0x94, 0x87, 0x5a, 0x65, 0x58, 0xb8, 0xb6, 0x63, 
	0xed, 0x9b, 0x74, 0x79, 0x75, 0xd3, 0x80, 0x79, 
	0x73, 0x01, 0x18, 0xae, 0xec, 0x45, 0x04, 0x79, 
	0x4b, 0x66, 0x78, 0x7a, 0x56, 0xd9, 0x20, 0x39, 
	0x94, 0x8c, 0x5a, 0xe6, 0xa8, 0xb0, 0x86, 0x69, 
	0xed, 0x38, 0x4b, 0x49, 0x7a, 0xa2, 0x1b, 0xc7, 
	0x3a, 0xb1, 0x1b, 0x55, 0xec, 0x7a, 0x47, 0x93, 
	0x47, 0xe6, 0x78, 0x7a, 0x5e, 0xd5, 0x20, 0x39, 
	0x99, 0x8c, 0x6a, 0x56, 0xa8, 0x04, 0x06, 0x5c, 
	0x6d, 0x98, 0x97, 0x79, 0x9e, 0x52, 0x1b, 0x7c, 
	0xa5, 0x02, 0x17, 0xc5, 0xec, 0x7a, 0x04, 0x33, 
	0x4c, 0xa5, 0x48, 0x55, 0xc6, 0xe5, 0x8b, 0x99, 
	0x77, 0x87, 0x55, 0xc5, 0x38, 0xb7, 0x9e, 0x57, 
	0x6d, 0x74, 0xa9, 0x97, 0x3e, 0x42, 0x8b, 0x45, 
	0xaa, 0xb2, 0x80, 0x3a, 0x64, 0x95, 0xb4, 0x79, 
	0x84, 0xa3, 0x08, 0x55, 0xc6, 0xea, 0xb2, 0x0c, 
	0x74, 0x80, 0x55, 0xc4, 0xa2, 0x2b, 0x76, 0x50, 
	0x5d, 0x07, 0xa0, 0x74, 0x55, 0x21, 0xb4, 0x55, 
	0xa7, 0x21, 0x2b, 0xc5, 0x54, 0x9b, 0x84, 0x44, 
	0x23, 0xe3, 0xb0, 0xa5, 0x5e, 0xe6, 0xb2, 0x49, 
	0x97, 0x84, 0x55, 0xcc, 0x62, 0x2b, 0x45, 0x3b, 
	0x5d, 0xbc, 0x9b, 0x94, 0xc2, 0x1b, 0xb7, 0x6a, 
	0xa4, 0x22, 0x27, 0x0c, 0x7c, 0x92, 0x09, 0x99, 
	0xba, 0xe9, 0x04, 0x65, 0x56, 0xea, 0xbb, 0x99, 
	0x39, 0x87, 0x53, 0x5a, 0x68, 0xb4, 0x75, 0x37, 
	0x6d, 0x75, 0x4b, 0x99, 0x50, 0x80, 0xb7, 0x66, 
	0xac, 0x22, 0x04, 0x05, 0xa6, 0x7b, 0x99, 0x97, 
	0xba, 0x64, 0xb0, 0xa5, 0x56, 0xd5, 0x0b, 0xb3, 
	0x39, 0x87, 0x5c, 0x35, 0xa2, 0xb0, 0x75, 0x54, 
	0x6d, 0x73, 0x0b, 0x99, 0xc4, 0x44, 0x05, 0x66, 
	0xc0, 0x82, 0xc4, 0x77, 0x5d, 0x42, 0x99, 0x74, 
	0xb6, 0x64, 0x0b, 0x55, 0x35, 0xd5, 0x0b, 0xb3, 
	0x39, 0x05, 0xc4, 0x3a, 0x51, 0xb0, 0x75, 0x5b, 
	0xae, 0x7c, 0x48, 0x90, 0x8b, 0x70, 0x7e, 0x6a, 
	0xc0, 0x82, 0xca, 0x50, 0x3d, 0x72, 0x97, 0x90, 
	0x8a, 0xa0, 0xb0, 0x55, 0x5a, 0xd5, 0x4b, 0xb9, 
	0x77, 0x47, 0xcc, 0x5e, 0x71, 0xbb, 0x7a, 0xa4, 
	0x66, 0x7c, 0xb8, 0x94, 0xb0, 0x74, 0x56, 0xaa, 
	0x78, 0x1b, 0x5a, 0x50, 0x5a, 0x38, 0x07, 0x90, 
	0xb6, 0x67, 0x00, 0x35, 0x5a, 0xe5, 0x40, 0x09, 
	0x4b, 0x47, 0x55, 0x5a, 0xc2, 0xb4, 0x96, 0x67, 
	0xea, 0x44, 0x80, 0x99, 0x8b, 0x40, 0x56, 0x55, 
	0xb2, 0x1b, 0x55, 0xa0, 0x7a, 0x6c, 0xb9, 0x97, 
	0xc6, 0xe7, 0xbb, 0x35, 0x5a, 0xea, 0x7b, 0x79, 
	0x40, 0x47, 0x53, 0xa6, 0xc2, 0xb4, 0x9e, 0x50, 
	0x6a, 0x04, 0x84, 0x90, 0x2b, 0x72, 0x45, 0xc3, 
	0x08, 0x2b, 0x55, 0xa7, 0x9d, 0xe0, 0xb7, 0x97, 
	0x7c, 0xa0, 0xbb, 0x5c, 0x3a, 0x65, 0x7b, 0x79, 
	0x0b, 0x4c, 0x57, 0xae, 0x02, 0x0b, 0x7d, 0x53, 
	0xde, 0xc7, 0xb7, 0x3b, 0x20, 0x3b, 0xb0, 0x93, 
	0x0b, 0x20, 0xa3, 0x54, 0x3d, 0xa2, 0xb9, 0x79, 
	0x74, 0x64, 0xb4, 0x5c, 0x4a, 0x65, 0x4b, 0x70, 
	0x88, 0x45, 0x37, 0xaa, 0xb4, 0x48, 0x4d, 0x55, 
	0xdd, 0xbb, 0x44, 0x38, 0x27, 0x30, 0x4b, 0x84, 
	0xb2, 0x2c, 0x55, 0xc7, 0x56, 0x6b, 0xb9, 0x99, 
	0x4c, 0xe0, 0x8b, 0x53, 0xba, 0xe3, 0x0b, 0x90, 
	0x80, 0x35, 0x35, 0xa5, 0xb7, 0x48, 0x0e, 0x5a, 
	0xd6, 0x88, 0x77, 0x9b, 0x87, 0x3b, 0x4b, 0x20, 
	0x02, 0x25, 0xa5, 0x75, 0x66, 0x5b, 0x09, 0x49, 
	0x07, 0x58, 0x8b, 0xc5, 0x75, 0xec, 0x80, 0x34, 
	0xb4, 0x55, 0x75, 0xa3, 0x8c, 0x72, 0x05, 0x56, 
	0xe5, 0x28, 0x33, 0x97, 0x20, 0x50, 0x28, 0x70, 
	0xc0, 0x2b, 0x55, 0x85, 0xee, 0x52, 0x09, 0x04, 
	0xb0, 0x57, 0xbb, 0x5a, 0x35, 0xd3, 0x8b, 0x40, 
	0x07, 0x53, 0x7a, 0x63, 0xb3, 0x48, 0x09, 0x3e, 
	0xe6, 0x88, 0x33, 0x94, 0x29, 0xac, 0x28, 0x78, 
	
};

Gfx bob_dl_YukkinaTreeBreak00_ci4_pal_rgba16_aligner[] = {gsSPEndDisplayList()};
u8 bob_dl_YukkinaTreeBreak00_ci4_pal_rgba16[] = {
	0x62, 0x07, 0x30, 0xc3, 0x41, 0x43, 0x7a, 0x8b, 
	0x6a, 0x07, 0x82, 0xcb, 0x93, 0x4d, 0x6a, 0x49, 
	0x51, 0x85, 0x72, 0x89, 0x8b, 0x0b, 0x59, 0xc7, 
	0x72, 0x49, 0x9b, 0xcf, 0x9b, 0x8f, 
};

Gfx bob_dl_Window_2_ci8_aligner[] = {gsSPEndDisplayList()};
u8 bob_dl_Window_2_ci8[] = {
	0x00, 0x00, 0x00, 0x00, 0x00, 0x00, 0x00, 0x01, 
	0x02, 0x03, 0x03, 0x04, 0x05, 0x04, 0x04, 0x04, 
	0x03, 0x06, 0x07, 0x07, 0x07, 0x07, 0x07, 0x07, 
	0x06, 0x08, 0x09, 0x0a, 0x0b, 0x05, 0x0b, 0x0b, 
	0x0c, 0x0d, 0x0e, 0x0f, 0x10, 0x11, 0x12, 0x13, 
	0x14, 0x15, 0x16, 0x16, 0x17, 0x18, 0x19, 0x1a, 
	0x01, 0x1b, 0x1c, 0x1d, 0x1e, 0x1f, 0x20, 0x21, 
	0x22, 0x23, 0x24, 0x24, 0x25, 0x26, 0x27, 0x05, 
	0x01, 0x28, 0x29, 0x2a, 0x2b, 0x12, 0x2c, 0x2d, 
	0x2e, 0x2f, 0x16, 0x24, 0x30, 0x31, 0x32, 0x00, 
	0x00, 0x33, 0x1c, 0x1e, 0x1f, 0x34, 0x35, 0x36, 
	0x2d, 0x15, 0x24, 0x37, 0x38, 0x39, 0x3a, 0x3b, 
	0x07, 0x2d, 0x3c, 0x3d, 0x3e, 0x2c, 0x29, 0x3f, 
	0x15, 0x18, 0x40, 0x40, 0x41, 0x42, 0x43, 0x00, 
	0x00, 0x44, 0x45, 0x46, 0x34, 0x12, 0x47, 0x48, 
	0x14, 0x49, 0x15, 0x4a, 0x4b, 0x4c, 0x4d, 0x06, 
	0x07, 0x4e, 0x4f, 0x50, 0x2c, 0x29, 0x51, 0x52, 
	0x2f, 0x18, 0x40, 0x14, 0x42, 0x53, 0x54, 0x00, 
	0x00, 0x55, 0x1f, 0x20, 0x21, 0x56, 0x48, 0x57, 
	0x58, 0x23, 0x59, 0x2d, 0x5a, 0x3d, 0x11, 0x00, 
	0x5b, 0x5c, 0x5d, 0x5e, 0x29, 0x59, 0x2e, 0x15, 
	0x2f, 0x40, 0x14, 0x5f, 0x53, 0x60, 0x1f, 0x00, 
	0x00, 0x1f, 0x20, 0x61, 0x62, 0x29, 0x2d, 0x4b, 
	0x63, 0x2d, 0x64, 0x65, 0x66, 0x1f, 0x2b, 0x00, 
	0x01, 0x44, 0x67, 0x68, 0x2d, 0x3f, 0x15, 0x15, 
	0x15, 0x49, 0x64, 0x69, 0x6a, 0x34, 0x20, 0x00, 
	0x00, 0x20, 0x21, 0x2c, 0x29, 0x64, 0x14, 0x3f, 
	0x51, 0x64, 0x65, 0x6b, 0x6c, 0x34, 0x1f, 0x00, 
	0x01, 0x6d, 0x36, 0x2d, 0x3f, 0x6e, 0x15, 0x15, 
	0x23, 0x5f, 0x42, 0x67, 0x34, 0x6c, 0x20, 0x00, 
	0x00, 0x6c, 0x6f, 0x68, 0x70, 0x49, 0x2e, 0x57, 
	0x2d, 0x32, 0x71, 0x6c, 0x6c, 0x6c, 0x72, 0x06, 
	0x5b, 0x73, 0x65, 0x4b, 0x6e, 0x15, 0x15, 0x23, 
	0x5f, 0x42, 0x6f, 0x34, 0x34, 0x34, 0x20, 0x00, 
	0x00, 0x74, 0x75, 0x2d, 0x49, 0x2e, 0x57, 0x57, 
	0x76, 0x43, 0x6c, 0x6c, 0x6c, 0x34, 0x77, 0x78, 
	0x07, 0x0f, 0x79, 0x15, 0x2f, 0x18, 0x7a, 0x2d, 
	0x47, 0x7b, 0x7c, 0x34, 0x34, 0x34, 0x1f, 0x00, 
	0x00, 0x75, 0x2d, 0x49, 0x6e, 0x14, 0x57, 0x2d, 
	0x7d, 0x21, 0x7c, 0x6c, 0x6c, 0x66, 0x4b, 0x7e, 
	0x07, 0x0e, 0x7f, 0x24, 0x24, 0x15, 0x57, 0x29, 
	0x7b, 0x80, 0x81, 0x60, 0x82, 0x1f, 0x1f, 0x00, 
	0x01, 0x2d, 0x14, 0x23, 0x49, 0x57, 0x57, 0x32, 
	0x12, 0x61, 0x6c, 0x6c, 0x60, 0x83, 0x7a, 0x84, 
	0x06, 0x38, 0x85, 0x86, 0x15, 0x14, 0x29, 0x75, 
	0x87, 0x81, 0x88, 0x88, 0x72, 0x1f, 0x89, 0x02, 
	0x02, 0x8a, 0x8b, 0x7a, 0x57, 0x57, 0x5a, 0x8c, 
	0x8d, 0x6c, 0x6c, 0x6c, 0x66, 0x4b, 0x8e, 0x09, 
	0x09, 0x8f, 0x86, 0x7f, 0x90, 0x65, 0x75, 0x91, 
	0x7c, 0x92, 0x93, 0x54, 0x2b, 0x94, 0x47, 0x95, 
	0x0b, 0x96, 0x18, 0x41, 0x97, 0x98, 0x99, 0x80, 
	0x60, 0x6c, 0x6c, 0x7c, 0x71, 0x57, 0x4b, 0x07, 
	0x9a, 0x9b, 0x9c, 0x9d, 0x0f, 0x62, 0x9e, 0x50, 
	0x2b, 0x5d, 0x54, 0x2b, 0x94, 0x62, 0x51, 0x7e, 
	0x95, 0x9f, 0xa0, 0x41, 0x32, 0x8c, 0x80, 0x80, 
	0x60, 0x7c, 0x60, 0x71, 0xa1, 0x8e, 0x90, 0x00, 
	0x84, 0xa2, 0xa3, 0xa4, 0xa5, 0x9e, 0xa6, 0x2b, 
	0x2b, 0x1f, 0x1f, 0xa7, 0x69, 0x5f, 0x58, 0xa8, 
	0x09, 0xa9, 0x64, 0x5a, 0xaa, 0xab, 0x60, 0x88, 
	0x88, 0x66, 0x43, 0xac, 0x31, 0x14, 0x4c, 0x00, 
	0xad, 0x07, 0x00, 0x00, 0x00, 0x00, 0x00, 0x00, 
	0x00, 0x00, 0x00, 0x00, 0x00, 0x00, 0x05, 0xa8, 
	0x95, 0x00, 0x00, 0x00, 0x00, 0x00, 0x07, 0x03, 
	0x09, 0x09, 0x0b, 0xae, 0xaf, 0x0b, 0x02, 0xb0, 
	0xb1, 0x00, 0x00, 0x00, 0x00, 0x00, 0x00, 0x00, 
	0x00, 0x00, 0x00, 0x00, 0x00, 0x00, 0xb2, 0xaf, 
	0x0a, 0x00, 0x00, 0x00, 0x00, 0x00, 0xb0, 0x07, 
	0x07, 0xb0, 0x03, 0x7e, 0xb3, 0xaf, 0x0b, 0xb1, 
	0x00, 0xb4, 0xb5, 0x5d, 0xb6, 0x1f, 0x20, 0x81, 
	0x71, 0x2d, 0xb7, 0x8a, 0x7a, 0x49, 0x14, 0x0b, 
	0x02, 0xa7, 0x60, 0x72, 0x54, 0x93, 0xaa, 0x5a, 
	0x5f, 0x97, 0xb8, 0x7f, 0x7f, 0x90, 0x76, 0x00, 
	0x00, 0xb9, 0x1e, 0x2b, 0x1f, 0x20, 0x60, 0x71, 
	0x32, 0x97, 0x8a, 0x8b, 0x8b, 0x8e, 0x57, 0xba, 
	0xba, 0x60, 0x1f, 0x1f, 0x72, 0x99, 0xbb, 0x5f, 
	0x97, 0x8a, 0x6e, 0x7f, 0x79, 0x32, 0x0f, 0x00, 
	0x00, 0xb9, 0x11, 0x1f, 0x1f, 0x60, 0xbc, 0x65, 
	0x97, 0x23, 0x8b, 0x8b, 0x8e, 0x97, 0x65, 0x00, 
	0x00, 0x20, 0x20, 0x72, 0xbd, 0xbe, 0x5f, 0xbf, 
	0x31, 0x8b, 0x7f, 0xc0, 0x5a, 0x0f, 0xb4, 0x00, 
	0x00, 0x55, 0x2b, 0x5d, 0x88, 0xaa, 0x65, 0xbf, 
	0x49, 0x49, 0x23, 0x49, 0xbf, 0x42, 0xc1, 0x00, 
	0x00, 0x34, 0x34, 0xbd, 0xc2, 0x65, 0xbf, 0x97, 
	0x7a, 0x6e, 0x4a, 0x5a, 0x7d, 0xc3, 0xb9, 0x00, 
	0x00, 0x2b, 0x92, 0x88, 0xc4, 0x53, 0x97, 0xc5, 
	0x4b, 0x63, 0x57, 0x2d, 0x53, 0xc6, 0x74, 0x00, 
	0x00, 0x6c, 0x60, 0xc7, 0x5a, 0xbf, 0x97, 0x14, 
	0x7f, 0xc8, 0x5a, 0x69, 0x9e, 0xc9, 0x1e, 0x00, 
	0x00, 0x3d, 0x93, 0xca, 0x22, 0x57, 0x97, 0x4b, 
	0x49, 0x59, 0x5f, 0xcb, 0x12, 0x61, 0x6c, 0x00, 
	0x00, 0x60, 0xc2, 0x5a, 0x97, 0x97, 0xcc, 0x6e, 
	0x4b, 0x5a, 0x69, 0xc1, 0xcd, 0x11, 0x1e, 0x00, 
	0x00, 0xcd, 0xca, 0x98, 0x57, 0x97, 0x14, 0x49, 
	0x4b, 0x51, 0xce, 0x21, 0x6c, 0x6c, 0x6c, 0x00, 
	0x00, 0xaa, 0xbe, 0x57, 0x97, 0xb8, 0x8b, 0x2e, 
	0x5a, 0x65, 0x62, 0x99, 0x1f, 0x1e, 0x1e, 0x00, 
	0x00, 0xcf, 0xc0, 0x57, 0x97, 0x23, 0x49, 0xd0, 
	0xd1, 0xbe, 0x12, 0x6c, 0x6c, 0x6c, 0x6c, 0x00, 
	0x00, 0xbe, 0x2d, 0xb7, 0xb8, 0x2f, 0x15, 0xc8, 
	0x65, 0x43, 0x71, 0x5d, 0x1f, 0x1e, 0xb5, 0x00, 
	0x00, 0x83, 0x59, 0xb7, 0x41, 0x49, 0x3f, 0xbb, 
	0xc7, 0x12, 0x6c, 0x6c, 0x6c, 0x6c, 0x6c, 0x00, 
	0x00, 0x58, 0xd2, 0xd3, 0x18, 0x2f, 0x3f, 0x32, 
	0x43, 0xd4, 0x72, 0x1f, 0x2b, 0xd5, 0x9e, 0x00, 
	0x00, 0x90, 0xb7, 0x97, 0x14, 0x3f, 0xd1, 0xbb, 
	0x6a, 0x6c, 0x6c, 0x6c, 0x6c, 0x6c, 0xd6, 0x00, 
	0x00, 0xd3, 0xd7, 0xd8, 0x24, 0x23, 0xbb, 0x47, 
	0xa5, 0xa7, 0x1f, 0x1f, 0x5d, 0x87, 0xd9, 0x00, 
	0x00, 0x14, 0xb7, 0x31, 0x63, 0x4a, 0xbe, 0x66, 
	0x6c, 0x6c, 0x6c, 0x6c, 0x6c, 0x60, 0x99, 0x00, 
	0x00, 0xd2, 0xa0, 0xda, 0x18, 0xdb, 0x42, 0xcb, 
	0xdc, 0x1f, 0x1f, 0x1f, 0xa6, 0xd9, 0x0e, 0x00, 
	0x06, 0x7a, 0x14, 0x23, 0x4b, 0xdd, 0xde, 0x1f, 
	0x34, 0x6c, 0x6c, 0x6c, 0x6c, 0xdf, 0xc7, 0x0c, 
	0x07, 0xa0, 0xa9, 0x37, 0x38, 0x57, 0x53, 0xe0, 
	0x1f, 0x1f, 0x1f, 0xe1, 0xe2, 0xd1, 0xc0, 0x00, 
	0x0a, 0x8b, 0x7a, 0xd0, 0xc0, 0x4e, 0x2b, 0x46, 
	0x34, 0x6c, 0x6c, 0x6c, 0x6c, 0xe3, 0xc0, 0xe4, 
	0x02, 0xe5, 0x17, 0x6e, 0x70, 0x29, 0x62, 0x72, 
	0x2b, 0x2b, 0x5d, 0x7b, 0x5f, 0x59, 0xe6, 0x00, 
	0xe7, 0x25, 0x49, 0x79, 0x4e, 0x54, 0x1f, 0x1f, 
	0x34, 0x34, 0x6c, 0x34, 0x72, 0xe8, 0xe9, 0xea, 
	0x0a, 0x40, 0x25, 0x4b, 0x5f, 0x68, 0xeb, 0x2b, 
	0x1f, 0x72, 0xa5, 0x29, 0x70, 0xec, 0xed, 0x00, 
	0xee, 0x0b, 0xb0, 0xb0, 0x00, 0x00, 0x00, 0x00, 
	0x00, 0x00, 0x00, 0x00, 0x00, 0x00, 0x07, 0x04, 
	0x84, 0xb2, 0x00, 0x00, 0x00, 0x00, 0x00, 0x00, 
	0x00, 0x00, 0x00, 0x00, 0x00, 0x00, 0x00, 0x00, 
	
};

Gfx bob_dl_Window_2_pal_rgba16_aligner[] = {gsSPEndDisplayList()};
u8 bob_dl_Window_2_pal_rgba16[] = {
	0x00, 0x01, 0x18, 0xc7, 0x42, 0x11, 0x52, 0x95, 
	0x5a, 0xd7, 0x63, 0x19, 0x29, 0x4b, 0x21, 0x09, 
	0x4a, 0x53, 0x6b, 0x5b, 0x7b, 0xdf, 0x73, 0x9d, 
	0x08, 0x85, 0x95, 0xb1, 0x85, 0xf5, 0x75, 0xb5, 
	0x44, 0x6d, 0x23, 0x69, 0x3c, 0xb3, 0x6d, 0xb5, 
	0x9e, 0x79, 0xbe, 0xb9, 0xd6, 0xf9, 0xd7, 0x39, 
	0xc6, 0xf9, 0x96, 0x75, 0x08, 0x43, 0x2a, 0x5b, 
	0x1a, 0xa1, 0x22, 0xe3, 0x1b, 0x27, 0x23, 0xad, 
	0x23, 0xaf, 0x34, 0x73, 0x6d, 0x75, 0xae, 0x79, 
	0xce, 0xf9, 0xbe, 0xb7, 0xa5, 0xb1, 0x8d, 0x2b, 
	0x8e, 0x77, 0x7e, 0x39, 0x4c, 0xaf, 0x23, 0x6b, 
	0x5d, 0xb7, 0x8e, 0x39, 0xae, 0x77, 0xc6, 0xb9, 
	0xc7, 0x3b, 0x9e, 0xbb, 0x85, 0xf7, 0x22, 0x5d, 
	0x23, 0xef, 0x3c, 0xb5, 0x6d, 0xf7, 0xce, 0xb9, 
	0xae, 0x37, 0x9d, 0xb3, 0x8d, 0x2f, 0x5b, 0x19, 
	0x6d, 0x73, 0x33, 0xed, 0x3c, 0xb1, 0xa6, 0x37, 
	0xbe, 0xf9, 0x9e, 0x7b, 0x7d, 0xf9, 0x65, 0x75, 
	0x1a, 0xe3, 0x1b, 0x25, 0x23, 0x6d, 0x75, 0xf9, 
	0x86, 0x7b, 0xa6, 0x79, 0x95, 0xf7, 0x9e, 0x37, 
	0x7d, 0x73, 0x3b, 0xa9, 0x75, 0x73, 0x3b, 0xeb, 
	0x34, 0x71, 0x8e, 0x37, 0xbe, 0x79, 0x6d, 0xb7, 
	0x2b, 0xad, 0x1b, 0x29, 0x65, 0xf7, 0x96, 0x79, 
	0x9e, 0x77, 0x96, 0x37, 0x7d, 0xb7, 0x19, 0x09, 
	0x3b, 0x65, 0x2b, 0xed, 0x55, 0xb7, 0x86, 0x39, 
	0x34, 0x31, 0x2c, 0x73, 0x65, 0xb7, 0xa6, 0x77, 
	0x8e, 0x79, 0x7d, 0xf7, 0x4c, 0xb3, 0x4c, 0xf5, 
	0x6d, 0xf9, 0x75, 0xf7, 0x44, 0xb3, 0x54, 0xf5, 
	0x23, 0xf1, 0x33, 0xe9, 0xb6, 0x79, 0x55, 0x77, 
	0x96, 0x39, 0x5d, 0x35, 0x2b, 0xef, 0x65, 0x73, 
	0x44, 0xf5, 0x65, 0xf9, 0x86, 0x37, 0x5c, 0xb3, 
	0x7c, 0x21, 0x8d, 0xf5, 0xae, 0xb9, 0x5d, 0x77, 
	0x2c, 0x31, 0x75, 0xb7, 0xa5, 0x29, 0xb6, 0x77, 
	0x3c, 0x73, 0x2b, 0xf1, 0x34, 0x2f, 0x85, 0x75, 
	0x94, 0xa5, 0xce, 0xb7, 0xc6, 0xb7, 0x44, 0xf3, 
	0x3c, 0x31, 0x44, 0xb1, 0xae, 0xbb, 0xb6, 0xb9, 
	0x54, 0xf3, 0x2c, 0x33, 0xa6, 0xb9, 0xc6, 0x75, 
	0x95, 0xf5, 0x4d, 0x35, 0x33, 0xef, 0x3c, 0x2f, 
	0x3c, 0x6f, 0x84, 0x21, 0xce, 0xfb, 0x96, 0x7b, 
	0x7d, 0xb5, 0x54, 0xb3, 0x8c, 0x63, 0xd6, 0xf7, 
	0xae, 0x35, 0x95, 0xb3, 0x4c, 0xf3, 0xd7, 0x3b, 
	0xb6, 0xfb, 0x86, 0x79, 0xb6, 0x35, 0x8d, 0x71, 
	0x65, 0x31, 0x55, 0x75, 0x34, 0x6f, 0x3c, 0x71, 
	0xb5, 0xad, 0xcf, 0x3b, 0x5c, 0xf3, 0x4c, 0x73, 
	0x76, 0x39, 0x73, 0xdf, 0x9c, 0xe7, 0xad, 0x6b, 
	0x10, 0x85, 0x31, 0x8d, 0x42, 0x53, 0xc6, 0x31, 
	0x2b, 0x67, 0x2b, 0xeb, 0x23, 0xab, 0x96, 0xbb, 
	0xa6, 0xbb, 0x1a, 0xe5, 0x10, 0xc7, 0x85, 0xb7, 
	0x5c, 0xf5, 0x44, 0x71, 0x7d, 0x75, 0x8e, 0x7b, 
	0x8d, 0xb5, 0x55, 0x35, 0x6d, 0x35, 0x3c, 0x2d, 
	0x64, 0xf3, 0xa6, 0x7b, 0x4d, 0x37, 0x75, 0x75, 
	0x8d, 0xb7, 0x33, 0xab, 0x5c, 0xb1, 0x65, 0x77, 
	0x9e, 0xb9, 0x44, 0x2f, 0x6d, 0x77, 0x64, 0xb1, 
	0x9d, 0xf7, 0x8d, 0xf7, 0x9e, 0xfb, 0xa6, 0xfb, 
	0x55, 0x33, 0x2c, 0x2d, 0x34, 0x33, 0x96, 0xfb, 
	0xbe, 0xfb, 0x5d, 0xb5, 0xc6, 0xfb, 0x9e, 0x39, 
	0x3c, 0xf3, 0x85, 0xb5, 0x65, 0x33, 0x44, 0x73, 
	0x4d, 0x33, 0x2c, 0x2f, 0x5d, 0x75, 0x54, 0xb1, 
	0x21, 0x4b, 0xbf, 0x3b, 0x74, 0xef, 0xa5, 0x6b, 
	0x64, 0xaf, 0x85, 0xb3, 0x39, 0xcf, 0x34, 0xb1, 
	0x64, 0xf1, 0x4c, 0x2b, 0x9d, 0x29, 
};

Gfx bob_dl_ci4_sophie_sandstone_ci4_aligner[] = {gsSPEndDisplayList()};
u8 bob_dl_ci4_sophie_sandstone_ci4[] = {
	0x00, 0x11, 0x22, 0x31, 0x40, 0x31, 0x20, 0x40, 
	0x45, 0x46, 0x22, 0x00, 0x00, 0x10, 0x00, 0x00, 
	0x45, 0x62, 0x25, 0x24, 0x70, 0x64, 0x84, 0x45, 
	0x04, 0x49, 0x97, 0x84, 0x74, 0x2a, 0x07, 0x54, 
	0x60, 0x66, 0x02, 0x32, 0x02, 0x12, 0x06, 0x26, 
	0x64, 0x47, 0x34, 0x42, 0x00, 0x00, 0x00, 0x25, 
	0x27, 0x36, 0x44, 0x99, 0x26, 0x47, 0x78, 0x32, 
	0x56, 0x76, 0x29, 0x46, 0x64, 0x51, 0xa5, 0x72, 
	0x10, 0x10, 0x21, 0x13, 0x23, 0x04, 0x36, 0x67, 
	0x92, 0x23, 0x64, 0x00, 0x22, 0x25, 0x26, 0x62, 
	0x62, 0x43, 0x68, 0x47, 0x67, 0x40, 0x25, 0x47, 
	0x67, 0x92, 0x42, 0x66, 0x64, 0x47, 0xab, 0x50, 
	0x32, 0x11, 0x01, 0x33, 0x10, 0x63, 0x24, 0x88, 
	0xc4, 0x44, 0x26, 0x62, 0x0b, 0x50, 0x55, 0x54, 
	0x26, 0x27, 0x84, 0x44, 0x40, 0x03, 0x04, 0x76, 
	0x40, 0x44, 0x76, 0x64, 0x43, 0x67, 0x6a, 0x05, 
	0x60, 0x03, 0x37, 0x93, 0x62, 0x20, 0x06, 0x88, 
	0xcc, 0x82, 0x60, 0x63, 0x0b, 0x02, 0x55, 0x72, 
	0x50, 0x44, 0x44, 0x04, 0x47, 0x99, 0x44, 0x25, 
	0x26, 0x64, 0x04, 0x04, 0x76, 0x66, 0x90, 0xa6, 
	0x03, 0x33, 0x13, 0x69, 0x00, 0x02, 0x78, 0xcc, 
	0xcc, 0x88, 0x49, 0x30, 0x33, 0x44, 0x77, 0x52, 
	0x64, 0x86, 0x12, 0x22, 0x49, 0xc9, 0x72, 0x44, 
	0x74, 0x68, 0x07, 0x74, 0x49, 0x66, 0x49, 0x20, 
	0x06, 0x10, 0x39, 0x93, 0x44, 0x74, 0x8c, 0xc8, 
	0xcc, 0xcc, 0xcc, 0x8c, 0x93, 0x42, 0x66, 0x27, 
	0x96, 0x87, 0x47, 0x72, 0x39, 0x97, 0xb0, 0x24, 
	0x44, 0x61, 0x32, 0x77, 0x39, 0x69, 0x69, 0x44, 
	0x31, 0x00, 0x63, 0x97, 0x88, 0xc8, 0x88, 0x78, 
	0x7c, 0xcc, 0xcc, 0xcc, 0x69, 0x40, 0x27, 0x24, 
	0x26, 0x47, 0x49, 0x87, 0x99, 0x62, 0x77, 0x44, 
	0x44, 0x97, 0x34, 0x97, 0x63, 0x99, 0x99, 0x47, 
	0x90, 0x33, 0x36, 0x28, 0xcc, 0xcc, 0x74, 0x77, 
	0x74, 0x98, 0xcc, 0xcc, 0xc9, 0x88, 0x88, 0x76, 
	0x40, 0x03, 0x43, 0x09, 0x93, 0x24, 0x12, 0x04, 
	0x46, 0x49, 0xc8, 0x44, 0x43, 0x39, 0x99, 0x76, 
	0x98, 0x39, 0x97, 0x4c, 0x88, 0x88, 0x76, 0x66, 
	0x64, 0x07, 0x8c, 0xcc, 0xc4, 0x8c, 0xc7, 0x87, 
	0x77, 0x34, 0x74, 0x46, 0x96, 0x67, 0x44, 0x67, 
	0x76, 0x55, 0x74, 0x46, 0x66, 0x49, 0x94, 0x74, 
	0x88, 0x63, 0x49, 0x88, 0x98, 0x77, 0x51, 0x00, 
	0x67, 0x77, 0x49, 0xcc, 0xcc, 0x89, 0x42, 0x77, 
	0x43, 0x21, 0x00, 0x64, 0x12, 0xb0, 0x77, 0x44, 
	0x72, 0x22, 0x46, 0x44, 0x66, 0x69, 0x24, 0x94, 
	0xc8, 0x9c, 0x8c, 0x86, 0x87, 0x79, 0x40, 0x68, 
	0xc8, 0x78, 0x87, 0x99, 0x20, 0x00, 0x26, 0x07, 
	0x20, 0x62, 0x22, 0x69, 0x74, 0x26, 0x47, 0x53, 
	0x23, 0x42, 0x09, 0x83, 0x23, 0x67, 0x72, 0x64, 
	0x65, 0x88, 0x87, 0x70, 0x26, 0x46, 0x99, 0x94, 
	0x84, 0x47, 0x74, 0x40, 0x00, 0x01, 0x27, 0x41, 
	0x47, 0x12, 0x22, 0x63, 0x97, 0x78, 0x94, 0x49, 
	0x79, 0x22, 0x16, 0x29, 0x2a, 0x17, 0x21, 0x70, 
	0x48, 0x79, 0x77, 0x44, 0x24, 0x60, 0x07, 0x98, 
	0x45, 0x64, 0x77, 0x77, 0x00, 0x22, 0x21, 0x06, 
	0x20, 0x60, 0x66, 0x26, 0x06, 0x79, 0x84, 0x66, 
	0x48, 0x80, 0x1a, 0x11, 0xb0, 0x50, 0x26, 0x62, 
	0x46, 0x43, 0x67, 0x40, 0x64, 0x16, 0x01, 0x60, 
	0x68, 0x84, 0x84, 0x62, 0x44, 0x46, 0x19, 0x62, 
	0x46, 0x20, 0x63, 0x72, 0x22, 0x47, 0x98, 0x96, 
	0x97, 0x66, 0xbd, 0xda, 0x11, 0x02, 0x72, 0x36, 
	0x89, 0x20, 0x21, 0x24, 0x43, 0x60, 0x43, 0x31, 
	0x24, 0x23, 0x64, 0x65, 0x66, 0x46, 0x01, 0x71, 
	0x63, 0x02, 0x03, 0x67, 0x98, 0x89, 0x99, 0x89, 
	0x86, 0x74, 0x36, 0xab, 0xa1, 0x12, 0x00, 0x16, 
	0x76, 0x25, 0x20, 0x64, 0x69, 0x98, 0x66, 0x66, 
	0x10, 0x02, 0x37, 0x88, 0x97, 0x74, 0x41, 0x74, 
	0x06, 0x20, 0x79, 0x64, 0x78, 0x86, 0x64, 0x94, 
	0x12, 0x05, 0x00, 0x2a, 0xaa, 0x16, 0x04, 0x12, 
	0x40, 0x96, 0x22, 0x40, 0x63, 0x63, 0x46, 0x64, 
	0x13, 0x66, 0x13, 0x74, 0x30, 0x00, 0x60, 0x21, 
	0x00, 0x68, 0x98, 0x88, 0x46, 0x34, 0x64, 0x43, 
	0x69, 0x74, 0x64, 0x20, 0x2b, 0xa1, 0x02, 0x40, 
	0x06, 0x09, 0x76, 0x67, 0x42, 0x44, 0x40, 0x66, 
	0x04, 0x30, 0x13, 0x94, 0x64, 0x36, 0x56, 0x04, 
	0x44, 0x94, 0x26, 0x00, 0xb1, 0x64, 0x44, 0x99, 
	0x98, 0x74, 0x4b, 0x0b, 0x0a, 0xda, 0x56, 0x21, 
	0x27, 0x99, 0x80, 0x64, 0x36, 0x60, 0x22, 0x17, 
	0x40, 0x02, 0x03, 0x21, 0x66, 0x60, 0x02, 0x24, 
	0x64, 0x44, 0x00, 0x46, 0x60, 0x66, 0x73, 0x27, 
	0x64, 0x69, 0x62, 0x11, 0x40, 0xaa, 0x47, 0x20, 
	0x02, 0x21, 0x26, 0x66, 0x63, 0x63, 0x30, 0x19, 
	0x42, 0x01, 0xb2, 0x01, 0x24, 0xbb, 0xb1, 0x44, 
	0x23, 0x85, 0x00, 0x66, 0x26, 0x44, 0x06, 0x30, 
	0xa4, 0x46, 0x72, 0x05, 0x66, 0x1a, 0xb0, 0x62, 
	0x00, 0x33, 0x63, 0x06, 0x30, 0x03, 0x20, 0x30, 
	0x20, 0x01, 0x05, 0x06, 0x02, 0x16, 0x54, 0x16, 
	0x60, 0x30, 0x19, 0x88, 0x40, 0x64, 0x64, 0x01, 
	0x11, 0x00, 0x28, 0x97, 0x62, 0x01, 0x02, 0x25, 
	0x44, 0x36, 0x09, 0x98, 0x76, 0x11, 0x01, 0x40, 
	0x62, 0x03, 0x00, 0x32, 0x74, 0x77, 0x92, 0x54, 
	0x96, 0x00, 0x07, 0x78, 0x81, 0xa6, 0x00, 0x07, 
	0x66, 0x00, 0x44, 0x78, 0x60, 0x5a, 0x17, 0x71, 
	0x30, 0x63, 0x99, 0x87, 0x78, 0x94, 0x96, 0x13, 
	0x00, 0x57, 0x88, 0x89, 0x03, 0x33, 0x04, 0x68, 
	0x89, 0x04, 0x61, 0xa1, 0x99, 0xa1, 0x60, 0x44, 
	0x66, 0x47, 0x66, 0x31, 0x00, 0x60, 0x1b, 0x12, 
	0x32, 0x48, 0x86, 0x46, 0x49, 0xc9, 0x99, 0x40, 
	0x00, 0x47, 0x69, 0x82, 0x66, 0x24, 0x21, 0x66, 
	0x96, 0x96, 0x04, 0x36, 0x38, 0x80, 0x26, 0x76, 
	0x62, 0x01, 0x01, 0xb0, 0x02, 0x00, 0xaa, 0x16, 
	0xc8, 0x84, 0x64, 0x94, 0x60, 0x36, 0x64, 0x20, 
	0x46, 0x62, 0x74, 0x60, 0x06, 0x67, 0x98, 0x40, 
	0x34, 0x96, 0x60, 0x47, 0x47, 0x36, 0x40, 0x74, 
	0x17, 0xb0, 0x12, 0x76, 0x02, 0x02, 0xad, 0xaa, 
	0x38, 0x84, 0x01, 0x60, 0x66, 0x02, 0x0a, 0x20, 
	0x66, 0x0b, 0x30, 0x00, 0x65, 0x64, 0x74, 0x77, 
	0x49, 0x68, 0x69, 0x63, 0x30, 0x66, 0x2a, 0x10, 
	0xab, 0x0d, 0xa0, 0x12, 0x06, 0x06, 0x1b, 0xdd, 
	0x66, 0x30, 0x63, 0x06, 0x66, 0x62, 0x63, 0x44, 
	0x63, 0x2a, 0xa0, 0x26, 0x77, 0x36, 0x44, 0x96, 
	0x63, 0x94, 0x93, 0x22, 0x01, 0xab, 0x21, 0xda, 
	0xdd, 0xaa, 0xad, 0x12, 0xa2, 0x60, 0x0b, 0xdd, 
	0x66, 0x34, 0x63, 0x66, 0x39, 0x76, 0x01, 0x64, 
	0x48, 0x86, 0x21, 0x47, 0x92, 0x24, 0x06, 0x36, 
	0x47, 0x36, 0x32, 0x16, 0x60, 0x0a, 0x2b, 0xbb, 
	0xab, 0xb0, 0x0b, 0x12, 0x22, 0x06, 0x2a, 0xba, 
	0x31, 0x01, 0x16, 0x66, 0x10, 0x01, 0x17, 0x40, 
	0x94, 0x79, 0x96, 0x87, 0x71, 0x13, 0x66, 0x92, 
	0x49, 0x94, 0x60, 0x62, 0x44, 0x06, 0x42, 0x26, 
	0x10, 0x00, 0x10, 0x00, 0x00, 0x11, 0x20, 0xba, 
	0x34, 0x69, 0x31, 0x13, 0x4b, 0xb1, 0x11, 0x0a, 
	0x0b, 0x11, 0x38, 0x46, 0x99, 0x66, 0x66, 0x96, 
	0x03, 0x66, 0x66, 0x0a, 0x10, 0xba, 0x77, 0x98, 
	0x21, 0x00, 0x21, 0xab, 0x0a, 0xbd, 0xb3, 0x10, 
	0x13, 0x63, 0x39, 0x33, 0x35, 0x10, 0x01, 0x16, 
	0x00, 0x69, 0x42, 0x00, 0x13, 0x53, 0x63, 0x32, 
	0x01, 0x64, 0x02, 0x1a, 0xa6, 0x1d, 0xd4, 0x47, 
	0x70, 0x20, 0x26, 0x1a, 0xd0, 0x1a, 0x43, 0x20, 
	0xa1, 0xa1, 0x66, 0x91, 0x24, 0x71, 0x03, 0x60, 
	0x12, 0x37, 0x16, 0xa3, 0x96, 0x11, 0x66, 0x31, 
	0x66, 0x74, 0x0b, 0xa0, 0x32, 0x20, 0x1d, 0xb4, 
	0x26, 0x46, 0x62, 0x0b, 0xb2, 0x74, 0x99, 0x20, 
	0x1a, 0x23, 0x99, 0x61, 0x06, 0x46, 0x64, 0x66, 
	0x06, 0x66, 0x60, 0x01, 0x16, 0x10, 0x60, 0x20, 
	0x36, 0x11, 0xba, 0x23, 0x69, 0x03, 0x12, 0x1b, 
	0x62, 0x66, 0x75, 0x20, 0x64, 0x49, 0x66, 0x27, 
	0x46, 0x31, 0x93, 0x09, 0x64, 0x47, 0x1a, 0x34, 
	0x61, 0xaa, 0x11, 0x31, 0x36, 0x92, 0x64, 0x74, 
	0x61, 0x1b, 0xb1, 0x36, 0x99, 0x66, 0x62, 0x34, 
	0x64, 0x2a, 0x24, 0x74, 0x47, 0x99, 0x60, 0x22, 
	0x13, 0x49, 0x99, 0xc3, 0x11, 0x60, 0xbb, 0xb2, 
	0x0a, 0xaa, 0xb1, 0x39, 0x30, 0x42, 0x00, 0x26, 
	0xad, 0xab, 0x12, 0x66, 0x9c, 0x94, 0x33, 0x06, 
	0x22, 0x00, 0x12, 0x07, 0x74, 0x66, 0x42, 0x2a, 
	0x11, 0x01, 0x49, 0x90, 0x16, 0x47, 0x0a, 0x01, 
	0xbb, 0xaa, 0xa3, 0x99, 0x74, 0x96, 0x11, 0x1b, 
	0xa0, 0xa1, 0x00, 0x63, 0x09, 0x92, 0x34, 0x76, 
	0x30, 0x00, 0x09, 0x46, 0x73, 0x93, 0x0a, 0x01, 
	0x36, 0x66, 0x39, 0x99, 0x96, 0x36, 0x01, 0x11, 
	0x13, 0x42, 0x31, 0x30, 0x54, 0x66, 0x64, 0x02, 
	0x02, 0x22, 0x48, 0x8c, 0x49, 0x30, 0x23, 0x36, 
	0x62, 0x00, 0x26, 0x72, 0x33, 0x6b, 0x00, 0x05, 
	0x66, 0x46, 0x93, 0x66, 0x60, 0x19, 0x40, 0xa0, 
	0x66, 0x44, 0x36, 0x4a, 0x57, 0x63, 0x34, 0x21, 
	0x06, 0x79, 0x47, 0x44, 0x93, 0x16, 0x68, 0xc8, 
	0x20, 0x04, 0x76, 0x87, 0x66, 0x20, 0x25, 0x42, 
	0x63, 0x66, 0x00, 0x20, 0x35, 0x99, 0x70, 0x66, 
	0x43, 0x36, 0x83, 0x42, 0x13, 0x46, 0x31, 0x0b, 
	0x66, 0x22, 0x63, 0x63, 0x84, 0x10, 0x48, 0x78, 
	0x96, 0x48, 0xc8, 0x46, 0x43, 0xa2, 0x22, 0x20, 
	0x3a, 0x02, 0x29, 0x90, 0x34, 0x09, 0x96, 0x49, 
	0x73, 0x96, 0x44, 0x87, 0x10, 0x33, 0x67, 0x42, 
	0x01, 0x36, 0x40, 0x06, 0x88, 0x47, 0x8c, 0x88, 
	0xcc, 0xc8, 0x94, 0x26, 0x02, 0x10, 0x06, 0x44, 
	0x41, 0x00, 0x00, 0x06, 0x03, 0x21, 0x46, 0x01, 
	0x00, 0x46, 0x47, 0x14, 0x10, 0x10, 0x09, 0x40, 
	0x23, 0x72, 0x26, 0x49, 0x4c, 0xcc, 0x8c, 0x86, 
	0x43, 0x60, 0x52, 0x34, 0x72, 0x20, 0x04, 0x69, 
	0x00, 0x11, 0x10, 0x13, 0x63, 0x13, 0x49, 0x31, 
	0x13, 0x39, 0x67, 0x40, 0x21, 0x00, 0x41, 0x62, 
	0x61, 0x20, 0x10, 0x12, 0x48, 0x8c, 0xcc, 0xc8, 
	0x36, 0x06, 0x00, 0x64, 0x75, 0x06, 0x66, 0x78, 
	0x13, 0x06, 0x62, 0xa1, 0x02, 0x66, 0x48, 0x89, 
	0x44, 0x02, 0x14, 0x44, 0x06, 0x02, 0x10, 0x00, 
	0x02, 0x26, 0x60, 0x52, 0x3c, 0xcc, 0x89, 0xcc, 
	0x87, 0x46, 0x26, 0x22, 0x78, 0x60, 0x21, 0x88, 
	0x43, 0x12, 0x64, 0x21, 0x10, 0x00, 0x66, 0x93, 
	0x34, 0x12, 0x06, 0x99, 0x94, 0x33, 0x03, 0x60, 
	0x16, 0x33, 0x11, 0x0b, 0x63, 0x87, 0x69, 0xcc, 
	0xc9, 0x60, 0x44, 0x66, 0x4c, 0xc3, 0x06, 0x83, 
	0x06, 0x67, 0x40, 0x11, 0x02, 0x69, 0x64, 0x49, 
	0x33, 0x01, 0x64, 0x06, 0x60, 0x22, 0x64, 0x87, 
	0x40, 0xa1, 0x01, 0x2a, 0x22, 0x13, 0x04, 0x88, 
	0xcc, 0x46, 0x35, 0x47, 0x86, 0xcc, 0x68, 0x86, 
	0x13, 0x63, 0x36, 0x64, 0x36, 0x70, 0x96, 0x60, 
	0x31, 0x10, 0x64, 0x46, 0x46, 0x73, 0x64, 0x74, 
	0x90, 0xba, 0x1b, 0x01, 0x62, 0x16, 0x47, 0x9c, 
	0xcc, 0x96, 0x64, 0x70, 0x49, 0x68, 0xc9, 0x26, 
	0x03, 0x64, 0x60, 0x40, 0x65, 0xa1, 0x16, 0x60, 
	0x01, 0xa6, 0x60, 0x01, 0x32, 0x23, 0x63, 0x49, 
	0x23, 0x43, 0x32, 0x26, 0x20, 0xb9, 0x84, 0x04, 
	0x48, 0x86, 0x94, 0x64, 0x02, 0x27, 0x64, 0x00, 
	0x32, 0x06, 0x03, 0x13, 0x32, 0x67, 0x0a, 0x12, 
	0x04, 0x41, 0xa1, 0x11, 0x24, 0x83, 0x37, 0x24, 
	0x60, 0x64, 0x66, 0x4a, 0x22, 0x10, 0x49, 0x39, 
	0x88, 0x64, 0x34, 0x77, 0x62, 0x20, 0x07, 0x47, 
	0x29, 0x46, 0x0a, 0xb1, 0xb0, 0x46, 0x27, 0x02, 
	0x60, 0x0a, 0xdb, 0x1b, 0x12, 0x44, 0x10, 0x00, 
	0x46, 0x62, 0x56, 0x3a, 0xb0, 0xb4, 0x60, 0x22, 
	0x78, 0x00, 0x36, 0x64, 0x26, 0x65, 0x60, 0x65, 
	0x60, 0x60, 0x12, 0x00, 0x12, 0x40, 0x62, 0x76, 
	0x34, 0x0a, 0xaa, 0xa0, 0xa1, 0x49, 0x2b, 0x22, 
	0x64, 0x63, 0x41, 0x1d, 0xda, 0x1b, 0x44, 0x42, 
	0x48, 0x63, 0x03, 0x69, 0x46, 0x23, 0x20, 0x00, 
	0x44, 0x79, 0x20, 0x20, 0x66, 0x1a, 0xa1, 0x49, 
	0x62, 0x1a, 0xbd, 0x11, 0xb1, 0x15, 0x20, 0x24, 
	0x66, 0x34, 0x46, 0x11, 0xa0, 0x23, 0x10, 0x65, 
	0x61, 0x01, 0x27, 0x33, 0x42, 0x44, 0x62, 0x00, 
	0x40, 0x89, 0x73, 0x16, 0x62, 0x64, 0xb1, 0x16, 
	0x40, 0x1a, 0xaa, 0xb1, 0x10, 0x05, 0x76, 0x69, 
	0x60, 0x40, 0x20, 0xa2, 0x66, 0x13, 0x24, 0x32, 
	0x1a, 0xb2, 0x21, 0x06, 0x44, 0x44, 0x61, 0x02, 
	0x16, 0x88, 0x49, 0x45, 0x94, 0x12, 0x40, 0xba, 
	0x30, 0x02, 0xa0, 0xb0, 0xaa, 0xb6, 0x32, 0x01, 
	0x66, 0x69, 0x47, 0x66, 0x37, 0x22, 0x44, 0x6b, 
	0xab, 0x16, 0x62, 0x02, 0x62, 0x24, 0x27, 0x88, 
	0x07, 0x78, 0xc8, 0x40, 0x44, 0x44, 0x40, 0xba, 
	0x00, 0x51, 0x14, 0x10, 0x01, 0xa6, 0x31, 0x04, 
	0x03, 0x74, 0x94, 0x63, 0x44, 0x97, 0x47, 0x20, 
	0x20, 0x22, 0x63, 0x42, 0x24, 0x26, 0x79, 0x97, 
	0x60, 0x98, 0xc8, 0xcc, 0x79, 0x78, 0x86, 0x21, 
	0x37, 0x30, 0x63, 0x11, 0x11, 0x13, 0x98, 0x44, 
	0x97, 0x39, 0x69, 0x33, 0x04, 0x76, 0x79, 0x07, 
	0x82, 0x26, 0x78, 0x80, 0x24, 0x44, 0x48, 0x80, 
	0x44, 0x16, 0x7c, 0xcc, 0xc8, 0x94, 0x78, 0x60, 
	0x36, 0x00, 0x1a, 0x00, 0x00, 0x31, 0x36, 0x60, 
	0x64, 0x94, 0x33, 0x16, 0x72, 0x46, 0x76, 0x28, 
	0x88, 0x56, 0x20, 0x77, 0x99, 0x88, 0x47, 0x77, 
	0x0b, 0xa1, 0x48, 0x8c, 0x88, 0x92, 0xaa, 0x32, 
	0x16, 0x70, 0x09, 0x87, 0x47, 0x32, 0x20, 0x00, 
	0x62, 0x02, 0x66, 0x30, 0x00, 0x49, 0x70, 0x74, 
	0x8c, 0x88, 0x82, 0x67, 0x74, 0x74, 0x44, 0x76, 
	0xab, 0xb2, 0x74, 0xcc, 0x45, 0x55, 0x2a, 0xaa, 
	0xa0, 0x22, 0x37, 0x9c, 0x81, 0x07, 0x47, 0x47, 
	0x03, 0x46, 0x66, 0x32, 0xba, 0x39, 0x47, 0x48, 
	0x88, 0x92, 0x78, 0x74, 0x74, 0x99, 0x96, 0x88, 
	0xaa, 0xa1, 0x83, 0x39, 0x50, 0xb0, 0x2b, 0xdd, 
	0xda, 0xa0, 0x96, 0x96, 0x76, 0x45, 0x67, 0x47, 
	0x84, 0x46, 0x74, 0x65, 0x20, 0x99, 0x59, 0x88, 
	0x89, 0x87, 0x40, 0x47, 0x44, 0x96, 0x46, 0x77, 
	0x1a, 0xb0, 0x46, 0x40, 0x22, 0x00, 0x2b, 0xad, 
	0xdd, 0xa2, 0x29, 0x63, 0x29, 0x74, 0x66, 0x12, 
	0x74, 0x37, 0x67, 0x61, 0x23, 0x93, 0x28, 0x88, 
	0x8c, 0x87, 0x64, 0x84, 0x79, 0x89, 0x36, 0x46, 
	0x06, 0x26, 0x66, 0x97, 0x55, 0x0b, 0xb0, 0x00, 
	0xbd, 0x12, 0x91, 0x99, 0x06, 0x03, 0x62, 0x88, 
	0x47, 0x84, 0x79, 0x6a, 0x13, 0x32, 0x63, 0x80, 
	0x67, 0xcc, 0x96, 0x77, 0x43, 0xcc, 0x33, 0x62, 
	0x60, 0x33, 0x63, 0x42, 0x45, 0xb0, 0x00, 0x20, 
	0x20, 0xa0, 0x13, 0x96, 0x66, 0x64, 0x36, 0x60, 
	0x74, 0x46, 0x30, 0x46, 0x3a, 0xd2, 0x42, 0x02, 
	0x27, 0x88, 0x84, 0x64, 0x76, 0x99, 0x99, 0x23, 
	0x51, 0x03, 0x36, 0x6b, 0x25, 0x42, 0x47, 0x66, 
	0x01, 0xdd, 0x13, 0x13, 0x31, 0x64, 0x99, 0x17, 
	0x36, 0x64, 0x44, 0x44, 0x31, 0xa0, 0x00, 0x20, 
	0x01, 0x7c, 0x94, 0x64, 0x49, 0x69, 0x92, 0x00, 
	
};

Gfx bob_dl_ci4_sophie_sandstone_pal_rgba16_aligner[] = {gsSPEndDisplayList()};
u8 bob_dl_ci4_sophie_sandstone_pal_rgba16[] = {
	0xc5, 0x1b, 0xbc, 0xdb, 0xcd, 0x5d, 0xc5, 0x1d, 
	0xcd, 0xa1, 0xd5, 0x9f, 0xcd, 0x5f, 0xd5, 0xe1, 
	0xde, 0x25, 0xd5, 0xe3, 0xb4, 0x55, 0xbc, 0xd7, 
	0xde, 0x69, 0xab, 0xd1, 
};

Gfx bob_dl_BigTreeCourse_ci4_ci4_aligner[] = {gsSPEndDisplayList()};
u8 bob_dl_BigTreeCourse_ci4_ci4[] = {
	0x00, 0x10, 0x02, 0x21, 0x02, 0x00, 0x00, 0x23, 
	0x34, 0x30, 0x00, 0x20, 0x02, 0x02, 0x22, 0x22, 
	0x00, 0x11, 0x11, 0x11, 0x02, 0x32, 0x00, 0x20, 
	0x23, 0x32, 0x01, 0x11, 0x00, 0x01, 0x11, 0x51, 
	0x43, 0x24, 0x44, 0x33, 0x46, 0x33, 0x21, 0x10, 
	0x34, 0x66, 0x43, 0x00, 0x00, 0x22, 0x22, 0x22, 
	0x20, 0x00, 0x02, 0x23, 0x44, 0x22, 0x22, 0x03, 
	0x64, 0x20, 0x02, 0x34, 0x33, 0x02, 0x33, 0x33, 
	0x33, 0x43, 0x34, 0x33, 0x44, 0x46, 0x64, 0x20, 
	0x22, 0x36, 0x66, 0x31, 0x02, 0x32, 0x23, 0x23, 
	0x32, 0x32, 0x24, 0x66, 0x63, 0x22, 0x22, 0x46, 
	0x42, 0x00, 0x24, 0x63, 0x30, 0x02, 0x44, 0x33, 
	0x02, 0x22, 0x32, 0x33, 0x33, 0x32, 0x36, 0x63, 
	0x20, 0x02, 0x26, 0x64, 0x22, 0x02, 0x00, 0x20, 
	0x00, 0x23, 0x46, 0x63, 0x22, 0x22, 0x23, 0x64, 
	0x00, 0x02, 0x34, 0x32, 0x02, 0x33, 0x03, 0x32, 
	0x20, 0x03, 0x42, 0x34, 0x43, 0x33, 0x20, 0x46, 
	0x30, 0x02, 0x22, 0x46, 0x62, 0x55, 0x02, 0x00, 
	0x10, 0x34, 0x63, 0x00, 0x02, 0x20, 0x12, 0x17, 
	0x87, 0x95, 0x97, 0x79, 0x79, 0x51, 0x01, 0x02, 
	0x99, 0x10, 0x32, 0x15, 0x02, 0x02, 0x29, 0x95, 
	0x57, 0x79, 0x97, 0x99, 0x9a, 0xbc, 0x85, 0x52, 
	0x44, 0x46, 0x32, 0x00, 0x01, 0x15, 0x99, 0x77, 
	0x78, 0x87, 0xdd, 0xbe, 0xae, 0xbb, 0xdc, 0xd7, 
	0xda, 0xaa, 0xaa, 0xde, 0xba, 0xad, 0xac, 0xcc, 
	0xcc, 0xcc, 0xcd, 0xdd, 0xeb, 0xec, 0xcc, 0xd9, 
	0x24, 0x64, 0x20, 0x59, 0x78, 0x87, 0x78, 0xda, 
	0xaa, 0x8a, 0xed, 0xcc, 0x8a, 0xbe, 0xeb, 0xbc, 
	0xda, 0xde, 0xce, 0xde, 0xbe, 0xed, 0xcc, 0xcd, 
	0xcc, 0xce, 0xda, 0x7a, 0xad, 0xbb, 0xea, 0x8a, 
	0xa7, 0x78, 0xdb, 0xcc, 0xbb, 0xd8, 0xdb, 0xcc, 
	0xcc, 0xcd, 0xcc, 0xcc, 0xea, 0xde, 0xdd, 0xee, 
	0xde, 0xee, 0xee, 0xde, 0xae, 0xea, 0xed, 0x8d, 
	0xbc, 0xea, 0xa8, 0x7a, 0xdd, 0xba, 0x77, 0x77, 
	0x7a, 0xcb, 0xcc, 0xee, 0xee, 0xa7, 0xde, 0xeb, 
	0xbb, 0xca, 0xdc, 0xcc, 0xca, 0x8e, 0xed, 0xdd, 
	0xde, 0xdd, 0xdd, 0xdd, 0xdd, 0xaa, 0x88, 0xde, 
	0xed, 0x87, 0x77, 0x8c, 0xd8, 0x89, 0x77, 0x77, 
	0x8d, 0xed, 0xa8, 0xad, 0xae, 0x87, 0xaa, 0xae, 
	0xee, 0xcc, 0xaa, 0xdc, 0xee, 0xa7, 0x8d, 0xdd, 
	0xed, 0xde, 0xee, 0xda, 0x8a, 0xaa, 0x8e, 0xbb, 
	0xa8, 0x79, 0x8d, 0xee, 0xa7, 0x77, 0x77, 0x7a, 
	0xee, 0xea, 0x78, 0xad, 0x8d, 0xa7, 0x78, 0xaa, 
	0xde, 0xcc, 0xca, 0xdc, 0xcc, 0xea, 0x78, 0x8d, 
	0xed, 0xaa, 0xdd, 0xaa, 0xde, 0xeb, 0xec, 0xe8, 
	0xa8, 0xad, 0xcc, 0xea, 0x88, 0xaa, 0x87, 0xac, 
	0xbd, 0xa7, 0x7a, 0xdd, 0xdd, 0xed, 0x78, 0xaa, 
	0xee, 0xcc, 0xcc, 0xea, 0xde, 0xcc, 0xbd, 0x8d, 
	0xed, 0xa8, 0xad, 0xad, 0xee, 0xee, 0xa8, 0xda, 
	0xde, 0xcb, 0xce, 0xaa, 0xaa, 0x87, 0x99, 0x8d, 
	0xda, 0x79, 0x78, 0xdd, 0xda, 0xec, 0x87, 0xad, 
	0xee, 0xbd, 0xdc, 0xd8, 0x77, 0xdd, 0xeb, 0xde, 
	0xdd, 0xa8, 0xaa, 0x88, 0xad, 0xad, 0xdd, 0xcc, 
	0xcc, 0xed, 0xdd, 0xa8, 0xa7, 0x77, 0x19, 0xaa, 
	0xda, 0x77, 0x87, 0x8a, 0xdd, 0xdb, 0xda, 0x88, 
	0x88, 0xa7, 0x78, 0x8a, 0xd8, 0xa8, 0x8d, 0xdd, 
	0xdd, 0xdd, 0xaa, 0xdd, 0xde, 0xcb, 0xbd, 0xcb, 
	0xec, 0xed, 0xad, 0xa7, 0x87, 0x77, 0x97, 0x8d, 
	0xdd, 0xa7, 0x87, 0x78, 0xdd, 0xae, 0xee, 0xe8, 
	0x55, 0x10, 0x19, 0x78, 0xad, 0xee, 0xdd, 0xed, 
	0xea, 0xda, 0xaa, 0xad, 0xee, 0xde, 0xbd, 0xee, 
	0xce, 0xee, 0xa8, 0x77, 0x77, 0x77, 0x75, 0x9a, 
	0xa8, 0xd8, 0x77, 0x97, 0x8a, 0xdd, 0xe8, 0x87, 
	0x95, 0x00, 0x21, 0x59, 0x78, 0xad, 0xda, 0xdd, 
	0xaa, 0x88, 0x88, 0x88, 0xad, 0xaa, 0xde, 0xda, 
	0xda, 0xa8, 0x87, 0x77, 0x77, 0x79, 0x99, 0x57, 
	0x87, 0xaa, 0x88, 0x77, 0x99, 0x77, 0x79, 0x97, 
	0x95, 0x95, 0x11, 0x99, 0x99, 0x87, 0x87, 0x77, 
	0xa8, 0x87, 0x87, 0x78, 0x78, 0x87, 0x88, 0x78, 
	0x88, 0x87, 0x77, 0x77, 0x99, 0x91, 0x95, 0x55, 
	0x55, 0x99, 0x97, 0x78, 0x79, 0x99, 0x99, 0x99, 
	0x55, 0x95, 0x59, 0x77, 0x77, 0xa9, 0x88, 0x78, 
	0x55, 0x95, 0x97, 0x99, 0x99, 0x99, 0x99, 0x99, 
	0x95, 0x99, 0x55, 0x95, 0x11, 0x12, 0x00, 0x00, 
	0x32, 0x22, 0x11, 0x55, 0x10, 0x11, 0x00, 0x02, 
	0x23, 0x22, 0x22, 0x01, 0x00, 0x10, 0x00, 0x55, 
	0x00, 0x01, 0x55, 0x15, 0x55, 0x55, 0x91, 0x55, 
	0x55, 0x55, 0x55, 0x11, 0x51, 0x55, 0x51, 0x11, 
	0x02, 0x32, 0x10, 0x02, 0x22, 0x22, 0x22, 0x22, 
	0x46, 0x33, 0x32, 0x32, 0x23, 0x30, 0x02, 0x00, 
	0x79, 0x97, 0x87, 0x78, 0x87, 0x77, 0x79, 0x55, 
	0x55, 0x15, 0x55, 0x15, 0x51, 0x55, 0x11, 0x99, 
	0x77, 0x97, 0x77, 0x8a, 0xa8, 0x88, 0x87, 0x8a, 
	0x89, 0x99, 0x55, 0x11, 0x11, 0x15, 0x15, 0x99, 
	0xbe, 0xec, 0xce, 0xde, 0xd8, 0x88, 0x79, 0x99, 
	0x99, 0x99, 0x99, 0x88, 0x88, 0x7a, 0x88, 0xde, 
	0xec, 0xcb, 0xbb, 0xcb, 0xcb, 0xdb, 0xcd, 0xee, 
	0xcc, 0xbe, 0xda, 0xaa, 0xa8, 0x8a, 0x88, 0xdb, 
	0xcb, 0xce, 0xbe, 0xee, 0xda, 0xad, 0xaa, 0xde, 
	0xbe, 0xbc, 0xcc, 0xcc, 0xcc, 0xcc, 0xcc, 0xcc, 
	0xbb, 0xbb, 0xbb, 0xbb, 0xbe, 0xdb, 0xbe, 0xee, 
	0xeb, 0xbc, 0xcc, 0xcc, 0xcc, 0xcc, 0xcc, 0xbc, 
	0xee, 0xdd, 0xdd, 0xee, 0xeb, 0xbb, 0xcc, 0xbb, 
	0xbb, 0xbb, 0xbb, 0xbc, 0xcc, 0xcb, 0xbb, 0xcc, 
	0xcb, 0xbc, 0xcb, 0xcc, 0xbc, 0xeb, 0xcc, 0xbc, 
	0xbc, 0xcc, 0xcc, 0xcb, 0xbb, 0xee, 0xee, 0xde, 
	0xee, 0xbe, 0xbc, 0xbc, 0xcc, 0xbb, 0xcc, 0xce, 
	0xee, 0xcc, 0xbb, 0xee, 0xee, 0xee, 0xee, 0xee, 
	0xeb, 0xbb, 0xbb, 0xbb, 0xbb, 0xbb, 0xbb, 0xbb, 
	0xbe, 0xee, 0xee, 0xda, 0xad, 0xdd, 0xda, 0xdd, 
	0xcc, 0xcc, 0xcc, 0xee, 0xec, 0xee, 0xbe, 0xcc, 
	0xcc, 0xee, 0xbe, 0xee, 0xbe, 0xeb, 0xcb, 0xeb, 
	0xbb, 0xbb, 0xbb, 0xee, 0xbb, 0xee, 0xdd, 0xda, 
	0xda, 0xaa, 0xdd, 0x88, 0x8d, 0xbb, 0xcc, 0xcc, 
	0xa8, 0x77, 0x87, 0x77, 0x78, 0xdd, 0xdc, 0xea, 
	0xcd, 0x8a, 0xa8, 0xad, 0xa8, 0x78, 0xa8, 0x8a, 
	0xd8, 0x79, 0x87, 0x8d, 0xdd, 0xaa, 0xaa, 0xaa, 
	0xad, 0xad, 0xa7, 0x9a, 0xd8, 0xdd, 0xdd, 0xde, 
	0x03, 0x43, 0x02, 0x32, 0x20, 0x59, 0x99, 0x95, 
	0x95, 0x15, 0x55, 0x99, 0x15, 0x51, 0x00, 0x11, 
	0x01, 0x02, 0x10, 0x05, 0x15, 0x55, 0x55, 0x77, 
	0x77, 0x97, 0x52, 0x19, 0x95, 0x59, 0x51, 0x59, 
	0x91, 0x00, 0x02, 0x22, 0x22, 0x21, 0x11, 0x99, 
	0x59, 0x51, 0x55, 0x55, 0x59, 0x95, 0x59, 0x55, 
	0x95, 0x55, 0x55, 0x51, 0x11, 0x11, 0x10, 0x01, 
	0x00, 0x11, 0x12, 0x21, 0x15, 0x99, 0x99, 0x99, 
	0x99, 0x95, 0x95, 0x55, 0x11, 0x22, 0x20, 0x11, 
	0x15, 0x95, 0x15, 0x11, 0x51, 0x55, 0x55, 0x95, 
	0x99, 0x99, 0x95, 0x99, 0x99, 0x99, 0x95, 0x95, 
	0x51, 0x55, 0x00, 0x02, 0x00, 0x11, 0x11, 0x55, 
	0x11, 0x15, 0x59, 0x57, 0x99, 0x95, 0x51, 0x11, 
	0x11, 0x51, 0x15, 0x11, 0x51, 0x15, 0x00, 0x51, 
	0x11, 0x11, 0x11, 0x05, 0x55, 0x59, 0x99, 0x99, 
	0x99, 0x99, 0x95, 0x95, 0x51, 0x15, 0x00, 0x51, 
	0x51, 0x01, 0x01, 0x01, 0x11, 0x55, 0x95, 0x59, 
	0x59, 0x91, 0x59, 0x55, 0x99, 0x59, 0x51, 0x51, 
	0x55, 0x55, 0x11, 0x01, 0x11, 0x00, 0x10, 0x01, 
	0x55, 0x95, 0x99, 0x99, 0x99, 0x59, 0x55, 0x55, 
	0x10, 0x10, 0x20, 0x20, 0x00, 0x22, 0x00, 0x00, 
	0x00, 0x10, 0x20, 0x02, 0x15, 0x11, 0x55, 0x55, 
	0x59, 0x95, 0x59, 0x55, 0x55, 0x11, 0x11, 0x02, 
	0x10, 0x20, 0x01, 0x02, 0x20, 0x32, 0x00, 0x01, 
	0x32, 0x00, 0x00, 0x01, 0x11, 0x01, 0x00, 0x10, 
	0x22, 0x22, 0x34, 0x44, 0x64, 0x34, 0x44, 0x22, 
	0x20, 0x02, 0x21, 0x01, 0x11, 0x11, 0x21, 0x51, 
	0x11, 0x10, 0x02, 0x34, 0x44, 0x44, 0x44, 0x33, 
	0x44, 0x44, 0x34, 0x43, 0x22, 0x20, 0x00, 0x00, 
	0x00, 0x00, 0x03, 0x32, 0x33, 0x33, 0x46, 0x44, 
	0x46, 0x66, 0x66, 0x64, 0x66, 0x44, 0x44, 0x33, 
	0x43, 0x33, 0x33, 0x33, 0x33, 0x32, 0x44, 0x36, 
	0x33, 0x33, 0x44, 0x64, 0x66, 0x64, 0x66, 0x66, 
	0x44, 0x43, 0x34, 0x33, 0x32, 0x22, 0x23, 0x43, 
	0x34, 0x44, 0x46, 0x44, 0x66, 0x66, 0x66, 0x66, 
	0x66, 0x44, 0x43, 0x33, 0x22, 0x33, 0x22, 0x22, 
	0x22, 0x32, 0x32, 0x23, 0x46, 0x43, 0x32, 0x19, 
	0x79, 0x55, 0x95, 0x10, 0x19, 0x50, 0x01, 0x22, 
	0x00, 0x22, 0x34, 0x44, 0x33, 0x32, 0x33, 0x33, 
	0x23, 0x22, 0x22, 0x33, 0x21, 0x12, 0x33, 0x32, 
	0x43, 0x23, 0x44, 0x33, 0x05, 0x98, 0xec, 0xcc, 
	0xcc, 0xcc, 0xcc, 0xea, 0xad, 0xee, 0xdd, 0xa7, 
	0x97, 0x51, 0x01, 0x51, 0x00, 0x22, 0x02, 0x20, 
	0x00, 0x12, 0x00, 0x15, 0x98, 0xee, 0x71, 0x03, 
	0x50, 0x22, 0x32, 0x99, 0x8d, 0xae, 0xce, 0xcb, 
	0xcc, 0xcc, 0xcc, 0xcd, 0x88, 0xee, 0xbe, 0xbb, 
	0xbc, 0xbb, 0xdc, 0xcb, 0xde, 0xda, 0xa8, 0x8a, 
	0x88, 0x88, 0xa8, 0xae, 0xdd, 0xeb, 0xcc, 0xd8, 
	0xea, 0x8a, 0xad, 0xcc, 0xee, 0xbe, 0xcc, 0xcc, 
	0xcc, 0xcc, 0xee, 0xde, 0xdd, 0xee, 0xee, 0xbe, 
	0xbb, 0xbe, 0xcc, 0xbb, 0xbb, 0xcc, 0xcc, 0xcc, 
	0xcc, 0xcc, 0xcc, 0xcc, 0xee, 0xee, 0xeb, 0xbc, 
	0xec, 0xcb, 0xcc, 0xeb, 0xcc, 0xbe, 0xbb, 0xcc, 
	0xcc, 0xcc, 0xcc, 0xcc, 0xde, 0xbb, 0xeb, 0xeb, 
	0xbe, 0xbd, 0xcc, 0xeb, 0xbb, 0xcb, 0xeb, 0xee, 
	0xcc, 0xcc, 0xcc, 0xcc, 0xee, 0xbe, 0xee, 0xeb, 
	0xce, 0xbe, 0xce, 0xee, 0xdd, 0xeb, 0xbe, 0xee, 
	0xdd, 0xde, 0xcc, 0xcc, 0xde, 0xbb, 0xbb, 0xbb, 
	0xee, 0xbe, 0xcc, 0xee, 0xeb, 0xda, 0xde, 0xee, 
	0xec, 0xcc, 0xcc, 0xcc, 0xee, 0xbb, 0xee, 0xeb, 
	0xce, 0xee, 0xbd, 0xdd, 0x8a, 0xad, 0xde, 0xbb, 
	0xdd, 0xa8, 0x8a, 0xeb, 0xce, 0xeb, 0xee, 0xbb, 
	0xbb, 0xbb, 0xcd, 0xdd, 0xaa, 0xaa, 0x8d, 0xee, 
	0xbb, 0xcc, 0xcc, 0xcc, 0xbb, 0xee, 0xee, 0xbe, 
	0xce, 0xdd, 0xbd, 0xad, 0xda, 0xaa, 0xad, 0xdd, 
	0xce, 0xea, 0x88, 0x8a, 0xee, 0xee, 0xed, 0xdb, 
	0xbd, 0xad, 0xea, 0xae, 0xaa, 0xad, 0xda, 0xad, 
	0xee, 0xec, 0xce, 0xee, 0xee, 0xeb, 0xbe, 0xcb, 
	0xed, 0xdd, 0xdd, 0xad, 0xee, 0xeb, 0xed, 0xed, 
	0xee, 0xbe, 0xee, 0xed, 0xee, 0xed, 0xdd, 0xad, 
	0xda, 0x8a, 0xaa, 0xad, 0xda, 0xaa, 0xaa, 0xad, 
	0xad, 0xd8, 0xad, 0xdd, 0xee, 0xed, 0xdd, 0xae, 
	0xee, 0xdd, 0xdd, 0xdd, 0xde, 0xbb, 0xbe, 0xbc, 
	0xbe, 0xcb, 0xeb, 0xee, 0xda, 0xad, 0xad, 0xda, 
	0xda, 0xad, 0xed, 0xda, 0xad, 0xde, 0xad, 0xee, 
	0xdd, 0xed, 0xad, 0xdd, 0xda, 0xdd, 0xad, 0xdd, 
	0xdd, 0xdd, 0xdd, 0xdd, 0xee, 0xbb, 0xba, 0xbb, 
	0xcc, 0xbb, 0xed, 0xa8, 0x88, 0x88, 0x88, 0x88, 
	0x88, 0xaa, 0xdd, 0xdd, 0xdd, 0xad, 0xdd, 0xbe, 
	0xde, 0xee, 0xdd, 0xdd, 0xaa, 0xdd, 0xdd, 0xdd, 
	0xda, 0xaa, 0xaa, 0x8a, 0xee, 0xee, 0xbd, 0xbe, 
	0xcc, 0xbb, 0xed, 0xda, 0xaa, 0xaa, 0xa8, 0x88, 
	0x89, 0x77, 0x77, 0x98, 0x88, 0x77, 0xaa, 0xdd, 
	0xdd, 0xde, 0xdd, 0xbd, 0xad, 0xdd, 0xda, 0xaa, 
	0xaa, 0xaa, 0x88, 0x88, 0xdd, 0xda, 0xdd, 0xda, 
	0xed, 0xdd, 0xdd, 0xdd, 0xaa, 0x88, 0xdd, 0xad, 
	0xda, 0xa8, 0x87, 0x77, 0x77, 0x79, 0x99, 0x99, 
	0x99, 0x77, 0x87, 0x77, 0x88, 0x88, 0xaa, 0x88, 
	0x77, 0x77, 0x79, 0x99, 0x78, 0x97, 0x89, 0x78, 
	0x78, 0x88, 0x88, 0x88, 0x77, 0x71, 0x77, 0x78, 
	0x8a, 0xaa, 0x87, 0x88, 0x78, 0x79, 0x99, 0x55, 
	0x51, 0x11, 0x51, 0x15, 0x59, 0x95, 0x77, 0x77, 
	0x11, 0x55, 0x99, 0x55, 0x51, 0x00, 0x12, 0x22, 
	0x33, 0x22, 0x32, 0x22, 0x32, 0x12, 0x23, 0x22, 
	0x20, 0x09, 0x77, 0x79, 0x95, 0x55, 0x59, 0x95, 
	0x51, 0x11, 0x10, 0x15, 0x11, 0x10, 0x11, 0x55, 
	0x10, 0x01, 0x55, 0x11, 0x11, 0x11, 0x00, 0x12, 
	0x23, 0x33, 0x33, 0x34, 0x32, 0x21, 0x10, 0x33, 
	0x44, 0x64, 0x01, 0x55, 0x51, 0x15, 0x11, 0x51, 
	0x00, 0x10, 0x00, 0x01, 0x15, 0x15, 0x51, 0x11, 
	0x51, 0x55, 0x55, 0x59, 0x95, 0x99, 0x51, 0x15, 
	0x01, 0x11, 0x51, 0x11, 0x11, 0x11, 0x00, 0x15, 
	0x50, 0x00, 0x11, 0x7e, 0xa8, 0xad, 0xa7, 0x88, 
	0x95, 0x51, 0x11, 0x11, 0x11, 0x15, 0x10, 0x15, 
	0x79, 0x97, 0x79, 0x99, 0x50, 0x11, 0x02, 0x20, 
	0x22, 0x01, 0x11, 0x99, 0x99, 0x99, 0x97, 0xaa, 
	0xd8, 0x88, 0x88, 0xab, 0xce, 0xeb, 0xed, 0xdd, 
	0xaa, 0xa8, 0x87, 0x77, 0x95, 0x97, 0x55, 0x77, 
	0xdd, 0xad, 0xda, 0xaa, 0x88, 0xaa, 0x88, 0x88, 
	0x87, 0x78, 0x77, 0x88, 0x8a, 0xad, 0xbb, 0xed, 
	0xaa, 0xdd, 0xdd, 0xde, 0xce, 0xde, 0xbe, 0xdd, 
	0xdd, 0xdd, 0xad, 0xed, 0xdd, 0xde, 0xee, 0xed, 
	0xbc, 0xcb, 0xcb, 0xcc, 0xcc, 0xcc, 0xcc, 0xcc, 
	0xcc, 0xbb, 0xee, 0xdd, 0xee, 0xee, 0xed, 0xdd, 
	0xde, 0xeb, 0xbb, 0xcb, 0xbb, 0xee, 0xbe, 0xdd, 
	0xdd, 0xee, 0xee, 0xbc, 0xcc, 0xcc, 0xcb, 0xcc, 
	0xcc, 0xbb, 0xcc, 0xbb, 0xbb, 0xbb, 0xbc, 0xcc, 
	0xcc, 0xcc, 0xcc, 0xcc, 0xbe, 0xed, 0xde, 0xee, 
	0xcc, 0xbb, 0xcb, 0xbb, 0xee, 0xad, 0xde, 0xcc, 
	0xcc, 0xcc, 0xcb, 0xcb, 0xcb, 0xcc, 0xbb, 0xbc, 
	0xcb, 0xbc, 0xcc, 0xcb, 0xbb, 0xbb, 0xcc, 0xcc, 
	0xcc, 0xcc, 0xcc, 0xbc, 0xbe, 0xec, 0xcc, 0xcc, 
	0xcc, 0xbd, 0xbd, 0xae, 0xee, 0xeb, 0xcc, 0xcc, 
	0xcd, 0xa7, 0xa8, 0x8a, 0xae, 0xbc, 0xcc, 0xcc, 
	0x77, 0x95, 0x75, 0x97, 0x8a, 0x8a, 0xa8, 0x89, 
	0xa8, 0xad, 0xad, 0xde, 0xdd, 0x8a, 0xdd, 0x88, 
	0x77, 0x91, 0x99, 0x9a, 0xad, 0xa8, 0x89, 0x99, 
	0x99, 0x99, 0x99, 0x78, 0x87, 0x78, 0x87, 0x78, 
	0x00, 0x00, 0x10, 0x01, 0x55, 0x15, 0x51, 0x10, 
	0x11, 0x15, 0x00, 0x11, 0x20, 0x02, 0x34, 0x42, 
	0x44, 0x20, 0x11, 0x19, 0x51, 0x55, 0x10, 0x55, 
	0x59, 0x59, 0x51, 0x51, 0x00, 0x02, 0x22, 0x00, 
	0x01, 0x15, 0x55, 0x55, 0x55, 0x55, 0x55, 0x95, 
	0x59, 0x10, 0x02, 0x32, 0x33, 0x22, 0x32, 0x21, 
	0x55, 0x59, 0x95, 0x55, 0x55, 0x19, 0x95, 0x95, 
	0x55, 0x11, 0x11, 0x15, 0x11, 0x95, 0x19, 0x11, 
	0x20, 0x11, 0x51, 0x55, 0x01, 0x51, 0x55, 0x55, 
	0x11, 0x10, 0x00, 0x20, 0x12, 0x00, 0x15, 0x99, 
	0x99, 0x95, 0x51, 0x55, 0x59, 0x55, 0x51, 0x10, 
	0x00, 0x01, 0x99, 0x99, 0x95, 0x55, 0x11, 0x10, 
	0x55, 0x55, 0x59, 0x55, 0x15, 0x55, 0x51, 0x15, 
	0x51, 0x10, 0x20, 0x00, 0x10, 0x15, 0x55, 0x99, 
	0x55, 0x11, 0x11, 0x15, 0x55, 0x51, 0x02, 0x32, 
	0x00, 0x15, 0x55, 0x11, 0x11, 0x05, 0x10, 0x55, 
	0x51, 0x55, 0x11, 0x00, 0x10, 0x00, 0x00, 0x02, 
	0x21, 0x11, 0x22, 0x22, 0x00, 0x00, 0x00, 0x05, 
	0x51, 0x10, 0x11, 0x01, 0x55, 0x02, 0x23, 0x22, 
	0x00, 0x01, 0x02, 0x21, 0x11, 0x15, 0x51, 0x15, 
	
};

Gfx bob_dl_BigTreeCourse_ci4_pal_rgba16_aligner[] = {gsSPEndDisplayList()};
u8 bob_dl_BigTreeCourse_ci4_pal_rgba16[] = {
	0xb3, 0xcb, 0xb4, 0x0b, 0xab, 0x8b, 0xab, 0x89, 
	0xa3, 0x49, 0xbc, 0x4d, 0x9b, 0x09, 0xc4, 0x8f, 
	0xcc, 0xcf, 0xc4, 0x8d, 0xcd, 0x11, 0xd5, 0x93, 
	0xdd, 0x93, 0xd5, 0x11, 0xd5, 0x53, 
};

Vtx bob_dl_Geometry_001_mesh_layer_1_vtx_cull[8] = {
	{{ {-13115, -962, 14156}, 0, {0, 0}, {0, 0, 0, 0} }},
	{{ {-13115, 7931, 14156}, 0, {0, 0}, {0, 0, 0, 0} }},
	{{ {-13115, 7931, -10732}, 0, {0, 0}, {0, 0, 0, 0} }},
	{{ {-13115, -962, -10732}, 0, {0, 0}, {0, 0, 0, 0} }},
	{{ {11257, -962, 14156}, 0, {0, 0}, {0, 0, 0, 0} }},
	{{ {11257, 7931, 14156}, 0, {0, 0}, {0, 0, 0, 0} }},
	{{ {11257, 7931, -10732}, 0, {0, 0}, {0, 0, 0, 0} }},
	{{ {11257, -962, -10732}, 0, {0, 0}, {0, 0, 0, 0} }},
};

Vtx bob_dl_Geometry_001_mesh_layer_1_vtx_0[288] = {
	{{ {-3160, -506, 757}, 0, {-12910, 13566}, {0, 222, 3, 255} }},
	{{ {-3228, -506, -2308}, 0, {-13431, 19919}, {23, 161, 0, 255} }},
	{{ {-3160, -506, -4637}, 0, {-13533, 24779}, {2, 49, 0, 255} }},
	{{ {3017, 3285, -5261}, 0, {9895, 16977}, {23, 161, 0, 255} }},
	{{ {4587, 4048, -2814}, 0, {13695, 11158}, {23, 161, 0, 255} }},
	{{ {3026, 4071, -5510}, 0, {8118, 16288}, {23, 161, 0, 255} }},
	{{ {-3539, 2174, -4637}, 0, {1685, 29204}, {0, 94, 5, 255} }},
	{{ {-3186, 3965, -5502}, 0, {5817, 30170}, {23, 161, 0, 255} }},
	{{ {-7334, 1877, 662}, 0, {-75, 15748}, {23, 161, 0, 255} }},
	{{ {-1044, 2225, -4643}, 0, {13988, 27154}, {0, 60, 8, 255} }},
	{{ {-2880, 2223, -4641}, 0, {14199, 30343}, {0, 101, 13, 255} }},
	{{ {-1743, 2488, -2011}, 0, {19264, 28089}, {0, 176, 10, 255} }},
	{{ {-2377, -403, -3394}, 0, {-15825, 22472}, {2, 49, 0, 255} }},
	{{ {-3160, -506, -4637}, 0, {-13533, 24779}, {2, 49, 0, 255} }},
	{{ {-3228, -506, -2308}, 0, {-13431, 19919}, {23, 161, 0, 255} }},
	{{ {-418, -506, -4641}, 0, {-16933, 26706}, {1, 23, 0, 255} }},
	{{ {-1011, -506, -3200}, 0, {-20065, 25728}, {0, 15, 0, 255} }},
	{{ {-398, -506, -1920}, 0, {-21136, 29852}, {0, 15, 0, 255} }},
	{{ {-3228, -506, -2308}, 0, {-13431, 19919}, {23, 161, 0, 255} }},
	{{ {-2713, -645, -1028}, 0, {-14434, 17020}, {23, 161, 0, 255} }},
	{{ {-2608, -506, 793}, 0, {-13963, 12681}, {0, 222, 3, 255} }},
	{{ {-1311, -402, 3099}, 0, {-13633, 2103}, {61, 135, 2, 255} }},
	{{ {-3531, -506, 757}, 0, {-12188, 14566}, {0, 222, 3, 255} }},
	{{ {-3545, -506, 6155}, 0, {-6496, 3218}, {13, 99, 0, 255} }},
	{{ {-6667, -506, 763}, 0, {-5358, 16073}, {13, 99, 0, 255} }},
	{{ {-3535, -506, -1940}, 0, {-8452, 24114}, {0, 73, 4, 255} }},
	{{ {-3539, -506, -4637}, 0, {-4680, 29566}, {0, 73, 4, 255} }},
	{{ {-3539, 2010, -4637}, 0, {1302, 29275}, {0, 94, 5, 255} }},
	{{ {-3539, -506, -4637}, 0, {-4680, 29566}, {0, 73, 4, 255} }},
	{{ {-3539, 2174, -4637}, 0, {1685, 29204}, {0, 94, 5, 255} }},
	{{ {-4295, 2586, 7012}, 0, {1423, 3794}, {0, 194, 11, 255} }},
	{{ {-398, -506, -1920}, 0, {-21136, 21660}, {0, 15, 0, 255} }},
	{{ {-418, -488, 755}, 0, {-24978, 25035}, {0, 222, 3, 255} }},
	{{ {-418, -506, -4641}, 0, {-16933, 18514}, {1, 23, 0, 255} }},
	{{ {-1347, -679, -834}, 0, {-24786, 22160}, {20, 185, 2, 255} }},
	{{ {-4110, 1956, -1832}, 0, {5817, 9}, {0, 255, 14, 255} }},
	{{ {-3538, 1956, -4063}, 0, {7131, -5091}, {0, 73, 4, 255} }},
	{{ {-4113, 1956, -4062}, 0, {5817, -5091}, {0, 73, 4, 255} }},
	{{ {-3536, 1956, -1833}, 0, {7131, 9}, {0, 255, 14, 255} }},
	{{ {-1311, -402, 3099}, 0, {-13633, 2103}, {61, 135, 2, 255} }},
	{{ {-3545, -506, 6155}, 0, {-6496, 3218}, {13, 99, 0, 255} }},
	{{ {1279, -505, 3774}, 0, {-11716, -10235}, {62, 131, 0, 255} }},
	{{ {2686, -441, 6147}, 0, {-5015, -9991}, {13, 99, 0, 255} }},
	{{ {4012, -506, 2216}, 0, {-6069, -18046}, {8, 219, 3, 255} }},
	{{ {4835, -506, 1687}, 0, {-4712, -19782}, {22, 165, 1, 255} }},
	{{ {5795, -506, 748}, 0, {-3495, -22260}, {13, 99, 0, 255} }},
	{{ {4788, -506, 710}, 0, {-5337, -22002}, {15, 209, 3, 255} }},
	{{ {4234, -506, -1948}, 0, {-5782, -28263}, {13, 99, 0, 255} }},
	{{ {3631, -506, -363}, 0, {-7511, -23990}, {0, 222, 3, 255} }},
	{{ {2926, -488, -363}, 0, {-8992, -23629}, {0, 222, 3, 255} }},
	{{ {-418, -488, 755}, 0, {-16444, -19304}, {0, 222, 3, 255} }},
	{{ {2926, -506, 342}, 0, {-9100, -21799}, {0, 222, 3, 255} }},
	{{ {1208, -499, 1577}, 0, {-12555, -17243}, {0, 153, 24, 255} }},
	{{ {-1430, -506, 1246}, 0, {-18966, -18687}, {0, 222, 3, 255} }},
	{{ {3143, -506, 1768}, 0, {-8208, -18126}, {0, 222, 3, 255} }},
	{{ {3097, -506, 791}, 0, {-8611, -20688}, {0, 222, 3, 255} }},
	{{ {3631, -506, 342}, 0, {-7635, -22176}, {0, 222, 3, 255} }},
	{{ {3919, -506, 262}, 0, {-7073, -22556}, {0, 222, 3, 255} }},
	{{ {-3487, 1468, -901}, 0, {17601, -5814}, {23, 161, 0, 255} }},
	{{ {-3487, 1728, -1505}, 0, {16221, -5220}, {4, 80, 4, 255} }},
	{{ {-3487, 1728, -901}, 0, {17602, -5220}, {0, 255, 14, 255} }},
	{{ {-3487, 1468, -1505}, 0, {16220, -5813}, {23, 161, 0, 255} }},
	{{ {-3487, 1728, -901}, 0, {17602, -5220}, {0, 255, 14, 255} }},
	{{ {-4091, 1728, -1505}, 0, {16220, -3839}, {0, 73, 4, 255} }},
	{{ {-4091, 1728, -901}, 0, {17601, -3838}, {0, 255, 14, 255} }},
	{{ {-3487, 1728, -1505}, 0, {16221, -5220}, {4, 80, 4, 255} }},
	{{ {-1430, -506, 1246}, 0, {-16449, 11251}, {0, 222, 3, 255} }},
	{{ {-418, -488, 755}, 0, {-18909, 11982}, {0, 222, 3, 255} }},
	{{ {-1347, -679, -834}, 0, {-17417, 15953}, {20, 185, 2, 255} }},
	{{ {-2608, -506, 793}, 0, {-13963, 12681}, {0, 222, 3, 255} }},
	{{ {-2713, -645, -1028}, 0, {-14434, 17020}, {23, 161, 0, 255} }},
	{{ {-1311, -827, 3099}, 0, {5817, 5774}, {0, 222, 3, 255} }},
	{{ {-1430, -826, 1246}, 0, {8730, 2685}, {0, 222, 3, 255} }},
	{{ {-2608, -826, 793}, 0, {7648, 9}, {0, 222, 3, 255} }},
	{{ {1279, -826, 3774}, 0, {8730, 11158}, {0, 222, 3, 255} }},
	{{ {5795, -506, 748}, 0, {-3495, -14068}, {13, 99, 0, 255} }},
	{{ {4234, 2174, -1948}, 0, {1143, -21802}, {0, 226, 13, 255} }},
	{{ {4234, -506, -1948}, 0, {-5782, -20071}, {13, 99, 0, 255} }},
	{{ {6493, 2824, 494}, 0, {3825, -14583}, {19, 142, 0, 255} }},
	{{ {4578, 3285, -2565}, 0, {4115, -22588}, {23, 161, 0, 255} }},
	{{ {4587, 4048, -2814}, 0, {5817, -23019}, {23, 161, 0, 255} }},
	{{ {-3545, -506, 6155}, 0, {-6496, 3218}, {13, 99, 0, 255} }},
	{{ {2818, 2550, 7816}, 0, {2262, -7998}, {0, 194, 11, 255} }},
	{{ {2686, -441, 6147}, 0, {-5015, -9991}, {13, 99, 0, 255} }},
	{{ {-4295, 2586, 7012}, 0, {1423, 3794}, {0, 194, 11, 255} }},
	{{ {-1011, -962, -3200}, 0, {11713, 2462}, {23, 161, 0, 255} }},
	{{ {-2377, -962, -3394}, 0, {14355, 740}, {23, 161, 0, 255} }},
	{{ {-3228, -962, -2308}, 0, {14185, -2410}, {23, 161, 0, 255} }},
	{{ {-2713, -962, -1028}, 0, {11373, -3838}, {23, 161, 0, 255} }},
	{{ {-1347, -962, -834}, 0, {8730, -2116}, {21, 182, 1, 255} }},
	{{ {-398, -962, -1920}, 0, {8730, 1183}, {23, 161, 0, 255} }},
	{{ {2673, 2174, -4645}, 0, {12492, 18322}, {1, 116, 0, 255} }},
	{{ {4234, 2174, -1948}, 0, {18074, 13925}, {0, 226, 13, 255} }},
	{{ {4578, 3285, -2565}, 0, {15351, 12123}, {23, 161, 0, 255} }},
	{{ {4578, 3285, -2565}, 0, {15351, 12123}, {23, 161, 0, 255} }},
	{{ {3017, 3285, -5261}, 0, {9895, 16977}, {23, 161, 0, 255} }},
	{{ {2673, 2174, -4645}, 0, {12492, 18322}, {1, 116, 0, 255} }},
	{{ {4587, 4048, -2814}, 0, {13695, 11158}, {23, 161, 0, 255} }},
	{{ {-119, 3158, -5644}, 0, {8192, 24138}, {2, 160, 0, 255} }},
	{{ {3026, 4071, -5510}, 0, {8118, 16288}, {23, 161, 0, 255} }},
	{{ {-134, 4091, -6132}, 0, {5817, 23964}, {2, 160, 0, 255} }},
	{{ {-436, 2174, -4641}, 0, {11259, 24995}, {1, 116, 0, 255} }},
	{{ {2586, 2174, -4494}, 0, {12819, 18503}, {1, 89, 0, 255} }},
	{{ {-436, 2174, -4490}, 0, {11824, 24919}, {7, 122, 0, 255} }},
	{{ {2260, 2174, -4401}, 0, {12952, 19225}, {1, 92, 0, 255} }},
	{{ {-458, 2174, -4015}, 0, {14080, 24915}, {7, 122, 0, 255} }},
	{{ {964, 2174, -4069}, 0, {13847, 21922}, {7, 122, 0, 255} }},
	{{ {235, 2174, -4046}, 0, {14009, 23454}, {7, 122, 0, 255} }},
	{{ {-364, 2174, -3773}, 0, {14675, 24723}, {7, 122, 0, 255} }},
	{{ {-725, 2174, -2043}, 0, {18980, 25570}, {0, 181, 10, 255} }},
	{{ {-1315, 2174, -1802}, 0, {19686, 26868}, {0, 181, 10, 255} }},
	{{ {-436, 2488, -5112}, 0, {12580, 25515}, {0, 127, 25, 255} }},
	{{ {261, 2174, -1802}, 0, {19356, 23411}, {0, 181, 10, 255} }},
	{{ {110, 2174, -1652}, 0, {19738, 23759}, {0, 181, 10, 255} }},
	{{ {-1164, 2174, -1652}, 0, {20000, 26575}, {0, 181, 10, 255} }},
	{{ {110, 2174, -419}, 0, {22607, 23891}, {2, 199, 0, 255} }},
	{{ {261, 2174, -269}, 0, {22933, 23553}, {2, 198, 0, 255} }},
	{{ {-1164, 2174, -419}, 0, {22709, 26986}, {2, 199, 0, 255} }},
	{{ {-504, 2177, 621}, 0, {25180, 25452}, {0, 255, 33, 255} }},
	{{ {-1315, 2174, -269}, 0, {23011, 27408}, {2, 199, 0, 255} }},
	{{ {-1885, 1826, 1212}, 0, {26207, 29330}, {0, 255, 32, 255} }},
	{{ {-436, 2174, 755}, 0, {25488, 25296}, {0, 255, 33, 255} }},
	{{ {-1901, 1809, 1383}, 0, {26585, 29434}, {0, 255, 14, 255} }},
	{{ {4028, 2174, -2003}, 0, {18009, 14433}, {0, 226, 13, 255} }},
	{{ {3027, 2174, -2192}, 0, {17824, 16862}, {0, 181, 10, 255} }},
	{{ {4234, 2174, -1948}, 0, {18074, 13925}, {0, 226, 13, 255} }},
	{{ {1985, 2174, -3028}, 0, {16155, 19479}, {1, 105, 0, 255} }},
	{{ {3027, 2174, -2192}, 0, {17824, 16862}, {0, 181, 10, 255} }},
	{{ {2260, 2174, -4401}, 0, {12952, 19225}, {1, 92, 0, 255} }},
	{{ {1820, 2174, -3602}, 0, {14861, 19989}, {1, 107, 0, 255} }},
	{{ {1447, 2174, -3896}, 0, {14219, 20860}, {1, 108, 0, 255} }},
	{{ {964, 2174, -4069}, 0, {13847, 21922}, {7, 122, 0, 255} }},
	{{ {1295, 2174, -3737}, 0, {14615, 21159}, {64, 36, 0, 255} }},
	{{ {914, 2174, -3830}, 0, {14436, 21994}, {64, 36, 0, 255} }},
	{{ {384, 2174, -3814}, 0, {14563, 23122}, {64, 36, 0, 255} }},
	{{ {235, 2174, -4046}, 0, {14009, 23454}, {7, 122, 0, 255} }},
	{{ {12, 2174, -3669}, 0, {14933, 23925}, {64, 36, 0, 255} }},
	{{ {-143, 2174, -3673}, 0, {14922, 24254}, {56, 71, 0, 255} }},
	{{ {-364, 2174, -3773}, 0, {14675, 24723}, {7, 122, 0, 255} }},
	{{ {-69, 2174, -3555}, 0, {15210, 24099}, {64, 36, 0, 255} }},
	{{ {-413, 2174, -2944}, 0, {16722, 24858}, {2, 161, 0, 255} }},
	{{ {-725, 2174, -2043}, 0, {18980, 25570}, {0, 181, 10, 255} }},
	{{ {-21, 2174, -2442}, 0, {17880, 23999}, {0, 181, 10, 255} }},
	{{ {508, 2174, -1942}, 0, {18976, 22831}, {0, 181, 10, 255} }},
	{{ {261, 2174, -1802}, 0, {19356, 23411}, {0, 181, 10, 255} }},
	{{ {931, 2174, -2323}, 0, {18003, 21847}, {1, 137, 0, 255} }},
	{{ {194, 2174, -2652}, 0, {17348, 23514}, {64, 36, 0, 255} }},
	{{ {-86, 2174, -3010}, 0, {16524, 24136}, {64, 36, 0, 255} }},
	{{ {562, 2174, -3262}, 0, {15849, 22711}, {64, 36, 0, 255} }},
	{{ {838, 2174, -3045}, 0, {16321, 22084}, {64, 36, 0, 255} }},
	{{ {895, 2174, -2564}, 0, {17443, 21930}, {64, 36, 0, 255} }},
	{{ {931, 2174, -2323}, 0, {18003, 21847}, {1, 131, 0, 255} }},
	{{ {1543, 2174, -2705}, 0, {16988, 20450}, {64, 36, 0, 255} }},
	{{ {1815, 2174, -2501}, 0, {17395, 19780}, {1, 104, 0, 255} }},
	{{ {1660, 2174, -3072}, 0, {16118, 20231}, {64, 36, 0, 255} }},
	{{ {1572, 2174, -3519}, 0, {15090, 20518}, {64, 36, 0, 255} }},
	{{ {-4343, 2062, 2626}, 0, {5817, -7916}, {23, 161, 0, 255} }},
	{{ {-3526, 2062, 3665}, 0, {7954, -10053}, {0, 255, 14, 255} }},
	{{ {-3362, 2062, 2743}, 0, {5817, -10176}, {23, 161, 0, 255} }},
	{{ {-4460, 2062, 3608}, 0, {8077, -7916}, {0, 255, 14, 255} }},
	{{ {-4082, 1705, 603}, 0, {8387, -4472}, {0, 255, 14, 255} }},
	{{ {-3535, 951, -1206}, 0, {7131, 9}, {0, 73, 4, 255} }},
	{{ {-4084, 950, -1206}, 0, {8387, 9}, {0, 73, 4, 255} }},
	{{ {-3533, 1705, 602}, 0, {7131, -4472}, {0, 255, 14, 255} }},
	{{ {2473, 305, -1154}, 0, {16220, -3839}, {23, 161, 0, 255} }},
	{{ {2387, 391, 212}, 0, {13093, -4114}, {0, 222, 3, 255} }},
	{{ {2473, 305, 212}, 0, {13094, -3838}, {0, 222, 3, 255} }},
	{{ {2387, 391, -1154}, 0, {16219, -4116}, {23, 161, 0, 255} }},
	{{ {2387, 391, 212}, 0, {13093, -4114}, {0, 222, 3, 255} }},
	{{ {451, 391, -1154}, 0, {16220, -8541}, {23, 161, 0, 255} }},
	{{ {451, 391, 212}, 0, {13096, -8543}, {0, 222, 3, 255} }},
	{{ {2686, -441, 6147}, 0, {-5015, -9991}, {13, 99, 0, 255} }},
	{{ {6493, 2824, 494}, 0, {3825, -22775}, {19, 142, 0, 255} }},
	{{ {5795, -506, 748}, 0, {-3495, -22260}, {13, 99, 0, 255} }},
	{{ {2818, 2550, 7816}, 0, {2262, -7998}, {0, 194, 11, 255} }},
	{{ {-1315, 2174, -269}, 0, {23011, 27408}, {2, 199, 0, 255} }},
	{{ {-1164, 2174, -1652}, 0, {20000, 26575}, {0, 181, 10, 255} }},
	{{ {-1315, 2174, -1802}, 0, {19686, 26868}, {0, 181, 10, 255} }},
	{{ {-1164, 2174, -419}, 0, {22709, 26986}, {2, 199, 0, 255} }},
	{{ {-3378, 2174, -4487}, 0, {12261, 24675}, {0, 94, 5, 255} }},
	{{ {-436, 2174, -4490}, 0, {11514, 16808}, {7, 122, 0, 255} }},
	{{ {-436, 2174, -4641}, 0, {11259, 16803}, {1, 116, 0, 255} }},
	{{ {-3539, 2174, -4637}, 0, {11907, 25035}, {0, 94, 5, 255} }},
	{{ {-3175, 2174, 558}, 0, {24201, 24195}, {0, 226, 13, 255} }},
	{{ {-3539, 2174, 755}, 0, {24631, 25035}, {0, 255, 33, 255} }},
	{{ {-1901, 1809, 1383}, 0, {26585, 21242}, {0, 255, 14, 255} }},
	{{ {-1885, 1826, 1212}, 0, {26207, 21138}, {0, 255, 32, 255} }},
	{{ {-3030, 2187, 476}, 0, {24017, 23861}, {15, 255, 0, 255} }},
	{{ {-1885, 1826, 1212}, 0, {26207, 21138}, {0, 255, 32, 255} }},
	{{ {-1315, 2174, -269}, 0, {23011, 19216}, {2, 199, 0, 255} }},
	{{ {-3030, 2187, 476}, 0, {24017, 23861}, {15, 255, 0, 255} }},
	{{ {-1315, 2174, -1802}, 0, {19686, 18676}, {0, 181, 10, 255} }},
	{{ {-2642, 2495, -818}, 0, {21438, 22554}, {0, 202, 11, 255} }},
	{{ {-1743, 2488, -2011}, 0, {19264, 19897}, {0, 176, 10, 255} }},
	{{ {-2880, 2223, -4641}, 0, {14199, 22151}, {0, 101, 13, 255} }},
	{{ {-3378, 2488, -5108}, 0, {12920, 23570}, {0, 48, 4, 255} }},
	{{ {-2880, 2486, -4641}, 0, {13794, 22633}, {0, 85, 5, 255} }},
	{{ {-3378, 2174, -4487}, 0, {12261, 24675}, {0, 94, 5, 255} }},
	{{ {-3175, 2174, 558}, 0, {24201, 24195}, {0, 226, 13, 255} }},
	{{ {-1044, 2488, -4643}, 0, {13594, 26636}, {6, 111, 1, 255} }},
	{{ {-1315, 2174, -1802}, 0, {19686, 26868}, {0, 181, 10, 255} }},
	{{ {-436, 2488, -5112}, 0, {12580, 25515}, {0, 127, 25, 255} }},
	{{ {-1743, 2488, -2011}, 0, {19264, 28089}, {0, 176, 10, 255} }},
	{{ {-1044, 2488, -4643}, 0, {13594, 18444}, {6, 111, 1, 255} }},
	{{ {-3378, 2488, -5108}, 0, {12920, 23570}, {1, 59, 3, 255} }},
	{{ {-436, 2488, -5112}, 0, {12580, 17323}, {8, 99, 0, 255} }},
	{{ {-119, 3158, -5644}, 0, {8192, 15946}, {2, 160, 0, 255} }},
	{{ {-134, 4091, -6132}, 0, {5817, 15772}, {2, 160, 0, 255} }},
	{{ {-3186, 3965, -5502}, 0, {7048, 23670}, {23, 161, 0, 255} }},
	{{ {-3195, 3285, -5253}, 0, {8796, 23816}, {2, 160, 0, 255} }},
	{{ {-3539, 2174, -4637}, 0, {11907, 25035}, {0, 94, 5, 255} }},
	{{ {-436, 2174, -4641}, 0, {11259, 16803}, {1, 116, 0, 255} }},
	{{ {4086, 4383, -7421}, 0, {-728, 16674}, {23, 161, 0, 255} }},
	{{ {7897, 4655, -4581}, 0, {-7652, 15603}, {45, 132, 255, 255} }},
	{{ {5146, 4695, -9333}, 0, {-664, 18820}, {45, 132, 255, 255} }},
	{{ {6242, 4352, -3697}, 0, {-6420, 13805}, {23, 161, 0, 255} }},
	{{ {3026, 4071, -5510}, 0, {-792, 14528}, {23, 161, 0, 255} }},
	{{ {4587, 4048, -2814}, 0, {-5188, 12006}, {23, 161, 0, 255} }},
	{{ {8875, 2661, 872}, 0, {-12677, 8683}, {19, 142, 0, 255} }},
	{{ {6493, 2824, 494}, 0, {-10343, 8134}, {19, 142, 0, 255} }},
	{{ {6242, 4352, -3697}, 0, {-6420, 13805}, {23, 161, 0, 255} }},
	{{ {8875, 2661, 872}, 0, {-12677, 8683}, {19, 142, 0, 255} }},
	{{ {11257, 2498, 1250}, 0, {-15010, 9232}, {45, 132, 255, 255} }},
	{{ {7897, 4655, -4581}, 0, {-7652, 15603}, {45, 132, 255, 255} }},
	{{ {3798, 2283, 10986}, 0, {-12654, -7650}, {0, 194, 11, 255} }},
	{{ {-7758, 2078, 12738}, 0, {702, -16724}, {45, 132, 255, 255} }},
	{{ {4778, 2015, 14156}, 0, {-14959, -10027}, {45, 132, 255, 255} }},
	{{ {-6027, 2332, 9875}, 0, {457, -13193}, {0, 194, 11, 255} }},
	{{ {2818, 2550, 7816}, 0, {-10349, -5273}, {0, 194, 11, 255} }},
	{{ {-4295, 2586, 7012}, 0, {212, -9661}, {0, 194, 11, 255} }},
	{{ {-279, 4412, -8281}, 0, {5568, 14946}, {2, 160, 0, 255} }},
	{{ {5146, 4695, -9333}, 0, {-664, 18820}, {45, 132, 255, 255} }},
	{{ {-424, 4732, -10430}, 0, {6819, 16847}, {45, 132, 255, 255} }},
	{{ {4086, 4383, -7421}, 0, {-728, 16674}, {23, 161, 0, 255} }},
	{{ {-134, 4091, -6132}, 0, {4316, 13045}, {2, 160, 0, 255} }},
	{{ {3026, 4071, -5510}, 0, {-792, 14528}, {23, 161, 0, 255} }},
	{{ {4778, 2015, 14156}, 0, {-14959, -10027}, {45, 132, 255, 255} }},
	{{ {11257, 2498, 1250}, 0, {-15010, 9232}, {45, 132, 255, 255} }},
	{{ {6493, 2824, 494}, 0, {-10343, 8134}, {19, 142, 0, 255} }},
	{{ {2818, 2550, 7816}, 0, {-10349, -5273}, {0, 194, 11, 255} }},
	{{ {-13115, 828, 1545}, 0, {13703, -6252}, {45, 132, 255, 255} }},
	{{ {-7758, 2078, 12738}, 0, {702, -16724}, {45, 132, 255, 255} }},
	{{ {-10225, 1352, 1103}, 0, {11410, -4444}, {23, 161, 0, 255} }},
	{{ {-4295, 2586, 7012}, 0, {212, -9661}, {0, 194, 11, 255} }},
	{{ {-7334, 1877, 662}, 0, {9118, -2636}, {23, 161, 0, 255} }},
	{{ {-4495, 4238, -7411}, 0, {10360, 10836}, {23, 161, 0, 255} }},
	{{ {-3186, 3965, -5502}, 0, {8190, 9796}, {23, 161, 0, 255} }},
	{{ {-134, 4091, -6132}, 0, {4316, 13045}, {2, 160, 0, 255} }},
	{{ {-424, 4732, -10430}, 0, {6819, 16847}, {45, 132, 255, 255} }},
	{{ {-5804, 4510, -9319}, 0, {12531, 11876}, {45, 132, 255, 255} }},
	{{ {-4797, 1688, 1145}, 0, {6407, -7055}, {0, 94, 5, 255} }},
	{{ {-4698, 1692, 857}, 0, {5817, -7426}, {0, 94, 5, 255} }},
	{{ {-5201, 1727, 978}, 0, {5817, -6243}, {0, 94, 5, 255} }},
	{{ {-4383, 1731, 1273}, 0, {6905, -7916}, {0, 94, 5, 255} }},
	{{ {-4564, 1688, 1666}, 0, {7689, -7303}, {0, 222, 3, 255} }},
	{{ {-5345, 1688, 1391}, 0, {6666, -5707}, {0, 94, 5, 255} }},
	{{ {-5625, 1692, 1273}, 0, {6256, -5145}, {0, 94, 5, 255} }},
	{{ {-5525, 1738, 1784}, 0, {7449, -5091}, {23, 161, 0, 255} }},
	{{ {-5111, 1688, 1912}, 0, {7949, -5954}, {0, 222, 3, 255} }},
	{{ {-5210, 1684, 2200}, 0, {8539, -5583}, {23, 161, 0, 255} }},
	{{ {-4707, 1735, 2079}, 0, {8540, -6768}, {23, 161, 0, 255} }},
	{{ {-4283, 1684, 1784}, 0, {8098, -7867}, {23, 161, 0, 255} }},
	{{ {-2343, 2459, 3353}, 0, {12495, 11158}, {0, 169, 10, 255} }},
	{{ {-2334, 2459, 5254}, 0, {12495, 6810}, {0, 169, 10, 255} }},
	{{ {-692, 2459, 4296}, 0, {8730, 8984}, {0, 255, 14, 255} }},
	{{ {-3985, 2459, 4311}, 0, {16261, 8984}, {0, 126, 7, 255} }},
	{{ {-3976, 2459, 6213}, 0, {16261, 4636}, {0, 126, 7, 255} }},
	{{ {-2325, 2459, 7156}, 0, {12495, 2462}, {0, 255, 14, 255} }},
	{{ {-683, 2459, 6197}, 0, {8730, 4636}, {0, 230, 13, 255} }},
	{{ {2926, 2264, -363}, 0, {14355, -2010}, {0, 113, 1, 255} }},
	{{ {2926, 2264, 342}, 0, {15968, -2010}, {0, 255, 14, 255} }},
	{{ {3279, 2264, -11}, 0, {15162, -2816}, {0, 226, 13, 255} }},
	{{ {3631, 2264, 342}, 0, {15968, -3623}, {0, 113, 1, 255} }},
	{{ {3631, 2264, -363}, 0, {14355, -3623}, {0, 113, 1, 255} }},
	{{ {1177, 2737, 3645}, 0, {8730, -7617}, {0, 255, 33, 255} }},
	{{ {221, 2737, 3099}, 0, {10912, -6357}, {0, 78, 11, 255} }},
	{{ {226, 2737, 4201}, 0, {10912, -8876}, {0, 255, 33, 255} }},
	{{ {1172, 2737, 2544}, 0, {8730, -5097}, {23, 161, 0, 255} }},
	{{ {216, 2737, 1997}, 0, {10912, -3838}, {2, 204, 0, 255} }},
	{{ {-736, 2737, 2552}, 0, {13093, -5097}, {23, 161, 0, 255} }},
	{{ {-731, 2737, 3654}, 0, {13093, -7617}, {22, 177, 13, 255} }},
	{{ {3097, 2554, 791}, 0, {16292, -2010}, {0, 160, 1, 255} }},
	{{ {3966, 2554, 1239}, 0, {16292, 226}, {0, 127, 1, 255} }},
	{{ {3919, 2554, 262}, 0, {18228, -892}, {0, 102, 1, 255} }},
	{{ {3143, 2554, 1768}, 0, {14355, -892}, {0, 255, 33, 255} }},
	{{ {4012, 2554, 2216}, 0, {14355, 1344}, {0, 255, 33, 255} }},
	{{ {4835, 2554, 1687}, 0, {16292, 2462}, {0, 190, 11, 255} }},
	{{ {4788, 2554, 710}, 0, {18228, 1344}, {0, 102, 1, 255} }},
};

Gfx bob_dl_Geometry_001_mesh_layer_1_tri_0[] = {
	gsSPVertex(bob_dl_Geometry_001_mesh_layer_1_vtx_0 + 0, 31, 0),
	gsSP2Triangles(0, 1, 2, 0, 3, 4, 5, 0),
	gsSP2Triangles(6, 7, 8, 0, 9, 10, 11, 0),
	gsSP2Triangles(12, 13, 14, 0, 12, 15, 13, 0),
	gsSP2Triangles(12, 16, 15, 0, 16, 17, 15, 0),
	gsSP2Triangles(18, 0, 19, 0, 19, 0, 20, 0),
	gsSP2Triangles(21, 20, 0, 0, 0, 22, 21, 0),
	gsSP2Triangles(22, 23, 21, 0, 24, 23, 22, 0),
	gsSP2Triangles(25, 24, 22, 0, 25, 26, 24, 0),
	gsSP2Triangles(23, 24, 8, 0, 24, 27, 8, 0),
	gsSP2Triangles(24, 28, 27, 0, 27, 29, 8, 0),
	gsSP1Triangle(23, 8, 30, 0),
	gsSPVertex(bob_dl_Geometry_001_mesh_layer_1_vtx_0 + 31, 31, 0),
	gsSP2Triangles(0, 1, 2, 0, 0, 3, 1, 0),
	gsSP2Triangles(4, 5, 6, 0, 4, 7, 5, 0),
	gsSP2Triangles(8, 9, 10, 0, 9, 11, 10, 0),
	gsSP2Triangles(11, 12, 10, 0, 11, 13, 12, 0),
	gsSP2Triangles(11, 14, 13, 0, 15, 13, 14, 0),
	gsSP2Triangles(15, 14, 16, 0, 16, 17, 15, 0),
	gsSP2Triangles(16, 18, 17, 0, 18, 16, 19, 0),
	gsSP2Triangles(20, 18, 19, 0, 21, 20, 19, 0),
	gsSP2Triangles(21, 19, 10, 0, 19, 22, 10, 0),
	gsSP2Triangles(21, 10, 20, 0, 10, 23, 20, 0),
	gsSP2Triangles(10, 12, 23, 0, 23, 24, 20, 0),
	gsSP2Triangles(24, 25, 20, 0, 24, 26, 25, 0),
	gsSP2Triangles(17, 25, 26, 0, 26, 15, 17, 0),
	gsSP2Triangles(27, 28, 29, 0, 27, 30, 28, 0),
	gsSPVertex(bob_dl_Geometry_001_mesh_layer_1_vtx_0 + 62, 32, 0),
	gsSP2Triangles(0, 1, 2, 0, 0, 3, 1, 0),
	gsSP2Triangles(4, 5, 6, 0, 7, 4, 6, 0),
	gsSP2Triangles(7, 6, 8, 0, 9, 10, 11, 0),
	gsSP2Triangles(9, 12, 10, 0, 13, 14, 15, 0),
	gsSP2Triangles(13, 16, 14, 0, 16, 17, 14, 0),
	gsSP2Triangles(16, 18, 17, 0, 19, 20, 21, 0),
	gsSP2Triangles(19, 22, 20, 0, 23, 24, 25, 0),
	gsSP2Triangles(26, 23, 25, 0, 26, 27, 23, 0),
	gsSP2Triangles(27, 28, 23, 0, 29, 30, 31, 0),
	gsSPVertex(bob_dl_Geometry_001_mesh_layer_1_vtx_0 + 94, 32, 0),
	gsSP2Triangles(0, 1, 2, 0, 0, 3, 1, 0),
	gsSP2Triangles(2, 1, 4, 0, 5, 4, 1, 0),
	gsSP2Triangles(5, 6, 4, 0, 2, 4, 7, 0),
	gsSP2Triangles(7, 8, 2, 0, 7, 9, 8, 0),
	gsSP2Triangles(10, 8, 9, 0, 10, 9, 11, 0),
	gsSP2Triangles(10, 11, 12, 0, 13, 12, 11, 0),
	gsSP2Triangles(14, 13, 11, 0, 11, 15, 14, 0),
	gsSP2Triangles(11, 16, 15, 0, 11, 17, 16, 0),
	gsSP2Triangles(15, 16, 18, 0, 16, 19, 18, 0),
	gsSP2Triangles(16, 20, 19, 0, 18, 19, 21, 0),
	gsSP2Triangles(18, 21, 22, 0, 22, 21, 23, 0),
	gsSP2Triangles(23, 24, 22, 0, 23, 25, 24, 0),
	gsSP2Triangles(26, 24, 25, 0, 27, 24, 26, 0),
	gsSP2Triangles(27, 26, 28, 0, 29, 24, 27, 0),
	gsSP2Triangles(24, 29, 22, 0, 22, 29, 18, 0),
	gsSP2Triangles(30, 18, 29, 0, 30, 29, 8, 0),
	gsSP2Triangles(29, 2, 8, 0, 29, 31, 2, 0),
	gsSP2Triangles(29, 27, 31, 0, 30, 8, 10, 0),
	gsSPVertex(bob_dl_Geometry_001_mesh_layer_1_vtx_0 + 126, 30, 0),
	gsSP2Triangles(0, 1, 2, 0, 2, 3, 0, 0),
	gsSP2Triangles(4, 3, 2, 0, 5, 4, 2, 0),
	gsSP2Triangles(6, 4, 5, 0, 6, 5, 7, 0),
	gsSP2Triangles(8, 7, 5, 0, 8, 5, 9, 0),
	gsSP2Triangles(10, 8, 9, 0, 11, 10, 9, 0),
	gsSP2Triangles(12, 11, 9, 0, 13, 11, 12, 0),
	gsSP2Triangles(13, 12, 14, 0, 14, 12, 15, 0),
	gsSP2Triangles(16, 14, 15, 0, 15, 17, 16, 0),
	gsSP2Triangles(15, 18, 17, 0, 1, 17, 18, 0),
	gsSP2Triangles(19, 17, 1, 0, 20, 16, 17, 0),
	gsSP2Triangles(21, 16, 20, 0, 22, 21, 20, 0),
	gsSP2Triangles(22, 20, 23, 0, 24, 23, 20, 0),
	gsSP2Triangles(25, 24, 20, 0, 20, 17, 25, 0),
	gsSP2Triangles(25, 26, 24, 0, 25, 27, 26, 0),
	gsSP2Triangles(1, 27, 25, 0, 0, 27, 1, 0),
	gsSP2Triangles(26, 27, 0, 0, 26, 0, 28, 0),
	gsSP2Triangles(28, 0, 3, 0, 28, 3, 29, 0),
	gsSP2Triangles(29, 3, 4, 0, 29, 4, 6, 0),
	gsSP2Triangles(29, 6, 23, 0, 7, 23, 6, 0),
	gsSP2Triangles(7, 22, 23, 0, 22, 7, 8, 0),
	gsSP2Triangles(21, 22, 8, 0, 8, 13, 21, 0),
	gsSP2Triangles(8, 10, 13, 0, 11, 13, 10, 0),
	gsSP2Triangles(14, 21, 13, 0, 21, 14, 16, 0),
	gsSP2Triangles(26, 28, 24, 0, 28, 23, 24, 0),
	gsSP1Triangle(28, 29, 23, 0),
	gsSPVertex(bob_dl_Geometry_001_mesh_layer_1_vtx_0 + 156, 32, 0),
	gsSP2Triangles(0, 1, 2, 0, 0, 3, 1, 0),
	gsSP2Triangles(4, 5, 6, 0, 4, 7, 5, 0),
	gsSP2Triangles(8, 9, 10, 0, 8, 11, 9, 0),
	gsSP2Triangles(12, 13, 14, 0, 12, 11, 13, 0),
	gsSP2Triangles(15, 16, 17, 0, 15, 18, 16, 0),
	gsSP2Triangles(19, 20, 21, 0, 19, 22, 20, 0),
	gsSP2Triangles(23, 24, 25, 0, 23, 25, 26, 0),
	gsSP2Triangles(23, 26, 27, 0, 26, 28, 27, 0),
	gsSP2Triangles(27, 28, 29, 0, 27, 29, 30, 0),
	gsSP1Triangle(30, 31, 27, 0),
	gsSPVertex(bob_dl_Geometry_001_mesh_layer_1_vtx_0 + 188, 32, 0),
	gsSP2Triangles(0, 1, 2, 0, 2, 1, 3, 0),
	gsSP2Triangles(4, 2, 3, 0, 4, 3, 5, 0),
	gsSP2Triangles(6, 4, 5, 0, 4, 7, 2, 0),
	gsSP2Triangles(4, 8, 7, 0, 9, 10, 2, 0),
	gsSP2Triangles(11, 12, 13, 0, 11, 14, 12, 0),
	gsSP2Triangles(15, 16, 8, 0, 15, 17, 16, 0),
	gsSP2Triangles(18, 19, 20, 0, 18, 20, 21, 0),
	gsSP2Triangles(22, 21, 20, 0, 23, 21, 22, 0),
	gsSP2Triangles(23, 18, 21, 0, 24, 25, 26, 0),
	gsSP2Triangles(24, 27, 25, 0, 28, 27, 24, 0),
	gsSP2Triangles(28, 29, 27, 0, 29, 30, 27, 0),
	gsSP1Triangle(29, 31, 30, 0),
	gsSPVertex(bob_dl_Geometry_001_mesh_layer_1_vtx_0 + 220, 30, 0),
	gsSP2Triangles(0, 1, 2, 0, 0, 2, 3, 0),
	gsSP2Triangles(4, 5, 6, 0, 4, 7, 5, 0),
	gsSP2Triangles(8, 7, 4, 0, 8, 9, 7, 0),
	gsSP2Triangles(10, 11, 12, 0, 10, 13, 11, 0),
	gsSP2Triangles(14, 13, 10, 0, 14, 15, 13, 0),
	gsSP2Triangles(1, 16, 17, 0, 1, 4, 16, 0),
	gsSP2Triangles(18, 4, 1, 0, 18, 19, 4, 0),
	gsSP2Triangles(7, 20, 21, 0, 7, 22, 20, 0),
	gsSP2Triangles(23, 22, 7, 0, 23, 24, 22, 0),
	gsSP2Triangles(24, 25, 22, 0, 24, 26, 25, 0),
	gsSP2Triangles(26, 10, 25, 0, 26, 27, 10, 0),
	gsSP2Triangles(25, 10, 28, 0, 25, 28, 29, 0),
	gsSP2Triangles(22, 25, 29, 0, 22, 29, 20, 0),
	gsSPVertex(bob_dl_Geometry_001_mesh_layer_1_vtx_0 + 250, 31, 0),
	gsSP2Triangles(0, 1, 2, 0, 3, 1, 0, 0),
	gsSP2Triangles(0, 4, 3, 0, 5, 4, 0, 0),
	gsSP2Triangles(5, 0, 2, 0, 6, 5, 2, 0),
	gsSP2Triangles(5, 6, 7, 0, 8, 5, 7, 0),
	gsSP2Triangles(7, 9, 8, 0, 8, 9, 10, 0),
	gsSP2Triangles(4, 8, 10, 0, 11, 4, 10, 0),
	gsSP2Triangles(4, 11, 3, 0, 5, 8, 4, 0),
	gsSP2Triangles(12, 13, 14, 0, 12, 15, 13, 0),
	gsSP2Triangles(16, 13, 15, 0, 16, 17, 13, 0),
	gsSP2Triangles(18, 13, 17, 0, 18, 14, 13, 0),
	gsSP2Triangles(19, 20, 21, 0, 20, 22, 21, 0),
	gsSP2Triangles(22, 23, 21, 0, 23, 19, 21, 0),
	gsSP2Triangles(24, 25, 26, 0, 24, 27, 25, 0),
	gsSP2Triangles(28, 25, 27, 0, 28, 29, 25, 0),
	gsSP2Triangles(30, 25, 29, 0, 30, 26, 25, 0),
	gsSPVertex(bob_dl_Geometry_001_mesh_layer_1_vtx_0 + 281, 7, 0),
	gsSP2Triangles(0, 1, 2, 0, 0, 3, 1, 0),
	gsSP2Triangles(4, 1, 3, 0, 4, 5, 1, 0),
	gsSP2Triangles(6, 1, 5, 0, 6, 2, 1, 0),
	gsSPEndDisplayList(),
};

Vtx bob_dl_Geometry_001_mesh_layer_1_vtx_1[492] = {
	{{ {175, 2422, 3843}, 0, {-97, -1288}, {211, 241, 211, 255} }},
	{{ {-278, 2361, 3236}, 0, {-40, -1123}, {220, 252, 220, 255} }},
	{{ {172, 2222, 3043}, 0, {53, -1195}, {232, 255, 232, 255} }},
	{{ {216, 2737, 1997}, 0, {310, -1056}, {191, 219, 194, 255} }},
	{{ {863, 2422, 2639}, 0, {215, -1287}, {196, 224, 197, 255} }},
	{{ {170, 2361, 2452}, 0, {170, -1130}, {192, 221, 195, 255} }},
	{{ {863, 2422, 2639}, 0, {215, -1287}, {196, 224, 197, 255} }},
	{{ {216, 2737, 1997}, 0, {310, -1056}, {191, 219, 194, 255} }},
	{{ {1172, 2737, 2544}, 0, {310, -1359}, {23, 161, 0, 255} }},
	{{ {-278, 2361, 3236}, 0, {-40, -1123}, {225, 255, 225, 255} }},
	{{ {226, 2737, 4201}, 0, {-203, -1352}, {23, 161, 0, 255} }},
	{{ {-731, 2737, 3654}, 0, {-205, -1060}, {23, 161, 0, 255} }},
	{{ {-278, 2361, 3236}, 0, {-40, -1123}, {226, 255, 226, 255} }},
	{{ {-4082, 950, 603}, 0, {-398, -1333}, {96, 123, 98, 255} }},
	{{ {-4082, 1705, 603}, 0, {-525, -1465}, {23, 161, 0, 255} }},
	{{ {-4084, 950, -1206}, 0, {-525, -966}, {23, 161, 0, 255} }},
	{{ {-5525, 1738, 1784}, 0, {375, -1215}, {23, 161, 0, 255} }},
	{{ {-5625, 1692, 1273}, 0, {375, -1037}, {23, 161, 0, 255} }},
	{{ {-5595, 1709, 1816}, 0, {399, -1206}, {181, 208, 181, 255} }},
	{{ {-5201, 1727, 978}, 0, {512, -923}, {23, 161, 0, 255} }},
	{{ {-4698, 1692, 857}, 0, {690, -921}, {23, 161, 0, 255} }},
	{{ {-5231, 1706, 911}, 0, {521, -946}, {167, 191, 167, 255} }},
	{{ {-4383, 1731, 1273}, 0, {804, -1058}, {23, 161, 0, 255} }},
	{{ {-4283, 1684, 1784}, 0, {804, -1234}, {23, 161, 0, 255} }},
	{{ {-4313, 1709, 1242}, 0, {780, -1066}, {185, 212, 185, 255} }},
	{{ {-4707, 1735, 2079}, 0, {669, -1351}, {23, 161, 0, 255} }},
	{{ {-5210, 1684, 2200}, 0, {491, -1350}, {23, 161, 0, 255} }},
	{{ {-4677, 1706, 2147}, 0, {660, -1327}, {161, 184, 160, 255} }},
	{{ {-4698, 1692, 857}, 0, {690, -921}, {23, 161, 0, 255} }},
	{{ {-4383, 1731, 1273}, 0, {804, -1058}, {23, 161, 0, 255} }},
	{{ {-4313, 1709, 1242}, 0, {780, -1066}, {185, 212, 185, 255} }},
	{{ {-5210, 1684, 2200}, 0, {491, -1350}, {23, 161, 0, 255} }},
	{{ {-5525, 1738, 1784}, 0, {375, -1215}, {23, 161, 0, 255} }},
	{{ {-5595, 1709, 1816}, 0, {399, -1206}, {181, 208, 181, 255} }},
	{{ {-4283, 1684, 1784}, 0, {804, -1234}, {23, 161, 0, 255} }},
	{{ {-4707, 1735, 2079}, 0, {669, -1351}, {23, 161, 0, 255} }},
	{{ {-4677, 1706, 2147}, 0, {660, -1327}, {161, 184, 160, 255} }},
	{{ {-5625, 1692, 1273}, 0, {375, -1037}, {23, 161, 0, 255} }},
	{{ {-5201, 1727, 978}, 0, {512, -923}, {23, 161, 0, 255} }},
	{{ {-5231, 1706, 911}, 0, {521, -946}, {167, 191, 167, 255} }},
	{{ {-2419, 1607, 5157}, 0, {1772, -500}, {89, 103, 89, 255} }},
	{{ {-2542, 1563, 6460}, 0, {1523, -612}, {89, 103, 89, 255} }},
	{{ {-3611, 1915, 5853}, 0, {1496, -331}, {194, 222, 194, 255} }},
	{{ {-1044, 2225, -4643}, 0, {1131, 541}, {153, 153, 153, 255} }},
	{{ {-1743, 2488, -2011}, 0, {257, 453}, {153, 153, 153, 255} }},
	{{ {-1044, 2488, -4643}, 0, {1131, 453}, {153, 153, 153, 255} }},
	{{ {-2642, 2495, -818}, 0, {-139, 451}, {153, 153, 153, 255} }},
	{{ {-2880, 2223, -4641}, 0, {1130, 541}, {153, 153, 153, 255} }},
	{{ {-2880, 2486, -4641}, 0, {1130, 454}, {153, 153, 153, 255} }},
	{{ {4788, 2554, 710}, 0, {1295, 2672}, {175, 204, 175, 255} }},
	{{ {4788, -506, 710}, 0, {2028, 2672}, {66, 78, 66, 255} }},
	{{ {3919, -506, 262}, 0, {2028, 2437}, {66, 78, 66, 255} }},
	{{ {3919, 2554, 262}, 0, {1295, 2437}, {175, 204, 175, 255} }},
	{{ {-3985, 2459, 4311}, 0, {1768, 8}, {23, 161, 0, 255} }},
	{{ {-2468, 1734, 3792}, 0, {2009, -327}, {205, 234, 204, 255} }},
	{{ {-3748, 1734, 4338}, 0, {1779, -202}, {89, 103, 89, 255} }},
	{{ {-2343, 2459, 3353}, 0, {2218, -243}, {23, 161, 0, 255} }},
	{{ {-3362, 2062, 2743}, 0, {2426, 1403}, {23, 161, 0, 255} }},
	{{ {-4343, 1904, 2626}, 0, {2379, 1702}, {99, 114, 99, 255} }},
	{{ {-4343, 2062, 2626}, 0, {2426, 1753}, {23, 161, 0, 255} }},
	{{ {-3362, 1904, 2743}, 0, {2371, 1458}, {99, 114, 99, 255} }},
	{{ {-3481, 1772, 2837}, 0, {2330, 1510}, {99, 114, 99, 255} }},
	{{ {-4249, 1772, 2746}, 0, {2336, 1664}, {99, 114, 99, 255} }},
	{{ {1279, -505, 3774}, 0, {1833, 1201}, {0, 222, 3, 255} }},
	{{ {-1311, -827, 3099}, 0, {1406, 752}, {0, 222, 3, 255} }},
	{{ {-1311, -402, 3099}, 0, {1295, 790}, {0, 222, 3, 255} }},
	{{ {1279, -826, 3774}, 0, {1768, 1043}, {0, 222, 3, 255} }},
	{{ {-1430, -506, 1246}, 0, {1833, 275}, {0, 222, 3, 255} }},
	{{ {-1430, -826, 1246}, 0, {1719, 353}, {0, 222, 3, 255} }},
	{{ {2926, 2264, 342}, 0, {-590, -1259}, {175, 204, 176, 255} }},
	{{ {2926, -488, -363}, 0, {-1250, -1428}, {83, 96, 84, 255} }},
	{{ {2926, -506, 342}, 0, {-1254, -1259}, {110, 129, 111, 255} }},
	{{ {2926, 2264, -363}, 0, {-590, -1428}, {179, 209, 182, 255} }},
	{{ {-2542, 1563, 6460}, 0, {1523, -612}, {89, 103, 89, 255} }},
	{{ {-3976, 2459, 6213}, 0, {1295, -257}, {23, 161, 0, 255} }},
	{{ {-3611, 1915, 5853}, 0, {1496, -331}, {226, 255, 226, 255} }},
	{{ {-2325, 2459, 7156}, 0, {1295, -812}, {23, 161, 0, 255} }},
	{{ {-4082, 1705, 603}, 0, {-525, -1465}, {23, 161, 0, 255} }},
	{{ {-3532, 951, 602}, 0, {-270, -1380}, {63, 82, 64, 255} }},
	{{ {-3533, 1705, 602}, 0, {-396, -1557}, {23, 161, 0, 255} }},
	{{ {-4082, 950, 603}, 0, {-398, -1333}, {96, 123, 98, 255} }},
	{{ {-4754, 1392, 1003}, 0, {641, -1027}, {99, 114, 99, 255} }},
	{{ {-4453, 1327, 1304}, 0, {689, -1100}, {99, 114, 99, 255} }},
	{{ {-4954, 1195, 1529}, 0, {590, -1137}, {99, 114, 99, 255} }},
	{{ {-5171, 1335, 1045}, 0, {554, -1039}, {99, 114, 99, 255} }},
	{{ {863, 2422, 2639}, 0, {215, -1287}, {201, 230, 202, 255} }},
	{{ {625, 2361, 3232}, 0, {68, -1309}, {217, 248, 216, 255} }},
	{{ {172, 2222, 3043}, 0, {53, -1195}, {222, 254, 222, 255} }},
	{{ {170, 2361, 2452}, 0, {170, -1130}, {192, 221, 195, 255} }},
	{{ {-4113, 916, -4062}, 0, {-1446, -1158}, {132, 151, 132, 255} }},
	{{ {-3538, 1956, -4063}, 0, {-1611, -921}, {23, 161, 0, 255} }},
	{{ {-3538, 916, -4063}, 0, {-1319, -1081}, {132, 151, 132, 255} }},
	{{ {-4113, 1956, -4062}, 0, {-1684, -1116}, {23, 161, 0, 255} }},
	{{ {-4110, 1956, -1832}, 0, {-1458, -1677}, {23, 161, 0, 255} }},
	{{ {-5595, 1515, 1816}, 0, {443, -1190}, {99, 114, 99, 255} }},
	{{ {-5479, 1392, 1328}, 0, {480, -1086}, {99, 114, 99, 255} }},
	{{ {-5456, 1327, 1753}, 0, {491, -1173}, {99, 114, 99, 255} }},
	{{ {-5625, 1528, 1273}, 0, {433, -1064}, {99, 114, 99, 255} }},
	{{ {3097, 2554, 791}, 0, {1295, 2203}, {175, 204, 175, 255} }},
	{{ {3919, 2554, 262}, 0, {1295, 2437}, {175, 204, 175, 255} }},
	{{ {3919, -506, 262}, 0, {2028, 2437}, {66, 78, 66, 255} }},
	{{ {3097, -506, 791}, 0, {2028, 2203}, {72, 85, 72, 255} }},
	{{ {3143, -506, 1768}, 0, {2028, 1969}, {66, 78, 66, 255} }},
	{{ {3143, 2554, 1768}, 0, {1295, 1969}, {175, 204, 175, 255} }},
	{{ {4012, 2554, 2216}, 0, {1295, 1734}, {175, 204, 175, 255} }},
	{{ {4012, -506, 2216}, 0, {2028, 1734}, {66, 78, 66, 255} }},
	{{ {4835, -506, 1687}, 0, {2028, 1500}, {66, 78, 66, 255} }},
	{{ {4835, 2554, 1687}, 0, {1295, 1500}, {175, 204, 175, 255} }},
	{{ {4788, 2554, 710}, 0, {1295, 1266}, {175, 204, 175, 255} }},
	{{ {4788, -506, 710}, 0, {2028, 1266}, {66, 78, 66, 255} }},
	{{ {-2377, -962, -3394}, 0, {2278, 531}, {83, 96, 84, 255} }},
	{{ {-1011, -506, -3200}, 0, {2676, 618}, {83, 96, 84, 255} }},
	{{ {-2377, -403, -3394}, 0, {2294, 373}, {83, 96, 84, 255} }},
	{{ {-1011, -962, -3200}, 0, {2529, 699}, {83, 96, 84, 255} }},
	{{ {2473, 305, 212}, 0, {2118, 2142}, {191, 219, 194, 255} }},
	{{ {2473, -510, -1154}, 0, {2308, 1818}, {112, 129, 112, 255} }},
	{{ {2473, 305, -1154}, 0, {2116, 1820}, {23, 161, 0, 255} }},
	{{ {2473, -510, 212}, 0, {2310, 2141}, {112, 130, 114, 255} }},
	{{ {-2377, -962, -3394}, 0, {2278, 531}, {83, 96, 84, 255} }},
	{{ {-3228, -506, -2308}, 0, {1897, 540}, {83, 96, 84, 255} }},
	{{ {-3228, -962, -2308}, 0, {2009, 640}, {83, 96, 84, 255} }},
	{{ {-2377, -403, -3394}, 0, {2294, 373}, {83, 96, 84, 255} }},
	{{ {2926, -488, -363}, 0, {-1250, -1428}, {83, 96, 84, 255} }},
	{{ {3631, 2264, -363}, 0, {-590, -1597}, {191, 219, 194, 255} }},
	{{ {3631, -506, -363}, 0, {-1254, -1597}, {70, 83, 71, 255} }},
	{{ {2926, 2264, -363}, 0, {-590, -1428}, {179, 209, 182, 255} }},
	{{ {863, 2422, 2639}, 0, {215, -1287}, {201, 230, 202, 255} }},
	{{ {1177, 2737, 3645}, 0, {46, -1513}, {23, 161, 0, 255} }},
	{{ {625, 2361, 3232}, 0, {68, -1309}, {222, 253, 221, 255} }},
	{{ {1172, 2737, 2544}, 0, {310, -1359}, {23, 161, 0, 255} }},
	{{ {216, 2737, 1997}, 0, {310, -1056}, {191, 219, 194, 255} }},
	{{ {170, 2361, 2452}, 0, {170, -1130}, {192, 221, 195, 255} }},
	{{ {-523, 2422, 2646}, 0, {61, -1021}, {196, 225, 196, 255} }},
	{{ {-736, 2737, 2552}, 0, {47, -921}, {23, 161, 0, 255} }},
	{{ {-3160, 1316, -54}, 0, {-949, 827}, {83, 96, 84, 255} }},
	{{ {-3531, -506, 757}, 0, {-1478, 576}, {83, 96, 84, 255} }},
	{{ {-3160, -506, 757}, 0, {-1498, 650}, {83, 96, 84, 255} }},
	{{ {-3160, 1290, -1306}, 0, {-986, 1214}, {83, 96, 84, 255} }},
	{{ {-3160, -506, -4637}, 0, {-1584, 2001}, {21, 25, 21, 255} }},
	{{ {-3160, 2010, -4637}, 0, {-1055, 2092}, {48, 56, 48, 255} }},
	{{ {-418, 1498, -4900}, 0, {-507, 2209}, {11, 14, 11, 255} }},
	{{ {-1940, 1079, 247}, 0, {-584, 911}, {119, 137, 119, 255} }},
	{{ {-418, 1433, 505}, 0, {-136, 869}, {83, 96, 84, 255} }},
	{{ {-3985, 2459, 4311}, 0, {1768, 8}, {23, 161, 0, 255} }},
	{{ {-3611, 1915, 5853}, 0, {1496, -331}, {219, 250, 219, 255} }},
	{{ {-3976, 2459, 6213}, 0, {1295, -257}, {23, 161, 0, 255} }},
	{{ {-3748, 1734, 4338}, 0, {1779, -202}, {89, 103, 89, 255} }},
	{{ {587, 2482, 3801}, 0, {-50, -1366}, {185, 211, 185, 255} }},
	{{ {1177, 2737, 3645}, 0, {46, -1513}, {23, 161, 0, 255} }},
	{{ {226, 2737, 4201}, 0, {-203, -1352}, {23, 161, 0, 255} }},
	{{ {625, 2361, 3232}, 0, {68, -1309}, {227, 255, 227, 255} }},
	{{ {-3531, 2010, 757}, 0, {-839, 490}, {178, 204, 178, 255} }},
	{{ {-3536, 1956, -1833}, 0, {-966, -157}, {23, 161, 0, 255} }},
	{{ {-3533, 1705, 602}, 0, {-923, 461}, {23, 161, 0, 255} }},
	{{ {-3535, 951, -1206}, 0, {-1188, 37}, {23, 161, 0, 255} }},
	{{ {-3538, 916, -4063}, 0, {-1314, -665}, {132, 151, 132, 255} }},
	{{ {-3539, -506, -4637}, 0, {-1684, -748}, {83, 96, 84, 255} }},
	{{ {-3532, 951, 602}, 0, {-1116, 488}, {63, 82, 64, 255} }},
	{{ {-3532, 951, 602}, 0, {-1116, 488}, {63, 82, 64, 255} }},
	{{ {-3531, -506, 757}, 0, {-1478, 576}, {83, 96, 84, 255} }},
	{{ {-3531, 2010, 757}, 0, {-839, 490}, {179, 205, 179, 255} }},
	{{ {-3160, 1316, -54}, 0, {-949, 827}, {83, 96, 84, 255} }},
	{{ {-3539, 2174, 755}, 0, {-801, 477}, {83, 96, 84, 255} }},
	{{ {-1901, 1809, 1383}, 0, {-458, 550}, {83, 96, 84, 255} }},
	{{ {-436, 2174, 755}, 0, {-195, 696}, {83, 96, 84, 255} }},
	{{ {-418, 1433, 505}, 0, {-136, 869}, {83, 96, 84, 255} }},
	{{ {-1940, 1079, 247}, 0, {-584, 911}, {119, 137, 119, 255} }},
	{{ {-3533, 1705, 602}, 0, {-923, 461}, {23, 161, 0, 255} }},
	{{ {-3748, 1734, 4338}, 0, {1779, -202}, {89, 103, 89, 255} }},
	{{ {-2419, 1607, 5157}, 0, {1772, -500}, {89, 103, 89, 255} }},
	{{ {-3611, 1915, 5853}, 0, {1496, -331}, {194, 222, 194, 255} }},
	{{ {-2468, 1734, 3792}, 0, {2009, -327}, {194, 222, 194, 255} }},
	{{ {-4677, 1517, 2147}, 0, {644, -1283}, {92, 106, 92, 255} }},
	{{ {-4677, 1706, 2147}, 0, {660, -1327}, {161, 184, 160, 255} }},
	{{ {-5210, 1684, 2200}, 0, {491, -1350}, {23, 161, 0, 255} }},
	{{ {-5210, 1528, 2200}, 0, {517, -1294}, {98, 113, 98, 255} }},
	{{ {-4110, 1956, -1832}, 0, {-1458, -1677}, {23, 161, 0, 255} }},
	{{ {-3538, 916, -4063}, 0, {-1319, -1081}, {132, 151, 132, 255} }},
	{{ {-3536, 1956, -1833}, 0, {-1319, -1677}, {23, 161, 0, 255} }},
	{{ {-4113, 916, -4062}, 0, {-1446, -1158}, {132, 151, 132, 255} }},
	{{ {1194, 495, -188}, 0, {426, 772}, {194, 222, 194, 255} }},
	{{ {543, 1161, -560}, 0, {349, 601}, {87, 100, 87, 255} }},
	{{ {868, 1161, 0}, 0, {238, 672}, {194, 222, 194, 255} }},
	{{ {869, 495, -749}, 0, {411, 624}, {87, 100, 87, 255} }},
	{{ {-4091, 1728, -901}, 0, {1486, -1205}, {23, 161, 0, 255} }},
	{{ {-3487, 1468, -901}, 0, {1295, -1197}, {23, 161, 0, 255} }},
	{{ {-3487, 1728, -901}, 0, {1328, -1129}, {23, 161, 0, 255} }},
	{{ {-4091, 1468, -901}, 0, {1435, -1247}, {63, 82, 64, 255} }},
	{{ {-3487, 1728, -1505}, 0, {1332, -1461}, {23, 161, 0, 255} }},
	{{ {-4091, 1468, -1505}, 0, {1425, -1334}, {63, 82, 64, 255} }},
	{{ {-4091, 1728, -1505}, 0, {1489, -1368}, {23, 161, 0, 255} }},
	{{ {-3487, 1468, -1505}, 0, {1295, -1382}, {23, 161, 0, 255} }},
	{{ {-3487, 1468, -901}, 0, {1295, -1197}, {23, 161, 0, 255} }},
	{{ {-4091, 1468, -1505}, 0, {1425, -1334}, {63, 82, 64, 255} }},
	{{ {-3487, 1468, -1505}, 0, {1295, -1382}, {23, 161, 0, 255} }},
	{{ {-4091, 1468, -901}, 0, {1435, -1247}, {63, 82, 64, 255} }},
	{{ {-4091, 1728, -1505}, 0, {1489, -1368}, {23, 161, 0, 255} }},
	{{ {-4091, 1468, -901}, 0, {1435, -1247}, {63, 82, 64, 255} }},
	{{ {-4091, 1728, -901}, 0, {1486, -1205}, {23, 161, 0, 255} }},
	{{ {-4091, 1468, -1505}, 0, {1425, -1334}, {63, 82, 64, 255} }},
	{{ {3631, 2264, 342}, 0, {-590, -1090}, {175, 204, 175, 255} }},
	{{ {2926, -506, 342}, 0, {-1254, -1259}, {110, 129, 111, 255} }},
	{{ {3631, -506, 342}, 0, {-1254, -1090}, {66, 78, 66, 255} }},
	{{ {2926, 2264, 342}, 0, {-590, -1259}, {175, 204, 176, 255} }},
	{{ {-5231, 1517, 911}, 0, {537, -991}, {99, 114, 99, 255} }},
	{{ {-4754, 1392, 1003}, 0, {641, -1027}, {99, 114, 99, 255} }},
	{{ {-5171, 1335, 1045}, 0, {554, -1039}, {99, 114, 99, 255} }},
	{{ {-4698, 1528, 857}, 0, {663, -980}, {99, 114, 99, 255} }},
	{{ {-4677, 1517, 2147}, 0, {644, -1283}, {99, 114, 99, 255} }},
	{{ {-4429, 1392, 1729}, 0, {701, -1188}, {99, 114, 99, 255} }},
	{{ {-4283, 1528, 1784}, 0, {748, -1209}, {99, 114, 99, 255} }},
	{{ {-4737, 1335, 2012}, 0, {626, -1235}, {99, 114, 99, 255} }},
	{{ {-5479, 1392, 1328}, 0, {480, -1086}, {99, 114, 99, 255} }},
	{{ {-4954, 1195, 1529}, 0, {590, -1137}, {99, 114, 99, 255} }},
	{{ {-5456, 1327, 1753}, 0, {491, -1173}, {99, 114, 99, 255} }},
	{{ {-5171, 1335, 1045}, 0, {554, -1039}, {99, 114, 99, 255} }},
	{{ {-4313, 1515, 1242}, 0, {736, -1083}, {99, 114, 99, 255} }},
	{{ {-4754, 1392, 1003}, 0, {641, -1027}, {99, 114, 99, 255} }},
	{{ {-4698, 1528, 857}, 0, {663, -980}, {99, 114, 99, 255} }},
	{{ {-4453, 1327, 1304}, 0, {689, -1100}, {99, 114, 99, 255} }},
	{{ {-4313, 1515, 1242}, 0, {736, -1083}, {99, 114, 99, 255} }},
	{{ {-4429, 1392, 1729}, 0, {701, -1188}, {99, 114, 99, 255} }},
	{{ {-4453, 1327, 1304}, 0, {689, -1100}, {99, 114, 99, 255} }},
	{{ {-4283, 1528, 1784}, 0, {748, -1209}, {99, 114, 99, 255} }},
	{{ {-1113, 2004, 4665}, 0, {2052, -705}, {89, 103, 89, 255} }},
	{{ {-683, 2459, 6197}, 0, {1786, -1064}, {23, 161, 0, 255} }},
	{{ {-1220, 1915, 5842}, 0, {1779, -830}, {201, 230, 201, 255} }},
	{{ {-692, 2459, 4296}, 0, {2237, -776}, {23, 161, 0, 255} }},
	{{ {-5231, 1517, 911}, 0, {537, -991}, {92, 106, 92, 255} }},
	{{ {-4698, 1692, 857}, 0, {690, -921}, {23, 161, 0, 255} }},
	{{ {-4698, 1528, 857}, 0, {663, -980}, {98, 113, 98, 255} }},
	{{ {-5231, 1706, 911}, 0, {521, -946}, {167, 191, 167, 255} }},
	{{ {-4313, 1515, 1242}, 0, {736, -1083}, {91, 105, 91, 255} }},
	{{ {-4283, 1684, 1784}, 0, {804, -1234}, {23, 161, 0, 255} }},
	{{ {-4283, 1528, 1784}, 0, {748, -1209}, {98, 113, 98, 255} }},
	{{ {-4313, 1709, 1242}, 0, {780, -1066}, {185, 212, 185, 255} }},
	{{ {-3228, -962, -2308}, 0, {2009, 640}, {83, 96, 84, 255} }},
	{{ {-2713, -645, -1028}, 0, {1897, 973}, {83, 96, 84, 255} }},
	{{ {-2713, -962, -1028}, 0, {1993, 933}, {83, 96, 84, 255} }},
	{{ {-3228, -506, -2308}, 0, {1897, 540}, {83, 96, 84, 255} }},
	{{ {-4698, 1692, 857}, 0, {690, -921}, {23, 161, 0, 255} }},
	{{ {-4313, 1515, 1242}, 0, {736, -1083}, {91, 105, 91, 255} }},
	{{ {-4698, 1528, 857}, 0, {663, -980}, {98, 113, 98, 255} }},
	{{ {-4313, 1709, 1242}, 0, {780, -1066}, {185, 212, 185, 255} }},
	{{ {1866, 1813, -578}, 0, {380, 381}, {99, 114, 99, 255} }},
	{{ {879, 1820, -755}, 0, {336, 531}, {87, 100, 87, 255} }},
	{{ {1541, 1813, -1138}, 0, {394, 495}, {87, 100, 87, 255} }},
	{{ {1204, 1820, -194}, 0, {237, 485}, {194, 222, 194, 255} }},
	{{ {-436, 2174, 755}, 0, {-195, 696}, {83, 96, 84, 255} }},
	{{ {4234, 2174, -1948}, 0, {861, -83}, {13, 99, 0, 255} }},
	{{ {2192, 1147, -766}, 0, {560, 445}, {194, 222, 194, 255} }},
	{{ {4234, -506, -1948}, 0, {1230, 385}, {13, 99, 0, 255} }},
	{{ {2192, 1147, -766}, 0, {560, 445}, {194, 222, 194, 255} }},
	{{ {1856, 488, -572}, 0, {568, 634}, {194, 222, 194, 255} }},
	{{ {4234, -506, -1948}, 0, {1230, 385}, {13, 99, 0, 255} }},
	{{ {-418, -488, 755}, 0, {260, 1226}, {83, 96, 84, 255} }},
	{{ {1194, 495, -188}, 0, {426, 772}, {194, 222, 194, 255} }},
	{{ {868, 1161, 0}, 0, {238, 672}, {194, 222, 194, 255} }},
	{{ {-418, 1433, 505}, 0, {-136, 869}, {83, 96, 84, 255} }},
	{{ {-418, 1433, 505}, 0, {-136, 869}, {83, 96, 84, 255} }},
	{{ {1204, 1820, -194}, 0, {237, 485}, {194, 222, 194, 255} }},
	{{ {-436, 2174, 755}, 0, {-195, 696}, {83, 96, 84, 255} }},
	{{ {868, 1161, 0}, 0, {238, 672}, {194, 222, 194, 255} }},
	{{ {879, 1820, -755}, 0, {336, 531}, {87, 100, 87, 255} }},
	{{ {543, 1161, -560}, 0, {349, 601}, {87, 100, 87, 255} }},
	{{ {-1347, -679, -834}, 0, {2252, 1201}, {83, 96, 84, 255} }},
	{{ {-398, -962, -1920}, 0, {2535, 983}, {83, 96, 84, 255} }},
	{{ {-1347, -962, -834}, 0, {2261, 1100}, {83, 96, 84, 255} }},
	{{ {-398, -506, -1920}, 0, {2645, 1056}, {61, 71, 62, 255} }},
	{{ {-4343, 2062, 2626}, 0, {2426, 1753}, {23, 161, 0, 255} }},
	{{ {-4460, 1904, 3608}, 0, {2152, 1706}, {99, 114, 99, 255} }},
	{{ {-4460, 2062, 3608}, 0, {2113, 1747}, {23, 161, 0, 255} }},
	{{ {-4343, 1904, 2626}, 0, {2379, 1702}, {99, 114, 99, 255} }},
	{{ {-4249, 1772, 2746}, 0, {2336, 1664}, {99, 114, 99, 255} }},
	{{ {-4341, 1772, 3514}, 0, {2189, 1668}, {99, 114, 99, 255} }},
	{{ {-2608, -506, 793}, 0, {1447, 73}, {83, 96, 84, 255} }},
	{{ {-1311, -827, 3099}, 0, {1406, 752}, {0, 222, 3, 255} }},
	{{ {-2608, -826, 793}, 0, {1515, 195}, {80, 142, 82, 255} }},
	{{ {-1311, -402, 3099}, 0, {1295, 790}, {0, 222, 3, 255} }},
	{{ {-1430, -506, 1246}, 0, {1833, 275}, {0, 222, 3, 255} }},
	{{ {-2608, -826, 793}, 0, {1515, 195}, {80, 142, 82, 255} }},
	{{ {-1430, -826, 1246}, 0, {1719, 353}, {0, 222, 3, 255} }},
	{{ {-2608, -506, 793}, 0, {1447, 73}, {83, 96, 84, 255} }},
	{{ {-5210, 1684, 2200}, 0, {491, -1350}, {23, 161, 0, 255} }},
	{{ {-5595, 1515, 1816}, 0, {443, -1190}, {91, 105, 91, 255} }},
	{{ {-5210, 1528, 2200}, 0, {517, -1294}, {98, 113, 98, 255} }},
	{{ {-5595, 1709, 1816}, 0, {399, -1206}, {181, 208, 181, 255} }},
	{{ {-5595, 1515, 1816}, 0, {443, -1190}, {99, 114, 99, 255} }},
	{{ {-5154, 1392, 2054}, 0, {539, -1247}, {99, 114, 99, 255} }},
	{{ {-5210, 1528, 2200}, 0, {517, -1294}, {99, 114, 99, 255} }},
	{{ {-5456, 1327, 1753}, 0, {491, -1173}, {99, 114, 99, 255} }},
	{{ {-4954, 1195, 1529}, 0, {590, -1137}, {99, 114, 99, 255} }},
	{{ {-5154, 1392, 2054}, 0, {539, -1247}, {99, 114, 99, 255} }},
	{{ {-5456, 1327, 1753}, 0, {491, -1173}, {99, 114, 99, 255} }},
	{{ {-4737, 1335, 2012}, 0, {626, -1235}, {99, 114, 99, 255} }},
	{{ {-4429, 1392, 1729}, 0, {701, -1188}, {99, 114, 99, 255} }},
	{{ {-4453, 1327, 1304}, 0, {689, -1100}, {99, 114, 99, 255} }},
	{{ {-4283, 1684, 1784}, 0, {804, -1234}, {23, 161, 0, 255} }},
	{{ {-4677, 1517, 2147}, 0, {644, -1283}, {92, 106, 92, 255} }},
	{{ {-4283, 1528, 1784}, 0, {748, -1209}, {98, 113, 98, 255} }},
	{{ {-4677, 1706, 2147}, 0, {660, -1327}, {161, 184, 160, 255} }},
	{{ {-2343, 2459, 3353}, 0, {2218, -243}, {23, 161, 0, 255} }},
	{{ {-1113, 2004, 4665}, 0, {2052, -705}, {89, 103, 89, 255} }},
	{{ {-2468, 1734, 3792}, 0, {2009, -327}, {193, 221, 193, 255} }},
	{{ {-692, 2459, 4296}, 0, {2237, -776}, {23, 161, 0, 255} }},
	{{ {-5231, 1517, 911}, 0, {537, -991}, {99, 114, 99, 255} }},
	{{ {-5479, 1392, 1328}, 0, {480, -1086}, {99, 114, 99, 255} }},
	{{ {-5625, 1528, 1273}, 0, {433, -1064}, {99, 114, 99, 255} }},
	{{ {-5171, 1335, 1045}, 0, {554, -1039}, {99, 114, 99, 255} }},
	{{ {-523, 2422, 2646}, 0, {61, -1021}, {196, 225, 196, 255} }},
	{{ {172, 2222, 3043}, 0, {53, -1195}, {223, 255, 223, 255} }},
	{{ {-278, 2361, 3236}, 0, {-40, -1123}, {210, 240, 209, 255} }},
	{{ {170, 2361, 2452}, 0, {170, -1130}, {192, 220, 195, 255} }},
	{{ {3631, 2264, -363}, 0, {-590, -921}, {191, 219, 194, 255} }},
	{{ {3631, -506, 342}, 0, {-1254, -1090}, {66, 78, 66, 255} }},
	{{ {3631, -506, -363}, 0, {-1254, -921}, {70, 83, 71, 255} }},
	{{ {3631, 2264, 342}, 0, {-590, -1090}, {175, 204, 175, 255} }},
	{{ {-4082, 950, 603}, 0, {-398, -1333}, {96, 123, 98, 255} }},
	{{ {-3535, 951, -1206}, 0, {-364, -921}, {23, 161, 0, 255} }},
	{{ {-3532, 951, 602}, 0, {-270, -1380}, {63, 82, 64, 255} }},
	{{ {-4084, 950, -1206}, 0, {-525, -966}, {23, 161, 0, 255} }},
	{{ {1286, -290, 212}, 0, {2270, 2444}, {194, 222, 194, 255} }},
	{{ {1359, -217, -43}, 0, {2287, 2401}, {112, 129, 112, 255} }},
	{{ {1359, -217, 212}, 0, {2251, 2424}, {194, 222, 194, 255} }},
	{{ {1286, -290, -43}, 0, {2291, 2404}, {112, 129, 112, 255} }},
	{{ {-1011, -506, -3200}, 0, {2676, 618}, {83, 96, 84, 255} }},
	{{ {-398, -962, -1920}, 0, {2535, 983}, {83, 96, 84, 255} }},
	{{ {-398, -506, -1920}, 0, {2645, 1056}, {61, 71, 62, 255} }},
	{{ {-1011, -962, -3200}, 0, {2529, 699}, {83, 96, 84, 255} }},
	{{ {1359, -217, 212}, 0, {2251, 2424}, {194, 222, 194, 255} }},
	{{ {1464, -190, -43}, 0, {2286, 2397}, {112, 129, 112, 255} }},
	{{ {1464, -190, 212}, 0, {2244, 2396}, {194, 222, 194, 255} }},
	{{ {1359, -217, -43}, 0, {2287, 2401}, {112, 129, 112, 255} }},
	{{ {-3573, 1772, 3606}, 0, {2187, 1531}, {99, 114, 99, 255} }},
	{{ {-4249, 1772, 2746}, 0, {2336, 1664}, {99, 114, 99, 255} }},
	{{ {-3481, 1772, 2837}, 0, {2330, 1510}, {99, 114, 99, 255} }},
	{{ {-4341, 1772, 3514}, 0, {2189, 1668}, {99, 114, 99, 255} }},
	{{ {1259, -390, 212}, 0, {2298, 2451}, {194, 222, 194, 255} }},
	{{ {1286, -290, -43}, 0, {2291, 2404}, {112, 129, 112, 255} }},
	{{ {1259, -390, -43}, 0, {2296, 2405}, {112, 129, 112, 255} }},
	{{ {1664, -494, -43}, 0, {2303, 2387}, {113, 130, 113, 255} }},
	{{ {1259, -494, 212}, 0, {2329, 2443}, {194, 222, 194, 255} }},
	{{ {1664, -494, 212}, 0, {2322, 2344}, {194, 222, 194, 255} }},
	{{ {1259, -494, -43}, 0, {2300, 2405}, {112, 129, 112, 255} }},
	{{ {1564, -217, 212}, 0, {2251, 2371}, {194, 222, 194, 255} }},
	{{ {1638, -290, -43}, 0, {2291, 2387}, {116, 134, 116, 255} }},
	{{ {1638, -290, 212}, 0, {2270, 2353}, {194, 222, 194, 255} }},
	{{ {1564, -217, -43}, 0, {2287, 2391}, {112, 129, 112, 255} }},
	{{ {1194, 495, -188}, 0, {426, 772}, {194, 222, 194, 255} }},
	{{ {1531, 488, -1132}, 0, {463, 591}, {87, 100, 87, 255} }},
	{{ {869, 495, -749}, 0, {411, 624}, {87, 100, 87, 255} }},
	{{ {1856, 488, -572}, 0, {568, 634}, {194, 222, 194, 255} }},
	{{ {1259, -494, -43}, 0, {2300, 2405}, {112, 129, 112, 255} }},
	{{ {1259, -390, 212}, 0, {2298, 2451}, {194, 222, 194, 255} }},
	{{ {1259, -494, 212}, 0, {2329, 2443}, {194, 222, 194, 255} }},
	{{ {1259, -390, -43}, 0, {2296, 2405}, {112, 129, 112, 255} }},
	{{ {1664, -390, -43}, 0, {2296, 2386}, {117, 135, 118, 255} }},
	{{ {1664, -494, 212}, 0, {2322, 2344}, {194, 222, 194, 255} }},
	{{ {1664, -390, 212}, 0, {2294, 2345}, {194, 222, 194, 255} }},
	{{ {1664, -494, -43}, 0, {2303, 2387}, {113, 130, 113, 255} }},
	{{ {1638, -290, 212}, 0, {2270, 2353}, {194, 222, 194, 255} }},
	{{ {1664, -390, -43}, 0, {2296, 2386}, {117, 135, 118, 255} }},
	{{ {1664, -390, 212}, 0, {2294, 2345}, {194, 222, 194, 255} }},
	{{ {1638, -290, -43}, 0, {2291, 2387}, {117, 134, 117, 255} }},
	{{ {1464, -190, 212}, 0, {2244, 2396}, {194, 222, 194, 255} }},
	{{ {1564, -217, -43}, 0, {2287, 2391}, {112, 129, 112, 255} }},
	{{ {1564, -217, 212}, 0, {2251, 2371}, {194, 222, 194, 255} }},
	{{ {1464, -190, -43}, 0, {2286, 2397}, {112, 129, 112, 255} }},
	{{ {-1220, 1915, 5842}, 0, {1779, -830}, {219, 250, 218, 255} }},
	{{ {-2325, 2459, 7156}, 0, {1295, -812}, {23, 161, 0, 255} }},
	{{ {-2542, 1563, 6460}, 0, {1523, -612}, {89, 103, 89, 255} }},
	{{ {-683, 2459, 6197}, 0, {1786, -1064}, {23, 161, 0, 255} }},
	{{ {-2419, 1607, 5157}, 0, {1772, -500}, {89, 103, 89, 255} }},
	{{ {-2468, 1734, 3792}, 0, {2009, -327}, {194, 222, 194, 255} }},
	{{ {-1113, 2004, 4665}, 0, {2052, -705}, {89, 103, 89, 255} }},
	{{ {-1220, 1915, 5842}, 0, {1779, -830}, {194, 222, 194, 255} }},
	{{ {-1220, 1915, 5842}, 0, {1779, -830}, {194, 222, 194, 255} }},
	{{ {-2542, 1563, 6460}, 0, {1523, -612}, {89, 103, 89, 255} }},
	{{ {-2419, 1607, 5157}, 0, {1772, -500}, {89, 103, 89, 255} }},
	{{ {175, 2422, 3843}, 0, {-97, -1288}, {214, 244, 214, 255} }},
	{{ {172, 2222, 3043}, 0, {53, -1195}, {235, 255, 234, 255} }},
	{{ {625, 2361, 3232}, 0, {68, -1309}, {228, 255, 228, 255} }},
	{{ {587, 2482, 3801}, 0, {-50, -1366}, {186, 212, 185, 255} }},
	{{ {226, 2737, 4201}, 0, {-203, -1352}, {23, 161, 0, 255} }},
	{{ {-5595, 1515, 1816}, 0, {443, -1190}, {91, 105, 91, 255} }},
	{{ {-5625, 1692, 1273}, 0, {375, -1037}, {23, 161, 0, 255} }},
	{{ {-5625, 1528, 1273}, 0, {433, -1064}, {98, 113, 98, 255} }},
	{{ {-5595, 1709, 1816}, 0, {399, -1206}, {181, 208, 181, 255} }},
	{{ {-2713, -962, -1028}, 0, {1993, 933}, {83, 96, 84, 255} }},
	{{ {-1347, -679, -834}, 0, {2252, 1201}, {83, 96, 84, 255} }},
	{{ {-1347, -962, -834}, 0, {2261, 1100}, {83, 96, 84, 255} }},
	{{ {-2713, -645, -1028}, 0, {1897, 973}, {83, 96, 84, 255} }},
	{{ {-3160, 2010, -4637}, 0, {-1026, 2070}, {48, 56, 48, 255} }},
	{{ {-418, -506, -4641}, 0, {-1712, 2600}, {7, 10, 7, 255} }},
	{{ {-436, 2174, -4641}, 0, {-1096, 2702}, {2, 38, 0, 255} }},
	{{ {-3160, -506, -4637}, 0, {-1604, 1971}, {21, 25, 21, 255} }},
	{{ {-3479, 1904, 3725}, 0, {2152, 1499}, {99, 114, 99, 255} }},
	{{ {-3573, 1772, 3606}, 0, {2187, 1531}, {99, 114, 99, 255} }},
	{{ {-3481, 1772, 2837}, 0, {2330, 1510}, {99, 114, 99, 255} }},
	{{ {-3362, 1904, 2743}, 0, {2371, 1458}, {99, 114, 99, 255} }},
	{{ {-3526, 2062, 3665}, 0, {2093, 1449}, {23, 161, 0, 255} }},
	{{ {-3362, 2062, 2743}, 0, {2426, 1403}, {23, 161, 0, 255} }},
	{{ {-418, 1498, -4900}, 0, {-507, 2209}, {11, 14, 11, 255} }},
	{{ {-436, 2174, -4641}, 0, {-621, 2246}, {2, 38, 0, 254} }},
	{{ {-418, -506, -4641}, 0, {-177, 2270}, {7, 10, 7, 255} }},
	{{ {-418, 1433, 505}, 0, {-136, 869}, {83, 96, 84, 255} }},
	{{ {-418, -488, 755}, 0, {260, 1226}, {83, 96, 84, 255} }},
	{{ {-736, 2737, 2552}, 0, {47, -921}, {23, 161, 0, 255} }},
	{{ {-278, 2361, 3236}, 0, {-40, -1123}, {214, 245, 214, 255} }},
	{{ {-731, 2737, 3654}, 0, {-205, -1060}, {23, 161, 0, 255} }},
	{{ {-523, 2422, 2646}, 0, {61, -1021}, {202, 231, 202, 255} }},
	{{ {-5625, 1692, 1273}, 0, {375, -1037}, {23, 161, 0, 255} }},
	{{ {-5231, 1517, 911}, 0, {537, -991}, {92, 106, 92, 255} }},
	{{ {-5625, 1528, 1273}, 0, {433, -1064}, {98, 113, 98, 255} }},
	{{ {-5231, 1706, 911}, 0, {521, -946}, {167, 191, 167, 255} }},
	{{ {-3526, 2062, 3665}, 0, {2093, 1449}, {23, 161, 0, 255} }},
	{{ {-4460, 2062, 3608}, 0, {2113, 1747}, {23, 161, 0, 255} }},
	{{ {-4460, 1904, 3608}, 0, {2152, 1706}, {99, 114, 99, 255} }},
	{{ {-3479, 1904, 3725}, 0, {2152, 1499}, {99, 114, 99, 255} }},
	{{ {-3573, 1772, 3606}, 0, {2187, 1531}, {99, 114, 99, 255} }},
	{{ {-4341, 1772, 3514}, 0, {2189, 1668}, {99, 114, 99, 255} }},
	{{ {-4677, 1517, 2147}, 0, {644, -1283}, {99, 114, 99, 255} }},
	{{ {-5154, 1392, 2054}, 0, {539, -1247}, {99, 114, 99, 255} }},
	{{ {-4737, 1335, 2012}, 0, {626, -1235}, {99, 114, 99, 255} }},
	{{ {-5210, 1528, 2200}, 0, {517, -1294}, {99, 114, 99, 255} }},
	{{ {1541, 1813, -1138}, 0, {394, 495}, {87, 100, 87, 255} }},
	{{ {2192, 1147, -766}, 0, {560, 445}, {194, 222, 194, 255} }},
	{{ {1866, 1813, -578}, 0, {380, 381}, {99, 114, 99, 255} }},
	{{ {1867, 1147, -1327}, 0, {448, 530}, {87, 100, 87, 255} }},
	{{ {2192, 1147, -766}, 0, {560, 445}, {194, 222, 194, 255} }},
	{{ {1531, 488, -1132}, 0, {463, 591}, {87, 100, 87, 255} }},
	{{ {1856, 488, -572}, 0, {568, 634}, {194, 222, 194, 255} }},
	{{ {1867, 1147, -1327}, 0, {448, 530}, {87, 100, 87, 255} }},
	{{ {-3536, 1956, -1833}, 0, {-966, -157}, {23, 161, 0, 255} }},
	{{ {-3531, 2010, 757}, 0, {-839, 490}, {188, 215, 188, 255} }},
	{{ {-3539, 2174, 755}, 0, {-801, 477}, {83, 96, 84, 255} }},
	{{ {-3539, 2174, -4637}, 0, {-1030, -857}, {13, 99, 0, 255} }},
	{{ {-3538, 1956, -4063}, 0, {-1060, -707}, {23, 161, 0, 255} }},
	{{ {-3539, 2010, -4637}, 0, {-1070, -850}, {13, 99, 0, 255} }},
	{{ {-3539, 2010, -4637}, 0, {-1070, -850}, {13, 99, 0, 255} }},
	{{ {-3538, 916, -4063}, 0, {-1314, -665}, {132, 151, 132, 255} }},
	{{ {-3538, 1956, -4063}, 0, {-1060, -707}, {23, 161, 0, 255} }},
	{{ {-3539, -506, -4637}, 0, {-1684, -748}, {83, 96, 84, 255} }},
	{{ {1664, -494, 212}, 0, {2322, 2344}, {194, 222, 194, 255} }},
	{{ {1259, -494, 212}, 0, {2329, 2443}, {194, 222, 194, 255} }},
	{{ {2473, -510, 212}, 0, {2310, 2141}, {112, 130, 114, 255} }},
	{{ {1664, -390, 212}, 0, {2294, 2345}, {194, 222, 194, 255} }},
	{{ {1638, -290, 212}, 0, {2270, 2353}, {194, 222, 194, 255} }},
	{{ {2473, 305, 212}, 0, {2118, 2142}, {191, 219, 194, 255} }},
	{{ {2387, 391, 212}, 0, {2098, 2162}, {191, 219, 194, 255} }},
	{{ {1564, -217, 212}, 0, {2251, 2371}, {194, 222, 194, 255} }},
	{{ {1464, -190, 212}, 0, {2244, 2396}, {194, 222, 194, 255} }},
	{{ {451, 391, 212}, 0, {2093, 2672}, {0, 222, 3, 255} }},
	{{ {1359, -217, 212}, 0, {2251, 2424}, {199, 227, 198, 255} }},
	{{ {1286, -290, 212}, 0, {2270, 2444}, {196, 225, 196, 255} }},
	{{ {451, -510, 212}, 0, {2351, 2672}, {135, 154, 134, 255} }},
	{{ {1259, -390, 212}, 0, {2298, 2451}, {195, 223, 195, 255} }},
	{{ {1259, -494, 212}, 0, {2329, 2443}, {194, 222, 194, 255} }},
	{{ {2473, -510, 212}, 0, {2310, 2141}, {112, 130, 114, 255} }},
	{{ {-436, 2174, -4641}, 0, {-1119, 2672}, {2, 38, 0, 255} }},
	{{ {-3539, 2174, -4637}, 0, {-1007, 2019}, {13, 99, 0, 255} }},
	{{ {-3160, 2010, -4637}, 0, {-1055, 2092}, {48, 56, 48, 255} }},
	{{ {-3539, 2010, -4637}, 0, {-1041, 2013}, {13, 99, 0, 255} }},
	{{ {1359, -217, -43}, 0, {2287, 2401}, {112, 129, 112, 255} }},
	{{ {1286, -290, -43}, 0, {2291, 2404}, {112, 129, 112, 255} }},
	{{ {1259, -390, -43}, 0, {2296, 2405}, {112, 129, 112, 255} }},
	{{ {1464, -190, -43}, 0, {2286, 2397}, {112, 129, 112, 255} }},
	{{ {1664, -390, -43}, 0, {2296, 2386}, {117, 135, 118, 255} }},
	{{ {1259, -494, -43}, 0, {2300, 2405}, {112, 129, 112, 255} }},
	{{ {1664, -494, -43}, 0, {2303, 2387}, {113, 130, 113, 255} }},
	{{ {1564, -217, -43}, 0, {2287, 2391}, {112, 129, 112, 255} }},
	{{ {1664, -390, -43}, 0, {2296, 2386}, {117, 135, 118, 255} }},
	{{ {1638, -290, -43}, 0, {2291, 2387}, {117, 134, 117, 255} }},
	{{ {1564, -217, -43}, 0, {2287, 2391}, {112, 129, 112, 255} }},
	{{ {1867, 1147, -1327}, 0, {1186, -1013}, {87, 100, 87, 255} }},
	{{ {1541, 1813, -1138}, 0, {1186, -1196}, {87, 100, 87, 255} }},
	{{ {879, 1820, -755}, 0, {1027, -1288}, {87, 100, 87, 255} }},
	{{ {869, 495, -749}, 0, {868, -1013}, {87, 100, 87, 255} }},
	{{ {543, 1161, -560}, 0, {868, -1196}, {87, 100, 87, 255} }},
	{{ {1531, 488, -1132}, 0, {1027, -921}, {87, 100, 87, 255} }},
	{{ {-3378, 2174, -5108}, 0, {-804, 420}, {153, 153, 153, 255} }},
	{{ {-3378, 2174, -4487}, 0, {-515, 420}, {153, 153, 153, 255} }},
	{{ {-3030, 2187, 476}, 0, {1798, 572}, {15, 255, 0, 255} }},
	{{ {-3378, 2488, -5108}, 0, {-804, 566}, {153, 153, 153, 255} }},
	{{ {-458, 2174, -4015}, 0, {-295, 420}, {153, 153, 153, 255} }},
	{{ {-436, 2174, -4490}, 0, {-517, 420}, {153, 153, 153, 255} }},
	{{ {-436, 2488, -5112}, 0, {-806, 566}, {153, 153, 153, 255} }},
	{{ {-436, 2174, -5112}, 0, {-806, 420}, {153, 153, 153, 255} }},
	{{ {-2880, 2223, -4641}, 0, {192, 541}, {153, 153, 153, 255} }},
	{{ {-1044, 2225, -4643}, 0, {800, 541}, {153, 153, 153, 255} }},
	{{ {-1044, 2488, -4643}, 0, {800, 453}, {153, 153, 153, 255} }},
	{{ {-2880, 2486, -4641}, 0, {192, 454}, {153, 153, 153, 255} }},
};

Gfx bob_dl_Geometry_001_mesh_layer_1_tri_1[] = {
	gsSPVertex(bob_dl_Geometry_001_mesh_layer_1_vtx_1 + 0, 31, 0),
	gsSP2Triangles(0, 1, 2, 0, 3, 4, 5, 0),
	gsSP2Triangles(6, 7, 8, 0, 9, 10, 11, 0),
	gsSP2Triangles(10, 12, 0, 0, 13, 14, 15, 0),
	gsSP2Triangles(16, 17, 18, 0, 19, 20, 21, 0),
	gsSP2Triangles(22, 23, 24, 0, 25, 26, 27, 0),
	gsSP1Triangle(28, 29, 30, 0),
	gsSPVertex(bob_dl_Geometry_001_mesh_layer_1_vtx_1 + 31, 32, 0),
	gsSP2Triangles(0, 1, 2, 0, 3, 4, 5, 0),
	gsSP2Triangles(6, 7, 8, 0, 9, 10, 11, 0),
	gsSP2Triangles(12, 13, 14, 0, 15, 16, 17, 0),
	gsSP2Triangles(18, 19, 20, 0, 18, 20, 21, 0),
	gsSP2Triangles(22, 23, 24, 0, 22, 25, 23, 0),
	gsSP2Triangles(26, 27, 28, 0, 26, 29, 27, 0),
	gsSP2Triangles(27, 29, 30, 0, 27, 30, 31, 0),
	gsSPVertex(bob_dl_Geometry_001_mesh_layer_1_vtx_1 + 63, 31, 0),
	gsSP2Triangles(0, 1, 2, 0, 0, 3, 1, 0),
	gsSP2Triangles(4, 3, 0, 0, 4, 5, 3, 0),
	gsSP2Triangles(6, 7, 8, 0, 6, 9, 7, 0),
	gsSP2Triangles(10, 11, 12, 0, 10, 13, 11, 0),
	gsSP2Triangles(14, 15, 16, 0, 14, 17, 15, 0),
	gsSP2Triangles(18, 19, 20, 0, 18, 20, 21, 0),
	gsSP2Triangles(22, 23, 24, 0, 22, 24, 25, 0),
	gsSP2Triangles(26, 27, 28, 0, 26, 29, 27, 0),
	gsSP1Triangle(26, 30, 29, 0),
	gsSPVertex(bob_dl_Geometry_001_mesh_layer_1_vtx_1 + 94, 32, 0),
	gsSP2Triangles(0, 1, 2, 0, 0, 3, 1, 0),
	gsSP2Triangles(4, 5, 6, 0, 4, 6, 7, 0),
	gsSP2Triangles(4, 7, 8, 0, 4, 8, 9, 0),
	gsSP2Triangles(10, 9, 8, 0, 10, 8, 11, 0),
	gsSP2Triangles(10, 11, 12, 0, 10, 12, 13, 0),
	gsSP2Triangles(14, 13, 12, 0, 14, 12, 15, 0),
	gsSP2Triangles(16, 17, 18, 0, 16, 19, 17, 0),
	gsSP2Triangles(20, 21, 22, 0, 20, 23, 21, 0),
	gsSP2Triangles(24, 25, 26, 0, 24, 27, 25, 0),
	gsSP2Triangles(28, 29, 30, 0, 28, 31, 29, 0),
	gsSPVertex(bob_dl_Geometry_001_mesh_layer_1_vtx_1 + 126, 32, 0),
	gsSP2Triangles(0, 1, 2, 0, 0, 3, 1, 0),
	gsSP2Triangles(4, 5, 6, 0, 4, 6, 7, 0),
	gsSP2Triangles(8, 9, 10, 0, 8, 10, 11, 0),
	gsSP2Triangles(10, 12, 11, 0, 12, 13, 11, 0),
	gsSP2Triangles(14, 11, 13, 0, 14, 8, 11, 0),
	gsSP2Triangles(14, 15, 8, 0, 14, 16, 15, 0),
	gsSP2Triangles(17, 18, 19, 0, 17, 20, 18, 0),
	gsSP2Triangles(21, 22, 23, 0, 21, 24, 22, 0),
	gsSP2Triangles(25, 26, 27, 0, 28, 27, 26, 0),
	gsSP2Triangles(26, 29, 28, 0, 29, 30, 28, 0),
	gsSP2Triangles(30, 9, 28, 0, 9, 31, 28, 0),
	gsSPVertex(bob_dl_Geometry_001_mesh_layer_1_vtx_1 + 158, 30, 0),
	gsSP2Triangles(0, 1, 2, 0, 2, 1, 3, 0),
	gsSP2Triangles(2, 3, 4, 0, 3, 5, 4, 0),
	gsSP2Triangles(3, 6, 5, 0, 3, 7, 6, 0),
	gsSP2Triangles(3, 8, 7, 0, 0, 2, 9, 0),
	gsSP2Triangles(10, 11, 12, 0, 10, 13, 11, 0),
	gsSP2Triangles(14, 15, 16, 0, 14, 16, 17, 0),
	gsSP2Triangles(18, 19, 20, 0, 18, 21, 19, 0),
	gsSP2Triangles(22, 23, 24, 0, 22, 25, 23, 0),
	gsSP2Triangles(26, 27, 28, 0, 26, 29, 27, 0),
	gsSPVertex(bob_dl_Geometry_001_mesh_layer_1_vtx_1 + 188, 32, 0),
	gsSP2Triangles(0, 1, 2, 0, 0, 3, 1, 0),
	gsSP2Triangles(4, 5, 6, 0, 4, 7, 5, 0),
	gsSP2Triangles(8, 9, 10, 0, 8, 11, 9, 0),
	gsSP2Triangles(12, 13, 14, 0, 12, 15, 13, 0),
	gsSP2Triangles(16, 17, 18, 0, 16, 19, 17, 0),
	gsSP2Triangles(20, 21, 22, 0, 20, 23, 21, 0),
	gsSP2Triangles(24, 25, 26, 0, 24, 27, 25, 0),
	gsSP2Triangles(28, 29, 30, 0, 28, 31, 29, 0),
	gsSPVertex(bob_dl_Geometry_001_mesh_layer_1_vtx_1 + 220, 32, 0),
	gsSP2Triangles(0, 1, 2, 0, 0, 3, 1, 0),
	gsSP2Triangles(4, 5, 6, 0, 4, 7, 5, 0),
	gsSP2Triangles(8, 9, 10, 0, 8, 11, 9, 0),
	gsSP2Triangles(12, 13, 14, 0, 12, 15, 13, 0),
	gsSP2Triangles(16, 17, 18, 0, 16, 19, 17, 0),
	gsSP2Triangles(20, 21, 22, 0, 20, 23, 21, 0),
	gsSP2Triangles(24, 25, 26, 0, 24, 27, 25, 0),
	gsSP2Triangles(28, 27, 24, 0, 29, 28, 24, 0),
	gsSP2Triangles(29, 24, 30, 0, 31, 29, 30, 0),
	gsSPVertex(bob_dl_Geometry_001_mesh_layer_1_vtx_1 + 252, 31, 0),
	gsSP2Triangles(0, 1, 2, 0, 3, 2, 1, 0),
	gsSP2Triangles(4, 3, 1, 0, 4, 5, 3, 0),
	gsSP2Triangles(5, 6, 3, 0, 7, 8, 9, 0),
	gsSP2Triangles(7, 10, 8, 0, 11, 8, 10, 0),
	gsSP2Triangles(11, 10, 12, 0, 13, 14, 15, 0),
	gsSP2Triangles(13, 16, 14, 0, 17, 18, 19, 0),
	gsSP2Triangles(17, 20, 18, 0, 21, 18, 20, 0),
	gsSP2Triangles(21, 22, 18, 0, 23, 24, 25, 0),
	gsSP2Triangles(23, 26, 24, 0, 27, 28, 29, 0),
	gsSP1Triangle(27, 30, 28, 0),
	gsSPVertex(bob_dl_Geometry_001_mesh_layer_1_vtx_1 + 283, 30, 0),
	gsSP2Triangles(0, 1, 2, 0, 0, 3, 1, 0),
	gsSP2Triangles(4, 5, 6, 0, 4, 7, 5, 0),
	gsSP2Triangles(8, 9, 10, 0, 8, 11, 9, 0),
	gsSP2Triangles(8, 12, 11, 0, 8, 13, 12, 0),
	gsSP2Triangles(14, 15, 16, 0, 14, 17, 15, 0),
	gsSP2Triangles(18, 19, 20, 0, 18, 21, 19, 0),
	gsSP2Triangles(22, 23, 24, 0, 22, 25, 23, 0),
	gsSP2Triangles(26, 27, 28, 0, 26, 29, 27, 0),
	gsSPVertex(bob_dl_Geometry_001_mesh_layer_1_vtx_1 + 313, 31, 0),
	gsSP2Triangles(0, 1, 2, 0, 0, 3, 1, 0),
	gsSP2Triangles(4, 5, 6, 0, 4, 7, 5, 0),
	gsSP2Triangles(8, 9, 10, 0, 8, 11, 9, 0),
	gsSP2Triangles(12, 13, 14, 0, 12, 15, 13, 0),
	gsSP2Triangles(16, 17, 18, 0, 16, 19, 17, 0),
	gsSP2Triangles(20, 21, 22, 0, 20, 23, 21, 0),
	gsSP2Triangles(24, 25, 8, 0, 24, 26, 25, 0),
	gsSP2Triangles(27, 28, 29, 0, 27, 30, 28, 0),
	gsSPVertex(bob_dl_Geometry_001_mesh_layer_1_vtx_1 + 344, 32, 0),
	gsSP2Triangles(0, 1, 2, 0, 0, 3, 1, 0),
	gsSP2Triangles(4, 5, 6, 0, 4, 7, 5, 0),
	gsSP2Triangles(8, 9, 10, 0, 8, 11, 9, 0),
	gsSP2Triangles(12, 13, 14, 0, 12, 15, 13, 0),
	gsSP2Triangles(16, 17, 18, 0, 16, 19, 17, 0),
	gsSP2Triangles(20, 21, 22, 0, 20, 23, 21, 0),
	gsSP2Triangles(24, 25, 26, 0, 24, 27, 25, 0),
	gsSP2Triangles(28, 29, 30, 0, 30, 31, 28, 0),
	gsSPVertex(bob_dl_Geometry_001_mesh_layer_1_vtx_1 + 376, 31, 0),
	gsSP2Triangles(0, 1, 2, 0, 3, 4, 5, 0),
	gsSP2Triangles(3, 5, 6, 0, 6, 7, 3, 0),
	gsSP2Triangles(8, 9, 10, 0, 8, 11, 9, 0),
	gsSP2Triangles(12, 13, 14, 0, 12, 15, 13, 0),
	gsSP2Triangles(16, 17, 18, 0, 16, 19, 17, 0),
	gsSP2Triangles(20, 21, 22, 0, 20, 22, 23, 0),
	gsSP2Triangles(23, 24, 20, 0, 23, 25, 24, 0),
	gsSP2Triangles(26, 27, 28, 0, 29, 26, 28, 0),
	gsSP1Triangle(29, 28, 30, 0),
	gsSPVertex(bob_dl_Geometry_001_mesh_layer_1_vtx_1 + 407, 32, 0),
	gsSP2Triangles(0, 1, 2, 0, 0, 3, 1, 0),
	gsSP2Triangles(4, 5, 6, 0, 4, 7, 5, 0),
	gsSP2Triangles(8, 9, 10, 0, 8, 10, 11, 0),
	gsSP2Triangles(10, 12, 11, 0, 10, 13, 12, 0),
	gsSP2Triangles(14, 15, 16, 0, 14, 17, 15, 0),
	gsSP2Triangles(18, 19, 20, 0, 18, 21, 19, 0),
	gsSP2Triangles(22, 23, 24, 0, 22, 25, 23, 0),
	gsSP2Triangles(26, 27, 28, 0, 29, 26, 28, 0),
	gsSP2Triangles(30, 26, 29, 0, 29, 31, 30, 0),
	gsSPVertex(bob_dl_Geometry_001_mesh_layer_1_vtx_1 + 439, 32, 0),
	gsSP2Triangles(0, 1, 2, 0, 0, 3, 1, 0),
	gsSP2Triangles(4, 5, 6, 0, 7, 4, 6, 0),
	gsSP2Triangles(8, 7, 6, 0, 6, 9, 8, 0),
	gsSP2Triangles(9, 10, 8, 0, 11, 8, 10, 0),
	gsSP2Triangles(11, 10, 12, 0, 10, 13, 12, 0),
	gsSP2Triangles(13, 14, 12, 0, 13, 15, 14, 0),
	gsSP2Triangles(15, 13, 16, 0, 17, 15, 16, 0),
	gsSP2Triangles(16, 18, 17, 0, 16, 19, 18, 0),
	gsSP2Triangles(20, 21, 22, 0, 21, 23, 22, 0),
	gsSP2Triangles(24, 25, 26, 0, 27, 24, 26, 0),
	gsSP2Triangles(28, 27, 26, 0, 26, 29, 28, 0),
	gsSP2Triangles(29, 30, 28, 0, 31, 27, 28, 0),
	gsSPVertex(bob_dl_Geometry_001_mesh_layer_1_vtx_1 + 471, 21, 0),
	gsSP2Triangles(0, 1, 2, 0, 3, 4, 5, 0),
	gsSP2Triangles(5, 6, 3, 0, 5, 7, 6, 0),
	gsSP2Triangles(6, 8, 3, 0, 9, 10, 11, 0),
	gsSP2Triangles(9, 11, 12, 0, 13, 14, 15, 0),
	gsSP2Triangles(14, 16, 15, 0, 17, 18, 19, 0),
	gsSP1Triangle(17, 19, 20, 0),
	gsSPEndDisplayList(),
};

Vtx bob_dl_Geometry_001_mesh_layer_1_vtx_2[39] = {
	{{ {2316, 2174, -3993}, 0, {1965, 51}, {136, 156, 136, 255} }},
	{{ {2066, 2174, -4258}, 0, {1008, -966}, {99, 114, 99, 255} }},
	{{ {2066, 2349, -4058}, 0, {1008, 674}, {171, 196, 171, 255} }},
	{{ {2288, 2349, -3965}, 0, {1860, 674}, {153, 175, 153, 255} }},
	{{ {1816, 2174, -3493}, 0, {51, 1342}, {150, 172, 149, 255} }},
	{{ {1843, 2349, -3520}, 0, {156, 674}, {194, 222, 194, 255} }},
	{{ {1751, 2349, -3743}, 0, {-197, 1008}, {194, 222, 194, 255} }},
	{{ {1550, 2174, -3743}, 0, {-966, 1008}, {99, 114, 99, 255} }},
	{{ {2381, 2349, -3743}, 0, {1008, 674}, {173, 198, 173, 255} }},
	{{ {2288, 2349, -3520}, 0, {156, 674}, {190, 217, 190, 255} }},
	{{ {2316, 2174, -3493}, 0, {1965, 1965}, {137, 157, 137, 255} }},
	{{ {2582, 2174, -3743}, 0, {2982, 1008}, {99, 114, 99, 255} }},
	{{ {1816, 2174, -3993}, 0, {51, 51}, {150, 172, 149, 255} }},
	{{ {1751, 2349, -3743}, 0, {1008, 674}, {194, 222, 194, 255} }},
	{{ {1843, 2349, -3965}, 0, {1860, 674}, {194, 222, 194, 255} }},
	{{ {2316, 2174, -3993}, 0, {1965, 1342}, {130, 149, 129, 255} }},
	{{ {2288, 2349, -3965}, 0, {1860, 674}, {154, 177, 154, 255} }},
	{{ {2381, 2349, -3743}, 0, {2213, 1008}, {173, 198, 173, 255} }},
	{{ {2316, 2174, -3493}, 0, {1965, 1342}, {151, 174, 151, 255} }},
	{{ {2288, 2349, -3520}, 0, {1860, 674}, {197, 225, 197, 255} }},
	{{ {2066, 2349, -3428}, 0, {1008, 2213}, {197, 225, 197, 255} }},
	{{ {2066, 2174, -3227}, 0, {1008, 2982}, {99, 114, 99, 255} }},
	{{ {1816, 2174, -3993}, 0, {51, 1342}, {143, 164, 143, 255} }},
	{{ {1843, 2349, -3965}, 0, {156, 674}, {187, 214, 187, 255} }},
	{{ {2066, 2349, -4058}, 0, {1008, -197}, {171, 196, 171, 255} }},
	{{ {1816, 2174, -3493}, 0, {51, 1965}, {151, 173, 151, 255} }},
	{{ {2066, 2349, -3428}, 0, {1008, 674}, {197, 225, 197, 255} }},
	{{ {1843, 2349, -3520}, 0, {156, 674}, {197, 225, 197, 255} }},
	{{ {2381, 2349, -3743}, 0, {2213, 1008}, {170, 194, 169, 255} }},
	{{ {2288, 2349, -3965}, 0, {1860, 156}, {152, 175, 152, 255} }},
	{{ {2066, 2349, -4058}, 0, {1008, -197}, {162, 185, 162, 255} }},
	{{ {1751, 2349, -3743}, 0, {-197, 1008}, {185, 212, 185, 255} }},
	{{ {2066, 2349, -4058}, 0, {1008, -197}, {162, 185, 162, 255} }},
	{{ {1843, 2349, -3965}, 0, {156, 156}, {178, 204, 178, 255} }},
	{{ {1751, 2349, -3743}, 0, {-197, 1008}, {185, 212, 185, 255} }},
	{{ {2381, 2349, -3743}, 0, {2213, 1008}, {170, 194, 169, 255} }},
	{{ {2066, 2349, -3428}, 0, {1008, 2213}, {178, 204, 178, 255} }},
	{{ {1843, 2349, -3520}, 0, {156, 1860}, {185, 212, 185, 255} }},
	{{ {2288, 2349, -3520}, 0, {1860, 1860}, {178, 204, 178, 255} }},
};

Gfx bob_dl_Geometry_001_mesh_layer_1_tri_2[] = {
	gsSPVertex(bob_dl_Geometry_001_mesh_layer_1_vtx_2 + 0, 32, 0),
	gsSP2Triangles(0, 1, 2, 0, 0, 2, 3, 0),
	gsSP2Triangles(4, 5, 6, 0, 4, 6, 7, 0),
	gsSP2Triangles(8, 9, 10, 0, 8, 10, 11, 0),
	gsSP2Triangles(12, 7, 13, 0, 12, 13, 14, 0),
	gsSP2Triangles(15, 16, 17, 0, 15, 17, 11, 0),
	gsSP2Triangles(18, 19, 20, 0, 18, 20, 21, 0),
	gsSP2Triangles(22, 23, 24, 0, 22, 24, 1, 0),
	gsSP2Triangles(25, 21, 26, 0, 25, 26, 27, 0),
	gsSP2Triangles(28, 29, 30, 0, 28, 30, 31, 0),
	gsSPVertex(bob_dl_Geometry_001_mesh_layer_1_vtx_2 + 32, 7, 0),
	gsSP2Triangles(0, 1, 2, 0, 3, 2, 4, 0),
	gsSP2Triangles(2, 5, 4, 0, 4, 6, 3, 0),
	gsSPEndDisplayList(),
};

Vtx bob_dl_Geometry_001_mesh_layer_1_vtx_3[9] = {
	{{ {-527, 2459, -1035}, 0, {496, 491}, {99, 114, 99, 255} }},
	{{ {-971, 2377, -606}, 0, {-703, 1656}, {115, 178, 115, 255} }},
	{{ {-83, 2377, -606}, 0, {1695, 1656}, {118, 174, 118, 255} }},
	{{ {-527, 2459, -1035}, 0, {500, 496}, {99, 114, 99, 255} }},
	{{ {-971, 2377, -1465}, 0, {-703, -664}, {57, 203, 57, 255} }},
	{{ {-971, 2377, -606}, 0, {-703, 1656}, {115, 178, 115, 255} }},
	{{ {-527, 2459, -1035}, 0, {492, 496}, {99, 114, 99, 255} }},
	{{ {-83, 2377, -1465}, 0, {1695, -664}, {2, 204, 0, 255} }},
	{{ {-527, 2459, -1035}, 0, {496, 501}, {99, 114, 99, 255} }},
};

Gfx bob_dl_Geometry_001_mesh_layer_1_tri_3[] = {
	gsSPVertex(bob_dl_Geometry_001_mesh_layer_1_vtx_3 + 0, 9, 0),
	gsSP2Triangles(0, 1, 2, 0, 3, 4, 5, 0),
	gsSP2Triangles(6, 2, 7, 0, 8, 7, 4, 0),
	gsSPEndDisplayList(),
};

Vtx bob_dl_Geometry_001_mesh_layer_1_vtx_4[72] = {
	{{ {-2234, 2459, 3788}, 0, {-5211, -187}, {194, 222, 194, 255} }},
	{{ {-2227, 1923, 1076}, 0, {7278, 1047}, {194, 222, 194, 255} }},
	{{ {-2228, 1868, 1087}, 0, {7227, 1173}, {194, 222, 194, 255} }},
	{{ {-2235, 2404, 3798}, 0, {-5262, -61}, {194, 222, 194, 255} }},
	{{ {-332, -512, 2123}, 0, {2159, -494}, {194, 222, 194, 255} }},
	{{ {-836, -512, 1460}, 0, {-108, -495}, {194, 222, 194, 255} }},
	{{ {-1403, -417, 1892}, 0, {-107, 897}, {194, 222, 194, 255} }},
	{{ {-900, -417, 2555}, 0, {2161, 898}, {194, 222, 194, 255} }},
	{{ {-1936, -460, 2297}, 0, {-108, 2192}, {194, 222, 194, 255} }},
	{{ {-1442, -428, 2967}, 0, {2158, 2219}, {194, 222, 194, 255} }},
	{{ {-2235, 2404, 3798}, 0, {-183, 3631}, {194, 222, 194, 255} }},
	{{ {-2228, 1868, 1087}, 0, {-151, -2614}, {194, 222, 194, 255} }},
	{{ {-1718, 1865, 1127}, 0, {2196, -2522}, {194, 222, 194, 255} }},
	{{ {-1723, 2401, 3798}, 0, {2174, 3631}, {194, 222, 194, 255} }},
	{{ {-332, -512, 2123}, 0, {2821, -546}, {194, 222, 194, 255} }},
	{{ {-900, -508, 2555}, 0, {2808, 839}, {194, 222, 194, 255} }},
	{{ {-334, -565, 2125}, 0, {2963, -541}, {194, 222, 194, 255} }},
	{{ {-900, -417, 2555}, 0, {2562, 839}, {194, 222, 194, 255} }},
	{{ {-1465, -565, 2984}, 0, {2963, 2219}, {194, 222, 194, 255} }},
	{{ {-1442, -428, 2967}, 0, {2591, 2163}, {194, 222, 194, 255} }},
	{{ {-1403, -508, 1892}, 0, {-108, 839}, {194, 222, 194, 255} }},
	{{ {-838, -565, 1462}, 0, {-108, -541}, {194, 222, 194, 255} }},
	{{ {-334, -565, 2125}, 0, {-2375, -541}, {194, 222, 194, 255} }},
	{{ {-900, -508, 2555}, 0, {-2375, 839}, {194, 222, 194, 255} }},
	{{ {-1465, -565, 2984}, 0, {-2375, 2219}, {194, 222, 194, 255} }},
	{{ {-1969, -565, 2322}, 0, {-108, 2219}, {194, 222, 194, 255} }},
	{{ {-1403, -417, 1892}, 0, {2161, 834}, {194, 222, 194, 255} }},
	{{ {-836, -512, 1460}, 0, {2419, 2219}, {194, 222, 194, 255} }},
	{{ {-838, -565, 1462}, 0, {2562, 2214}, {194, 222, 194, 255} }},
	{{ {-1403, -508, 1892}, 0, {2406, 834}, {194, 222, 194, 255} }},
	{{ {-1936, -460, 2297}, 0, {2275, -466}, {194, 222, 194, 255} }},
	{{ {-1969, -565, 2322}, 0, {2562, -546}, {194, 222, 194, 255} }},
	{{ {-1164, 2174, -1652}, 0, {4387, 1001}, {2, 199, 0, 255} }},
	{{ {-1164, 2174, -419}, 0, {-2371, 1001}, {2, 199, 0, 255} }},
	{{ {-971, 2377, -606}, 0, {-1347, -9}, {115, 178, 115, 255} }},
	{{ {-971, 2377, -1465}, 0, {3363, -9}, {57, 203, 57, 255} }},
	{{ {-1164, 2174, -1652}, 0, {-2487, 1001}, {2, 199, 0, 255} }},
	{{ {-971, 2377, -1465}, 0, {-1427, -9}, {57, 203, 57, 255} }},
	{{ {-83, 2377, -1465}, 0, {3443, -9}, {2, 204, 0, 255} }},
	{{ {110, 2174, -1652}, 0, {4503, 1001}, {2, 167, 0, 255} }},
	{{ {110, 2174, -419}, 0, {4503, 1001}, {2, 199, 0, 255} }},
	{{ {-83, 2377, -606}, 0, {3443, -9}, {118, 174, 118, 255} }},
	{{ {-971, 2377, -606}, 0, {-1427, -9}, {115, 178, 115, 255} }},
	{{ {-1164, 2174, -419}, 0, {-2487, 1001}, {2, 199, 0, 255} }},
	{{ {-332, -512, 2123}, 0, {2963, 602}, {194, 222, 194, 255} }},
	{{ {-334, -565, 2125}, 0, {3106, 602}, {194, 222, 194, 255} }},
	{{ {-838, -565, 1462}, 0, {3106, -1015}, {194, 222, 194, 255} }},
	{{ {-836, -512, 1460}, 0, {2963, -1015}, {194, 222, 194, 255} }},
	{{ {-1723, 2401, 3798}, 0, {2174, -55}, {194, 222, 194, 255} }},
	{{ {-1722, 2456, 3788}, 0, {2177, -181}, {194, 222, 194, 255} }},
	{{ {-2234, 2459, 3788}, 0, {-180, -187}, {194, 222, 194, 255} }},
	{{ {-2235, 2404, 3798}, 0, {-183, -61}, {194, 222, 194, 255} }},
	{{ {-2228, 1868, 1087}, 0, {-151, 1173}, {194, 222, 194, 255} }},
	{{ {-2227, 1923, 1076}, 0, {-148, 1047}, {194, 222, 194, 255} }},
	{{ {-1717, 1920, 1116}, 0, {2199, 1053}, {194, 222, 194, 255} }},
	{{ {-1718, 1865, 1127}, 0, {2196, 1179}, {194, 222, 194, 255} }},
	{{ {-2234, 2459, 3788}, 0, {-180, 3606}, {194, 222, 194, 255} }},
	{{ {-1722, 2456, 3788}, 0, {2177, 3606}, {194, 222, 194, 255} }},
	{{ {-1717, 1920, 1116}, 0, {2199, -2547}, {194, 222, 194, 255} }},
	{{ {-2227, 1923, 1076}, 0, {-148, -2639}, {194, 222, 194, 255} }},
	{{ {-1717, 1920, 1116}, 0, {7095, 1053}, {194, 222, 194, 255} }},
	{{ {-1722, 2456, 3788}, 0, {-5211, -181}, {194, 222, 194, 255} }},
	{{ {-1723, 2401, 3798}, 0, {-5262, -55}, {194, 222, 194, 255} }},
	{{ {-1718, 1865, 1127}, 0, {7044, 1179}, {194, 222, 194, 255} }},
	{{ {-1936, -460, 2297}, 0, {3270, 603}, {194, 222, 194, 255} }},
	{{ {-1969, -565, 2322}, 0, {2963, 602}, {194, 222, 194, 255} }},
	{{ {-1465, -565, 2984}, 0, {2963, 2219}, {194, 222, 194, 255} }},
	{{ {-1442, -428, 2967}, 0, {3343, 2219}, {194, 222, 194, 255} }},
	{{ {-83, 2377, -1465}, 0, {3363, -9}, {2, 204, 0, 255} }},
	{{ {-83, 2377, -606}, 0, {-1347, -9}, {118, 174, 118, 255} }},
	{{ {110, 2174, -419}, 0, {-2371, 1001}, {2, 199, 0, 255} }},
	{{ {110, 2174, -1652}, 0, {4387, 1001}, {2, 167, 0, 255} }},
};

Gfx bob_dl_Geometry_001_mesh_layer_1_tri_4[] = {
	gsSPVertex(bob_dl_Geometry_001_mesh_layer_1_vtx_4 + 0, 32, 0),
	gsSP2Triangles(0, 1, 2, 0, 0, 2, 3, 0),
	gsSP2Triangles(4, 5, 6, 0, 4, 6, 7, 0),
	gsSP2Triangles(7, 6, 8, 0, 7, 8, 9, 0),
	gsSP2Triangles(10, 11, 12, 0, 10, 12, 13, 0),
	gsSP2Triangles(14, 15, 16, 0, 14, 17, 15, 0),
	gsSP2Triangles(17, 18, 15, 0, 17, 19, 18, 0),
	gsSP2Triangles(20, 21, 22, 0, 20, 22, 23, 0),
	gsSP2Triangles(24, 20, 23, 0, 24, 25, 20, 0),
	gsSP2Triangles(26, 27, 28, 0, 26, 28, 29, 0),
	gsSP2Triangles(29, 30, 26, 0, 29, 31, 30, 0),
	gsSPVertex(bob_dl_Geometry_001_mesh_layer_1_vtx_4 + 32, 32, 0),
	gsSP2Triangles(0, 1, 2, 0, 0, 2, 3, 0),
	gsSP2Triangles(4, 5, 6, 0, 4, 6, 7, 0),
	gsSP2Triangles(8, 9, 10, 0, 8, 10, 11, 0),
	gsSP2Triangles(12, 13, 14, 0, 12, 14, 15, 0),
	gsSP2Triangles(16, 17, 18, 0, 16, 18, 19, 0),
	gsSP2Triangles(20, 21, 22, 0, 20, 22, 23, 0),
	gsSP2Triangles(24, 25, 26, 0, 24, 26, 27, 0),
	gsSP2Triangles(28, 29, 30, 0, 28, 30, 31, 0),
	gsSPVertex(bob_dl_Geometry_001_mesh_layer_1_vtx_4 + 64, 8, 0),
	gsSP2Triangles(0, 1, 2, 0, 0, 2, 3, 0),
	gsSP2Triangles(4, 5, 6, 0, 4, 6, 7, 0),
	gsSPEndDisplayList(),
};

Vtx bob_dl_Geometry_001_mesh_layer_5_vtx_cull[8] = {
	{{ {-13115, -962, 14156}, 0, {0, 0}, {0, 0, 0, 0} }},
	{{ {-13115, 7931, 14156}, 0, {0, 0}, {0, 0, 0, 0} }},
	{{ {-13115, 7931, -10732}, 0, {0, 0}, {0, 0, 0, 0} }},
	{{ {-13115, -962, -10732}, 0, {0, 0}, {0, 0, 0, 0} }},
	{{ {11257, -962, 14156}, 0, {0, 0}, {0, 0, 0, 0} }},
	{{ {11257, 7931, 14156}, 0, {0, 0}, {0, 0, 0, 0} }},
	{{ {11257, 7931, -10732}, 0, {0, 0}, {0, 0, 0, 0} }},
	{{ {11257, -962, -10732}, 0, {0, 0}, {0, 0, 0, 0} }},
};

Vtx bob_dl_Geometry_001_mesh_layer_5_vtx_0[94] = {
	{{ {1947, 4368, 10693}, 0, {2042, 1008}, {237, 211, 139, 255} }},
	{{ {1011, 3451, 11076}, 0, {1525, 491}, {6, 221, 134, 254} }},
	{{ {983, 4352, 10731}, 0, {1525, 1008}, {253, 197, 144, 255} }},
	{{ {1891, 6170, 10003}, 0, {2042, 2042}, {237, 211, 139, 255} }},
	{{ {955, 5253, 10386}, 0, {1525, 1525}, {6, 221, 134, 255} }},
	{{ {927, 6154, 10041}, 0, {1525, 2042}, {253, 197, 144, 255} }},
	{{ {-38, 6139, 10079}, 0, {1008, 2042}, {237, 211, 139, 255} }},
	{{ {-974, 5223, 10462}, 0, {491, 1525}, {6, 221, 134, 254} }},
	{{ {-1002, 6124, 10117}, 0, {491, 2042}, {253, 197, 144, 255} }},
	{{ {1947, 4368, 10693}, 0, {2042, 1008}, {237, 211, 139, 255} }},
	{{ {1975, 3467, 11038}, 0, {2042, 491}, {5, 222, 134, 255} }},
	{{ {1011, 3451, 11076}, 0, {1525, 491}, {11, 211, 138, 254} }},
	{{ {18, 4337, 10769}, 0, {1008, 1008}, {237, 211, 139, 254} }},
	{{ {-918, 3420, 11152}, 0, {491, 491}, {6, 221, 134, 254} }},
	{{ {-946, 4321, 10807}, 0, {491, 1008}, {253, 197, 144, 254} }},
	{{ {1919, 5269, 10348}, 0, {2042, 1525}, {5, 222, 134, 255} }},
	{{ {955, 5253, 10386}, 0, {1525, 1525}, {11, 211, 138, 255} }},
	{{ {-10, 5238, 10424}, 0, {1008, 1525}, {5, 222, 134, 255} }},
	{{ {-974, 5223, 10462}, 0, {491, 1525}, {11, 211, 138, 254} }},
	{{ {18, 4337, 10769}, 0, {1008, 1008}, {237, 211, 139, 254} }},
	{{ {46, 3436, 11114}, 0, {1008, 491}, {5, 222, 134, 254} }},
	{{ {-918, 3420, 11152}, 0, {491, 491}, {11, 211, 138, 254} }},
	{{ {-918, 3420, 11152}, 0, {491, 491}, {242, 201, 142, 254} }},
	{{ {-890, 2519, 11497}, 0, {491, -26}, {252, 225, 133, 253} }},
	{{ {-1855, 2504, 11535}, 0, {-26, -26}, {11, 211, 138, 253} }},
	{{ {-918, 3420, 11152}, 0, {491, 491}, {253, 197, 144, 254} }},
	{{ {46, 3436, 11114}, 0, {1008, 491}, {241, 220, 135, 254} }},
	{{ {-890, 2519, 11497}, 0, {491, -26}, {6, 221, 134, 253} }},
	{{ {46, 3436, 11114}, 0, {1008, 491}, {237, 211, 139, 254} }},
	{{ {74, 2535, 11459}, 0, {1008, -26}, {252, 225, 133, 254} }},
	{{ {-890, 2519, 11497}, 0, {491, -26}, {11, 211, 138, 253} }},
	{{ {-974, 5223, 10462}, 0, {491, 1525}, {242, 201, 142, 254} }},
	{{ {-946, 4321, 10807}, 0, {491, 1008}, {252, 225, 133, 254} }},
	{{ {-1911, 4306, 10845}, 0, {-26, 1008}, {11, 211, 138, 254} }},
	{{ {-974, 5223, 10462}, 0, {491, 1525}, {253, 197, 144, 254} }},
	{{ {-10, 5238, 10424}, 0, {1008, 1525}, {241, 220, 135, 255} }},
	{{ {-946, 4321, 10807}, 0, {491, 1008}, {6, 221, 134, 254} }},
	{{ {-10, 5238, 10424}, 0, {1008, 1525}, {237, 211, 139, 255} }},
	{{ {18, 4337, 10769}, 0, {1008, 1008}, {252, 225, 133, 254} }},
	{{ {-946, 4321, 10807}, 0, {491, 1008}, {11, 211, 138, 254} }},
	{{ {955, 5253, 10386}, 0, {1525, 1525}, {242, 201, 142, 255} }},
	{{ {983, 4352, 10731}, 0, {1525, 1008}, {252, 225, 133, 255} }},
	{{ {18, 4337, 10769}, 0, {1008, 1008}, {11, 211, 138, 254} }},
	{{ {955, 5253, 10386}, 0, {1525, 1525}, {253, 197, 144, 255} }},
	{{ {1919, 5269, 10348}, 0, {2042, 1525}, {241, 220, 135, 255} }},
	{{ {983, 4352, 10731}, 0, {1525, 1008}, {6, 221, 134, 255} }},
	{{ {1919, 5269, 10348}, 0, {2042, 1525}, {237, 211, 139, 255} }},
	{{ {1947, 4368, 10693}, 0, {2042, 1008}, {252, 225, 133, 255} }},
	{{ {983, 4352, 10731}, 0, {1525, 1008}, {11, 211, 138, 255} }},
	{{ {-946, 4321, 10807}, 0, {491, 1008}, {237, 211, 139, 254} }},
	{{ {-1883, 3405, 11190}, 0, {-26, 491}, {11, 211, 138, 253} }},
	{{ {-1911, 4306, 10845}, 0, {-26, 1008}, {253, 197, 144, 254} }},
	{{ {-946, 4321, 10807}, 0, {491, 1008}, {242, 201, 142, 254} }},
	{{ {-918, 3420, 11152}, 0, {491, 491}, {252, 225, 133, 254} }},
	{{ {-1883, 3405, 11190}, 0, {-26, 491}, {7, 201, 142, 253} }},
	{{ {-918, 3420, 11152}, 0, {491, 491}, {237, 211, 139, 254} }},
	{{ {-1855, 2504, 11535}, 0, {-26, -26}, {11, 211, 138, 253} }},
	{{ {-1883, 3405, 11190}, 0, {-26, 491}, {243, 200, 143, 253} }},
	{{ {1011, 3451, 11076}, 0, {1525, 491}, {242, 201, 142, 254} }},
	{{ {1039, 2550, 11421}, 0, {1525, -26}, {252, 225, 133, 254} }},
	{{ {74, 2535, 11459}, 0, {1008, -26}, {11, 211, 138, 254} }},
	{{ {1011, 3451, 11076}, 0, {1525, 491}, {253, 197, 144, 254} }},
	{{ {1975, 3467, 11038}, 0, {2042, 491}, {241, 220, 135, 255} }},
	{{ {1039, 2550, 11421}, 0, {1525, -26}, {6, 221, 134, 254} }},
	{{ {1975, 3467, 11038}, 0, {2042, 491}, {237, 211, 139, 255} }},
	{{ {2003, 2566, 11383}, 0, {2042, -26}, {252, 225, 133, 255} }},
	{{ {1039, 2550, 11421}, 0, {1525, -26}, {11, 211, 138, 254} }},
	{{ {-1002, 6124, 10117}, 0, {491, 2042}, {237, 211, 139, 255} }},
	{{ {-1939, 5207, 10500}, 0, {-26, 1525}, {11, 211, 138, 254} }},
	{{ {-1967, 6108, 10155}, 0, {-26, 2042}, {253, 197, 144, 255} }},
	{{ {-1002, 6124, 10117}, 0, {491, 2042}, {242, 201, 142, 255} }},
	{{ {-974, 5223, 10462}, 0, {491, 1525}, {252, 225, 133, 254} }},
	{{ {-1939, 5207, 10500}, 0, {-26, 1525}, {7, 201, 142, 254} }},
	{{ {-974, 5223, 10462}, 0, {491, 1525}, {237, 211, 139, 254} }},
	{{ {-1911, 4306, 10845}, 0, {-26, 1008}, {11, 211, 138, 254} }},
	{{ {-1939, 5207, 10500}, 0, {-26, 1525}, {243, 200, 143, 254} }},
	{{ {927, 6154, 10041}, 0, {1525, 2042}, {237, 211, 139, 255} }},
	{{ {-10, 5238, 10424}, 0, {1008, 1525}, {11, 211, 138, 255} }},
	{{ {-38, 6139, 10079}, 0, {1008, 2042}, {253, 197, 144, 255} }},
	{{ {927, 6154, 10041}, 0, {1525, 2042}, {242, 201, 142, 255} }},
	{{ {955, 5253, 10386}, 0, {1525, 1525}, {252, 225, 133, 255} }},
	{{ {-10, 5238, 10424}, 0, {1008, 1525}, {7, 201, 142, 255} }},
	{{ {955, 5253, 10386}, 0, {1525, 1525}, {237, 211, 139, 255} }},
	{{ {18, 4337, 10769}, 0, {1008, 1008}, {11, 211, 138, 254} }},
	{{ {-10, 5238, 10424}, 0, {1008, 1525}, {243, 200, 143, 255} }},
	{{ {983, 4352, 10731}, 0, {1525, 1008}, {237, 211, 139, 255} }},
	{{ {46, 3436, 11114}, 0, {1008, 491}, {11, 211, 138, 254} }},
	{{ {18, 4337, 10769}, 0, {1008, 1008}, {253, 197, 144, 254} }},
	{{ {983, 4352, 10731}, 0, {1525, 1008}, {242, 201, 142, 255} }},
	{{ {1011, 3451, 11076}, 0, {1525, 491}, {252, 225, 133, 254} }},
	{{ {46, 3436, 11114}, 0, {1008, 491}, {7, 201, 142, 254} }},
	{{ {1011, 3451, 11076}, 0, {1525, 491}, {237, 211, 139, 254} }},
	{{ {74, 2535, 11459}, 0, {1008, -26}, {11, 211, 138, 254} }},
	{{ {46, 3436, 11114}, 0, {1008, 491}, {243, 200, 143, 254} }},
};

Gfx bob_dl_Geometry_001_mesh_layer_5_tri_0[] = {
	gsSPVertex(bob_dl_Geometry_001_mesh_layer_5_vtx_0 + 0, 31, 0),
	gsSP2Triangles(0, 1, 2, 0, 3, 4, 5, 0),
	gsSP2Triangles(6, 7, 8, 0, 9, 10, 11, 0),
	gsSP2Triangles(12, 13, 14, 0, 3, 15, 16, 0),
	gsSP2Triangles(6, 17, 18, 0, 19, 20, 21, 0),
	gsSP2Triangles(22, 23, 24, 0, 25, 26, 27, 0),
	gsSP1Triangle(28, 29, 30, 0),
	gsSPVertex(bob_dl_Geometry_001_mesh_layer_5_vtx_0 + 31, 30, 0),
	gsSP2Triangles(0, 1, 2, 0, 3, 4, 5, 0),
	gsSP2Triangles(6, 7, 8, 0, 9, 10, 11, 0),
	gsSP2Triangles(12, 13, 14, 0, 15, 16, 17, 0),
	gsSP2Triangles(18, 19, 20, 0, 21, 22, 23, 0),
	gsSP2Triangles(24, 25, 26, 0, 27, 28, 29, 0),
	gsSPVertex(bob_dl_Geometry_001_mesh_layer_5_vtx_0 + 61, 30, 0),
	gsSP2Triangles(0, 1, 2, 0, 3, 4, 5, 0),
	gsSP2Triangles(6, 7, 8, 0, 9, 10, 11, 0),
	gsSP2Triangles(12, 13, 14, 0, 15, 16, 17, 0),
	gsSP2Triangles(18, 19, 20, 0, 21, 22, 23, 0),
	gsSP2Triangles(24, 25, 26, 0, 27, 28, 29, 0),
	gsSPVertex(bob_dl_Geometry_001_mesh_layer_5_vtx_0 + 91, 3, 0),
	gsSP1Triangle(0, 1, 2, 0),
	gsSPEndDisplayList(),
};

Vtx bob_dl_Geometry_001_mesh_layer_5_vtx_1[32] = {
	{{ {2706, 7931, -10030}, 0, {2032, -16}, {252, 247, 127, 255} }},
	{{ {-388, 7628, -10153}, 0, {-16, -16}, {252, 247, 127, 255} }},
	{{ {-208, 5841, -10274}, 0, {-16, 1008}, {252, 247, 127, 255} }},
	{{ {2886, 6144, -10151}, 0, {2032, 1008}, {252, 247, 127, 255} }},
	{{ {-7936, 6680, -5013}, 0, {-16, -16}, {115, 4, 54, 255} }},
	{{ {-7855, 4882, -5050}, 0, {-16, 1008}, {115, 4, 54, 255} }},
	{{ {-6531, 4998, -7863}, 0, {2032, 1008}, {115, 4, 54, 255} }},
	{{ {-6612, 6796, -7827}, 0, {2032, -16}, {115, 4, 54, 255} }},
	{{ {-3870, 5968, 12145}, 0, {-16, -16}, {32, 4, 133, 255} }},
	{{ {-3920, 4170, 12072}, 0, {-16, 1008}, {32, 4, 133, 255} }},
	{{ {-6929, 4286, 11288}, 0, {2032, 1008}, {32, 4, 133, 255} }},
	{{ {-6879, 6084, 11361}, 0, {2032, -16}, {32, 4, 133, 255} }},
	{{ {-10285, 5217, 6205}, 0, {-16, -16}, {126, 4, 14, 255} }},
	{{ {-10220, 3419, 6144}, 0, {-16, 1008}, {126, 4, 14, 255} }},
	{{ {-9876, 3536, 3054}, 0, {2032, 1008}, {126, 4, 14, 255} }},
	{{ {-9941, 5334, 3114}, 0, {2032, -16}, {126, 4, 14, 255} }},
	{{ {-9316, 4970, 8420}, 0, {2032, -16}, {122, 4, 220, 255} }},
	{{ {-8436, 4714, 11394}, 0, {-16, -16}, {122, 4, 220, 255} }},
	{{ {-8425, 2921, 11236}, 0, {-16, 1008}, {122, 4, 220, 255} }},
	{{ {-9304, 3177, 8262}, 0, {2032, 1008}, {122, 4, 220, 255} }},
	{{ {4520, 1883, -9240}, 0, {2032, -16}, {195, 4, 111, 255} }},
	{{ {1793, 1766, -10732}, 0, {-16, -16}, {195, 4, 111, 255} }},
	{{ {1824, -32, -10649}, 0, {-16, 1008}, {195, 4, 111, 255} }},
	{{ {4551, 85, -9157}, 0, {2032, 1008}, {195, 4, 111, 255} }},
	{{ {8154, 7481, -5062}, 0, {2032, -16}, {152, 239, 71, 255} }},
	{{ {6404, 7425, -7634}, 0, {-16, -16}, {152, 239, 71, 255} }},
	{{ {6621, 5641, -7743}, 0, {-16, 1008}, {152, 239, 71, 255} }},
	{{ {8372, 5697, -5171}, 0, {2032, 1008}, {152, 239, 71, 255} }},
	{{ {5542, 4731, 10789}, 0, {-16, 1008}, {204, 0, 140, 255} }},
	{{ {2709, 4731, 12075}, 0, {2032, 1008}, {204, 0, 140, 255} }},
	{{ {2709, 6532, 12075}, 0, {2032, -16}, {204, 0, 140, 255} }},
	{{ {5542, 6532, 10789}, 0, {-16, -16}, {204, 0, 140, 255} }},
};

Gfx bob_dl_Geometry_001_mesh_layer_5_tri_1[] = {
	gsSPVertex(bob_dl_Geometry_001_mesh_layer_5_vtx_1 + 0, 32, 0),
	gsSP2Triangles(0, 1, 2, 0, 0, 2, 3, 0),
	gsSP2Triangles(4, 5, 6, 0, 4, 6, 7, 0),
	gsSP2Triangles(8, 9, 10, 0, 8, 10, 11, 0),
	gsSP2Triangles(12, 13, 14, 0, 12, 14, 15, 0),
	gsSP2Triangles(16, 17, 18, 0, 16, 18, 19, 0),
	gsSP2Triangles(20, 21, 22, 0, 20, 22, 23, 0),
	gsSP2Triangles(24, 25, 26, 0, 24, 26, 27, 0),
	gsSP2Triangles(28, 29, 30, 0, 28, 30, 31, 0),
	gsSPEndDisplayList(),
};

Vtx bob_dl_greenery__mesh_layer_5_vtx_cull[8] = {
	{{ {-10475, -5778, -1962}, 0, {0, 0}, {0, 0, 0, 0} }},
	{{ {-10475, 5859, -1962}, 0, {0, 0}, {0, 0, 0, 0} }},
	{{ {-10475, 5859, -3178}, 0, {0, 0}, {0, 0, 0, 0} }},
	{{ {-10475, -5778, -3178}, 0, {0, 0}, {0, 0, 0, 0} }},
	{{ {0, -5778, -1962}, 0, {0, 0}, {0, 0, 0, 0} }},
	{{ {0, 5859, -1962}, 0, {0, 0}, {0, 0, 0, 0} }},
	{{ {0, 5859, -3178}, 0, {0, 0}, {0, 0, 0, 0} }},
	{{ {0, -5778, -3178}, 0, {0, 0}, {0, 0, 0, 0} }},
};

Vtx bob_dl_greenery__mesh_layer_5_vtx_0[108] = {
	{{ {-1939, 2153, -2437}, 0, {18720, 2092}, {86, 162, 1, 255} }},
	{{ {-1935, 2143, -2900}, 0, {18720, 2903}, {85, 162, 1, 255} }},
	{{ {-528, 3423, -2900}, 0, {22341, 2903}, {87, 163, 5, 255} }},
	{{ {-537, 3434, -2446}, 0, {22341, 2092}, {86, 163, 6, 255} }},
	{{ {-1881, -3717, -2499}, 0, {-1714, 1018}, {90, 83, 221, 255} }},
	{{ {-1921, -3715, -2705}, 0, {-1698, 1962}, {90, 83, 221, 255} }},
	{{ {-2398, -3196, -2705}, 0, {2380, 1962}, {90, 81, 218, 255} }},
	{{ {-2390, -3155, -2499}, 0, {2706, 1018}, {90, 81, 218, 255} }},
	{{ {-3013, -80, -3178}, 0, {15099, 2903}, {217, 147, 53, 255} }},
	{{ {-1964, -415, -3178}, 0, {18720, 2903}, {221, 146, 53, 255} }},
	{{ {-1979, -339, -2940}, 0, {18720, 2092}, {223, 134, 14, 255} }},
	{{ {-2963, -31, -2956}, 0, {15099, 2092}, {224, 134, 14, 255} }},
	{{ {-6469, 1856, -2338}, 0, {18061, 95}, {170, 93, 250, 255} }},
	{{ {-6468, 1844, -2616}, 0, {18061, 897}, {170, 93, 250, 255} }},
	{{ {-10439, -1804, -2616}, 0, {30915, 896}, {170, 93, 250, 255} }},
	{{ {-10475, -1814, -2309}, 0, {30915, 95}, {170, 93, 250, 255} }},
	{{ {-1952, -3018, -2995}, 0, {9238, 1954}, {141, 236, 206, 255} }},
	{{ {-1785, -3981, -2995}, 0, {11595, 1954}, {141, 236, 206, 255} }},
	{{ {-1892, -4064, -2714}, 0, {11595, 1143}, {141, 236, 206, 255} }},
	{{ {-2081, -2972, -2714}, 0, {9238, 1143}, {141, 236, 206, 255} }},
	{{ {-4360, -440, -2337}, 0, {11932, 95}, {119, 43, 252, 255} }},
	{{ {-4369, -441, -2616}, 0, {11933, 897}, {119, 43, 252, 255} }},
	{{ {-4898, 1063, -2250}, 0, {15834, 897}, {119, 43, 252, 255} }},
	{{ {-4896, 1084, -1962}, 0, {15834, 95}, {119, 43, 252, 255} }},
	{{ {-867, -4318, -2995}, 0, {13951, 1954}, {76, 165, 210, 255} }},
	{{ {-116, -3691, -2995}, 0, {16308, 1954}, {76, 165, 210, 255} }},
	{{ {0, -3736, -2714}, 0, {16308, 1143}, {76, 165, 210, 255} }},
	{{ {-851, -4446, -2714}, 0, {13951, 1143}, {76, 165, 210, 255} }},
	{{ {-1785, -3981, -2995}, 0, {11595, 1954}, {216, 146, 208, 255} }},
	{{ {-867, -4318, -2995}, 0, {13951, 1954}, {216, 146, 208, 255} }},
	{{ {-851, -4446, -2714}, 0, {13951, 1143}, {216, 146, 208, 255} }},
	{{ {-1892, -4064, -2714}, 0, {11595, 1143}, {216, 146, 208, 255} }},
	{{ {-1230, -2262, -2714}, 0, {6882, 1143}, {181, 90, 207, 255} }},
	{{ {-1202, -2391, -2995}, 0, {6882, 1954}, {181, 90, 207, 255} }},
	{{ {-1952, -3018, -2995}, 0, {9238, 1954}, {181, 90, 207, 255} }},
	{{ {-2081, -2972, -2714}, 0, {9238, 1143}, {181, 90, 207, 255} }},
	{{ {-190, -2644, -2714}, 0, {4525, 1143}, {41, 111, 209, 255} }},
	{{ {-284, -2728, -2995}, 0, {4525, 1954}, {41, 111, 209, 255} }},
	{{ {-1202, -2391, -2995}, 0, {6882, 1954}, {41, 111, 209, 255} }},
	{{ {-1230, -2262, -2714}, 0, {6882, 1143}, {41, 111, 209, 255} }},
	{{ {0, -3736, -2714}, 0, {2168, 1143}, {117, 20, 211, 255} }},
	{{ {-116, -3691, -2995}, 0, {2168, 1954}, {117, 20, 211, 255} }},
	{{ {-284, -2728, -2995}, 0, {4525, 1954}, {117, 20, 211, 255} }},
	{{ {-190, -2644, -2714}, 0, {4525, 1143}, {117, 20, 211, 255} }},
	{{ {-2390, -3155, -2499}, 0, {359, 6}, {173, 91, 224, 255} }},
	{{ {-2398, -3196, -2705}, 0, {396, 986}, {173, 91, 224, 255} }},
	{{ {-2917, -3673, -2705}, 0, {2861, 986}, {173, 91, 224, 255} }},
	{{ {-2958, -3671, -2499}, 0, {3052, 6}, {173, 91, 224, 255} }},
	{{ {-1964, -415, -3178}, 0, {18720, 2903}, {81, 167, 42, 255} }},
	{{ {-1149, 327, -3178}, 0, {22341, 2903}, {81, 167, 42, 255} }},
	{{ {-1220, 352, -2981}, 0, {22341, 2092}, {84, 166, 33, 255} }},
	{{ {-1979, -339, -2940}, 0, {18720, 2092}, {84, 166, 33, 255} }},
	{{ {-2426, 1659, -2935}, 0, {7856, 2092}, {170, 93, 8, 255} }},
	{{ {-2434, 1738, -3178}, 0, {7856, 2903}, {174, 97, 8, 255} }},
	{{ {-3248, 996, -3178}, 0, {11477, 2903}, {181, 70, 74, 255} }},
	{{ {-3181, 973, -2965}, 0, {11477, 2092}, {179, 69, 74, 255} }},
	{{ {-1384, 1403, -3178}, 0, {4235, 2903}, {30, 123, 8, 255} }},
	{{ {-2434, 1738, -3178}, 0, {7856, 2903}, {30, 123, 8, 255} }},
	{{ {-2426, 1659, -2935}, 0, {7856, 2092}, {41, 97, 71, 255} }},
	{{ {-1439, 1354, -2934}, 0, {4235, 2092}, {38, 98, 71, 255} }},
	{{ {-1149, 327, -3178}, 0, {22341, 2903}, {113, 19, 56, 255} }},
	{{ {-1384, 1403, -3178}, 0, {25963, 2903}, {112, 22, 56, 255} }},
	{{ {-1439, 1354, -2934}, 0, {25963, 2092}, {122, 33, 9, 255} }},
	{{ {-1220, 352, -2981}, 0, {22341, 2092}, {122, 34, 9, 255} }},
	{{ {-4898, 1063, -2250}, 0, {15834, 897}, {57, 113, 249, 255} }},
	{{ {-6468, 1844, -2616}, 0, {20109, 897}, {57, 113, 249, 255} }},
	{{ {-6469, 1856, -2338}, 0, {20109, 95}, {57, 113, 249, 255} }},
	{{ {-4896, 1084, -1962}, 0, {15834, 95}, {57, 113, 249, 255} }},
	{{ {-537, 3434, -2446}, 0, {22341, 2092}, {124, 26, 246, 255} }},
	{{ {-528, 3423, -2900}, 0, {22341, 2903}, {124, 24, 246, 255} }},
	{{ {-934, 5281, -2900}, 0, {25963, 2903}, {122, 31, 15, 255} }},
	{{ {-941, 5273, -2408}, 0, {25963, 2092}, {122, 31, 15, 255} }},
	{{ {-4152, 4579, -2900}, 0, {11477, 2903}, {134, 226, 242, 255} }},
	{{ {-3746, 2721, -2900}, 0, {15099, 2903}, {133, 227, 242, 255} }},
	{{ {-3744, 2723, -2469}, 0, {15099, 2092}, {132, 233, 16, 255} }},
	{{ {-4149, 4577, -2420}, 0, {11477, 2092}, {132, 233, 16, 255} }},
	{{ {-3746, 2721, -2900}, 0, {15099, 2903}, {225, 134, 238, 255} }},
	{{ {-1935, 2143, -2900}, 0, {18720, 2903}, {223, 135, 237, 255} }},
	{{ {-1939, 2153, -2437}, 0, {18720, 2092}, {211, 142, 33, 255} }},
	{{ {-3744, 2723, -2469}, 0, {15099, 2092}, {210, 142, 32, 255} }},
	{{ {-941, 5273, -2408}, 0, {4235, 2092}, {35, 120, 23, 255} }},
	{{ {-934, 5281, -2900}, 0, {4235, 2903}, {40, 118, 23, 255} }},
	{{ {-2746, 5859, -2900}, 0, {7856, 2903}, {44, 118, 237, 255} }},
	{{ {-2737, 5853, -2402}, 0, {7856, 2092}, {46, 117, 238, 255} }},
	{{ {-2737, 5853, -2402}, 0, {7856, 2092}, {170, 92, 239, 255} }},
	{{ {-2746, 5859, -2900}, 0, {7856, 2903}, {174, 95, 239, 255} }},
	{{ {-4152, 4579, -2900}, 0, {11477, 2903}, {169, 89, 26, 255} }},
	{{ {-4149, 4577, -2420}, 0, {11477, 2092}, {168, 88, 25, 255} }},
	{{ {-4286, -739, -2337}, 0, {11208, 95}, {123, 30, 251, 255} }},
	{{ {-4300, -738, -2629}, 0, {11208, 897}, {123, 30, 251, 255} }},
	{{ {-4369, -441, -2616}, 0, {11933, 897}, {123, 30, 251, 255} }},
	{{ {-4360, -440, -2337}, 0, {11932, 95}, {123, 30, 251, 255} }},
	{{ {-2448, -4234, -2499}, 0, {633, 6}, {83, 165, 224, 255} }},
	{{ {-2440, -4192, -2705}, 0, {596, 986}, {83, 165, 224, 255} }},
	{{ {-1921, -3715, -2705}, 0, {-1869, 986}, {83, 165, 224, 255} }},
	{{ {-1881, -3717, -2499}, 0, {-2060, 6}, {83, 165, 224, 255} }},
	{{ {-4286, -739, -2337}, 0, {11208, 95}, {124, 27, 251, 255} }},
	{{ {-3176, -5778, -2337}, 0, {-935, 95}, {124, 27, 251, 255} }},
	{{ {-3200, -5708, -2616}, 0, {-935, 897}, {124, 27, 251, 255} }},
	{{ {-4300, -738, -2629}, 0, {11208, 897}, {124, 27, 251, 255} }},
	{{ {-3248, 996, -3178}, 0, {11477, 2903}, {134, 224, 11, 255} }},
	{{ {-3013, -80, -3178}, 0, {15099, 2903}, {133, 225, 11, 255} }},
	{{ {-2963, -31, -2956}, 0, {15099, 2092}, {147, 240, 63, 255} }},
	{{ {-3181, 973, -2965}, 0, {11477, 2092}, {147, 240, 63, 255} }},
	{{ {-2958, -3671, -2499}, 0, {1810, -975}, {166, 173, 221, 255} }},
	{{ {-2917, -3673, -2705}, 0, {1801, -485}, {166, 173, 221, 255} }},
	{{ {-2440, -4192, -2705}, 0, {-625, -485}, {166, 175, 218, 255} }},
	{{ {-2448, -4234, -2499}, 0, {-818, -975}, {166, 175, 218, 255} }},
};

Gfx bob_dl_greenery__mesh_layer_5_tri_0[] = {
	gsSPVertex(bob_dl_greenery__mesh_layer_5_vtx_0 + 0, 32, 0),
	gsSP2Triangles(0, 1, 2, 0, 0, 2, 3, 0),
	gsSP2Triangles(4, 5, 6, 0, 4, 6, 7, 0),
	gsSP2Triangles(8, 9, 10, 0, 8, 10, 11, 0),
	gsSP2Triangles(12, 13, 14, 0, 12, 14, 15, 0),
	gsSP2Triangles(16, 17, 18, 0, 16, 18, 19, 0),
	gsSP2Triangles(20, 21, 22, 0, 20, 22, 23, 0),
	gsSP2Triangles(24, 25, 26, 0, 24, 26, 27, 0),
	gsSP2Triangles(28, 29, 30, 0, 28, 30, 31, 0),
	gsSPVertex(bob_dl_greenery__mesh_layer_5_vtx_0 + 32, 32, 0),
	gsSP2Triangles(0, 1, 2, 0, 0, 2, 3, 0),
	gsSP2Triangles(4, 5, 6, 0, 4, 6, 7, 0),
	gsSP2Triangles(8, 9, 10, 0, 8, 10, 11, 0),
	gsSP2Triangles(12, 13, 14, 0, 12, 14, 15, 0),
	gsSP2Triangles(16, 17, 18, 0, 16, 18, 19, 0),
	gsSP2Triangles(20, 21, 22, 0, 20, 22, 23, 0),
	gsSP2Triangles(24, 25, 26, 0, 24, 26, 27, 0),
	gsSP2Triangles(28, 29, 30, 0, 28, 30, 31, 0),
	gsSPVertex(bob_dl_greenery__mesh_layer_5_vtx_0 + 64, 32, 0),
	gsSP2Triangles(0, 1, 2, 0, 0, 2, 3, 0),
	gsSP2Triangles(4, 5, 6, 0, 4, 6, 7, 0),
	gsSP2Triangles(8, 9, 10, 0, 8, 10, 11, 0),
	gsSP2Triangles(12, 13, 14, 0, 12, 14, 15, 0),
	gsSP2Triangles(16, 17, 18, 0, 16, 18, 19, 0),
	gsSP2Triangles(20, 21, 22, 0, 20, 22, 23, 0),
	gsSP2Triangles(24, 25, 26, 0, 24, 26, 27, 0),
	gsSP2Triangles(28, 29, 30, 0, 28, 30, 31, 0),
	gsSPVertex(bob_dl_greenery__mesh_layer_5_vtx_0 + 96, 12, 0),
	gsSP2Triangles(0, 1, 2, 0, 0, 2, 3, 0),
	gsSP2Triangles(4, 5, 6, 0, 4, 6, 7, 0),
	gsSP2Triangles(8, 9, 10, 0, 8, 10, 11, 0),
	gsSPEndDisplayList(),
};

Vtx bob_dl_house_mesh_layer_1_vtx_cull[8] = {
	{{ {-1744, 2789, -1741}, 0, {0, 0}, {0, 0, 0, 0} }},
	{{ {-1744, 3323, -1741}, 0, {0, 0}, {0, 0, 0, 0} }},
	{{ {-1744, 3323, -2580}, 0, {0, 0}, {0, 0, 0, 0} }},
	{{ {-1744, 2789, -2580}, 0, {0, 0}, {0, 0, 0, 0} }},
	{{ {-886, 2789, -1741}, 0, {0, 0}, {0, 0, 0, 0} }},
	{{ {-886, 3323, -1741}, 0, {0, 0}, {0, 0, 0, 0} }},
	{{ {-886, 3323, -2580}, 0, {0, 0}, {0, 0, 0, 0} }},
	{{ {-886, 2789, -2580}, 0, {0, 0}, {0, 0, 0, 0} }},
};

Vtx bob_dl_house_mesh_layer_1_vtx_0[68] = {
	{{ {-1071, 3323, -2081}, 0, {-250, -959}, {255, 255, 255, 255} }},
	{{ {-1116, 3323, -2293}, 0, {218, 13}, {255, 255, 255, 255} }},
	{{ {-1309, 3323, -2390}, 0, {1270, 253}, {255, 255, 255, 255} }},
	{{ {-1209, 3323, -1913}, 0, {218, -1931}, {255, 255, 255, 255} }},
	{{ {-1558, 3323, -2089}, 0, {2113, -1498}, {255, 255, 255, 255} }},
	{{ {-1506, 3323, -2299}, 0, {2113, -419}, {255, 255, 255, 255} }},
	{{ {-1426, 3323, -1917}, 0, {1270, -2171}, {255, 255, 255, 255} }},
	{{ {-1498, 3173, -1774}, 0, {1727, 182}, {255, 255, 255, 255} }},
	{{ {-1130, 3090, -1741}, 0, {1614, 197}, {171, 104, 108, 255} }},
	{{ {-1142, 3173, -1768}, 0, {1620, 182}, {255, 255, 255, 255} }},
	{{ {-1511, 3090, -1747}, 0, {1729, 197}, {171, 104, 108, 255} }},
	{{ {-1715, 3173, -2056}, 0, {1813, 182}, {255, 255, 255, 255} }},
	{{ {-1744, 3090, -2050}, 0, {1821, 197}, {171, 104, 108, 255} }},
	{{ {-1506, 3323, -2299}, 0, {115, 411}, {255, 255, 255, 255} }},
	{{ {-1630, 3173, -2401}, 0, {-658, 2061}, {127, 127, 127, 255} }},
	{{ {-1715, 3173, -2056}, 0, {2728, 2024}, {255, 255, 255, 255} }},
	{{ {-1558, 3323, -2089}, 0, {1919, 391}, {255, 255, 255, 255} }},
	{{ {-1116, 3323, -2293}, 0, {221, 413}, {255, 255, 255, 255} }},
	{{ {-989, 3173, -2390}, 0, {-471, 1724}, {127, 127, 127, 255} }},
	{{ {-1307, 3173, -2550}, 0, {2282, 1826}, {127, 127, 127, 255} }},
	{{ {-1309, 3323, -2390}, 0, {1688, 467}, {255, 255, 255, 255} }},
	{{ {-1209, 3323, -1913}, 0, {329, 1855}, {255, 255, 255, 255} }},
	{{ {-1142, 3173, -1768}, 0, {1546, 2441}, {255, 255, 255, 255} }},
	{{ {-916, 3173, -2042}, 0, {1546, -68}, {255, 255, 255, 255} }},
	{{ {-1071, 3323, -2081}, 0, {329, 517}, {255, 255, 255, 255} }},
	{{ {-1558, 3323, -2089}, 0, {1682, 1844}, {255, 255, 255, 255} }},
	{{ {-1715, 3173, -2056}, 0, {2351, 347}, {255, 255, 255, 255} }},
	{{ {-1498, 3173, -1774}, 0, {-694, 433}, {255, 255, 255, 255} }},
	{{ {-1426, 3323, -1917}, 0, {59, 1890}, {255, 255, 255, 255} }},
	{{ {-1309, 3323, -2390}, 0, {-69, 430}, {255, 255, 255, 255} }},
	{{ {-1307, 3173, -2550}, 0, {-722, 1889}, {127, 127, 127, 255} }},
	{{ {-1630, 3173, -2401}, 0, {2247, 1806}, {127, 127, 127, 255} }},
	{{ {-1309, 3323, -2390}, 0, {-69, 430}, {255, 255, 255, 255} }},
	{{ {-1630, 3173, -2401}, 0, {2247, 1806}, {127, 127, 127, 255} }},
	{{ {-1506, 3323, -2299}, 0, {1513, 386}, {255, 255, 255, 255} }},
	{{ {-1071, 3323, -2081}, 0, {91, 437}, {255, 255, 255, 255} }},
	{{ {-916, 3173, -2042}, 0, {-517, 1772}, {255, 255, 255, 255} }},
	{{ {-989, 3173, -2390}, 0, {2206, 1714}, {127, 127, 127, 255} }},
	{{ {-1116, 3323, -2293}, 0, {1542, 406}, {255, 255, 255, 255} }},
	{{ {-1426, 3323, -1917}, 0, {226, 419}, {255, 255, 255, 255} }},
	{{ {-1498, 3173, -1774}, 0, {-460, 1775}, {255, 255, 255, 255} }},
	{{ {-1142, 3173, -1768}, 0, {2363, 1829}, {255, 255, 255, 255} }},
	{{ {-1209, 3323, -1913}, 0, {1731, 448}, {255, 255, 255, 255} }},
	{{ {-1306, 3090, -2580}, 0, {1629, 334}, {127, 127, 127, 255} }},
	{{ {-965, 3090, -2409}, 0, {1672, 344}, {127, 127, 127, 255} }},
	{{ {-886, 3090, -2035}, 0, {1692, 384}, {171, 104, 108, 255} }},
	{{ {-1653, 3090, -2421}, 0, {1594, 362}, {127, 127, 127, 255} }},
	{{ {-1511, 3090, -1747}, 0, {1629, 434}, {171, 104, 108, 255} }},
	{{ {-1130, 3090, -1741}, 0, {1672, 424}, {171, 104, 108, 255} }},
	{{ {-1744, 3090, -2050}, 0, {1594, 406}, {171, 104, 108, 255} }},
	{{ {-1630, 3173, -2401}, 0, {1637, 182}, {127, 127, 127, 255} }},
	{{ {-1653, 3090, -2421}, 0, {1633, 197}, {127, 127, 127, 255} }},
	{{ {-1744, 3090, -2050}, 0, {1751, 197}, {171, 104, 108, 255} }},
	{{ {-1715, 3173, -2056}, 0, {1747, 182}, {255, 255, 255, 255} }},
	{{ {-989, 3173, -2390}, 0, {1620, 182}, {127, 127, 127, 255} }},
	{{ {-965, 3090, -2409}, 0, {1614, 197}, {127, 127, 127, 255} }},
	{{ {-1306, 3090, -2580}, 0, {1729, 197}, {127, 127, 127, 255} }},
	{{ {-1307, 3173, -2550}, 0, {1727, 182}, {127, 127, 127, 255} }},
	{{ {-1653, 3090, -2421}, 0, {1821, 197}, {127, 127, 127, 255} }},
	{{ {-1630, 3173, -2401}, 0, {1813, 182}, {127, 127, 127, 255} }},
	{{ {-1142, 3173, -1768}, 0, {1791, 182}, {255, 255, 255, 255} }},
	{{ {-1130, 3090, -1741}, 0, {1798, 197}, {171, 104, 108, 255} }},
	{{ {-886, 3090, -2035}, 0, {1692, 197}, {171, 104, 108, 255} }},
	{{ {-916, 3173, -2042}, 0, {1692, 182}, {255, 255, 255, 255} }},
	{{ {-916, 3173, -2042}, 0, {1692, 182}, {255, 255, 255, 255} }},
	{{ {-886, 3090, -2035}, 0, {1692, 197}, {171, 104, 108, 255} }},
	{{ {-965, 3090, -2409}, 0, {1586, 197}, {127, 127, 127, 255} }},
	{{ {-989, 3173, -2390}, 0, {1593, 182}, {127, 127, 127, 255} }},
};

Gfx bob_dl_house_mesh_layer_1_tri_0[] = {
	gsSPVertex(bob_dl_house_mesh_layer_1_vtx_0 + 0, 32, 0),
	gsSP2Triangles(0, 1, 2, 0, 3, 0, 2, 0),
	gsSP2Triangles(2, 4, 3, 0, 2, 5, 4, 0),
	gsSP2Triangles(4, 6, 3, 0, 7, 8, 9, 0),
	gsSP2Triangles(7, 10, 8, 0, 11, 10, 7, 0),
	gsSP2Triangles(11, 12, 10, 0, 13, 14, 15, 0),
	gsSP2Triangles(13, 15, 16, 0, 17, 18, 19, 0),
	gsSP2Triangles(17, 19, 20, 0, 21, 22, 23, 0),
	gsSP2Triangles(21, 23, 24, 0, 25, 26, 27, 0),
	gsSP2Triangles(25, 27, 28, 0, 29, 30, 31, 0),
	gsSPVertex(bob_dl_house_mesh_layer_1_vtx_0 + 32, 32, 0),
	gsSP2Triangles(0, 1, 2, 0, 3, 4, 5, 0),
	gsSP2Triangles(3, 5, 6, 0, 7, 8, 9, 0),
	gsSP2Triangles(7, 9, 10, 0, 11, 12, 13, 0),
	gsSP2Triangles(14, 11, 13, 0, 13, 15, 14, 0),
	gsSP2Triangles(13, 16, 15, 0, 15, 17, 14, 0),
	gsSP2Triangles(18, 19, 20, 0, 18, 20, 21, 0),
	gsSP2Triangles(22, 23, 24, 0, 22, 24, 25, 0),
	gsSP2Triangles(25, 24, 26, 0, 25, 26, 27, 0),
	gsSP2Triangles(28, 29, 30, 0, 28, 30, 31, 0),
	gsSPVertex(bob_dl_house_mesh_layer_1_vtx_0 + 64, 4, 0),
	gsSP2Triangles(0, 1, 2, 0, 0, 2, 3, 0),
	gsSPEndDisplayList(),
};

Vtx bob_dl_house_mesh_layer_1_vtx_1[68] = {
	{{ {-977, 3109, -2057}, 0, {2172, 988}, {255, 255, 255, 255} }},
	{{ {-1039, 3109, -2352}, 0, {1867, -464}, {127, 127, 127, 255} }},
	{{ {-1308, 3109, -2488}, 0, {542, -1130}, {130, 130, 130, 255} }},
	{{ {-1168, 3109, -1825}, 0, {1227, 2132}, {255, 255, 255, 255} }},
	{{ {-1654, 3109, -2069}, 0, {-1161, 931}, {255, 255, 255, 255} }},
	{{ {-1581, 3109, -2361}, 0, {-806, -510}, {127, 127, 127, 255} }},
	{{ {-1470, 3109, -1830}, 0, {-256, 2106}, {255, 255, 255, 255} }},
	{{ {-1484, 2912, -1803}, 0, {-324, 818}, {255, 255, 255, 255} }},
	{{ {-1478, 2846, -1814}, 0, {-295, 1143}, {171, 104, 108, 255} }},
	{{ {-1161, 2789, -1809}, 0, {1264, 1143}, {171, 104, 108, 255} }},
	{{ {-1156, 2858, -1797}, 0, {1291, 818}, {255, 255, 255, 255} }},
	{{ {-1307, 2846, -2505}, 0, {543, -1217}, {127, 127, 127, 255} }},
	{{ {-1025, 2846, -2363}, 0, {1936, -517}, {127, 127, 127, 255} }},
	{{ {-960, 2789, -2053}, 0, {2256, 1009}, {171, 104, 108, 255} }},
	{{ {-1595, 2846, -2373}, 0, {-873, -565}, {127, 127, 127, 255} }},
	{{ {-1478, 2846, -1814}, 0, {-295, 2184}, {171, 104, 108, 255} }},
	{{ {-1161, 2789, -1809}, 0, {1264, 2211}, {171, 104, 108, 255} }},
	{{ {-1671, 2846, -2065}, 0, {-1246, 948}, {171, 104, 108, 255} }},
	{{ {-1605, 2912, -2381}, 0, {1606, 818}, {127, 127, 127, 255} }},
	{{ {-1595, 2846, -2373}, 0, {1564, 1143}, {127, 127, 127, 255} }},
	{{ {-1671, 2846, -2065}, 0, {50, 1143}, {171, 104, 108, 255} }},
	{{ {-1684, 2912, -2063}, 0, {37, 818}, {255, 255, 255, 255} }},
	{{ {-1478, 2846, -1814}, 0, {-1185, 1143}, {171, 104, 108, 255} }},
	{{ {-1484, 2912, -1803}, 0, {-1244, 818}, {255, 255, 255, 255} }},
	{{ {-1014, 2912, -2371}, 0, {1988, 818}, {127, 127, 127, 255} }},
	{{ {-1025, 2846, -2363}, 0, {1936, 1143}, {127, 127, 127, 255} }},
	{{ {-1307, 2846, -2505}, 0, {543, 1143}, {127, 127, 127, 255} }},
	{{ {-1307, 2912, -2518}, 0, {544, 818}, {127, 127, 127, 255} }},
	{{ {-1595, 2846, -2373}, 0, {-873, 1143}, {127, 127, 127, 255} }},
	{{ {-1605, 2912, -2381}, 0, {-923, 818}, {127, 127, 127, 255} }},
	{{ {-1156, 2858, -1797}, 0, {-1271, 818}, {255, 255, 255, 255} }},
	{{ {-1161, 2789, -1809}, 0, {-1212, 1143}, {171, 104, 108, 255} }},
	{{ {-960, 2789, -2053}, 0, {-10, 1143}, {171, 104, 108, 255} }},
	{{ {-947, 2858, -2050}, 0, {-26, 818}, {255, 255, 255, 255} }},
	{{ {-1025, 2846, -2363}, 0, {1515, 1143}, {127, 127, 127, 255} }},
	{{ {-1014, 2912, -2371}, 0, {1555, 818}, {127, 127, 127, 255} }},
	{{ {-1109, 2859, -2184}, 0, {-26, 818}, {0, 0, 0, 255} }},
	{{ {-1319, 2859, -1934}, 0, {-1271, 818}, {0, 0, 0, 255} }},
	{{ {-977, 3109, -2057}, 0, {2172, 988}, {255, 255, 255, 255} }},
	{{ {-1168, 3109, -1825}, 0, {1227, 2132}, {255, 255, 255, 255} }},
	{{ {-1330, 3086, -1959}, 0, {1227, 2132}, {0, 0, 0, 255} }},
	{{ {-1139, 3086, -2191}, 0, {2172, 988}, {0, 0, 0, 255} }},
	{{ {-1330, 3086, -1959}, 0, {-1133, -155}, {0, 0, 0, 255} }},
	{{ {-1319, 2859, -1934}, 0, {-1254, 697}, {0, 0, 0, 255} }},
	{{ {-1109, 2859, -2184}, 0, {-21, 697}, {0, 0, 0, 255} }},
	{{ {-1139, 3086, -2191}, 0, {11, -155}, {0, 0, 0, 255} }},
	{{ {-947, 2858, -2050}, 0, {-21, 697}, {255, 255, 255, 255} }},
	{{ {-977, 3109, -2057}, 0, {11, -155}, {255, 255, 255, 255} }},
	{{ {-1014, 2912, -2371}, 0, {1544, 697}, {127, 127, 127, 255} }},
	{{ {-1039, 3109, -2352}, 0, {1463, -155}, {127, 127, 127, 255} }},
	{{ {-1470, 3109, -1830}, 0, {-256, -155}, {255, 255, 255, 255} }},
	{{ {-1484, 2912, -1803}, 0, {-316, 697}, {255, 255, 255, 255} }},
	{{ {-1156, 2858, -1797}, 0, {1283, 697}, {255, 255, 255, 255} }},
	{{ {-1168, 3109, -1825}, 0, {1227, -155}, {255, 255, 255, 255} }},
	{{ {-1319, 2859, -1934}, 0, {1283, 697}, {0, 0, 0, 255} }},
	{{ {-1330, 3086, -1959}, 0, {1227, -155}, {0, 0, 0, 255} }},
	{{ {-1308, 3109, -2488}, 0, {542, -155}, {130, 130, 130, 255} }},
	{{ {-1605, 2912, -2381}, 0, {-909, 697}, {127, 127, 127, 255} }},
	{{ {-1581, 3109, -2361}, 0, {-806, -155}, {127, 127, 127, 255} }},
	{{ {-1307, 2912, -2518}, 0, {544, 697}, {127, 127, 127, 255} }},
	{{ {-1039, 3109, -2352}, 0, {1867, -155}, {127, 127, 127, 255} }},
	{{ {-1014, 2912, -2371}, 0, {1973, 697}, {127, 127, 127, 255} }},
	{{ {-1654, 3109, -2069}, 0, {68, -155}, {255, 255, 255, 255} }},
	{{ {-1484, 2912, -1803}, 0, {-1227, 697}, {255, 255, 255, 255} }},
	{{ {-1470, 3109, -1830}, 0, {-1108, -155}, {255, 255, 255, 255} }},
	{{ {-1684, 2912, -2063}, 0, {41, 697}, {255, 255, 255, 255} }},
	{{ {-1581, 3109, -2361}, 0, {1509, -155}, {127, 127, 127, 255} }},
	{{ {-1605, 2912, -2381}, 0, {1594, 697}, {127, 127, 127, 255} }},
};

Gfx bob_dl_house_mesh_layer_1_tri_1[] = {
	gsSPVertex(bob_dl_house_mesh_layer_1_vtx_1 + 0, 30, 0),
	gsSP2Triangles(0, 1, 2, 0, 3, 0, 2, 0),
	gsSP2Triangles(2, 4, 3, 0, 2, 5, 4, 0),
	gsSP2Triangles(4, 6, 3, 0, 7, 8, 9, 0),
	gsSP2Triangles(7, 9, 10, 0, 11, 12, 13, 0),
	gsSP2Triangles(14, 11, 13, 0, 13, 15, 14, 0),
	gsSP2Triangles(13, 16, 15, 0, 15, 17, 14, 0),
	gsSP2Triangles(18, 19, 20, 0, 18, 20, 21, 0),
	gsSP2Triangles(21, 20, 22, 0, 21, 22, 23, 0),
	gsSP2Triangles(24, 25, 26, 0, 24, 26, 27, 0),
	gsSP2Triangles(27, 26, 28, 0, 27, 28, 29, 0),
	gsSPVertex(bob_dl_house_mesh_layer_1_vtx_1 + 30, 32, 0),
	gsSP2Triangles(0, 1, 2, 0, 0, 2, 3, 0),
	gsSP2Triangles(3, 2, 4, 0, 3, 4, 5, 0),
	gsSP2Triangles(0, 3, 6, 0, 0, 6, 7, 0),
	gsSP2Triangles(8, 9, 10, 0, 8, 10, 11, 0),
	gsSP2Triangles(12, 13, 14, 0, 12, 14, 15, 0),
	gsSP2Triangles(16, 15, 14, 0, 16, 17, 15, 0),
	gsSP2Triangles(17, 16, 18, 0, 17, 18, 19, 0),
	gsSP2Triangles(20, 21, 22, 0, 20, 22, 23, 0),
	gsSP2Triangles(23, 22, 24, 0, 23, 24, 25, 0),
	gsSP2Triangles(26, 27, 28, 0, 26, 29, 27, 0),
	gsSP2Triangles(30, 29, 26, 0, 30, 31, 29, 0),
	gsSPVertex(bob_dl_house_mesh_layer_1_vtx_1 + 62, 6, 0),
	gsSP2Triangles(0, 1, 2, 0, 0, 3, 1, 0),
	gsSP2Triangles(4, 3, 0, 0, 4, 5, 3, 0),
	gsSPEndDisplayList(),
};

Vtx bob_dl_Leaves_mesh_layer_5_vtx_cull[8] = {
	{{ {-4979, 1429, 4198}, 0, {0, 0}, {0, 0, 0, 0} }},
	{{ {-4979, 2715, 4198}, 0, {0, 0}, {0, 0, 0, 0} }},
	{{ {-4979, 2715, -733}, 0, {0, 0}, {0, 0, 0, 0} }},
	{{ {-4979, 1429, -733}, 0, {0, 0}, {0, 0, 0, 0} }},
	{{ {2407, 1429, 4198}, 0, {0, 0}, {0, 0, 0, 0} }},
	{{ {2407, 2715, 4198}, 0, {0, 0}, {0, 0, 0, 0} }},
	{{ {2407, 2715, -733}, 0, {0, 0}, {0, 0, 0, 0} }},
	{{ {2407, 1429, -733}, 0, {0, 0}, {0, 0, 0, 0} }},
};

Vtx bob_dl_Leaves_mesh_layer_5_vtx_0[24] = {
	{{ {-3167, 2048, 852}, 0, {-7, -16}, {4, 234, 0, 255} }},
	{{ {-2760, 1983, 1388}, 0, {2041, 1008}, {255, 255, 255, 255} }},
	{{ {-2630, 2048, 1031}, 0, {2041, -16}, {255, 255, 255, 255} }},
	{{ {-3297, 1983, 1208}, 0, {-7, 1008}, {255, 255, 255, 255} }},
	{{ {-2897, 1850, 1696}, 0, {2041, 2032}, {255, 255, 255, 255} }},
	{{ {-3433, 1850, 1517}, 0, {-7, 2032}, {255, 255, 255, 255} }},
	{{ {-4456, 1627, 969}, 0, {-7, -16}, {255, 255, 255, 255} }},
	{{ {-4825, 1561, 406}, 0, {2041, 1008}, {255, 255, 255, 255} }},
	{{ {-4979, 1627, 754}, 0, {2041, -16}, {255, 255, 255, 255} }},
	{{ {-4302, 1561, 622}, 0, {-7, 1008}, {255, 255, 255, 255} }},
	{{ {-4668, 1429, 108}, 0, {2041, 2032}, {255, 255, 255, 255} }},
	{{ {-4145, 1429, 323}, 0, {-7, 2032}, {255, 255, 255, 255} }},
	{{ {1028, 2715, 3887}, 0, {-7, -16}, {255, 255, 255, 255} }},
	{{ {1591, 2649, 3518}, 0, {2041, 1008}, {255, 255, 255, 255} }},
	{{ {1243, 2715, 3364}, 0, {2041, -16}, {255, 255, 255, 255} }},
	{{ {1376, 2649, 4041}, 0, {-7, 1008}, {255, 255, 255, 255} }},
	{{ {1889, 2517, 3674}, 0, {2041, 2032}, {255, 255, 255, 255} }},
	{{ {1674, 2517, 4198}, 0, {-7, 2032}, {255, 255, 255, 255} }},
	{{ {1599, 2071, -454}, 0, {-7, -16}, {255, 255, 255, 255} }},
	{{ {2269, 2005, -398}, 0, {2041, 1008}, {255, 255, 255, 255} }},
	{{ {2091, 2071, -733}, 0, {2041, -16}, {255, 255, 255, 255} }},
	{{ {1777, 2005, -119}, 0, {-7, 1008}, {255, 255, 255, 255} }},
	{{ {2407, 1873, -91}, 0, {2041, 2032}, {255, 255, 255, 255} }},
	{{ {1916, 1873, 188}, 0, {-7, 2032}, {255, 255, 255, 255} }},
};

Gfx bob_dl_Leaves_mesh_layer_5_tri_0[] = {
	gsSPVertex(bob_dl_Leaves_mesh_layer_5_vtx_0 + 0, 24, 0),
	gsSP2Triangles(0, 1, 2, 0, 0, 3, 1, 0),
	gsSP2Triangles(3, 4, 1, 0, 3, 5, 4, 0),
	gsSP2Triangles(6, 7, 8, 0, 6, 9, 7, 0),
	gsSP2Triangles(9, 10, 7, 0, 9, 11, 10, 0),
	gsSP2Triangles(12, 13, 14, 0, 12, 15, 13, 0),
	gsSP2Triangles(15, 16, 13, 0, 15, 17, 16, 0),
	gsSP2Triangles(18, 19, 20, 0, 18, 21, 19, 0),
	gsSP2Triangles(21, 22, 19, 0, 21, 23, 22, 0),
	gsSPEndDisplayList(),
};

Vtx bob_dl_Mushrooms_001_mesh_layer_1_vtx_cull[8] = {
	{{ {-6717, -564, 306}, 0, {0, 0}, {0, 0, 0, 0} }},
	{{ {-6717, 3673, 306}, 0, {0, 0}, {0, 0, 0, 0} }},
	{{ {-6717, 3673, -8962}, 0, {0, 0}, {0, 0, 0, 0} }},
	{{ {-6717, -564, -8962}, 0, {0, 0}, {0, 0, 0, 0} }},
	{{ {2959, -564, 306}, 0, {0, 0}, {0, 0, 0, 0} }},
	{{ {2959, 3673, 306}, 0, {0, 0}, {0, 0, 0, 0} }},
	{{ {2959, 3673, -8962}, 0, {0, 0}, {0, 0, 0, 0} }},
	{{ {2959, -564, -8962}, 0, {0, 0}, {0, 0, 0, 0} }},
};

Vtx bob_dl_Mushrooms_001_mesh_layer_1_vtx_0[399] = {
	{{ {272, 471, -33}, 0, {-250, -959}, {255, 255, 255, 255} }},
	{{ {228, 471, -246}, 0, {218, 13}, {151, 151, 151, 255} }},
	{{ {34, 471, -343}, 0, {1270, 253}, {127, 127, 127, 255} }},
	{{ {134, 471, 134}, 0, {218, -1931}, {255, 255, 255, 255} }},
	{{ {-215, 471, -42}, 0, {2113, -1498}, {255, 255, 255, 255} }},
	{{ {-163, 471, -252}, 0, {2113, -419}, {254, 254, 254, 255} }},
	{{ {-82, 471, 130}, 0, {1270, -2171}, {255, 255, 255, 255} }},
	{{ {-154, 321, 273}, 0, {1727, 182}, {255, 255, 255, 255} }},
	{{ {214, 239, 306}, 0, {1614, 197}, {171, 104, 108, 255} }},
	{{ {201, 321, 279}, 0, {1620, 182}, {255, 255, 255, 255} }},
	{{ {-168, 239, 300}, 0, {1729, 197}, {171, 104, 108, 255} }},
	{{ {-371, 321, -9}, 0, {1813, 182}, {255, 255, 255, 255} }},
	{{ {-401, 239, -3}, 0, {1821, 197}, {171, 104, 108, 255} }},
	{{ {-163, 471, -252}, 0, {115, 411}, {254, 254, 254, 255} }},
	{{ {-286, 321, -354}, 0, {-658, 2061}, {127, 127, 127, 255} }},
	{{ {-371, 321, -9}, 0, {2728, 2024}, {255, 255, 255, 255} }},
	{{ {-215, 471, -42}, 0, {1919, 391}, {255, 255, 255, 255} }},
	{{ {228, 471, -246}, 0, {221, 413}, {151, 151, 151, 255} }},
	{{ {355, 321, -343}, 0, {-471, 1724}, {127, 127, 127, 255} }},
	{{ {37, 321, -503}, 0, {2282, 1826}, {127, 127, 127, 255} }},
	{{ {34, 471, -343}, 0, {1688, 467}, {127, 127, 127, 255} }},
	{{ {134, 471, 134}, 0, {329, 1855}, {255, 255, 255, 255} }},
	{{ {201, 321, 279}, 0, {1546, 2441}, {255, 255, 255, 255} }},
	{{ {428, 321, 5}, 0, {1546, -68}, {255, 255, 255, 255} }},
	{{ {272, 471, -33}, 0, {329, 517}, {255, 255, 255, 255} }},
	{{ {-215, 471, -42}, 0, {1682, 1844}, {255, 255, 255, 255} }},
	{{ {-371, 321, -9}, 0, {2351, 347}, {255, 255, 255, 255} }},
	{{ {-154, 321, 273}, 0, {-694, 433}, {255, 255, 255, 255} }},
	{{ {-82, 471, 130}, 0, {59, 1890}, {255, 255, 255, 255} }},
	{{ {34, 471, -343}, 0, {-69, 430}, {127, 127, 127, 255} }},
	{{ {37, 321, -503}, 0, {-722, 1889}, {127, 127, 127, 255} }},
	{{ {-286, 321, -354}, 0, {2247, 1806}, {127, 127, 127, 255} }},
	{{ {34, 471, -343}, 0, {-69, 430}, {127, 127, 127, 255} }},
	{{ {-286, 321, -354}, 0, {2247, 1806}, {127, 127, 127, 255} }},
	{{ {-163, 471, -252}, 0, {1513, 386}, {254, 254, 254, 255} }},
	{{ {272, 471, -33}, 0, {91, 437}, {255, 255, 255, 255} }},
	{{ {428, 321, 5}, 0, {-517, 1772}, {255, 255, 255, 255} }},
	{{ {355, 321, -343}, 0, {2206, 1714}, {127, 127, 127, 255} }},
	{{ {228, 471, -246}, 0, {1542, 406}, {151, 151, 151, 255} }},
	{{ {-82, 471, 130}, 0, {226, 419}, {255, 255, 255, 255} }},
	{{ {-154, 321, 273}, 0, {-460, 1775}, {255, 255, 255, 255} }},
	{{ {201, 321, 279}, 0, {2363, 1829}, {255, 255, 255, 255} }},
	{{ {134, 471, 134}, 0, {1731, 448}, {255, 255, 255, 255} }},
	{{ {37, 239, -533}, 0, {1629, 334}, {127, 127, 127, 255} }},
	{{ {379, 239, -362}, 0, {1672, 344}, {127, 127, 127, 255} }},
	{{ {457, 239, 12}, 0, {1692, 384}, {171, 104, 108, 255} }},
	{{ {-309, 239, -373}, 0, {1594, 362}, {127, 127, 127, 255} }},
	{{ {-168, 239, 300}, 0, {1629, 434}, {171, 104, 108, 255} }},
	{{ {214, 239, 306}, 0, {1672, 424}, {171, 104, 108, 255} }},
	{{ {-401, 239, -3}, 0, {1594, 406}, {171, 104, 108, 255} }},
	{{ {-286, 321, -354}, 0, {1637, 182}, {127, 127, 127, 255} }},
	{{ {-309, 239, -373}, 0, {1633, 197}, {127, 127, 127, 255} }},
	{{ {-401, 239, -3}, 0, {1751, 197}, {171, 104, 108, 255} }},
	{{ {-371, 321, -9}, 0, {1747, 182}, {255, 255, 255, 255} }},
	{{ {355, 321, -343}, 0, {1620, 182}, {127, 127, 127, 255} }},
	{{ {379, 239, -362}, 0, {1614, 197}, {127, 127, 127, 255} }},
	{{ {37, 239, -533}, 0, {1729, 197}, {127, 127, 127, 255} }},
	{{ {37, 321, -503}, 0, {1727, 182}, {127, 127, 127, 255} }},
	{{ {-309, 239, -373}, 0, {1821, 197}, {127, 127, 127, 255} }},
	{{ {-286, 321, -354}, 0, {1813, 182}, {127, 127, 127, 255} }},
	{{ {201, 321, 279}, 0, {1791, 182}, {255, 255, 255, 255} }},
	{{ {214, 239, 306}, 0, {1798, 197}, {171, 104, 108, 255} }},
	{{ {457, 239, 12}, 0, {1692, 197}, {171, 104, 108, 255} }},
	{{ {428, 321, 5}, 0, {1692, 182}, {255, 255, 255, 255} }},
	{{ {428, 321, 5}, 0, {1692, 182}, {255, 255, 255, 255} }},
	{{ {457, 239, 12}, 0, {1692, 197}, {171, 104, 108, 255} }},
	{{ {379, 239, -362}, 0, {1586, 197}, {127, 127, 127, 255} }},
	{{ {355, 321, -343}, 0, {1593, 182}, {127, 127, 127, 255} }},
	{{ {-634, 2293, -2942}, 0, {1727, 182}, {255, 255, 255, 255} }},
	{{ {164, 2056, -2859}, 0, {1614, 197}, {171, 104, 108, 255} }},
	{{ {165, 2293, -2928}, 0, {1620, 182}, {255, 255, 255, 255} }},
	{{ {-612, 2038, -2854}, 0, {1729, 197}, {171, 104, 108, 255} }},
	{{ {-1122, 2293, -3575}, 0, {1813, 182}, {255, 255, 255, 255} }},
	{{ {-1138, 2114, -3561}, 0, {1821, 197}, {171, 104, 108, 255} }},
	{{ {-618, 2491, -4143}, 0, {115, 411}, {127, 127, 127, 255} }},
	{{ {-870, 2290, -4357}, 0, {-658, 2061}, {127, 127, 127, 255} }},
	{{ {-1122, 2293, -3575}, 0, {2728, 2024}, {255, 255, 255, 255} }},
	{{ {-770, 2453, -3649}, 0, {1919, 391}, {255, 255, 255, 255} }},
	{{ {209, 2517, -4090}, 0, {221, 413}, {127, 127, 127, 255} }},
	{{ {510, 2293, -4326}, 0, {-471, 1724}, {127, 127, 127, 255} }},
	{{ {-256, 2290, -4640}, 0, {2282, 1826}, {142, 216, 149, 255} }},
	{{ {-257, 2545, -4301}, 0, {1688, 467}, {127, 127, 127, 255} }},
	{{ {35, 2531, -3230}, 0, {329, 1855}, {255, 255, 255, 255} }},
	{{ {165, 2293, -2928}, 0, {1546, 2441}, {255, 255, 255, 255} }},
	{{ {674, 2293, -3544}, 0, {1546, -68}, {255, 255, 255, 255} }},
	{{ {309, 2517, -3613}, 0, {329, 517}, {255, 255, 255, 255} }},
	{{ {-770, 2453, -3649}, 0, {1682, 1844}, {255, 255, 255, 255} }},
	{{ {-1122, 2293, -3575}, 0, {2351, 347}, {255, 255, 255, 255} }},
	{{ {-634, 2293, -2942}, 0, {-694, 433}, {255, 255, 255, 255} }},
	{{ {-473, 2453, -3263}, 0, {59, 1890}, {255, 255, 255, 255} }},
	{{ {-618, 2491, -4143}, 0, {1513, 386}, {127, 127, 127, 255} }},
	{{ {-257, 2545, -4301}, 0, {-69, 430}, {127, 127, 127, 255} }},
	{{ {-256, 2290, -4640}, 0, {-722, 1889}, {142, 216, 149, 255} }},
	{{ {-870, 2290, -4357}, 0, {2247, 1806}, {127, 127, 127, 255} }},
	{{ {-563, 2290, -4499}, 0, {763, 1847}, {140, 211, 147, 255} }},
	{{ {309, 2517, -3613}, 0, {91, 437}, {255, 255, 255, 255} }},
	{{ {674, 2293, -3544}, 0, {-517, 1772}, {255, 255, 255, 255} }},
	{{ {510, 2293, -4326}, 0, {2206, 1714}, {127, 127, 127, 255} }},
	{{ {209, 2517, -4090}, 0, {1542, 406}, {127, 127, 127, 255} }},
	{{ {-473, 2453, -3263}, 0, {226, 419}, {255, 255, 255, 255} }},
	{{ {-634, 2293, -2942}, 0, {-460, 1775}, {255, 255, 255, 255} }},
	{{ {165, 2293, -2928}, 0, {2363, 1829}, {255, 255, 255, 255} }},
	{{ {35, 2531, -3230}, 0, {1731, 448}, {255, 255, 255, 255} }},
	{{ {-870, 2290, -4357}, 0, {1637, 182}, {127, 127, 127, 255} }},
	{{ {-933, 2114, -4395}, 0, {1633, 197}, {127, 127, 127, 255} }},
	{{ {-1138, 2114, -3561}, 0, {1751, 197}, {171, 104, 108, 255} }},
	{{ {-1122, 2293, -3575}, 0, {1747, 182}, {255, 255, 255, 255} }},
	{{ {510, 2293, -4326}, 0, {1620, 182}, {127, 127, 127, 255} }},
	{{ {567, 2136, -4399}, 0, {1614, 197}, {127, 127, 127, 255} }},
	{{ {-197, 2059, -4758}, 0, {1729, 197}, {127, 127, 127, 255} }},
	{{ {-256, 2290, -4640}, 0, {1727, 182}, {142, 216, 149, 255} }},
	{{ {-563, 2290, -4499}, 0, {1770, 182}, {140, 211, 147, 255} }},
	{{ {-870, 2290, -4357}, 0, {1813, 182}, {127, 127, 127, 255} }},
	{{ {-933, 2114, -4395}, 0, {1821, 197}, {127, 127, 127, 255} }},
	{{ {165, 2293, -2928}, 0, {1791, 182}, {255, 255, 255, 255} }},
	{{ {164, 2056, -2859}, 0, {1798, 197}, {171, 104, 108, 255} }},
	{{ {746, 2059, -3533}, 0, {1692, 197}, {171, 104, 108, 255} }},
	{{ {674, 2293, -3544}, 0, {1692, 182}, {255, 255, 255, 255} }},
	{{ {567, 2136, -4399}, 0, {1586, 197}, {127, 127, 127, 255} }},
	{{ {510, 2293, -4326}, 0, {1593, 182}, {127, 127, 127, 255} }},
	{{ {-46, 3272, -6208}, 0, {-250, -959}, {255, 255, 255, 255} }},
	{{ {43, 3272, -6406}, 0, {218, 13}, {255, 255, 255, 255} }},
	{{ {-56, 3272, -6599}, 0, {1270, 253}, {127, 127, 127, 255} }},
	{{ {-256, 3272, -6154}, 0, {218, -1931}, {255, 255, 255, 255} }},
	{{ {-435, 3272, -6502}, 0, {2113, -1498}, {128, 128, 128, 255} }},
	{{ {-269, 3272, -6641}, 0, {2113, -419}, {127, 127, 127, 255} }},
	{{ {-429, 3272, -6285}, 0, {1270, -2171}, {255, 255, 255, 255} }},
	{{ {-571, 3122, -6212}, 0, {1727, 182}, {255, 255, 255, 255} }},
	{{ {-294, 3040, -5968}, 0, {1614, 197}, {171, 104, 108, 255} }},
	{{ {-288, 3122, -5998}, 0, {1620, 182}, {255, 255, 255, 255} }},
	{{ {-598, 3040, -6198}, 0, {1729, 197}, {171, 104, 108, 255} }},
	{{ {-580, 3122, -6568}, 0, {1813, 182}, {127, 127, 127, 255} }},
	{{ {-608, 3040, -6580}, 0, {1821, 197}, {127, 127, 127, 255} }},
	{{ {-269, 3272, -6641}, 0, {115, 411}, {127, 127, 127, 255} }},
	{{ {-308, 3122, -6796}, 0, {-658, 2061}, {127, 127, 127, 255} }},
	{{ {-580, 3122, -6568}, 0, {2728, 2024}, {127, 127, 127, 255} }},
	{{ {-435, 3272, -6502}, 0, {1919, 391}, {128, 128, 128, 255} }},
	{{ {43, 3272, -6406}, 0, {221, 413}, {255, 255, 255, 255} }},
	{{ {203, 3122, -6410}, 0, {-471, 1724}, {255, 255, 255, 255} }},
	{{ {41, 3122, -6726}, 0, {2282, 1826}, {127, 127, 127, 255} }},
	{{ {-56, 3272, -6599}, 0, {1688, 467}, {127, 127, 127, 255} }},
	{{ {-256, 3272, -6154}, 0, {329, 1855}, {255, 255, 255, 255} }},
	{{ {-288, 3122, -5998}, 0, {1546, 2441}, {255, 255, 255, 255} }},
	{{ {57, 3122, -6086}, 0, {1546, -68}, {255, 255, 255, 255} }},
	{{ {-46, 3272, -6208}, 0, {329, 517}, {255, 255, 255, 255} }},
	{{ {-435, 3272, -6502}, 0, {1682, 1844}, {128, 128, 128, 255} }},
	{{ {-580, 3122, -6568}, 0, {2351, 347}, {127, 127, 127, 255} }},
	{{ {-571, 3122, -6212}, 0, {-694, 433}, {255, 255, 255, 255} }},
	{{ {-429, 3272, -6285}, 0, {59, 1890}, {255, 255, 255, 255} }},
	{{ {-56, 3272, -6599}, 0, {-69, 430}, {127, 127, 127, 255} }},
	{{ {41, 3122, -6726}, 0, {-722, 1889}, {127, 127, 127, 255} }},
	{{ {-308, 3122, -6796}, 0, {2247, 1806}, {127, 127, 127, 255} }},
	{{ {-269, 3272, -6641}, 0, {1513, 386}, {127, 127, 127, 255} }},
	{{ {-46, 3272, -6208}, 0, {91, 437}, {255, 255, 255, 255} }},
	{{ {57, 3122, -6086}, 0, {-517, 1772}, {255, 255, 255, 255} }},
	{{ {203, 3122, -6410}, 0, {2206, 1714}, {255, 255, 255, 255} }},
	{{ {43, 3272, -6406}, 0, {1542, 406}, {255, 255, 255, 255} }},
	{{ {-429, 3272, -6285}, 0, {226, 419}, {255, 255, 255, 255} }},
	{{ {-571, 3122, -6212}, 0, {-460, 1775}, {255, 255, 255, 255} }},
	{{ {-288, 3122, -5998}, 0, {2363, 1829}, {255, 255, 255, 255} }},
	{{ {-256, 3272, -6154}, 0, {1731, 448}, {255, 255, 255, 255} }},
	{{ {59, 3040, -6750}, 0, {1629, 334}, {127, 127, 127, 255} }},
	{{ {233, 3040, -6411}, 0, {1672, 344}, {171, 104, 108, 255} }},
	{{ {76, 3040, -6062}, 0, {1692, 384}, {171, 104, 108, 255} }},
	{{ {-316, 3040, -6826}, 0, {1594, 362}, {127, 127, 127, 255} }},
	{{ {-598, 3040, -6198}, 0, {1629, 434}, {171, 104, 108, 255} }},
	{{ {-294, 3040, -5968}, 0, {1672, 424}, {171, 104, 108, 255} }},
	{{ {-608, 3040, -6580}, 0, {1594, 406}, {127, 127, 127, 255} }},
	{{ {-308, 3122, -6796}, 0, {1637, 182}, {127, 127, 127, 255} }},
	{{ {-316, 3040, -6826}, 0, {1633, 197}, {127, 127, 127, 255} }},
	{{ {-608, 3040, -6580}, 0, {1751, 197}, {127, 127, 127, 255} }},
	{{ {-580, 3122, -6568}, 0, {1747, 182}, {127, 127, 127, 255} }},
	{{ {203, 3122, -6410}, 0, {1620, 182}, {255, 255, 255, 255} }},
	{{ {233, 3040, -6411}, 0, {1614, 197}, {171, 104, 108, 255} }},
	{{ {59, 3040, -6750}, 0, {1729, 197}, {127, 127, 127, 255} }},
	{{ {41, 3122, -6726}, 0, {1727, 182}, {127, 127, 127, 255} }},
	{{ {-316, 3040, -6826}, 0, {1821, 197}, {127, 127, 127, 255} }},
	{{ {-308, 3122, -6796}, 0, {1813, 182}, {127, 127, 127, 255} }},
	{{ {-288, 3122, -5998}, 0, {1791, 182}, {255, 255, 255, 255} }},
	{{ {-294, 3040, -5968}, 0, {1798, 197}, {171, 104, 108, 255} }},
	{{ {76, 3040, -6062}, 0, {1692, 197}, {171, 104, 108, 255} }},
	{{ {57, 3122, -6086}, 0, {1692, 182}, {255, 255, 255, 255} }},
	{{ {233, 3040, -6411}, 0, {1586, 197}, {171, 104, 108, 255} }},
	{{ {203, 3122, -6410}, 0, {1593, 182}, {255, 255, 255, 255} }},
	{{ {1532, 3168, -8344}, 0, {-250, -959}, {255, 255, 255, 255} }},
	{{ {1621, 3168, -8542}, 0, {218, 13}, {255, 255, 255, 255} }},
	{{ {1522, 3168, -8735}, 0, {1270, 253}, {127, 127, 127, 255} }},
	{{ {1322, 3168, -8290}, 0, {218, -1931}, {255, 255, 255, 255} }},
	{{ {1143, 3168, -8638}, 0, {2113, -1498}, {127, 127, 127, 255} }},
	{{ {1522, 3168, -8735}, 0, {1270, 253}, {127, 127, 127, 255} }},
	{{ {1309, 3168, -8777}, 0, {2113, -419}, {127, 127, 127, 255} }},
	{{ {1143, 3168, -8638}, 0, {2113, -1498}, {127, 127, 127, 255} }},
	{{ {1149, 3168, -8421}, 0, {1270, -2171}, {255, 255, 255, 255} }},
	{{ {1322, 3168, -8290}, 0, {218, -1931}, {255, 255, 255, 255} }},
	{{ {1007, 3018, -8348}, 0, {1727, 182}, {255, 255, 255, 255} }},
	{{ {1284, 2936, -8104}, 0, {1614, 197}, {171, 104, 108, 255} }},
	{{ {1290, 3018, -8134}, 0, {1620, 182}, {255, 255, 255, 255} }},
	{{ {980, 2936, -8334}, 0, {1729, 197}, {171, 104, 108, 255} }},
	{{ {998, 3018, -8704}, 0, {1813, 182}, {127, 127, 127, 255} }},
	{{ {970, 2936, -8716}, 0, {1821, 197}, {127, 127, 127, 255} }},
	{{ {1309, 3168, -8777}, 0, {115, 411}, {127, 127, 127, 255} }},
	{{ {1270, 3018, -8932}, 0, {-658, 2061}, {127, 127, 127, 255} }},
	{{ {998, 3018, -8704}, 0, {2728, 2024}, {127, 127, 127, 255} }},
	{{ {1143, 3168, -8638}, 0, {1919, 391}, {127, 127, 127, 255} }},
	{{ {1621, 3168, -8542}, 0, {221, 413}, {255, 255, 255, 255} }},
	{{ {1781, 3018, -8546}, 0, {-471, 1724}, {255, 255, 255, 255} }},
	{{ {1619, 3018, -8862}, 0, {2282, 1826}, {127, 127, 127, 255} }},
	{{ {1522, 3168, -8735}, 0, {1688, 467}, {127, 127, 127, 255} }},
	{{ {1322, 3168, -8290}, 0, {329, 1855}, {255, 255, 255, 255} }},
	{{ {1290, 3018, -8134}, 0, {1546, 2441}, {255, 255, 255, 255} }},
	{{ {1635, 3018, -8222}, 0, {1546, -68}, {255, 255, 255, 255} }},
	{{ {1532, 3168, -8344}, 0, {329, 517}, {255, 255, 255, 255} }},
	{{ {1143, 3168, -8638}, 0, {1682, 1844}, {127, 127, 127, 255} }},
	{{ {998, 3018, -8704}, 0, {2351, 347}, {127, 127, 127, 255} }},
	{{ {1007, 3018, -8348}, 0, {-694, 433}, {255, 255, 255, 255} }},
	{{ {1149, 3168, -8421}, 0, {59, 1890}, {255, 255, 255, 255} }},
	{{ {1522, 3168, -8735}, 0, {-69, 430}, {127, 127, 127, 255} }},
	{{ {1619, 3018, -8862}, 0, {-722, 1889}, {127, 127, 127, 255} }},
	{{ {1270, 3018, -8932}, 0, {2247, 1806}, {127, 127, 127, 255} }},
	{{ {1309, 3168, -8777}, 0, {1513, 386}, {127, 127, 127, 255} }},
	{{ {1532, 3168, -8344}, 0, {91, 437}, {255, 255, 255, 255} }},
	{{ {1635, 3018, -8222}, 0, {-517, 1772}, {255, 255, 255, 255} }},
	{{ {1781, 3018, -8546}, 0, {2206, 1714}, {255, 255, 255, 255} }},
	{{ {1621, 3168, -8542}, 0, {1542, 406}, {255, 255, 255, 255} }},
	{{ {1149, 3168, -8421}, 0, {226, 419}, {255, 255, 255, 255} }},
	{{ {1007, 3018, -8348}, 0, {-460, 1775}, {255, 255, 255, 255} }},
	{{ {1290, 3018, -8134}, 0, {2363, 1829}, {255, 255, 255, 255} }},
	{{ {1322, 3168, -8290}, 0, {1731, 448}, {255, 255, 255, 255} }},
	{{ {1637, 2936, -8886}, 0, {1629, 334}, {127, 127, 127, 255} }},
	{{ {1811, 2936, -8547}, 0, {1672, 344}, {171, 104, 108, 255} }},
	{{ {1654, 2936, -8198}, 0, {1692, 384}, {171, 104, 108, 255} }},
	{{ {1262, 2936, -8962}, 0, {1594, 362}, {130, 127, 127, 255} }},
	{{ {980, 2936, -8334}, 0, {1629, 434}, {171, 104, 108, 255} }},
	{{ {1284, 2936, -8104}, 0, {1672, 424}, {171, 104, 108, 255} }},
	{{ {970, 2936, -8716}, 0, {1594, 406}, {127, 127, 127, 255} }},
	{{ {1270, 3018, -8932}, 0, {1637, 182}, {127, 127, 127, 255} }},
	{{ {1262, 2936, -8962}, 0, {1633, 197}, {130, 127, 127, 255} }},
	{{ {970, 2936, -8716}, 0, {1751, 197}, {127, 127, 127, 255} }},
	{{ {998, 3018, -8704}, 0, {1747, 182}, {127, 127, 127, 255} }},
	{{ {1781, 3018, -8546}, 0, {1620, 182}, {255, 255, 255, 255} }},
	{{ {1811, 2936, -8547}, 0, {1614, 197}, {171, 104, 108, 255} }},
	{{ {1637, 2936, -8886}, 0, {1729, 197}, {127, 127, 127, 255} }},
	{{ {1619, 3018, -8862}, 0, {1727, 182}, {127, 127, 127, 255} }},
	{{ {1262, 2936, -8962}, 0, {1821, 197}, {130, 127, 127, 255} }},
	{{ {1270, 3018, -8932}, 0, {1813, 182}, {127, 127, 127, 255} }},
	{{ {1290, 3018, -8134}, 0, {1791, 182}, {255, 255, 255, 255} }},
	{{ {1284, 2936, -8104}, 0, {1798, 197}, {171, 104, 108, 255} }},
	{{ {1654, 2936, -8198}, 0, {1692, 197}, {171, 104, 108, 255} }},
	{{ {1635, 3018, -8222}, 0, {1692, 182}, {255, 255, 255, 255} }},
	{{ {1811, 2936, -8547}, 0, {1586, 197}, {171, 104, 108, 255} }},
	{{ {1781, 3018, -8546}, 0, {1593, 182}, {255, 255, 255, 255} }},
	{{ {-2601, 3673, -7972}, 0, {-250, -959}, {255, 255, 255, 255} }},
	{{ {-2512, 3673, -8170}, 0, {218, 13}, {128, 128, 128, 255} }},
	{{ {-2611, 3673, -8363}, 0, {1270, 253}, {127, 127, 127, 255} }},
	{{ {-2811, 3673, -7919}, 0, {218, -1931}, {255, 255, 255, 255} }},
	{{ {-2990, 3673, -8266}, 0, {2113, -1498}, {127, 127, 127, 255} }},
	{{ {-2824, 3673, -8406}, 0, {2113, -419}, {127, 127, 127, 255} }},
	{{ {-2984, 3673, -8050}, 0, {1270, -2171}, {255, 255, 255, 255} }},
	{{ {-3127, 3523, -7977}, 0, {1727, 182}, {255, 255, 255, 255} }},
	{{ {-2849, 3440, -7732}, 0, {1614, 197}, {171, 104, 108, 255} }},
	{{ {-2843, 3523, -7762}, 0, {1620, 182}, {255, 255, 255, 255} }},
	{{ {-3153, 3440, -7963}, 0, {1729, 197}, {171, 104, 108, 255} }},
	{{ {-3136, 3523, -8332}, 0, {1813, 182}, {127, 127, 127, 255} }},
	{{ {-3163, 3440, -8345}, 0, {1821, 197}, {127, 127, 127, 255} }},
	{{ {-2824, 3673, -8406}, 0, {115, 411}, {127, 127, 127, 255} }},
	{{ {-2863, 3523, -8561}, 0, {-658, 2061}, {127, 127, 127, 255} }},
	{{ {-3136, 3523, -8332}, 0, {2728, 2024}, {127, 127, 127, 255} }},
	{{ {-2990, 3673, -8266}, 0, {1919, 391}, {127, 127, 127, 255} }},
	{{ {-2512, 3673, -8170}, 0, {221, 413}, {128, 128, 128, 255} }},
	{{ {-2352, 3523, -8174}, 0, {-471, 1724}, {127, 127, 127, 255} }},
	{{ {-2515, 3523, -8491}, 0, {2282, 1826}, {127, 127, 127, 255} }},
	{{ {-2611, 3673, -8363}, 0, {1688, 467}, {127, 127, 127, 255} }},
	{{ {-2811, 3673, -7919}, 0, {329, 1855}, {255, 255, 255, 255} }},
	{{ {-2843, 3523, -7762}, 0, {1546, 2441}, {255, 255, 255, 255} }},
	{{ {-2498, 3523, -7850}, 0, {1546, -68}, {255, 255, 255, 255} }},
	{{ {-2601, 3673, -7972}, 0, {329, 517}, {255, 255, 255, 255} }},
	{{ {-2990, 3673, -8266}, 0, {1682, 1844}, {127, 127, 127, 255} }},
	{{ {-3136, 3523, -8332}, 0, {2351, 347}, {127, 127, 127, 255} }},
	{{ {-3127, 3523, -7977}, 0, {-694, 433}, {255, 255, 255, 255} }},
	{{ {-2984, 3673, -8050}, 0, {59, 1890}, {255, 255, 255, 255} }},
	{{ {-2611, 3673, -8363}, 0, {-69, 430}, {127, 127, 127, 255} }},
	{{ {-2515, 3523, -8491}, 0, {-722, 1889}, {127, 127, 127, 255} }},
	{{ {-2863, 3523, -8561}, 0, {2247, 1806}, {127, 127, 127, 255} }},
	{{ {-2611, 3673, -8363}, 0, {-69, 430}, {127, 127, 127, 255} }},
	{{ {-2863, 3523, -8561}, 0, {2247, 1806}, {127, 127, 127, 255} }},
	{{ {-2824, 3673, -8406}, 0, {1513, 386}, {127, 127, 127, 255} }},
	{{ {-2601, 3673, -7972}, 0, {91, 437}, {255, 255, 255, 255} }},
	{{ {-2498, 3523, -7850}, 0, {-517, 1772}, {255, 255, 255, 255} }},
	{{ {-2352, 3523, -8174}, 0, {2206, 1714}, {127, 127, 127, 255} }},
	{{ {-2512, 3673, -8170}, 0, {1542, 406}, {128, 128, 128, 255} }},
	{{ {-2984, 3673, -8050}, 0, {226, 419}, {255, 255, 255, 255} }},
	{{ {-3127, 3523, -7977}, 0, {-460, 1775}, {255, 255, 255, 255} }},
	{{ {-2843, 3523, -7762}, 0, {2363, 1829}, {255, 255, 255, 255} }},
	{{ {-2811, 3673, -7919}, 0, {1731, 448}, {255, 255, 255, 255} }},
	{{ {-2497, 3440, -8515}, 0, {1629, 334}, {127, 127, 127, 255} }},
	{{ {-2322, 3440, -8175}, 0, {1672, 344}, {127, 127, 127, 255} }},
	{{ {-2479, 3440, -7827}, 0, {1692, 384}, {171, 104, 108, 255} }},
	{{ {-2871, 3440, -8590}, 0, {1594, 362}, {127, 127, 127, 255} }},
	{{ {-3153, 3440, -7963}, 0, {1629, 434}, {171, 104, 108, 255} }},
	{{ {-2849, 3440, -7732}, 0, {1672, 424}, {171, 104, 108, 255} }},
	{{ {-3163, 3440, -8345}, 0, {1594, 406}, {127, 127, 127, 255} }},
	{{ {-2863, 3523, -8561}, 0, {1637, 182}, {127, 127, 127, 255} }},
	{{ {-2871, 3440, -8590}, 0, {1633, 197}, {127, 127, 127, 255} }},
	{{ {-3163, 3440, -8345}, 0, {1751, 197}, {127, 127, 127, 255} }},
	{{ {-3136, 3523, -8332}, 0, {1747, 182}, {127, 127, 127, 255} }},
	{{ {-2352, 3523, -8174}, 0, {1620, 182}, {127, 127, 127, 255} }},
	{{ {-2322, 3440, -8175}, 0, {1614, 197}, {127, 127, 127, 255} }},
	{{ {-2497, 3440, -8515}, 0, {1729, 197}, {127, 127, 127, 255} }},
	{{ {-2515, 3523, -8491}, 0, {1727, 182}, {127, 127, 127, 255} }},
	{{ {-2871, 3440, -8590}, 0, {1821, 197}, {127, 127, 127, 255} }},
	{{ {-2863, 3523, -8561}, 0, {1813, 182}, {127, 127, 127, 255} }},
	{{ {-2843, 3523, -7762}, 0, {1791, 182}, {255, 255, 255, 255} }},
	{{ {-2849, 3440, -7732}, 0, {1798, 197}, {171, 104, 108, 255} }},
	{{ {-2479, 3440, -7827}, 0, {1692, 197}, {171, 104, 108, 255} }},
	{{ {-2498, 3523, -7850}, 0, {1692, 182}, {255, 255, 255, 255} }},
	{{ {-2498, 3523, -7850}, 0, {1692, 182}, {255, 255, 255, 255} }},
	{{ {-2479, 3440, -7827}, 0, {1692, 197}, {171, 104, 108, 255} }},
	{{ {-2322, 3440, -8175}, 0, {1586, 197}, {127, 127, 127, 255} }},
	{{ {-2352, 3523, -8174}, 0, {1593, 182}, {127, 127, 127, 255} }},
	{{ {2638, 996, -1139}, 0, {-250, -959}, {255, 255, 255, 255} }},
	{{ {2727, 996, -1336}, 0, {218, 13}, {251, 251, 251, 255} }},
	{{ {2628, 996, -1529}, 0, {1270, 253}, {127, 127, 127, 255} }},
	{{ {2428, 996, -1085}, 0, {218, -1931}, {255, 255, 255, 255} }},
	{{ {2250, 996, -1433}, 0, {2113, -1498}, {127, 127, 127, 255} }},
	{{ {2416, 996, -1572}, 0, {2113, -419}, {127, 127, 127, 255} }},
	{{ {2255, 996, -1216}, 0, {1270, -2171}, {255, 255, 255, 255} }},
	{{ {2113, 846, -1143}, 0, {1727, 182}, {255, 255, 255, 255} }},
	{{ {2391, 763, -899}, 0, {1614, 197}, {171, 104, 108, 255} }},
	{{ {2397, 846, -928}, 0, {1620, 182}, {255, 255, 255, 255} }},
	{{ {2086, 763, -1129}, 0, {1729, 197}, {171, 104, 108, 255} }},
	{{ {2104, 846, -1498}, 0, {1813, 182}, {130, 130, 130, 255} }},
	{{ {2076, 763, -1511}, 0, {1821, 197}, {145, 122, 123, 255} }},
	{{ {2416, 996, -1572}, 0, {115, 411}, {127, 127, 127, 255} }},
	{{ {2376, 846, -1727}, 0, {-658, 2061}, {127, 127, 127, 255} }},
	{{ {2104, 846, -1498}, 0, {2728, 2024}, {130, 130, 130, 255} }},
	{{ {2250, 996, -1433}, 0, {1919, 391}, {127, 127, 127, 255} }},
	{{ {2727, 996, -1336}, 0, {221, 413}, {251, 251, 251, 255} }},
	{{ {2887, 846, -1341}, 0, {-471, 1724}, {255, 255, 255, 255} }},
	{{ {2725, 846, -1657}, 0, {2282, 1826}, {127, 127, 127, 255} }},
	{{ {2628, 996, -1529}, 0, {1688, 467}, {127, 127, 127, 255} }},
	{{ {2428, 996, -1085}, 0, {329, 1855}, {255, 255, 255, 255} }},
	{{ {2397, 846, -928}, 0, {1546, 2441}, {255, 255, 255, 255} }},
	{{ {2741, 846, -1016}, 0, {1546, -68}, {255, 255, 255, 255} }},
	{{ {2638, 996, -1139}, 0, {329, 517}, {255, 255, 255, 255} }},
	{{ {2250, 996, -1433}, 0, {1682, 1844}, {127, 127, 127, 255} }},
	{{ {2104, 846, -1498}, 0, {2351, 347}, {130, 130, 130, 255} }},
	{{ {2113, 846, -1143}, 0, {-694, 433}, {255, 255, 255, 255} }},
	{{ {2250, 996, -1433}, 0, {1682, 1844}, {127, 127, 127, 255} }},
	{{ {2113, 846, -1143}, 0, {-694, 433}, {255, 255, 255, 255} }},
	{{ {2255, 996, -1216}, 0, {59, 1890}, {255, 255, 255, 255} }},
	{{ {2628, 996, -1529}, 0, {-69, 430}, {127, 127, 127, 255} }},
	{{ {2725, 846, -1657}, 0, {-722, 1889}, {127, 127, 127, 255} }},
	{{ {2376, 846, -1727}, 0, {2247, 1806}, {127, 127, 127, 255} }},
	{{ {2416, 996, -1572}, 0, {1513, 386}, {127, 127, 127, 255} }},
	{{ {2638, 996, -1139}, 0, {91, 437}, {255, 255, 255, 255} }},
	{{ {2741, 846, -1016}, 0, {-517, 1772}, {255, 255, 255, 255} }},
	{{ {2887, 846, -1341}, 0, {2206, 1714}, {255, 255, 255, 255} }},
	{{ {2727, 996, -1336}, 0, {1542, 406}, {251, 251, 251, 255} }},
	{{ {2255, 996, -1216}, 0, {226, 419}, {255, 255, 255, 255} }},
	{{ {2113, 846, -1143}, 0, {-460, 1775}, {255, 255, 255, 255} }},
	{{ {2397, 846, -928}, 0, {2363, 1829}, {255, 255, 255, 255} }},
	{{ {2428, 996, -1085}, 0, {1731, 448}, {255, 255, 255, 255} }},
	{{ {2743, 763, -1681}, 0, {1629, 334}, {127, 127, 127, 255} }},
	{{ {2918, 763, -1341}, 0, {1672, 344}, {171, 104, 108, 255} }},
	{{ {2761, 763, -993}, 0, {1692, 384}, {171, 104, 108, 255} }},
	{{ {2369, 763, -1756}, 0, {1594, 362}, {127, 127, 127, 255} }},
	{{ {2086, 763, -1129}, 0, {1629, 434}, {171, 104, 108, 255} }},
	{{ {2391, 763, -899}, 0, {1672, 424}, {171, 104, 108, 255} }},
	{{ {2076, 763, -1511}, 0, {1594, 406}, {145, 122, 123, 255} }},
	{{ {2376, 846, -1727}, 0, {1637, 182}, {127, 127, 127, 255} }},
	{{ {2369, 763, -1756}, 0, {1633, 197}, {127, 127, 127, 255} }},
	{{ {2076, 763, -1511}, 0, {1751, 197}, {145, 122, 123, 255} }},
	{{ {2104, 846, -1498}, 0, {1747, 182}, {130, 130, 130, 255} }},
	{{ {2887, 846, -1341}, 0, {1620, 182}, {255, 255, 255, 255} }},
	{{ {2918, 763, -1341}, 0, {1614, 197}, {171, 104, 108, 255} }},
	{{ {2743, 763, -1681}, 0, {1729, 197}, {127, 127, 127, 255} }},
	{{ {2725, 846, -1657}, 0, {1727, 182}, {127, 127, 127, 255} }},
	{{ {2369, 763, -1756}, 0, {1821, 197}, {127, 127, 127, 255} }},
	{{ {2376, 846, -1727}, 0, {1813, 182}, {127, 127, 127, 255} }},
	{{ {2397, 846, -928}, 0, {1791, 182}, {255, 255, 255, 255} }},
	{{ {2391, 763, -899}, 0, {1798, 197}, {171, 104, 108, 255} }},
	{{ {2761, 763, -993}, 0, {1692, 197}, {171, 104, 108, 255} }},
	{{ {2741, 846, -1016}, 0, {1692, 182}, {255, 255, 255, 255} }},
	{{ {2918, 763, -1341}, 0, {1586, 197}, {171, 104, 108, 255} }},
	{{ {2887, 846, -1341}, 0, {1593, 182}, {255, 255, 255, 255} }},
	{{ {-197, 2059, -4758}, 0, {1629, 334}, {127, 127, 127, 255} }},
	{{ {567, 2136, -4399}, 0, {1672, 344}, {127, 127, 127, 255} }},
	{{ {746, 2059, -3533}, 0, {1692, 384}, {171, 104, 108, 255} }},
	{{ {-612, 2038, -2854}, 0, {1629, 434}, {171, 104, 108, 255} }},
	{{ {164, 2056, -2859}, 0, {1672, 424}, {171, 104, 108, 255} }},
	{{ {-933, 2114, -4395}, 0, {1594, 362}, {127, 127, 127, 255} }},
	{{ {-1138, 2114, -3561}, 0, {1594, 406}, {171, 104, 108, 255} }},
	{{ {309, 2517, -3613}, 0, {-250, -959}, {255, 255, 255, 255} }},
	{{ {209, 2517, -4090}, 0, {218, 13}, {127, 127, 127, 255} }},
	{{ {-257, 2545, -4301}, 0, {1270, 253}, {127, 127, 127, 255} }},
	{{ {35, 2531, -3230}, 0, {218, -1931}, {255, 255, 255, 255} }},
	{{ {-618, 2491, -4143}, 0, {2113, -419}, {127, 127, 127, 255} }},
	{{ {-770, 2453, -3649}, 0, {2113, -1498}, {255, 255, 255, 255} }},
	{{ {-473, 2453, -3263}, 0, {1270, -2171}, {255, 255, 255, 255} }},
};

Gfx bob_dl_Mushrooms_001_mesh_layer_1_tri_0[] = {
	gsSPVertex(bob_dl_Mushrooms_001_mesh_layer_1_vtx_0 + 0, 32, 0),
	gsSP2Triangles(0, 1, 2, 0, 3, 0, 2, 0),
	gsSP2Triangles(2, 4, 3, 0, 2, 5, 4, 0),
	gsSP2Triangles(4, 6, 3, 0, 7, 8, 9, 0),
	gsSP2Triangles(7, 10, 8, 0, 11, 10, 7, 0),
	gsSP2Triangles(11, 12, 10, 0, 13, 14, 15, 0),
	gsSP2Triangles(13, 15, 16, 0, 17, 18, 19, 0),
	gsSP2Triangles(17, 19, 20, 0, 21, 22, 23, 0),
	gsSP2Triangles(21, 23, 24, 0, 25, 26, 27, 0),
	gsSP2Triangles(25, 27, 28, 0, 29, 30, 31, 0),
	gsSPVertex(bob_dl_Mushrooms_001_mesh_layer_1_vtx_0 + 32, 32, 0),
	gsSP2Triangles(0, 1, 2, 0, 3, 4, 5, 0),
	gsSP2Triangles(3, 5, 6, 0, 7, 8, 9, 0),
	gsSP2Triangles(7, 9, 10, 0, 11, 12, 13, 0),
	gsSP2Triangles(14, 11, 13, 0, 13, 15, 14, 0),
	gsSP2Triangles(13, 16, 15, 0, 15, 17, 14, 0),
	gsSP2Triangles(18, 19, 20, 0, 18, 20, 21, 0),
	gsSP2Triangles(22, 23, 24, 0, 22, 24, 25, 0),
	gsSP2Triangles(25, 24, 26, 0, 25, 26, 27, 0),
	gsSP2Triangles(28, 29, 30, 0, 28, 30, 31, 0),
	gsSPVertex(bob_dl_Mushrooms_001_mesh_layer_1_vtx_0 + 64, 31, 0),
	gsSP2Triangles(0, 1, 2, 0, 0, 2, 3, 0),
	gsSP2Triangles(4, 5, 6, 0, 4, 7, 5, 0),
	gsSP2Triangles(8, 7, 4, 0, 8, 9, 7, 0),
	gsSP2Triangles(10, 11, 12, 0, 10, 12, 13, 0),
	gsSP2Triangles(14, 15, 16, 0, 14, 16, 17, 0),
	gsSP2Triangles(18, 19, 20, 0, 18, 20, 21, 0),
	gsSP2Triangles(22, 23, 24, 0, 22, 24, 25, 0),
	gsSP2Triangles(26, 27, 28, 0, 28, 29, 26, 0),
	gsSP1Triangle(28, 30, 29, 0),
	gsSPVertex(bob_dl_Mushrooms_001_mesh_layer_1_vtx_0 + 95, 32, 0),
	gsSP2Triangles(0, 1, 2, 0, 0, 2, 3, 0),
	gsSP2Triangles(4, 5, 6, 0, 4, 6, 7, 0),
	gsSP2Triangles(8, 9, 10, 0, 8, 10, 11, 0),
	gsSP2Triangles(12, 13, 14, 0, 12, 14, 15, 0),
	gsSP2Triangles(16, 15, 14, 0, 14, 17, 16, 0),
	gsSP2Triangles(14, 18, 17, 0, 19, 20, 21, 0),
	gsSP2Triangles(19, 21, 22, 0, 22, 21, 23, 0),
	gsSP2Triangles(22, 23, 24, 0, 25, 26, 27, 0),
	gsSP2Triangles(28, 25, 27, 0, 27, 29, 28, 0),
	gsSP2Triangles(27, 30, 29, 0, 29, 31, 28, 0),
	gsSPVertex(bob_dl_Mushrooms_001_mesh_layer_1_vtx_0 + 127, 30, 0),
	gsSP2Triangles(0, 1, 2, 0, 0, 3, 1, 0),
	gsSP2Triangles(4, 3, 0, 0, 4, 5, 3, 0),
	gsSP2Triangles(6, 7, 8, 0, 6, 8, 9, 0),
	gsSP2Triangles(10, 11, 12, 0, 10, 12, 13, 0),
	gsSP2Triangles(14, 15, 16, 0, 14, 16, 17, 0),
	gsSP2Triangles(18, 19, 20, 0, 18, 20, 21, 0),
	gsSP2Triangles(22, 23, 24, 0, 22, 24, 25, 0),
	gsSP2Triangles(26, 27, 28, 0, 26, 28, 29, 0),
	gsSPVertex(bob_dl_Mushrooms_001_mesh_layer_1_vtx_0 + 157, 32, 0),
	gsSP2Triangles(0, 1, 2, 0, 0, 2, 3, 0),
	gsSP2Triangles(4, 5, 6, 0, 7, 4, 6, 0),
	gsSP2Triangles(6, 8, 7, 0, 6, 9, 8, 0),
	gsSP2Triangles(8, 10, 7, 0, 11, 12, 13, 0),
	gsSP2Triangles(11, 13, 14, 0, 15, 16, 17, 0),
	gsSP2Triangles(15, 17, 18, 0, 18, 17, 19, 0),
	gsSP2Triangles(18, 19, 20, 0, 21, 22, 23, 0),
	gsSP2Triangles(21, 23, 24, 0, 24, 23, 25, 0),
	gsSP2Triangles(24, 25, 26, 0, 27, 28, 29, 0),
	gsSP2Triangles(30, 27, 29, 0, 29, 31, 30, 0),
	gsSPVertex(bob_dl_Mushrooms_001_mesh_layer_1_vtx_0 + 189, 31, 0),
	gsSP2Triangles(0, 1, 2, 0, 2, 3, 4, 0),
	gsSP2Triangles(5, 6, 7, 0, 5, 8, 6, 0),
	gsSP2Triangles(9, 8, 5, 0, 9, 10, 8, 0),
	gsSP2Triangles(11, 12, 13, 0, 11, 13, 14, 0),
	gsSP2Triangles(15, 16, 17, 0, 15, 17, 18, 0),
	gsSP2Triangles(19, 20, 21, 0, 19, 21, 22, 0),
	gsSP2Triangles(23, 24, 25, 0, 23, 25, 26, 0),
	gsSP2Triangles(27, 28, 29, 0, 27, 29, 30, 0),
	gsSPVertex(bob_dl_Mushrooms_001_mesh_layer_1_vtx_0 + 220, 31, 0),
	gsSP2Triangles(0, 1, 2, 0, 0, 2, 3, 0),
	gsSP2Triangles(4, 5, 6, 0, 4, 6, 7, 0),
	gsSP2Triangles(8, 9, 10, 0, 11, 8, 10, 0),
	gsSP2Triangles(10, 12, 11, 0, 10, 13, 12, 0),
	gsSP2Triangles(12, 14, 11, 0, 15, 16, 17, 0),
	gsSP2Triangles(15, 17, 18, 0, 19, 20, 21, 0),
	gsSP2Triangles(19, 21, 22, 0, 22, 21, 23, 0),
	gsSP2Triangles(22, 23, 24, 0, 25, 26, 27, 0),
	gsSP2Triangles(25, 27, 28, 0, 28, 27, 29, 0),
	gsSP1Triangle(28, 29, 30, 0),
	gsSPVertex(bob_dl_Mushrooms_001_mesh_layer_1_vtx_0 + 251, 32, 0),
	gsSP2Triangles(0, 1, 2, 0, 3, 0, 2, 0),
	gsSP2Triangles(2, 4, 3, 0, 2, 5, 4, 0),
	gsSP2Triangles(4, 6, 3, 0, 7, 8, 9, 0),
	gsSP2Triangles(7, 10, 8, 0, 11, 10, 7, 0),
	gsSP2Triangles(11, 12, 10, 0, 13, 14, 15, 0),
	gsSP2Triangles(13, 15, 16, 0, 17, 18, 19, 0),
	gsSP2Triangles(17, 19, 20, 0, 21, 22, 23, 0),
	gsSP2Triangles(21, 23, 24, 0, 25, 26, 27, 0),
	gsSP2Triangles(25, 27, 28, 0, 29, 30, 31, 0),
	gsSPVertex(bob_dl_Mushrooms_001_mesh_layer_1_vtx_0 + 283, 32, 0),
	gsSP2Triangles(0, 1, 2, 0, 3, 4, 5, 0),
	gsSP2Triangles(3, 5, 6, 0, 7, 8, 9, 0),
	gsSP2Triangles(7, 9, 10, 0, 11, 12, 13, 0),
	gsSP2Triangles(14, 11, 13, 0, 13, 15, 14, 0),
	gsSP2Triangles(13, 16, 15, 0, 15, 17, 14, 0),
	gsSP2Triangles(18, 19, 20, 0, 18, 20, 21, 0),
	gsSP2Triangles(22, 23, 24, 0, 22, 24, 25, 0),
	gsSP2Triangles(25, 24, 26, 0, 25, 26, 27, 0),
	gsSP2Triangles(28, 29, 30, 0, 28, 30, 31, 0),
	gsSPVertex(bob_dl_Mushrooms_001_mesh_layer_1_vtx_0 + 315, 32, 0),
	gsSP2Triangles(0, 1, 2, 0, 0, 2, 3, 0),
	gsSP2Triangles(4, 5, 6, 0, 7, 4, 6, 0),
	gsSP2Triangles(6, 8, 7, 0, 6, 9, 8, 0),
	gsSP2Triangles(8, 10, 7, 0, 11, 12, 13, 0),
	gsSP2Triangles(11, 14, 12, 0, 15, 14, 11, 0),
	gsSP2Triangles(15, 16, 14, 0, 17, 18, 19, 0),
	gsSP2Triangles(17, 19, 20, 0, 21, 22, 23, 0),
	gsSP2Triangles(21, 23, 24, 0, 25, 26, 27, 0),
	gsSP2Triangles(25, 27, 28, 0, 29, 30, 31, 0),
	gsSPVertex(bob_dl_Mushrooms_001_mesh_layer_1_vtx_0 + 347, 32, 0),
	gsSP2Triangles(0, 1, 2, 0, 3, 4, 5, 0),
	gsSP2Triangles(3, 5, 6, 0, 7, 8, 9, 0),
	gsSP2Triangles(7, 9, 10, 0, 11, 12, 13, 0),
	gsSP2Triangles(11, 13, 14, 0, 15, 16, 17, 0),
	gsSP2Triangles(18, 15, 17, 0, 17, 19, 18, 0),
	gsSP2Triangles(17, 20, 19, 0, 19, 21, 18, 0),
	gsSP2Triangles(22, 23, 24, 0, 22, 24, 25, 0),
	gsSP2Triangles(26, 27, 28, 0, 26, 28, 29, 0),
	gsSP2Triangles(29, 28, 30, 0, 29, 30, 31, 0),
	gsSPVertex(bob_dl_Mushrooms_001_mesh_layer_1_vtx_0 + 379, 20, 0),
	gsSP2Triangles(0, 1, 2, 0, 0, 2, 3, 0),
	gsSP2Triangles(3, 2, 4, 0, 3, 4, 5, 0),
	gsSP2Triangles(6, 7, 8, 0, 6, 8, 9, 0),
	gsSP2Triangles(8, 10, 9, 0, 11, 6, 9, 0),
	gsSP2Triangles(9, 12, 11, 0, 13, 14, 15, 0),
	gsSP2Triangles(16, 13, 15, 0, 15, 17, 16, 0),
	gsSP2Triangles(17, 18, 16, 0, 18, 19, 16, 0),
	gsSPEndDisplayList(),
};

Vtx bob_dl_Mushrooms_001_mesh_layer_1_vtx_1[492] = {
	{{ {73, 197, -29}, 0, {715, 316}, {171, 104, 108, 255} }},
	{{ {72, 316, -31}, 0, {708, 207}, {171, 104, 108, 255} }},
	{{ {10, 316, -27}, 0, {292, 207}, {171, 104, 108, 255} }},
	{{ {9, 197, -26}, 0, {286, 316}, {171, 104, 108, 255} }},
	{{ {37, -52, 101}, 0, {730, 461}, {255, 255, 255, 255} }},
	{{ {-31, -52, 104}, 0, {274, 461}, {255, 255, 255, 255} }},
	{{ {43, -304, 65}, 0, {746, 617}, {127, 127, 127, 255} }},
	{{ {-30, -304, 69}, 0, {260, 617}, {127, 127, 127, 255} }},
	{{ {86, -488, 130}, 0, {1039, 785}, {127, 127, 127, 255} }},
	{{ {-63, -488, 138}, 0, {39, 785}, {50, 174, 24, 255} }},
	{{ {9, 197, -26}, 0, {116, 316}, {171, 104, 108, 255} }},
	{{ {10, 316, -27}, 0, {128, 207}, {171, 104, 108, 255} }},
	{{ {-24, 316, -80}, 0, {478, 207}, {171, 104, 108, 255} }},
	{{ {-26, 197, -80}, 0, {477, 316}, {171, 104, 108, 255} }},
	{{ {5, 316, -135}, 0, {848, 207}, {171, 104, 108, 255} }},
	{{ {4, 197, -137}, 0, {860, 316}, {171, 104, 108, 255} }},
	{{ {-68, -52, 47}, 0, {476, 461}, {255, 255, 255, 255} }},
	{{ {-37, -52, -14}, 0, {882, 461}, {255, 255, 255, 255} }},
	{{ {-69, -304, 8}, 0, {475, 617}, {127, 127, 127, 255} }},
	{{ {-36, -304, -57}, 0, {907, 617}, {127, 127, 127, 255} }},
	{{ {-144, -488, 12}, 0, {446, 785}, {114, 152, 114, 255} }},
	{{ {-76, -488, -121}, 0, {1337, 785}, {127, 127, 127, 255} }},
	{{ {-63, -488, 138}, 0, {-394, 785}, {50, 174, 24, 255} }},
	{{ {-30, -304, 69}, 0, {66, 617}, {127, 127, 127, 255} }},
	{{ {-31, -52, 104}, 0, {92, 461}, {255, 255, 255, 255} }},
	{{ {4, 197, -137}, 0, {249, 316}, {171, 104, 108, 255} }},
	{{ {5, 316, -135}, 0, {256, 207}, {171, 104, 108, 255} }},
	{{ {67, 316, -138}, 0, {672, 207}, {171, 104, 108, 255} }},
	{{ {68, 197, -140}, 0, {678, 316}, {171, 104, 108, 255} }},
	{{ {-37, -52, -14}, 0, {234, 461}, {255, 255, 255, 255} }},
	{{ {31, -52, -17}, 0, {690, 461}, {255, 255, 255, 255} }},
	{{ {-36, -304, -57}, 0, {218, 617}, {127, 127, 127, 255} }},
	{{ {-36, -304, -57}, 0, {218, 617}, {127, 127, 127, 255} }},
	{{ {31, -52, -17}, 0, {690, 461}, {255, 255, 255, 255} }},
	{{ {36, -304, -60}, 0, {704, 617}, {127, 127, 127, 255} }},
	{{ {-76, -488, -121}, 0, {-47, 785}, {127, 127, 127, 255} }},
	{{ {74, -488, -128}, 0, {953, 785}, {127, 127, 127, 255} }},
	{{ {68, 197, -140}, 0, {881, 316}, {171, 104, 108, 255} }},
	{{ {67, 316, -138}, 0, {869, 207}, {171, 104, 108, 255} }},
	{{ {100, 316, -86}, 0, {519, 207}, {171, 104, 108, 255} }},
	{{ {103, 197, -86}, 0, {520, 316}, {171, 104, 108, 255} }},
	{{ {72, 316, -31}, 0, {149, 207}, {171, 104, 108, 255} }},
	{{ {73, 197, -29}, 0, {138, 316}, {171, 104, 108, 255} }},
	{{ {68, -52, 40}, 0, {521, 461}, {255, 255, 255, 255} }},
	{{ {37, -52, 101}, 0, {115, 461}, {255, 255, 255, 255} }},
	{{ {76, -304, 1}, 0, {523, 617}, {127, 127, 127, 255} }},
	{{ {43, -304, 65}, 0, {90, 617}, {127, 127, 127, 255} }},
	{{ {155, -488, -3}, 0, {546, 785}, {127, 127, 127, 255} }},
	{{ {86, -488, 130}, 0, {-345, 785}, {127, 127, 127, 255} }},
	{{ {74, -488, -128}, 0, {1386, 785}, {127, 127, 127, 255} }},
	{{ {36, -304, -60}, 0, {931, 617}, {127, 127, 127, 255} }},
	{{ {31, -52, -17}, 0, {905, 461}, {255, 255, 255, 255} }},
	{{ {-162, 2375, -3679}, 0, {715, 316}, {171, 104, 108, 255} }},
	{{ {-163, 2494, -3681}, 0, {708, 207}, {171, 104, 108, 255} }},
	{{ {-259, 2494, -3676}, 0, {292, 207}, {171, 104, 108, 255} }},
	{{ {-260, 2375, -3674}, 0, {286, 316}, {171, 104, 108, 255} }},
	{{ {-159, 2213, -3676}, 0, {730, 461}, {255, 255, 255, 255} }},
	{{ {-260, 2217, -3670}, 0, {274, 461}, {255, 255, 255, 255} }},
	{{ {-357, 1495, -3644}, 0, {738, 539}, {190, 220, 188, 255} }},
	{{ {-459, 1522, -3637}, 0, {267, 539}, {190, 220, 188, 255} }},
	{{ {-900, 529, -3980}, 0, {746, 617}, {50, 174, 24, 255} }},
	{{ {-1027, 581, -3973}, 0, {260, 617}, {50, 174, 24, 255} }},
	{{ {-1088, 137, -4508}, 0, {1039, 785}, {50, 174, 24, 255} }},
	{{ {-1241, 235, -4482}, 0, {39, 785}, {123, 139, 123, 255} }},
	{{ {-260, 2375, -3674}, 0, {116, 316}, {171, 104, 108, 255} }},
	{{ {-259, 2494, -3676}, 0, {128, 207}, {171, 104, 108, 255} }},
	{{ {-312, 2494, -3757}, 0, {478, 207}, {171, 104, 108, 255} }},
	{{ {-314, 2375, -3757}, 0, {477, 316}, {171, 104, 108, 255} }},
	{{ {-268, 2494, -3843}, 0, {848, 207}, {171, 104, 108, 255} }},
	{{ {-269, 2375, -3845}, 0, {860, 316}, {171, 104, 108, 255} }},
	{{ {-317, 2220, -3757}, 0, {476, 461}, {255, 255, 255, 255} }},
	{{ {-269, 2217, -3849}, 0, {882, 461}, {255, 255, 255, 255} }},
	{{ {-508, 1560, -3722}, 0, {475, 539}, {190, 220, 188, 255} }},
	{{ {-453, 1571, -3815}, 0, {895, 539}, {190, 220, 188, 255} }},
	{{ {-1075, 663, -4071}, 0, {475, 617}, {50, 174, 24, 255} }},
	{{ {-995, 697, -4178}, 0, {907, 617}, {50, 174, 24, 255} }},
	{{ {-1265, 395, -4576}, 0, {446, 785}, {127, 127, 127, 255} }},
	{{ {-1133, 451, -4692}, 0, {1337, 785}, {127, 127, 127, 255} }},
	{{ {-1241, 235, -4482}, 0, {-394, 785}, {123, 139, 123, 255} }},
	{{ {-1027, 581, -3973}, 0, {66, 617}, {50, 174, 24, 255} }},
	{{ {-459, 1522, -3637}, 0, {79, 539}, {190, 220, 188, 255} }},
	{{ {-260, 2217, -3670}, 0, {92, 461}, {255, 255, 255, 255} }},
	{{ {-269, 2375, -3845}, 0, {249, 316}, {171, 104, 108, 255} }},
	{{ {-268, 2494, -3843}, 0, {256, 207}, {171, 104, 108, 255} }},
	{{ {-171, 2494, -3848}, 0, {672, 207}, {171, 104, 108, 255} }},
	{{ {-170, 2375, -3850}, 0, {678, 316}, {171, 104, 108, 255} }},
	{{ {-269, 2217, -3849}, 0, {234, 461}, {255, 255, 255, 255} }},
	{{ {-167, 2213, -3853}, 0, {690, 461}, {255, 255, 255, 255} }},
	{{ {-453, 1571, -3815}, 0, {226, 539}, {190, 220, 188, 255} }},
	{{ {-348, 1542, -3821}, 0, {697, 539}, {190, 220, 188, 255} }},
	{{ {-995, 697, -4178}, 0, {218, 617}, {50, 174, 24, 255} }},
	{{ {-864, 643, -4188}, 0, {704, 617}, {50, 174, 24, 255} }},
	{{ {-1133, 451, -4692}, 0, {-47, 785}, {127, 127, 127, 255} }},
	{{ {-985, 351, -4716}, 0, {953, 785}, {50, 174, 24, 255} }},
	{{ {-170, 2375, -3850}, 0, {881, 316}, {171, 104, 108, 255} }},
	{{ {-171, 2494, -3848}, 0, {869, 207}, {171, 104, 108, 255} }},
	{{ {-119, 2494, -3767}, 0, {519, 207}, {171, 104, 108, 255} }},
	{{ {-117, 2375, -3767}, 0, {520, 316}, {171, 104, 108, 255} }},
	{{ {-163, 2494, -3681}, 0, {149, 207}, {171, 104, 108, 255} }},
	{{ {-162, 2375, -3679}, 0, {138, 316}, {171, 104, 108, 255} }},
	{{ {-113, 2211, -3767}, 0, {521, 461}, {255, 255, 255, 255} }},
	{{ {-159, 2213, -3676}, 0, {115, 461}, {255, 255, 255, 255} }},
	{{ {-302, 1506, -3734}, 0, {522, 539}, {190, 220, 188, 255} }},
	{{ {-357, 1495, -3644}, 0, {103, 539}, {190, 220, 188, 255} }},
	{{ {-819, 557, -4087}, 0, {523, 617}, {50, 174, 24, 255} }},
	{{ {-900, 529, -3980}, 0, {90, 617}, {50, 174, 24, 255} }},
	{{ {-961, 196, -4626}, 0, {546, 785}, {50, 174, 24, 255} }},
	{{ {-1088, 137, -4508}, 0, {-345, 785}, {50, 174, 24, 255} }},
	{{ {-985, 351, -4716}, 0, {1386, 785}, {50, 174, 24, 255} }},
	{{ {-864, 643, -4188}, 0, {931, 617}, {50, 174, 24, 255} }},
	{{ {-348, 1542, -3821}, 0, {918, 539}, {190, 220, 188, 255} }},
	{{ {-167, 2213, -3853}, 0, {905, 461}, {255, 255, 255, 255} }},
	{{ {-218, 2191, -6302}, 0, {546, 785}, {50, 174, 24, 255} }},
	{{ {-349, 2375, -6313}, 0, {90, 617}, {50, 174, 24, 255} }},
	{{ {-352, 2191, -6235}, 0, {-345, 785}, {50, 174, 24, 255} }},
	{{ {-284, 2375, -6345}, 0, {523, 617}, {50, 174, 24, 255} }},
	{{ {-210, 2191, -6451}, 0, {1386, 785}, {50, 174, 24, 255} }},
	{{ {-280, 2375, -6418}, 0, {931, 617}, {50, 174, 24, 255} }},
	{{ {-251, 2510, -6331}, 0, {522, 524}, {205, 227, 204, 255} }},
	{{ {-247, 2510, -6401}, 0, {915, 524}, {205, 227, 204, 255} }},
	{{ {-235, 2625, -6389}, 0, {907, 472}, {242, 245, 240, 255} }},
	{{ {-237, 2625, -6319}, 0, {521, 466}, {239, 241, 236, 255} }},
	{{ {-237, 2694, -6383}, 0, {904, 458}, {245, 245, 243, 255} }},
	{{ {-237, 2693, -6312}, 0, {521, 446}, {239, 236, 234, 255} }},
	{{ {-221, 2808, -6396}, 0, {895, 398}, {224, 208, 208, 255} }},
	{{ {-223, 2807, -6327}, 0, {521, 388}, {218, 199, 200, 255} }},
	{{ {-221, 2808, -6396}, 0, {895, 398}, {224, 208, 208, 255} }},
	{{ {-212, 2854, -6343}, 0, {520, 355}, {198, 164, 166, 255} }},
	{{ {-223, 2807, -6327}, 0, {521, 388}, {218, 199, 200, 255} }},
	{{ {-209, 2850, -6409}, 0, {889, 362}, {203, 173, 174, 255} }},
	{{ {-179, 2961, -6424}, 0, {878, 287}, {171, 104, 108, 255} }},
	{{ {-184, 2966, -6361}, 0, {520, 286}, {171, 104, 108, 255} }},
	{{ {-146, 3117, -6355}, 0, {519, 207}, {171, 104, 108, 255} }},
	{{ {-143, 3117, -6417}, 0, {869, 207}, {171, 104, 108, 255} }},
	{{ {-284, 2375, -6345}, 0, {523, 617}, {50, 174, 24, 255} }},
	{{ {-313, 2510, -6299}, 0, {105, 524}, {205, 227, 204, 255} }},
	{{ {-349, 2375, -6313}, 0, {90, 617}, {50, 174, 24, 255} }},
	{{ {-251, 2510, -6331}, 0, {522, 524}, {205, 227, 204, 255} }},
	{{ {-237, 2625, -6319}, 0, {521, 466}, {239, 241, 236, 255} }},
	{{ {-298, 2625, -6288}, 0, {114, 467}, {239, 242, 237, 255} }},
	{{ {-237, 2693, -6312}, 0, {521, 446}, {239, 236, 234, 255} }},
	{{ {-298, 2693, -6282}, 0, {117, 448}, {240, 237, 235, 255} }},
	{{ {-223, 2807, -6327}, 0, {521, 388}, {218, 199, 200, 255} }},
	{{ {-284, 2808, -6297}, 0, {126, 393}, {221, 202, 203, 255} }},
	{{ {-270, 2865, -6318}, 0, {132, 353}, {197, 162, 164, 255} }},
	{{ {-212, 2854, -6343}, 0, {520, 355}, {198, 164, 166, 255} }},
	{{ {-184, 2966, -6361}, 0, {520, 286}, {171, 104, 108, 255} }},
	{{ {-241, 2977, -6335}, 0, {141, 284}, {171, 104, 108, 255} }},
	{{ {-202, 3117, -6327}, 0, {149, 207}, {171, 104, 108, 255} }},
	{{ {-335, 2191, -6533}, 0, {-47, 785}, {50, 174, 24, 255} }},
	{{ {-280, 2375, -6418}, 0, {704, 617}, {50, 174, 24, 255} }},
	{{ {-210, 2191, -6451}, 0, {953, 785}, {50, 174, 24, 255} }},
	{{ {-340, 2375, -6458}, 0, {218, 617}, {50, 174, 24, 255} }},
	{{ {-247, 2510, -6401}, 0, {696, 524}, {205, 227, 204, 255} }},
	{{ {-305, 2510, -6439}, 0, {228, 524}, {205, 227, 204, 255} }},
	{{ {-290, 2625, -6425}, 0, {234, 467}, {239, 241, 236, 255} }},
	{{ {-235, 2625, -6389}, 0, {691, 472}, {242, 245, 240, 255} }},
	{{ {-290, 2694, -6417}, 0, {236, 447}, {239, 237, 234, 255} }},
	{{ {-290, 2694, -6417}, 0, {236, 447}, {239, 237, 234, 255} }},
	{{ {-237, 2694, -6383}, 0, {690, 458}, {245, 245, 243, 255} }},
	{{ {-235, 2625, -6389}, 0, {691, 472}, {242, 245, 240, 255} }},
	{{ {-273, 2808, -6430}, 0, {242, 389}, {219, 200, 200, 255} }},
	{{ {-221, 2808, -6396}, 0, {685, 398}, {224, 208, 208, 255} }},
	{{ {-209, 2850, -6409}, 0, {682, 362}, {203, 173, 174, 255} }},
	{{ {-259, 2856, -6446}, 0, {245, 355}, {198, 164, 165, 255} }},
	{{ {-230, 2967, -6461}, 0, {251, 286}, {171, 104, 108, 255} }},
	{{ {-179, 2961, -6424}, 0, {676, 287}, {171, 104, 108, 255} }},
	{{ {-143, 3117, -6417}, 0, {672, 207}, {171, 104, 108, 255} }},
	{{ {-195, 3117, -6451}, 0, {256, 207}, {171, 104, 108, 255} }},
	{{ {-468, 2191, -6466}, 0, {446, 785}, {50, 174, 24, 255} }},
	{{ {-340, 2375, -6458}, 0, {907, 617}, {50, 174, 24, 255} }},
	{{ {-335, 2191, -6533}, 0, {1337, 785}, {50, 174, 24, 255} }},
	{{ {-405, 2375, -6425}, 0, {475, 617}, {50, 174, 24, 255} }},
	{{ {-477, 2191, -6317}, 0, {-394, 785}, {50, 174, 24, 255} }},
	{{ {-409, 2375, -6353}, 0, {66, 617}, {50, 174, 24, 255} }},
	{{ {-368, 2510, -6408}, 0, {475, 524}, {205, 227, 204, 255} }},
	{{ {-372, 2510, -6338}, 0, {82, 524}, {205, 227, 204, 255} }},
	{{ {-355, 2625, -6326}, 0, {91, 468}, {239, 242, 237, 255} }},
	{{ {-351, 2625, -6394}, 0, {476, 468}, {239, 242, 237, 255} }},
	{{ {-355, 2694, -6320}, 0, {94, 449}, {241, 238, 236, 255} }},
	{{ {-351, 2694, -6387}, 0, {476, 448}, {240, 238, 236, 255} }},
	{{ {-340, 2808, -6334}, 0, {103, 395}, {222, 205, 205, 255} }},
	{{ {-334, 2808, -6400}, 0, {477, 394}, {221, 203, 204, 255} }},
	{{ {-317, 2867, -6421}, 0, {477, 353}, {197, 162, 163, 255} }},
	{{ {-322, 2872, -6356}, 0, {110, 352}, {197, 161, 162, 255} }},
	{{ {-291, 2983, -6371}, 0, {120, 283}, {171, 104, 108, 255} }},
	{{ {-286, 2978, -6435}, 0, {478, 284}, {171, 104, 108, 255} }},
	{{ {-250, 3117, -6423}, 0, {478, 207}, {171, 104, 108, 255} }},
	{{ {-254, 3117, -6361}, 0, {128, 207}, {171, 104, 108, 255} }},
	{{ {-305, 2510, -6439}, 0, {892, 524}, {205, 227, 204, 255} }},
	{{ {-405, 2375, -6425}, 0, {475, 617}, {50, 174, 24, 255} }},
	{{ {-368, 2510, -6408}, 0, {475, 524}, {205, 227, 204, 255} }},
	{{ {-305, 2510, -6439}, 0, {892, 524}, {205, 227, 204, 255} }},
	{{ {-351, 2625, -6394}, 0, {476, 468}, {239, 242, 237, 255} }},
	{{ {-290, 2625, -6425}, 0, {883, 467}, {239, 241, 236, 255} }},
	{{ {-351, 2694, -6387}, 0, {476, 448}, {240, 238, 236, 255} }},
	{{ {-290, 2694, -6417}, 0, {880, 447}, {239, 237, 234, 255} }},
	{{ {-334, 2808, -6400}, 0, {477, 394}, {221, 203, 204, 255} }},
	{{ {-273, 2808, -6430}, 0, {871, 389}, {219, 200, 200, 255} }},
	{{ {-259, 2856, -6446}, 0, {866, 355}, {198, 164, 165, 255} }},
	{{ {-317, 2867, -6421}, 0, {477, 353}, {197, 162, 163, 255} }},
	{{ {-286, 2978, -6435}, 0, {478, 284}, {171, 104, 108, 255} }},
	{{ {-230, 2967, -6461}, 0, {857, 286}, {171, 104, 108, 255} }},
	{{ {-195, 3117, -6451}, 0, {848, 207}, {171, 104, 108, 255} }},
	{{ {-250, 3117, -6423}, 0, {478, 207}, {171, 104, 108, 255} }},
	{{ {-352, 2191, -6235}, 0, {1039, 785}, {50, 174, 24, 255} }},
	{{ {-409, 2375, -6353}, 0, {260, 617}, {50, 174, 24, 255} }},
	{{ {-477, 2191, -6317}, 0, {39, 785}, {50, 174, 24, 255} }},
	{{ {-349, 2375, -6313}, 0, {746, 617}, {50, 174, 24, 255} }},
	{{ {-372, 2510, -6338}, 0, {268, 524}, {205, 227, 204, 255} }},
	{{ {-313, 2510, -6299}, 0, {736, 524}, {205, 227, 204, 255} }},
	{{ {-298, 2625, -6288}, 0, {730, 467}, {239, 242, 237, 255} }},
	{{ {-355, 2625, -6326}, 0, {273, 468}, {239, 242, 237, 255} }},
	{{ {-298, 2693, -6282}, 0, {728, 448}, {240, 237, 235, 255} }},
	{{ {-355, 2694, -6320}, 0, {275, 449}, {241, 238, 236, 255} }},
	{{ {-284, 2808, -6297}, 0, {723, 393}, {221, 202, 203, 255} }},
	{{ {-340, 2808, -6334}, 0, {279, 395}, {222, 205, 205, 255} }},
	{{ {-322, 2872, -6356}, 0, {283, 352}, {197, 161, 162, 255} }},
	{{ {-270, 2865, -6318}, 0, {719, 353}, {197, 162, 164, 255} }},
	{{ {-241, 2977, -6335}, 0, {713, 284}, {171, 104, 108, 255} }},
	{{ {-291, 2983, -6371}, 0, {288, 283}, {171, 104, 108, 255} }},
	{{ {-254, 3117, -6361}, 0, {292, 207}, {171, 104, 108, 255} }},
	{{ {-241, 2977, -6335}, 0, {713, 284}, {171, 104, 108, 255} }},
	{{ {-202, 3117, -6327}, 0, {708, 207}, {171, 104, 108, 255} }},
	{{ {-254, 3117, -6361}, 0, {292, 207}, {171, 104, 108, 255} }},
	{{ {1494, 2191, -8451}, 0, {546, 785}, {50, 174, 24, 255} }},
	{{ {1365, 2411, -8460}, 0, {90, 617}, {50, 174, 24, 255} }},
	{{ {1360, 2191, -8383}, 0, {-345, 785}, {50, 174, 24, 255} }},
	{{ {1429, 2400, -8493}, 0, {523, 617}, {50, 174, 24, 255} }},
	{{ {1502, 2191, -8600}, 0, {1386, 785}, {50, 174, 24, 255} }},
	{{ {1432, 2395, -8565}, 0, {931, 617}, {50, 174, 24, 255} }},
	{{ {1518, 2603, -8547}, 0, {521, 480}, {241, 247, 241, 255} }},
	{{ {1522, 2602, -8616}, 0, {908, 480}, {242, 247, 241, 255} }},
	{{ {1524, 2659, -8615}, 0, {902, 446}, {248, 244, 244, 255} }},
	{{ {1520, 2659, -8548}, 0, {521, 446}, {248, 244, 244, 255} }},
	{{ {1444, 2866, -8497}, 0, {520, 331}, {183, 132, 135, 255} }},
	{{ {1448, 2866, -8561}, 0, {884, 331}, {183, 132, 135, 255} }},
	{{ {1437, 2924, -8554}, 0, {878, 288}, {171, 104, 108, 255} }},
	{{ {1433, 2924, -8490}, 0, {520, 288}, {171, 104, 108, 255} }},
	{{ {1432, 3013, -8491}, 0, {519, 207}, {171, 104, 108, 255} }},
	{{ {1435, 3013, -8553}, 0, {869, 207}, {171, 104, 108, 255} }},
	{{ {1376, 3013, -8463}, 0, {149, 207}, {171, 104, 108, 255} }},
	{{ {1376, 2924, -8461}, 0, {140, 288}, {171, 104, 108, 255} }},
	{{ {1386, 2866, -8468}, 0, {135, 331}, {183, 132, 135, 255} }},
	{{ {1444, 2866, -8497}, 0, {520, 331}, {183, 132, 135, 255} }},
	{{ {1520, 2659, -8548}, 0, {521, 446}, {248, 244, 244, 255} }},
	{{ {1460, 2659, -8517}, 0, {118, 446}, {248, 244, 244, 255} }},
	{{ {1456, 2603, -8516}, 0, {112, 481}, {241, 247, 240, 255} }},
	{{ {1518, 2603, -8547}, 0, {521, 480}, {241, 247, 241, 255} }},
	{{ {1377, 2191, -8682}, 0, {-47, 785}, {50, 174, 24, 255} }},
	{{ {1432, 2395, -8565}, 0, {704, 617}, {50, 174, 24, 255} }},
	{{ {1502, 2191, -8600}, 0, {953, 785}, {50, 174, 24, 255} }},
	{{ {1371, 2399, -8604}, 0, {218, 617}, {50, 174, 24, 255} }},
	{{ {1522, 2602, -8616}, 0, {692, 480}, {242, 247, 241, 255} }},
	{{ {1371, 2399, -8604}, 0, {218, 617}, {50, 174, 24, 255} }},
	{{ {1465, 2603, -8653}, 0, {232, 480}, {241, 247, 241, 255} }},
	{{ {1522, 2602, -8616}, 0, {692, 480}, {242, 247, 241, 255} }},
	{{ {1467, 2659, -8652}, 0, {236, 446}, {248, 244, 244, 255} }},
	{{ {1524, 2659, -8615}, 0, {689, 446}, {248, 244, 244, 255} }},
	{{ {1448, 2866, -8561}, 0, {679, 331}, {183, 132, 135, 255} }},
	{{ {1394, 2866, -8597}, 0, {247, 331}, {183, 132, 135, 255} }},
	{{ {1384, 2924, -8589}, 0, {251, 288}, {171, 104, 108, 255} }},
	{{ {1437, 2924, -8554}, 0, {677, 288}, {171, 104, 108, 255} }},
	{{ {1435, 3013, -8553}, 0, {672, 207}, {171, 104, 108, 255} }},
	{{ {1383, 3013, -8587}, 0, {256, 207}, {171, 104, 108, 255} }},
	{{ {1244, 2191, -8615}, 0, {446, 785}, {50, 174, 24, 255} }},
	{{ {1371, 2399, -8604}, 0, {907, 617}, {50, 174, 24, 255} }},
	{{ {1377, 2191, -8682}, 0, {1337, 785}, {50, 174, 24, 255} }},
	{{ {1308, 2409, -8572}, 0, {475, 617}, {50, 174, 24, 255} }},
	{{ {1235, 2191, -8465}, 0, {-394, 785}, {50, 174, 24, 255} }},
	{{ {1305, 2415, -8499}, 0, {66, 617}, {50, 174, 24, 255} }},
	{{ {1403, 2603, -8622}, 0, {476, 481}, {241, 247, 240, 255} }},
	{{ {1399, 2603, -8553}, 0, {89, 482}, {240, 246, 240, 255} }},
	{{ {1403, 2659, -8554}, 0, {95, 446}, {248, 244, 244, 255} }},
	{{ {1407, 2659, -8622}, 0, {476, 446}, {248, 244, 244, 255} }},
	{{ {1336, 2866, -8568}, 0, {477, 331}, {183, 132, 135, 255} }},
	{{ {1332, 2866, -8503}, 0, {114, 331}, {183, 132, 135, 255} }},
	{{ {1323, 2924, -8496}, 0, {119, 288}, {171, 104, 108, 255} }},
	{{ {1327, 2924, -8560}, 0, {477, 288}, {171, 104, 108, 255} }},
	{{ {1328, 3013, -8559}, 0, {478, 207}, {171, 104, 108, 255} }},
	{{ {1324, 3013, -8497}, 0, {128, 207}, {171, 104, 108, 255} }},
	{{ {1465, 2603, -8653}, 0, {885, 480}, {241, 247, 241, 255} }},
	{{ {1403, 2603, -8622}, 0, {476, 481}, {241, 247, 240, 255} }},
	{{ {1407, 2659, -8622}, 0, {476, 446}, {248, 244, 244, 255} }},
	{{ {1467, 2659, -8652}, 0, {880, 446}, {248, 244, 244, 255} }},
	{{ {1394, 2866, -8597}, 0, {862, 331}, {183, 132, 135, 255} }},
	{{ {1407, 2659, -8622}, 0, {476, 446}, {248, 244, 244, 255} }},
	{{ {1336, 2866, -8568}, 0, {477, 331}, {183, 132, 135, 255} }},
	{{ {1394, 2866, -8597}, 0, {862, 331}, {183, 132, 135, 255} }},
	{{ {1327, 2924, -8560}, 0, {477, 288}, {171, 104, 108, 255} }},
	{{ {1384, 2924, -8589}, 0, {857, 288}, {171, 104, 108, 255} }},
	{{ {1383, 3013, -8587}, 0, {848, 207}, {171, 104, 108, 255} }},
	{{ {1328, 3013, -8559}, 0, {478, 207}, {171, 104, 108, 255} }},
	{{ {1360, 2191, -8383}, 0, {1039, 785}, {50, 174, 24, 255} }},
	{{ {1305, 2415, -8499}, 0, {260, 617}, {50, 174, 24, 255} }},
	{{ {1235, 2191, -8465}, 0, {39, 785}, {50, 174, 24, 255} }},
	{{ {1365, 2411, -8460}, 0, {746, 617}, {50, 174, 24, 255} }},
	{{ {1399, 2603, -8553}, 0, {272, 482}, {240, 246, 240, 255} }},
	{{ {1456, 2603, -8516}, 0, {732, 481}, {241, 247, 240, 255} }},
	{{ {1460, 2659, -8517}, 0, {728, 446}, {248, 244, 244, 255} }},
	{{ {1403, 2659, -8554}, 0, {275, 446}, {248, 244, 244, 255} }},
	{{ {1332, 2866, -8503}, 0, {285, 331}, {183, 132, 135, 255} }},
	{{ {1386, 2866, -8468}, 0, {717, 331}, {183, 132, 135, 255} }},
	{{ {1376, 2924, -8461}, 0, {713, 288}, {171, 104, 108, 255} }},
	{{ {1323, 2924, -8496}, 0, {287, 288}, {171, 104, 108, 255} }},
	{{ {1324, 3013, -8497}, 0, {292, 207}, {171, 104, 108, 255} }},
	{{ {1376, 3013, -8463}, 0, {708, 207}, {171, 104, 108, 255} }},
	{{ {-2757, 3399, -8089}, 0, {715, 316}, {171, 104, 108, 255} }},
	{{ {-2757, 3518, -8091}, 0, {708, 207}, {171, 104, 108, 255} }},
	{{ {-2809, 3518, -8126}, 0, {292, 207}, {171, 104, 108, 255} }},
	{{ {-2811, 3399, -8125}, 0, {286, 316}, {171, 104, 108, 255} }},
	{{ {-2805, 3050, -8132}, 0, {724, 410}, {230, 217, 218, 255} }},
	{{ {-2861, 3043, -8170}, 0, {278, 410}, {230, 218, 218, 255} }},
	{{ {-2822, 2669, -8214}, 0, {268, 521}, {208, 229, 207, 255} }},
	{{ {-2765, 2675, -8175}, 0, {736, 520}, {208, 229, 207, 255} }},
	{{ {-2656, 2375, -8206}, 0, {746, 617}, {50, 174, 24, 255} }},
	{{ {-2717, 2375, -8246}, 0, {260, 617}, {50, 174, 24, 255} }},
	{{ {-2659, 2191, -8128}, 0, {1039, 785}, {50, 174, 24, 255} }},
	{{ {-2659, 2191, -8128}, 0, {1039, 785}, {50, 174, 24, 255} }},
	{{ {-2717, 2375, -8246}, 0, {260, 617}, {50, 174, 24, 255} }},
	{{ {-2784, 2191, -8210}, 0, {39, 785}, {50, 174, 24, 255} }},
	{{ {-2811, 3399, -8125}, 0, {116, 316}, {171, 104, 108, 255} }},
	{{ {-2809, 3518, -8126}, 0, {128, 207}, {171, 104, 108, 255} }},
	{{ {-2805, 3518, -8188}, 0, {478, 207}, {171, 104, 108, 255} }},
	{{ {-2807, 3399, -8189}, 0, {477, 316}, {171, 104, 108, 255} }},
	{{ {-2750, 3518, -8216}, 0, {848, 207}, {171, 104, 108, 255} }},
	{{ {-2750, 3399, -8218}, 0, {860, 316}, {171, 104, 108, 255} }},
	{{ {-2856, 3043, -8236}, 0, {476, 410}, {230, 218, 218, 255} }},
	{{ {-2796, 3049, -8265}, 0, {874, 410}, {230, 217, 218, 255} }},
	{{ {-2756, 2674, -8314}, 0, {892, 521}, {208, 229, 207, 255} }},
	{{ {-2817, 2668, -8284}, 0, {475, 521}, {208, 228, 206, 255} }},
	{{ {-2713, 2375, -8319}, 0, {475, 617}, {50, 174, 24, 255} }},
	{{ {-2648, 2375, -8351}, 0, {907, 617}, {50, 174, 24, 255} }},
	{{ {-2775, 2191, -8359}, 0, {446, 785}, {50, 174, 24, 255} }},
	{{ {-2642, 2191, -8427}, 0, {1337, 785}, {50, 174, 24, 255} }},
	{{ {-2784, 2191, -8210}, 0, {-394, 785}, {50, 174, 24, 255} }},
	{{ {-2717, 2375, -8246}, 0, {66, 617}, {50, 174, 24, 255} }},
	{{ {-2817, 2668, -8284}, 0, {475, 521}, {208, 228, 206, 255} }},
	{{ {-2822, 2669, -8214}, 0, {82, 521}, {208, 229, 207, 255} }},
	{{ {-2861, 3043, -8170}, 0, {101, 410}, {230, 218, 218, 255} }},
	{{ {-2856, 3043, -8236}, 0, {476, 410}, {230, 218, 218, 255} }},
	{{ {-2750, 3399, -8218}, 0, {249, 316}, {171, 104, 108, 255} }},
	{{ {-2750, 3518, -8216}, 0, {256, 207}, {171, 104, 108, 255} }},
	{{ {-2698, 3518, -8181}, 0, {672, 207}, {171, 104, 108, 255} }},
	{{ {-2696, 3399, -8182}, 0, {678, 316}, {171, 104, 108, 255} }},
	{{ {-2796, 3049, -8265}, 0, {240, 410}, {230, 217, 218, 255} }},
	{{ {-2741, 3055, -8228}, 0, {686, 409}, {230, 217, 217, 255} }},
	{{ {-2699, 2680, -8275}, 0, {695, 520}, {209, 229, 208, 255} }},
	{{ {-2756, 2674, -8314}, 0, {228, 521}, {208, 229, 207, 255} }},
	{{ {-2648, 2375, -8351}, 0, {218, 617}, {50, 174, 24, 255} }},
	{{ {-2648, 2375, -8351}, 0, {218, 617}, {50, 174, 24, 255} }},
	{{ {-2699, 2680, -8275}, 0, {695, 520}, {209, 229, 208, 255} }},
	{{ {-2587, 2375, -8312}, 0, {704, 617}, {50, 174, 24, 255} }},
	{{ {-2642, 2191, -8427}, 0, {-47, 785}, {50, 174, 24, 255} }},
	{{ {-2517, 2191, -8345}, 0, {953, 785}, {50, 174, 24, 255} }},
	{{ {-2696, 3399, -8182}, 0, {881, 316}, {171, 104, 108, 255} }},
	{{ {-2698, 3518, -8181}, 0, {869, 207}, {171, 104, 108, 255} }},
	{{ {-2701, 3518, -8119}, 0, {519, 207}, {171, 104, 108, 255} }},
	{{ {-2700, 3399, -8118}, 0, {520, 316}, {171, 104, 108, 255} }},
	{{ {-2757, 3518, -8091}, 0, {149, 207}, {171, 104, 108, 255} }},
	{{ {-2757, 3399, -8089}, 0, {138, 316}, {171, 104, 108, 255} }},
	{{ {-2745, 3055, -8161}, 0, {521, 409}, {230, 217, 217, 255} }},
	{{ {-2805, 3050, -8132}, 0, {123, 410}, {230, 217, 218, 255} }},
	{{ {-2765, 2675, -8175}, 0, {106, 520}, {208, 229, 207, 255} }},
	{{ {-2704, 2681, -8205}, 0, {522, 520}, {209, 229, 208, 255} }},
	{{ {-2591, 2375, -8239}, 0, {523, 617}, {50, 174, 24, 255} }},
	{{ {-2656, 2375, -8206}, 0, {90, 617}, {50, 174, 24, 255} }},
	{{ {-2526, 2191, -8195}, 0, {546, 785}, {50, 174, 24, 255} }},
	{{ {-2659, 2191, -8128}, 0, {-345, 785}, {50, 174, 24, 255} }},
	{{ {-2517, 2191, -8345}, 0, {1386, 785}, {50, 174, 24, 255} }},
	{{ {-2587, 2375, -8312}, 0, {931, 617}, {50, 174, 24, 255} }},
	{{ {-2704, 2681, -8205}, 0, {522, 520}, {209, 229, 208, 255} }},
	{{ {-2699, 2680, -8275}, 0, {915, 520}, {209, 229, 208, 255} }},
	{{ {-2741, 3055, -8228}, 0, {896, 409}, {230, 217, 217, 255} }},
	{{ {-2745, 3055, -8161}, 0, {521, 409}, {230, 217, 217, 255} }},
	{{ {-6525, 305, -4660}, 0, {715, 316}, {171, 104, 108, 255} }},
	{{ {-6589, 792, -4592}, 0, {708, 207}, {171, 104, 108, 255} }},
	{{ {-6641, 792, -4626}, 0, {292, 207}, {171, 104, 108, 255} }},
	{{ {-6579, 305, -4695}, 0, {286, 316}, {171, 104, 108, 255} }},
	{{ {-6559, -26, -4618}, 0, {730, 461}, {255, 255, 255, 255} }},
	{{ {-6616, -26, -4655}, 0, {274, 461}, {255, 255, 255, 255} }},
	{{ {-6589, -380, -4581}, 0, {746, 617}, {50, 174, 24, 255} }},
	{{ {-6589, -380, -4581}, 0, {746, 617}, {50, 174, 24, 255} }},
	{{ {-6616, -26, -4655}, 0, {274, 461}, {255, 255, 255, 255} }},
	{{ {-6650, -380, -4621}, 0, {260, 617}, {50, 174, 24, 255} }},
	{{ {-6592, -564, -4503}, 0, {1039, 785}, {50, 174, 24, 255} }},
	{{ {-6717, -564, -4585}, 0, {39, 785}, {50, 174, 24, 255} }},
	{{ {-6518, 305, -4788}, 0, {249, 316}, {171, 104, 108, 255} }},
	{{ {-6582, 792, -4716}, 0, {256, 207}, {171, 104, 108, 255} }},
	{{ {-6530, 792, -4682}, 0, {672, 207}, {171, 104, 108, 255} }},
	{{ {-6464, 305, -4753}, 0, {678, 316}, {171, 104, 108, 255} }},
	{{ {-6551, -26, -4754}, 0, {234, 461}, {255, 255, 255, 255} }},
	{{ {-6494, -26, -4717}, 0, {690, 461}, {255, 255, 255, 255} }},
	{{ {-6581, -380, -4726}, 0, {218, 617}, {50, 174, 24, 255} }},
	{{ {-6520, -380, -4686}, 0, {704, 617}, {50, 174, 24, 255} }},
	{{ {-6575, -564, -4802}, 0, {-47, 785}, {50, 174, 24, 255} }},
	{{ {-6450, -564, -4720}, 0, {953, 785}, {50, 174, 24, 255} }},
	{{ {-6464, 305, -4753}, 0, {881, 316}, {171, 104, 108, 255} }},
	{{ {-6530, 792, -4682}, 0, {869, 207}, {171, 104, 108, 255} }},
	{{ {-6533, 792, -4620}, 0, {519, 207}, {171, 104, 108, 255} }},
	{{ {-6468, 305, -4689}, 0, {520, 316}, {171, 104, 108, 255} }},
	{{ {-6589, 792, -4592}, 0, {149, 207}, {171, 104, 108, 255} }},
	{{ {-6585, 792, -4654}, 0, {466, 207}, {171, 104, 108, 255} }},
	{{ {-6582, 792, -4716}, 0, {848, 207}, {171, 104, 108, 255} }},
	{{ {-6637, 792, -4688}, 0, {478, 207}, {171, 104, 108, 255} }},
	{{ {-6575, 305, -4759}, 0, {477, 316}, {171, 104, 108, 255} }},
	{{ {-6518, 305, -4788}, 0, {860, 316}, {171, 104, 108, 255} }},
	{{ {-6612, -26, -4724}, 0, {476, 461}, {255, 255, 255, 255} }},
	{{ {-6551, -26, -4754}, 0, {882, 461}, {255, 255, 255, 255} }},
	{{ {-6646, -380, -4694}, 0, {475, 617}, {50, 174, 24, 255} }},
	{{ {-6581, -380, -4726}, 0, {907, 617}, {50, 174, 24, 255} }},
	{{ {-6709, -564, -4734}, 0, {446, 785}, {50, 174, 24, 255} }},
	{{ {-6575, -564, -4802}, 0, {1337, 785}, {50, 174, 24, 255} }},
	{{ {-6717, -564, -4585}, 0, {-394, 785}, {50, 174, 24, 255} }},
	{{ {-6717, -564, -4585}, 0, {-394, 785}, {50, 174, 24, 255} }},
	{{ {-6650, -380, -4621}, 0, {66, 617}, {50, 174, 24, 255} }},
	{{ {-6646, -380, -4694}, 0, {475, 617}, {50, 174, 24, 255} }},
	{{ {-6612, -26, -4724}, 0, {476, 461}, {255, 255, 255, 255} }},
	{{ {-6616, -26, -4655}, 0, {92, 461}, {255, 255, 255, 255} }},
	{{ {-6575, 305, -4759}, 0, {477, 316}, {171, 104, 108, 255} }},
	{{ {-6579, 305, -4695}, 0, {116, 316}, {171, 104, 108, 255} }},
	{{ {-6637, 792, -4688}, 0, {478, 207}, {171, 104, 108, 255} }},
	{{ {-6641, 792, -4626}, 0, {128, 207}, {171, 104, 108, 255} }},
	{{ {-6585, 792, -4654}, 0, {466, 207}, {171, 104, 108, 255} }},
	{{ {-6589, 792, -4592}, 0, {149, 207}, {171, 104, 108, 255} }},
	{{ {-6468, 305, -4689}, 0, {520, 316}, {171, 104, 108, 255} }},
	{{ {-6525, 305, -4660}, 0, {138, 316}, {171, 104, 108, 255} }},
	{{ {-6498, -26, -4649}, 0, {521, 461}, {255, 255, 255, 255} }},
	{{ {-6559, -26, -4618}, 0, {115, 461}, {255, 255, 255, 255} }},
	{{ {-6524, -380, -4614}, 0, {523, 617}, {50, 174, 24, 255} }},
	{{ {-6589, -380, -4581}, 0, {90, 617}, {50, 174, 24, 255} }},
	{{ {-6459, -564, -4570}, 0, {546, 785}, {50, 174, 24, 255} }},
	{{ {-6592, -564, -4503}, 0, {-345, 785}, {50, 174, 24, 255} }},
	{{ {-6450, -564, -4720}, 0, {1386, 785}, {50, 174, 24, 255} }},
	{{ {-6520, -380, -4686}, 0, {931, 617}, {50, 174, 24, 255} }},
	{{ {-6494, -26, -4717}, 0, {905, 461}, {255, 255, 255, 255} }},
	{{ {-6464, 305, -4753}, 0, {881, 316}, {171, 104, 108, 255} }},
	{{ {2483, 722, -1256}, 0, {715, 316}, {171, 104, 108, 255} }},
	{{ {2483, 841, -1258}, 0, {708, 207}, {171, 104, 108, 255} }},
	{{ {2431, 841, -1292}, 0, {292, 207}, {171, 104, 108, 255} }},
	{{ {2429, 722, -1291}, 0, {286, 316}, {171, 104, 108, 255} }},
	{{ {2468, 567, -1251}, 0, {730, 461}, {255, 255, 255, 255} }},
	{{ {2401, 534, -1289}, 0, {274, 461}, {255, 255, 255, 255} }},
	{{ {2557, 352, -1161}, 0, {746, 617}, {50, 174, 24, 255} }},
	{{ {2500, 306, -1188}, 0, {260, 617}, {50, 174, 24, 255} }},
	{{ {2815, 381, -856}, 0, {1039, 785}, {50, 174, 24, 255} }},
	{{ {2815, 381, -856}, 0, {1039, 785}, {50, 174, 24, 255} }},
	{{ {2500, 306, -1188}, 0, {260, 617}, {50, 174, 24, 255} }},
	{{ {2749, 247, -860}, 0, {39, 785}, {50, 174, 24, 255} }},
	{{ {2429, 722, -1291}, 0, {116, 316}, {171, 104, 108, 255} }},
	{{ {2431, 841, -1292}, 0, {128, 207}, {171, 104, 108, 255} }},
	{{ {2434, 841, -1354}, 0, {478, 207}, {155, 117, 119, 255} }},
	{{ {2433, 722, -1355}, 0, {477, 316}, {171, 104, 108, 255} }},
	{{ {2490, 841, -1382}, 0, {848, 207}, {128, 127, 127, 255} }},
	{{ {2490, 722, -1384}, 0, {860, 316}, {169, 107, 110, 255} }},
	{{ {2405, 510, -1369}, 0, {476, 461}, {255, 255, 255, 255} }},
	{{ {2477, 520, -1412}, 0, {882, 461}, {255, 255, 255, 255} }},
	{{ {2507, 273, -1258}, 0, {475, 617}, {50, 174, 24, 255} }},
	{{ {2571, 286, -1301}, 0, {907, 617}, {50, 174, 24, 255} }},
	{{ {2787, 147, -964}, 0, {446, 785}, {50, 174, 24, 255} }},
	{{ {2893, 181, -1064}, 0, {1337, 785}, {50, 174, 24, 255} }},
	{{ {2749, 247, -860}, 0, {-394, 785}, {50, 174, 24, 255} }},
	{{ {2500, 306, -1188}, 0, {66, 617}, {50, 174, 24, 255} }},
	{{ {2401, 534, -1289}, 0, {92, 461}, {255, 255, 255, 255} }},
	{{ {2490, 722, -1384}, 0, {249, 316}, {169, 107, 110, 255} }},
	{{ {2490, 841, -1382}, 0, {256, 207}, {128, 127, 127, 255} }},
	{{ {2542, 841, -1348}, 0, {672, 207}, {149, 121, 122, 255} }},
	{{ {2544, 722, -1349}, 0, {678, 316}, {171, 104, 108, 255} }},
	{{ {2477, 520, -1412}, 0, {234, 461}, {255, 255, 255, 255} }},
	{{ {2544, 554, -1374}, 0, {690, 461}, {255, 255, 255, 255} }},
	{{ {2571, 286, -1301}, 0, {218, 617}, {50, 174, 24, 255} }},
	{{ {2627, 332, -1274}, 0, {704, 617}, {50, 174, 24, 255} }},
	{{ {2893, 181, -1064}, 0, {-47, 785}, {50, 174, 24, 255} }},
	{{ {2959, 314, -1061}, 0, {953, 785}, {50, 174, 24, 255} }},
	{{ {2544, 722, -1349}, 0, {881, 316}, {171, 104, 108, 255} }},
	{{ {2542, 841, -1348}, 0, {869, 207}, {149, 121, 122, 255} }},
	{{ {2538, 841, -1286}, 0, {519, 207}, {171, 104, 108, 255} }},
	{{ {2540, 722, -1285}, 0, {520, 316}, {171, 104, 108, 255} }},
	{{ {2540, 722, -1285}, 0, {520, 316}, {171, 104, 108, 255} }},
	{{ {2538, 841, -1286}, 0, {519, 207}, {171, 104, 108, 255} }},
	{{ {2483, 841, -1258}, 0, {149, 207}, {171, 104, 108, 255} }},
	{{ {2483, 722, -1256}, 0, {138, 316}, {171, 104, 108, 255} }},
	{{ {2539, 577, -1294}, 0, {521, 461}, {255, 255, 255, 255} }},
	{{ {2468, 567, -1251}, 0, {115, 461}, {255, 255, 255, 255} }},
	{{ {2620, 365, -1204}, 0, {523, 617}, {50, 174, 24, 255} }},
	{{ {2557, 352, -1161}, 0, {90, 617}, {50, 174, 24, 255} }},
	{{ {2921, 415, -957}, 0, {546, 785}, {50, 174, 24, 255} }},
	{{ {2815, 381, -856}, 0, {-345, 785}, {50, 174, 24, 255} }},
	{{ {2959, 314, -1061}, 0, {1386, 785}, {50, 174, 24, 255} }},
	{{ {2627, 332, -1274}, 0, {931, 617}, {50, 174, 24, 255} }},
	{{ {2544, 554, -1374}, 0, {905, 461}, {255, 255, 255, 255} }},
	{{ {2544, 722, -1349}, 0, {881, 316}, {171, 104, 108, 255} }},
};

Gfx bob_dl_Mushrooms_001_mesh_layer_1_tri_1[] = {
	gsSPVertex(bob_dl_Mushrooms_001_mesh_layer_1_vtx_1 + 0, 32, 0),
	gsSP2Triangles(0, 1, 2, 0, 0, 2, 3, 0),
	gsSP2Triangles(4, 0, 3, 0, 4, 3, 5, 0),
	gsSP2Triangles(6, 4, 5, 0, 6, 5, 7, 0),
	gsSP2Triangles(8, 6, 7, 0, 8, 7, 9, 0),
	gsSP2Triangles(10, 11, 12, 0, 10, 12, 13, 0),
	gsSP2Triangles(13, 12, 14, 0, 13, 14, 15, 0),
	gsSP2Triangles(16, 13, 15, 0, 16, 15, 17, 0),
	gsSP2Triangles(18, 16, 17, 0, 18, 17, 19, 0),
	gsSP2Triangles(20, 18, 19, 0, 20, 19, 21, 0),
	gsSP2Triangles(22, 18, 20, 0, 22, 23, 18, 0),
	gsSP2Triangles(23, 16, 18, 0, 23, 24, 16, 0),
	gsSP2Triangles(24, 13, 16, 0, 24, 10, 13, 0),
	gsSP2Triangles(25, 26, 27, 0, 25, 27, 28, 0),
	gsSP2Triangles(29, 25, 28, 0, 29, 28, 30, 0),
	gsSP1Triangle(31, 29, 30, 0),
	gsSPVertex(bob_dl_Mushrooms_001_mesh_layer_1_vtx_1 + 32, 32, 0),
	gsSP2Triangles(0, 1, 2, 0, 3, 0, 2, 0),
	gsSP2Triangles(3, 2, 4, 0, 5, 6, 7, 0),
	gsSP2Triangles(5, 7, 8, 0, 8, 7, 9, 0),
	gsSP2Triangles(8, 9, 10, 0, 11, 8, 10, 0),
	gsSP2Triangles(11, 10, 12, 0, 13, 11, 12, 0),
	gsSP2Triangles(13, 12, 14, 0, 15, 13, 14, 0),
	gsSP2Triangles(15, 14, 16, 0, 17, 13, 15, 0),
	gsSP2Triangles(17, 18, 13, 0, 18, 11, 13, 0),
	gsSP2Triangles(18, 19, 11, 0, 19, 8, 11, 0),
	gsSP2Triangles(19, 5, 8, 0, 20, 21, 22, 0),
	gsSP2Triangles(20, 22, 23, 0, 24, 20, 23, 0),
	gsSP2Triangles(24, 23, 25, 0, 26, 24, 25, 0),
	gsSP2Triangles(26, 25, 27, 0, 28, 26, 27, 0),
	gsSP2Triangles(28, 27, 29, 0, 30, 28, 29, 0),
	gsSP1Triangle(30, 29, 31, 0),
	gsSPVertex(bob_dl_Mushrooms_001_mesh_layer_1_vtx_1 + 64, 30, 0),
	gsSP2Triangles(0, 1, 2, 0, 0, 2, 3, 0),
	gsSP2Triangles(3, 2, 4, 0, 3, 4, 5, 0),
	gsSP2Triangles(6, 3, 5, 0, 6, 5, 7, 0),
	gsSP2Triangles(8, 6, 7, 0, 8, 7, 9, 0),
	gsSP2Triangles(10, 8, 9, 0, 10, 9, 11, 0),
	gsSP2Triangles(12, 10, 11, 0, 12, 11, 13, 0),
	gsSP2Triangles(14, 10, 12, 0, 14, 15, 10, 0),
	gsSP2Triangles(15, 8, 10, 0, 15, 16, 8, 0),
	gsSP2Triangles(16, 6, 8, 0, 16, 17, 6, 0),
	gsSP2Triangles(17, 3, 6, 0, 17, 0, 3, 0),
	gsSP2Triangles(18, 19, 20, 0, 18, 20, 21, 0),
	gsSP2Triangles(22, 18, 21, 0, 22, 21, 23, 0),
	gsSP2Triangles(24, 22, 23, 0, 24, 23, 25, 0),
	gsSP2Triangles(26, 24, 25, 0, 26, 25, 27, 0),
	gsSP2Triangles(28, 26, 27, 0, 28, 27, 29, 0),
	gsSPVertex(bob_dl_Mushrooms_001_mesh_layer_1_vtx_1 + 94, 32, 0),
	gsSP2Triangles(0, 1, 2, 0, 0, 2, 3, 0),
	gsSP2Triangles(3, 2, 4, 0, 3, 4, 5, 0),
	gsSP2Triangles(6, 3, 5, 0, 6, 5, 7, 0),
	gsSP2Triangles(8, 6, 7, 0, 8, 7, 9, 0),
	gsSP2Triangles(10, 8, 9, 0, 10, 9, 11, 0),
	gsSP2Triangles(12, 10, 11, 0, 12, 11, 13, 0),
	gsSP2Triangles(14, 10, 12, 0, 14, 15, 10, 0),
	gsSP2Triangles(15, 8, 10, 0, 15, 16, 8, 0),
	gsSP2Triangles(16, 6, 8, 0, 16, 17, 6, 0),
	gsSP2Triangles(17, 3, 6, 0, 17, 0, 3, 0),
	gsSP2Triangles(18, 19, 20, 0, 18, 21, 19, 0),
	gsSP2Triangles(22, 21, 18, 0, 22, 23, 21, 0),
	gsSP2Triangles(23, 24, 21, 0, 23, 25, 24, 0),
	gsSP2Triangles(24, 25, 26, 0, 24, 26, 27, 0),
	gsSP2Triangles(28, 27, 26, 0, 28, 29, 27, 0),
	gsSP2Triangles(30, 29, 28, 0, 30, 31, 29, 0),
	gsSPVertex(bob_dl_Mushrooms_001_mesh_layer_1_vtx_1 + 126, 32, 0),
	gsSP2Triangles(0, 1, 2, 0, 0, 3, 1, 0),
	gsSP2Triangles(4, 1, 3, 0, 4, 5, 1, 0),
	gsSP2Triangles(4, 6, 5, 0, 4, 7, 6, 0),
	gsSP2Triangles(8, 9, 10, 0, 8, 11, 9, 0),
	gsSP2Triangles(9, 11, 12, 0, 9, 12, 13, 0),
	gsSP2Triangles(14, 13, 12, 0, 14, 15, 13, 0),
	gsSP2Triangles(16, 15, 14, 0, 16, 17, 15, 0),
	gsSP2Triangles(16, 18, 17, 0, 16, 19, 18, 0),
	gsSP2Triangles(20, 18, 19, 0, 20, 21, 18, 0),
	gsSP2Triangles(20, 22, 21, 0, 20, 6, 22, 0),
	gsSP2Triangles(23, 24, 25, 0, 23, 26, 24, 0),
	gsSP2Triangles(26, 27, 24, 0, 26, 28, 27, 0),
	gsSP2Triangles(27, 28, 29, 0, 27, 29, 30, 0),
	gsSP1Triangle(31, 30, 29, 0),
	gsSPVertex(bob_dl_Mushrooms_001_mesh_layer_1_vtx_1 + 158, 32, 0),
	gsSP2Triangles(0, 1, 2, 0, 3, 1, 0, 0),
	gsSP2Triangles(3, 4, 1, 0, 3, 5, 4, 0),
	gsSP2Triangles(3, 6, 5, 0, 7, 5, 6, 0),
	gsSP2Triangles(7, 8, 5, 0, 7, 9, 8, 0),
	gsSP2Triangles(7, 10, 9, 0, 11, 12, 13, 0),
	gsSP2Triangles(11, 14, 12, 0, 15, 14, 11, 0),
	gsSP2Triangles(15, 16, 14, 0, 16, 17, 14, 0),
	gsSP2Triangles(16, 18, 17, 0, 17, 18, 19, 0),
	gsSP2Triangles(17, 19, 20, 0, 21, 20, 19, 0),
	gsSP2Triangles(21, 22, 20, 0, 23, 22, 21, 0),
	gsSP2Triangles(23, 24, 22, 0, 23, 25, 24, 0),
	gsSP2Triangles(23, 26, 25, 0, 27, 25, 26, 0),
	gsSP2Triangles(27, 28, 25, 0, 27, 29, 28, 0),
	gsSP2Triangles(27, 30, 29, 0, 14, 31, 12, 0),
	gsSPVertex(bob_dl_Mushrooms_001_mesh_layer_1_vtx_1 + 190, 32, 0),
	gsSP2Triangles(0, 1, 2, 0, 2, 1, 3, 0),
	gsSP2Triangles(2, 3, 4, 0, 5, 4, 3, 0),
	gsSP2Triangles(5, 6, 4, 0, 7, 6, 5, 0),
	gsSP2Triangles(7, 8, 6, 0, 7, 9, 8, 0),
	gsSP2Triangles(7, 10, 9, 0, 11, 9, 10, 0),
	gsSP2Triangles(11, 12, 9, 0, 11, 13, 12, 0),
	gsSP2Triangles(11, 14, 13, 0, 15, 16, 17, 0),
	gsSP2Triangles(15, 18, 16, 0, 18, 19, 16, 0),
	gsSP2Triangles(18, 20, 19, 0, 19, 20, 21, 0),
	gsSP2Triangles(19, 21, 22, 0, 23, 22, 21, 0),
	gsSP2Triangles(23, 24, 22, 0, 25, 24, 23, 0),
	gsSP2Triangles(25, 26, 24, 0, 25, 27, 26, 0),
	gsSP2Triangles(25, 28, 27, 0, 29, 27, 28, 0),
	gsSP2Triangles(29, 30, 27, 0, 29, 31, 30, 0),
	gsSPVertex(bob_dl_Mushrooms_001_mesh_layer_1_vtx_1 + 222, 32, 0),
	gsSP2Triangles(0, 1, 2, 0, 3, 4, 5, 0),
	gsSP2Triangles(3, 6, 4, 0, 7, 6, 3, 0),
	gsSP2Triangles(7, 8, 6, 0, 8, 9, 6, 0),
	gsSP2Triangles(8, 10, 9, 0, 11, 9, 10, 0),
	gsSP2Triangles(11, 12, 9, 0, 11, 13, 12, 0),
	gsSP2Triangles(11, 14, 13, 0, 15, 13, 14, 0),
	gsSP2Triangles(15, 16, 13, 0, 15, 17, 16, 0),
	gsSP2Triangles(15, 18, 17, 0, 16, 17, 19, 0),
	gsSP2Triangles(16, 19, 20, 0, 16, 20, 21, 0),
	gsSP2Triangles(16, 21, 22, 0, 23, 22, 21, 0),
	gsSP2Triangles(23, 21, 24, 0, 23, 24, 25, 0),
	gsSP2Triangles(23, 25, 26, 0, 6, 26, 25, 0),
	gsSP2Triangles(6, 25, 4, 0, 27, 28, 29, 0),
	gsSP2Triangles(27, 30, 28, 0, 30, 31, 28, 0),
	gsSPVertex(bob_dl_Mushrooms_001_mesh_layer_1_vtx_1 + 254, 32, 0),
	gsSP2Triangles(0, 1, 2, 0, 3, 2, 1, 0),
	gsSP2Triangles(3, 4, 2, 0, 3, 5, 4, 0),
	gsSP2Triangles(3, 6, 5, 0, 7, 5, 6, 0),
	gsSP2Triangles(7, 8, 5, 0, 7, 9, 8, 0),
	gsSP2Triangles(7, 10, 9, 0, 11, 12, 13, 0),
	gsSP2Triangles(11, 14, 12, 0, 15, 14, 11, 0),
	gsSP2Triangles(15, 16, 14, 0, 16, 17, 14, 0),
	gsSP2Triangles(16, 18, 17, 0, 19, 17, 18, 0),
	gsSP2Triangles(19, 20, 17, 0, 19, 21, 20, 0),
	gsSP2Triangles(19, 22, 21, 0, 23, 21, 22, 0),
	gsSP2Triangles(23, 24, 21, 0, 23, 25, 24, 0),
	gsSP2Triangles(23, 26, 25, 0, 14, 27, 12, 0),
	gsSP2Triangles(14, 28, 27, 0, 29, 27, 28, 0),
	gsSP2Triangles(29, 30, 27, 0, 29, 31, 30, 0),
	gsSPVertex(bob_dl_Mushrooms_001_mesh_layer_1_vtx_1 + 286, 32, 0),
	gsSP2Triangles(0, 1, 2, 0, 3, 2, 1, 0),
	gsSP2Triangles(3, 4, 2, 0, 3, 5, 4, 0),
	gsSP2Triangles(3, 6, 5, 0, 7, 8, 9, 0),
	gsSP2Triangles(7, 10, 8, 0, 10, 11, 8, 0),
	gsSP2Triangles(10, 12, 11, 0, 13, 11, 12, 0),
	gsSP2Triangles(13, 14, 11, 0, 13, 15, 14, 0),
	gsSP2Triangles(13, 16, 15, 0, 17, 15, 16, 0),
	gsSP2Triangles(17, 18, 15, 0, 17, 19, 18, 0),
	gsSP2Triangles(17, 20, 19, 0, 21, 22, 23, 0),
	gsSP2Triangles(21, 23, 24, 0, 25, 21, 24, 0),
	gsSP2Triangles(25, 24, 26, 0, 25, 26, 27, 0),
	gsSP2Triangles(25, 27, 28, 0, 29, 28, 27, 0),
	gsSP2Triangles(29, 27, 30, 0, 31, 29, 30, 0),
	gsSPVertex(bob_dl_Mushrooms_001_mesh_layer_1_vtx_1 + 318, 32, 0),
	gsSP2Triangles(0, 1, 2, 0, 3, 4, 5, 0),
	gsSP2Triangles(3, 5, 6, 0, 6, 5, 7, 0),
	gsSP2Triangles(6, 7, 8, 0, 9, 6, 8, 0),
	gsSP2Triangles(9, 8, 10, 0, 9, 10, 11, 0),
	gsSP2Triangles(9, 11, 12, 0, 13, 12, 11, 0),
	gsSP2Triangles(13, 11, 14, 0, 15, 13, 14, 0),
	gsSP2Triangles(15, 14, 16, 0, 17, 13, 15, 0),
	gsSP2Triangles(17, 18, 13, 0, 18, 19, 13, 0),
	gsSP2Triangles(18, 20, 19, 0, 21, 19, 20, 0),
	gsSP2Triangles(21, 22, 19, 0, 21, 6, 22, 0),
	gsSP2Triangles(21, 3, 6, 0, 23, 24, 25, 0),
	gsSP2Triangles(23, 25, 26, 0, 27, 23, 26, 0),
	gsSP2Triangles(27, 26, 28, 0, 27, 28, 29, 0),
	gsSP2Triangles(27, 29, 30, 0, 31, 30, 29, 0),
	gsSPVertex(bob_dl_Mushrooms_001_mesh_layer_1_vtx_1 + 350, 32, 0),
	gsSP2Triangles(0, 1, 2, 0, 3, 0, 2, 0),
	gsSP2Triangles(3, 2, 4, 0, 5, 6, 7, 0),
	gsSP2Triangles(5, 7, 8, 0, 8, 7, 9, 0),
	gsSP2Triangles(8, 9, 10, 0, 11, 8, 10, 0),
	gsSP2Triangles(11, 10, 12, 0, 11, 12, 13, 0),
	gsSP2Triangles(11, 13, 14, 0, 15, 14, 13, 0),
	gsSP2Triangles(15, 13, 16, 0, 17, 15, 16, 0),
	gsSP2Triangles(17, 16, 18, 0, 19, 15, 17, 0),
	gsSP2Triangles(19, 20, 15, 0, 20, 21, 15, 0),
	gsSP2Triangles(20, 22, 21, 0, 23, 21, 22, 0),
	gsSP2Triangles(23, 24, 21, 0, 23, 8, 24, 0),
	gsSP2Triangles(23, 5, 8, 0, 25, 26, 27, 0),
	gsSP2Triangles(25, 27, 28, 0, 29, 25, 28, 0),
	gsSP2Triangles(29, 28, 30, 0, 31, 29, 30, 0),
	gsSPVertex(bob_dl_Mushrooms_001_mesh_layer_1_vtx_1 + 382, 32, 0),
	gsSP2Triangles(0, 1, 2, 0, 3, 0, 2, 0),
	gsSP2Triangles(3, 2, 4, 0, 5, 6, 7, 0),
	gsSP2Triangles(5, 7, 8, 0, 9, 5, 8, 0),
	gsSP2Triangles(9, 8, 10, 0, 11, 9, 10, 0),
	gsSP2Triangles(11, 10, 12, 0, 13, 11, 12, 0),
	gsSP2Triangles(13, 12, 14, 0, 15, 16, 17, 0),
	gsSP2Triangles(15, 17, 18, 0, 18, 17, 19, 0),
	gsSP2Triangles(19, 17, 20, 0, 17, 7, 20, 0),
	gsSP2Triangles(7, 21, 20, 0, 21, 22, 20, 0),
	gsSP2Triangles(23, 22, 21, 0, 23, 21, 24, 0),
	gsSP2Triangles(25, 23, 24, 0, 25, 24, 26, 0),
	gsSP2Triangles(27, 25, 26, 0, 27, 26, 28, 0),
	gsSP2Triangles(29, 27, 28, 0, 29, 28, 30, 0),
	gsSP1Triangle(31, 27, 29, 0),
	gsSPVertex(bob_dl_Mushrooms_001_mesh_layer_1_vtx_1 + 414, 32, 0),
	gsSP2Triangles(0, 1, 2, 0, 1, 3, 2, 0),
	gsSP2Triangles(1, 4, 3, 0, 4, 5, 3, 0),
	gsSP2Triangles(4, 6, 5, 0, 6, 7, 5, 0),
	gsSP2Triangles(6, 8, 7, 0, 7, 8, 9, 0),
	gsSP2Triangles(8, 10, 9, 0, 11, 10, 12, 0),
	gsSP2Triangles(13, 11, 12, 0, 13, 12, 14, 0),
	gsSP2Triangles(15, 13, 14, 0, 15, 14, 16, 0),
	gsSP2Triangles(17, 15, 16, 0, 17, 16, 18, 0),
	gsSP2Triangles(19, 15, 17, 0, 19, 20, 15, 0),
	gsSP2Triangles(20, 13, 15, 0, 20, 21, 13, 0),
	gsSP2Triangles(21, 11, 13, 0, 21, 22, 11, 0),
	gsSP2Triangles(23, 24, 25, 0, 23, 25, 26, 0),
	gsSP2Triangles(27, 23, 26, 0, 27, 26, 28, 0),
	gsSP2Triangles(29, 27, 28, 0, 29, 28, 30, 0),
	gsSP1Triangle(31, 29, 30, 0),
	gsSPVertex(bob_dl_Mushrooms_001_mesh_layer_1_vtx_1 + 446, 32, 0),
	gsSP2Triangles(0, 1, 2, 0, 3, 4, 5, 0),
	gsSP2Triangles(3, 5, 6, 0, 6, 5, 7, 0),
	gsSP2Triangles(6, 7, 8, 0, 9, 6, 8, 0),
	gsSP2Triangles(9, 8, 10, 0, 11, 9, 10, 0),
	gsSP2Triangles(11, 10, 12, 0, 13, 11, 12, 0),
	gsSP2Triangles(13, 12, 14, 0, 15, 11, 13, 0),
	gsSP2Triangles(15, 16, 11, 0, 16, 9, 11, 0),
	gsSP2Triangles(16, 17, 9, 0, 17, 6, 9, 0),
	gsSP2Triangles(17, 3, 6, 0, 18, 19, 20, 0),
	gsSP2Triangles(18, 20, 21, 0, 22, 18, 21, 0),
	gsSP2Triangles(22, 21, 23, 0, 24, 22, 23, 0),
	gsSP2Triangles(24, 23, 25, 0, 26, 24, 25, 0),
	gsSP2Triangles(26, 25, 27, 0, 28, 29, 30, 0),
	gsSP1Triangle(28, 30, 31, 0),
	gsSPVertex(bob_dl_Mushrooms_001_mesh_layer_1_vtx_1 + 478, 14, 0),
	gsSP2Triangles(0, 1, 2, 0, 0, 2, 3, 0),
	gsSP2Triangles(4, 0, 3, 0, 4, 3, 5, 0),
	gsSP2Triangles(6, 4, 5, 0, 6, 5, 7, 0),
	gsSP2Triangles(8, 6, 7, 0, 8, 7, 9, 0),
	gsSP2Triangles(10, 6, 8, 0, 10, 11, 6, 0),
	gsSP2Triangles(11, 4, 6, 0, 11, 12, 4, 0),
	gsSP2Triangles(12, 0, 4, 0, 12, 13, 0, 0),
	gsSPEndDisplayList(),
};

Vtx bob_dl_Sky_mesh_layer_1_vtx_cull[8] = {
	{{ {-13027, -6889, 16309}, 0, {0, 0}, {0, 0, 0, 0} }},
	{{ {-13027, 14771, 16309}, 0, {0, 0}, {0, 0, 0, 0} }},
	{{ {-13027, 14771, -15433}, 0, {0, 0}, {0, 0, 0, 0} }},
	{{ {-13027, -6889, -15433}, 0, {0, 0}, {0, 0, 0, 0} }},
	{{ {11505, -6889, 16309}, 0, {0, 0}, {0, 0, 0, 0} }},
	{{ {11505, 14771, 16309}, 0, {0, 0}, {0, 0, 0, 0} }},
	{{ {11505, 14771, -15433}, 0, {0, 0}, {0, 0, 0, 0} }},
	{{ {11505, -6889, -15433}, 0, {0, 0}, {0, 0, 0, 0} }},
};

Vtx bob_dl_Sky_mesh_layer_1_vtx_0[60] = {
	{{ {2412, 13320, -7316}, 0, {220, 393}, {255, 255, 255, 255} }},
	{{ {5372, 13320, 620}, 0, {247, 393}, {0, 246, 255, 255} }},
	{{ {-761, 14771, 438}, 0, {234, 406}, {0, 246, 255, 255} }},
	{{ {4735, 9356, -12992}, 0, {220, 380}, {0, 246, 255, 255} }},
	{{ {-5888, 9356, -13307}, 0, {194, 380}, {0, 246, 255, 255} }},
	{{ {-3721, 13320, -7498}, 0, {194, 393}, {255, 255, 255, 255} }},
	{{ {-761, 14771, 438}, 0, {207, 406}, {0, 246, 255, 255} }},
	{{ {-11383, 9356, 123}, 0, {167, 380}, {0, 246, 255, 255} }},
	{{ {-13027, 3941, 75}, 0, {167, 366}, {255, 255, 255, 255} }},
	{{ {-6681, 3941, -15433}, 0, {194, 366}, {255, 255, 255, 255} }},
	{{ {-11383, -1474, 123}, 0, {167, 353}, {0, 108, 255, 255} }},
	{{ {-5888, -1474, -13307}, 0, {194, 353}, {0, 108, 255, 255} }},
	{{ {-6894, -5438, 256}, 0, {167, 340}, {0, 108, 255, 255} }},
	{{ {-3721, -5438, -7498}, 0, {194, 340}, {0, 108, 255, 255} }},
	{{ {-761, -6889, 438}, 0, {180, 326}, {0, 108, 255, 255} }},
	{{ {4735, -1474, -12992}, 0, {220, 353}, {0, 108, 255, 255} }},
	{{ {2412, -5438, -7316}, 0, {220, 340}, {0, 108, 255, 255} }},
	{{ {-761, -6889, 438}, 0, {207, 326}, {0, 108, 255, 255} }},
	{{ {9862, -1474, 753}, 0, {247, 353}, {0, 108, 255, 255} }},
	{{ {5372, -5438, 620}, 0, {247, 340}, {0, 108, 255, 255} }},
	{{ {-761, -6889, 438}, 0, {234, 326}, {0, 108, 255, 255} }},
	{{ {4366, -1474, 14183}, 0, {274, 353}, {0, 108, 255, 255} }},
	{{ {2199, -5438, 8374}, 0, {274, 340}, {0, 108, 255, 255} }},
	{{ {-761, -6889, 438}, 0, {260, 326}, {0, 108, 255, 255} }},
	{{ {-6257, -1474, 13868}, 0, {300, 353}, {0, 108, 255, 255} }},
	{{ {-3934, -5438, 8192}, 0, {300, 340}, {0, 108, 255, 255} }},
	{{ {-761, -6889, 438}, 0, {287, 326}, {0, 108, 255, 255} }},
	{{ {-11383, -1474, 123}, 0, {327, 353}, {0, 108, 255, 255} }},
	{{ {-6894, -5438, 256}, 0, {327, 340}, {0, 108, 255, 255} }},
	{{ {-761, -6889, 438}, 0, {314, 326}, {0, 108, 255, 255} }},
	{{ {-13027, 3941, 75}, 0, {327, 366}, {255, 255, 255, 255} }},
	{{ {-7107, 3941, 15946}, 0, {300, 366}, {255, 255, 255, 255} }},
	{{ {-7107, 3941, 15946}, 0, {300, 366}, {255, 255, 255, 255} }},
	{{ {-13027, 3941, 75}, 0, {327, 366}, {255, 255, 255, 255} }},
	{{ {-11383, 9356, 123}, 0, {327, 380}, {0, 246, 255, 255} }},
	{{ {-6257, 9356, 13868}, 0, {300, 380}, {0, 246, 255, 255} }},
	{{ {-6894, 13320, 256}, 0, {327, 393}, {0, 246, 255, 255} }},
	{{ {-3934, 13320, 8192}, 0, {300, 393}, {0, 246, 255, 255} }},
	{{ {-761, 14771, 438}, 0, {314, 406}, {0, 246, 255, 255} }},
	{{ {4366, 9356, 14183}, 0, {274, 380}, {0, 246, 255, 255} }},
	{{ {5159, 3941, 16309}, 0, {274, 366}, {255, 255, 255, 255} }},
	{{ {11505, 3941, 801}, 0, {247, 366}, {255, 255, 255, 255} }},
	{{ {9862, 9356, 753}, 0, {247, 380}, {0, 246, 255, 255} }},
	{{ {2199, 13320, 8374}, 0, {274, 393}, {0, 246, 255, 255} }},
	{{ {-761, 14771, 438}, 0, {287, 406}, {0, 246, 255, 255} }},
	{{ {5372, 13320, 620}, 0, {247, 393}, {0, 246, 255, 255} }},
	{{ {-761, 14771, 438}, 0, {260, 406}, {0, 246, 255, 255} }},
	{{ {4735, 9356, -12992}, 0, {220, 380}, {0, 246, 255, 255} }},
	{{ {5585, 3941, -15070}, 0, {220, 366}, {255, 255, 255, 255} }},
	{{ {-6681, 3941, -15433}, 0, {194, 366}, {255, 255, 255, 255} }},
	{{ {-5888, 9356, -13307}, 0, {194, 380}, {0, 246, 255, 255} }},
	{{ {-5888, -1474, -13307}, 0, {194, 353}, {0, 108, 255, 255} }},
	{{ {4735, -1474, -12992}, 0, {220, 353}, {0, 108, 255, 255} }},
	{{ {9862, -1474, 753}, 0, {247, 353}, {0, 108, 255, 255} }},
	{{ {4366, -1474, 14183}, 0, {274, 353}, {0, 108, 255, 255} }},
	{{ {-6257, -1474, 13868}, 0, {300, 353}, {0, 108, 255, 255} }},
	{{ {-6894, 13320, 256}, 0, {167, 393}, {0, 246, 255, 255} }},
	{{ {-3721, 13320, -7498}, 0, {194, 393}, {255, 255, 255, 255} }},
	{{ {-761, 14771, 438}, 0, {180, 406}, {0, 246, 255, 255} }},
	{{ {-11383, 9356, 123}, 0, {167, 380}, {0, 246, 255, 255} }},
};

Gfx bob_dl_Sky_mesh_layer_1_tri_0[] = {
	gsSPVertex(bob_dl_Sky_mesh_layer_1_vtx_0 + 0, 32, 0),
	gsSP2Triangles(0, 1, 2, 0, 3, 1, 0, 0),
	gsSP2Triangles(4, 3, 0, 0, 4, 0, 5, 0),
	gsSP2Triangles(5, 0, 6, 0, 7, 4, 5, 0),
	gsSP2Triangles(8, 4, 7, 0, 8, 9, 4, 0),
	gsSP2Triangles(10, 9, 8, 0, 10, 11, 9, 0),
	gsSP2Triangles(12, 11, 10, 0, 12, 13, 11, 0),
	gsSP2Triangles(14, 13, 12, 0, 13, 15, 11, 0),
	gsSP2Triangles(13, 16, 15, 0, 17, 16, 13, 0),
	gsSP2Triangles(16, 18, 15, 0, 16, 19, 18, 0),
	gsSP2Triangles(20, 19, 16, 0, 19, 21, 18, 0),
	gsSP2Triangles(19, 22, 21, 0, 23, 22, 19, 0),
	gsSP2Triangles(22, 24, 21, 0, 22, 25, 24, 0),
	gsSP2Triangles(26, 25, 22, 0, 25, 27, 24, 0),
	gsSP2Triangles(25, 28, 27, 0, 29, 28, 25, 0),
	gsSP2Triangles(24, 27, 30, 0, 24, 30, 31, 0),
	gsSPVertex(bob_dl_Sky_mesh_layer_1_vtx_0 + 32, 28, 0),
	gsSP2Triangles(0, 1, 2, 0, 0, 2, 3, 0),
	gsSP2Triangles(3, 2, 4, 0, 3, 4, 5, 0),
	gsSP2Triangles(5, 4, 6, 0, 7, 3, 5, 0),
	gsSP2Triangles(8, 3, 7, 0, 9, 8, 7, 0),
	gsSP2Triangles(9, 7, 10, 0, 10, 7, 11, 0),
	gsSP2Triangles(7, 5, 11, 0, 11, 5, 12, 0),
	gsSP2Triangles(10, 11, 13, 0, 13, 11, 14, 0),
	gsSP2Triangles(15, 10, 13, 0, 16, 10, 15, 0),
	gsSP2Triangles(17, 16, 15, 0, 17, 15, 18, 0),
	gsSP2Triangles(19, 16, 17, 0, 19, 20, 16, 0),
	gsSP2Triangles(20, 9, 16, 0, 20, 21, 9, 0),
	gsSP2Triangles(21, 8, 9, 0, 21, 22, 8, 0),
	gsSP2Triangles(22, 0, 8, 0, 22, 23, 0, 0),
	gsSP2Triangles(8, 0, 3, 0, 16, 9, 10, 0),
	gsSP2Triangles(24, 25, 26, 0, 27, 25, 24, 0),
	gsSPEndDisplayList(),
};

Vtx bob_dl_Water_Box_Mesh_mesh_layer_5_vtx_cull[8] = {
	{{ {-4418, 0, 4418}, 0, {0, 0}, {0, 0, 0, 0} }},
	{{ {-4418, 0, 4418}, 0, {0, 0}, {0, 0, 0, 0} }},
	{{ {-4418, 0, -4418}, 0, {0, 0}, {0, 0, 0, 0} }},
	{{ {-4418, 0, -4418}, 0, {0, 0}, {0, 0, 0, 0} }},
	{{ {4418, 0, 4418}, 0, {0, 0}, {0, 0, 0, 0} }},
	{{ {4418, 0, 4418}, 0, {0, 0}, {0, 0, 0, 0} }},
	{{ {4418, 0, -4418}, 0, {0, 0}, {0, 0, 0, 0} }},
	{{ {4418, 0, -4418}, 0, {0, 0}, {0, 0, 0, 0} }},
};

Vtx bob_dl_Water_Box_Mesh_mesh_layer_5_vtx_0[4] = {
	{{ {-4418, 0, 4418}, 0, {-15114, 496}, {255, 255, 255, 255} }},
	{{ {4418, 0, 4418}, 0, {496, 16106}, {255, 255, 255, 255} }},
	{{ {4418, 0, -4418}, 0, {16106, 496}, {255, 255, 255, 255} }},
	{{ {-4418, 0, -4418}, 0, {496, -15114}, {255, 255, 255, 255} }},
};

Gfx bob_dl_Water_Box_Mesh_mesh_layer_5_tri_0[] = {
	gsSPVertex(bob_dl_Water_Box_Mesh_mesh_layer_5_vtx_0 + 0, 4, 0),
	gsSP2Triangles(0, 1, 2, 0, 0, 2, 3, 0),
	gsSPEndDisplayList(),
};

Vtx bob_dl_Cube_mesh_layer_1_vtx_cull[8] = {
	{{ {-893, -2752, 893}, 0, {0, 0}, {0, 0, 0, 0} }},
	{{ {-893, 893, 893}, 0, {0, 0}, {0, 0, 0, 0} }},
	{{ {-893, 893, -7260}, 0, {0, 0}, {0, 0, 0, 0} }},
	{{ {-893, -2752, -7260}, 0, {0, 0}, {0, 0, 0, 0} }},
	{{ {893, -2752, 893}, 0, {0, 0}, {0, 0, 0, 0} }},
	{{ {893, 893, 893}, 0, {0, 0}, {0, 0, 0, 0} }},
	{{ {893, 893, -7260}, 0, {0, 0}, {0, 0, 0, 0} }},
	{{ {893, -2752, -7260}, 0, {0, 0}, {0, 0, 0, 0} }},
};

Vtx bob_dl_Cube_mesh_layer_1_vtx_0[151] = {
	{{ {893, 893, -7254}, 0, {2686, -6575}, {0, 0, 0, 255} }},
	{{ {893, 790, -7146}, 0, {2686, -6381}, {0, 0, 0, 255} }},
	{{ {467, 790, -7146}, 0, {1894, -6384}, {0, 0, 0, 255} }},
	{{ {467, 893, -7249}, 0, {1894, -6574}, {0, 0, 0, 255} }},
	{{ {-893, -893, -7254}, 0, {-655, 939}, {0, 0, 0, 255} }},
	{{ {893, -893, -7254}, 0, {2671, 939}, {0, 0, 0, 255} }},
	{{ {893, 893, -7254}, 0, {2671, -2387}, {112, 112, 112, 255} }},
	{{ {-893, 893, -7254}, 0, {-655, -2387}, {115, 115, 115, 255} }},
	{{ {893, -1011, -1011}, 0, {-227, 1160}, {79, 88, 152, 255} }},
	{{ {893, -1011, -7131}, 0, {11171, 1160}, {79, 88, 152, 255} }},
	{{ {893, -2633, -7131}, 0, {11171, 4182}, {79, 88, 152, 255} }},
	{{ {893, -2633, -1011}, 0, {-227, 4182}, {79, 88, 152, 255} }},
	{{ {893, -2752, -7249}, 0, {11392, 4403}, {0, 0, 0, 255} }},
	{{ {893, -2752, -893}, 0, {-448, 4403}, {0, 0, 0, 255} }},
	{{ {893, -754, -893}, 0, {-448, 939}, {115, 115, 115, 255} }},
	{{ {893, -1011, -7131}, 0, {11166, 1160}, {79, 88, 152, 255} }},
	{{ {893, -893, -7254}, 0, {11390, 939}, {0, 0, 0, 255} }},
	{{ {893, 893, -893}, 0, {2671, 2464}, {115, 115, 115, 255} }},
	{{ {-893, 893, -7254}, 0, {-655, -9368}, {115, 115, 115, 255} }},
	{{ {893, 893, -7254}, 0, {2671, -9368}, {112, 112, 112, 255} }},
	{{ {-893, 893, -893}, 0, {-655, 2464}, {115, 115, 115, 255} }},
	{{ {723, 893, -723}, 0, {2354, 2781}, {119, 119, 119, 255} }},
	{{ {723, 893, 723}, 0, {2354, 5473}, {119, 119, 119, 255} }},
	{{ {893, 893, 893}, 0, {2671, 5790}, {115, 115, 115, 255} }},
	{{ {-723, 893, 723}, 0, {-338, 5473}, {131, 131, 131, 255} }},
	{{ {-893, 893, 893}, 0, {-655, 5790}, {119, 119, 119, 255} }},
	{{ {-723, 893, -723}, 0, {-338, 2781}, {119, 119, 119, 255} }},
	{{ {-893, -1440, -7260}, 0, {-655, 1958}, {30, 0, 152, 255} }},
	{{ {-893, 706, -7260}, 0, {-655, -2038}, {153, 153, 153, 255} }},
	{{ {-467, 706, -7260}, 0, {137, -2038}, {153, 153, 153, 255} }},
	{{ {-467, -1440, -7260}, 0, {137, 1958}, {30, 0, 152, 255} }},
	{{ {893, -893, -7254}, 0, {2671, 925}, {0, 0, 0, 255} }},
	{{ {-893, -893, -7254}, 0, {-655, 925}, {0, 0, 0, 255} }},
	{{ {-893, -2752, -7249}, 0, {-655, 4388}, {2, 2, 2, 255} }},
	{{ {893, -2752, -7249}, 0, {2671, 4388}, {2, 2, 2, 255} }},
	{{ {893, -2633, -7131}, 0, {11070, 4182}, {79, 88, 152, 255} }},
	{{ {893, -1011, -7131}, 0, {11052, 1160}, {79, 88, 152, 255} }},
	{{ {893, -893, -7254}, 0, {11277, 939}, {0, 0, 0, 255} }},
	{{ {893, -2752, -7249}, 0, {11288, 4403}, {0, 0, 0, 255} }},
	{{ {893, 893, -893}, 0, {2671, 2464}, {115, 115, 115, 255} }},
	{{ {893, 893, -7254}, 0, {2671, -9374}, {112, 112, 112, 255} }},
	{{ {467, 893, -7249}, 0, {1879, -9371}, {114, 114, 114, 255} }},
	{{ {467, 893, -893}, 0, {1879, 2464}, {115, 115, 115, 255} }},
	{{ {893, -1524, -7146}, 0, {10954, 2114}, {30, 0, 152, 255} }},
	{{ {893, 790, -7146}, 0, {10954, -2195}, {0, 0, 0, 255} }},
	{{ {893, 893, -7254}, 0, {11146, -2387}, {0, 0, 0, 255} }},
	{{ {893, -893, -7254}, 0, {11146, 939}, {0, 0, 0, 255} }},
	{{ {-893, 893, -7254}, 0, {-655, -9374}, {115, 115, 115, 255} }},
	{{ {-893, 893, -893}, 0, {-655, 2464}, {115, 115, 115, 255} }},
	{{ {-467, 893, -893}, 0, {137, 2464}, {115, 115, 115, 255} }},
	{{ {-467, 893, -7249}, 0, {137, -9371}, {115, 115, 115, 255} }},
	{{ {893, -1524, -996}, 0, {-261, 2114}, {30, 0, 152, 255} }},
	{{ {893, -1524, -7146}, 0, {11156, 2114}, {30, 0, 152, 255} }},
	{{ {893, -893, -7254}, 0, {11390, 939}, {0, 0, 0, 255} }},
	{{ {893, -754, -893}, 0, {-448, 939}, {115, 115, 115, 255} }},
	{{ {-893, -1012, -1012}, 0, {-225, 1162}, {79, 88, 152, 255} }},
	{{ {-893, -1012, -7129}, 0, {11164, 1162}, {79, 88, 152, 255} }},
	{{ {-893, -893, -7254}, 0, {11390, 939}, {0, 0, 0, 255} }},
	{{ {-893, -754, -893}, 0, {-448, 939}, {115, 115, 115, 255} }},
	{{ {-893, -2632, -1012}, 0, {-225, 4179}, {79, 88, 152, 255} }},
	{{ {-893, -2752, -893}, 0, {-448, 4403}, {0, 0, 0, 255} }},
	{{ {-893, -2632, -7129}, 0, {11169, 4179}, {79, 88, 152, 255} }},
	{{ {-893, -2752, -7249}, 0, {11392, 4403}, {0, 0, 0, 255} }},
	{{ {-893, -1012, -7129}, 0, {11169, 1162}, {79, 88, 152, 255} }},
	{{ {-893, -2632, -1012}, 0, {-225, 4179}, {79, 88, 152, 255} }},
	{{ {-893, -2632, -7129}, 0, {11169, 4179}, {79, 88, 152, 255} }},
	{{ {-893, -1012, -1012}, 0, {-225, 1162}, {79, 88, 152, 255} }},
	{{ {-893, -1012, -7129}, 0, {11051, 1162}, {79, 88, 152, 255} }},
	{{ {-893, -2632, -7129}, 0, {11069, 4179}, {79, 88, 152, 255} }},
	{{ {-893, -2752, -7249}, 0, {11289, 4403}, {0, 0, 0, 255} }},
	{{ {-893, -893, -7254}, 0, {11278, 939}, {0, 0, 0, 255} }},
	{{ {893, -1524, -7146}, 0, {2671, -9184}, {30, 0, 152, 255} }},
	{{ {893, -1524, -996}, 0, {2671, 2272}, {30, 0, 152, 255} }},
	{{ {467, -1524, -996}, 0, {1879, 2272}, {30, 0, 152, 255} }},
	{{ {467, -1524, -7146}, 0, {1879, -9184}, {30, 0, 152, 255} }},
	{{ {-893, 706, -7260}, 0, {-27680, -2039}, {255, 255, 255, 255} }},
	{{ {-893, -1440, -7260}, 0, {-27680, 1958}, {30, 0, 152, 255} }},
	{{ {-893, -893, -7254}, 0, {-27336, 939}, {0, 0, 0, 255} }},
	{{ {-893, 893, -7254}, 0, {-27336, -2387}, {255, 255, 255, 255} }},
	{{ {-893, -1440, -7260}, 0, {11791, 1958}, {30, 0, 152, 255} }},
	{{ {-893, -1440, -1080}, 0, {-62, 1958}, {30, 0, 152, 255} }},
	{{ {-893, -754, -893}, 0, {-448, 939}, {115, 115, 115, 255} }},
	{{ {-893, -893, -7254}, 0, {11157, 939}, {0, 0, 0, 255} }},
	{{ {-893, -754, -893}, 0, {-655, 2464}, {115, 115, 115, 255} }},
	{{ {-893, -1440, -1080}, 0, {-655, 2800}, {30, 0, 152, 255} }},
	{{ {-467, -1440, -1080}, 0, {137, 2800}, {30, 0, 152, 255} }},
	{{ {-467, -893, -893}, 0, {137, 2464}, {115, 115, 115, 255} }},
	{{ {467, -1524, -996}, 0, {-256, 2114}, {30, 0, 152, 255} }},
	{{ {467, 790, -7146}, 0, {11200, -2195}, {113, 113, 113, 255} }},
	{{ {467, -1524, -7146}, 0, {11200, 2114}, {30, 0, 152, 255} }},
	{{ {467, 790, -996}, 0, {-256, -2195}, {119, 119, 119, 255} }},
	{{ {467, -893, -893}, 0, {-448, 939}, {115, 115, 115, 255} }},
	{{ {467, 893, -893}, 0, {-448, -2387}, {115, 115, 115, 255} }},
	{{ {467, 790, -7146}, 0, {11200, -2195}, {113, 113, 113, 255} }},
	{{ {467, 893, -7249}, 0, {11392, -2387}, {114, 114, 114, 255} }},
	{{ {-467, 706, -1080}, 0, {-100, -2038}, {153, 153, 153, 255} }},
	{{ {-467, -1440, -7260}, 0, {10695, 1958}, {30, 0, 152, 255} }},
	{{ {-467, 706, -7260}, 0, {10695, -2038}, {153, 153, 153, 255} }},
	{{ {-467, -1440, -1080}, 0, {-100, 1958}, {30, 0, 152, 255} }},
	{{ {-467, 893, -893}, 0, {-448, -2387}, {115, 115, 115, 255} }},
	{{ {-467, 893, -7249}, 0, {11159, -2387}, {115, 115, 115, 255} }},
	{{ {-467, 706, -7260}, 0, {10933, -2038}, {153, 153, 153, 255} }},
	{{ {-467, -893, -893}, 0, {-448, 939}, {115, 115, 115, 255} }},
	{{ {893, -754, -893}, 0, {2671, 939}, {115, 115, 115, 255} }},
	{{ {893, 893, -893}, 0, {2671, -2387}, {115, 115, 115, 255} }},
	{{ {467, 893, -893}, 0, {1879, -2387}, {115, 115, 115, 255} }},
	{{ {467, -893, -893}, 0, {1879, 939}, {115, 115, 115, 255} }},
	{{ {-893, 893, -893}, 0, {-655, -2387}, {115, 115, 115, 255} }},
	{{ {-893, -754, -893}, 0, {-655, 939}, {115, 115, 115, 255} }},
	{{ {-467, -893, -893}, 0, {137, 939}, {115, 115, 115, 255} }},
	{{ {-467, 893, -893}, 0, {137, -2387}, {115, 115, 115, 255} }},
	{{ {-893, -1440, -1080}, 0, {-655, 2116}, {30, 0, 152, 255} }},
	{{ {-893, -1440, -7260}, 0, {-655, -8679}, {30, 0, 152, 255} }},
	{{ {-467, -1440, -7260}, 0, {137, -8679}, {30, 0, 152, 255} }},
	{{ {-467, -1440, -1080}, 0, {137, 2116}, {30, 0, 152, 255} }},
	{{ {893, 790, -7146}, 0, {2671, -2195}, {104, 104, 104, 255} }},
	{{ {893, -1524, -7146}, 0, {2671, 2114}, {30, 0, 152, 255} }},
	{{ {467, -1524, -7146}, 0, {1879, 2114}, {30, 0, 152, 255} }},
	{{ {467, 790, -7146}, 0, {1879, -2195}, {113, 113, 113, 255} }},
	{{ {-893, 706, -7260}, 0, {-686, -1786}, {175, 175, 175, 255} }},
	{{ {-893, 893, -7254}, 0, {-686, -2134}, {144, 144, 144, 255} }},
	{{ {-467, 893, -7249}, 0, {106, -2134}, {144, 144, 144, 255} }},
	{{ {-467, 706, -7260}, 0, {106, -1786}, {175, 175, 175, 255} }},
	{{ {893, -1524, -996}, 0, {2671, 2956}, {30, 0, 152, 255} }},
	{{ {893, -754, -893}, 0, {2671, 2464}, {115, 115, 115, 255} }},
	{{ {467, -893, -893}, 0, {1879, 2464}, {115, 115, 115, 255} }},
	{{ {467, -1524, -996}, 0, {1879, 2956}, {30, 0, 152, 255} }},
	{{ {-736, 736, 893}, 0, {-362, -2094}, {160, 160, 160, 253} }},
	{{ {-893, -754, 893}, 0, {-655, 939}, {115, 115, 115, 255} }},
	{{ {-893, 893, 893}, 0, {-655, -2387}, {119, 119, 119, 255} }},
	{{ {-736, -736, 893}, 0, {-362, 646}, {239, 239, 239, 247} }},
	{{ {736, -736, 893}, 0, {2378, 646}, {185, 185, 185, 126} }},
	{{ {736, 736, 893}, 0, {2378, -2094}, {123, 123, 123, 247} }},
	{{ {893, 893, 893}, 0, {2671, -2387}, {115, 115, 115, 255} }},
	{{ {893, -754, 893}, 0, {2671, 939}, {115, 115, 115, 69} }},
	{{ {-893, -752, -752}, 0, {-711, 676}, {119, 119, 119, 255} }},
	{{ {-893, -754, 893}, 0, {-3774, 939}, {115, 115, 115, 255} }},
	{{ {-893, -754, -893}, 0, {-448, 939}, {115, 115, 115, 255} }},
	{{ {-893, -752, 752}, 0, {-3511, 676}, {231, 231, 231, 255} }},
	{{ {-893, 752, -752}, 0, {-711, -2124}, {119, 119, 119, 255} }},
	{{ {-893, 893, -893}, 0, {-448, -2387}, {115, 115, 115, 255} }},
	{{ {-893, 752, 752}, 0, {-3511, -2124}, {145, 145, 145, 255} }},
	{{ {-893, 893, 893}, 0, {-3774, -2387}, {119, 119, 119, 255} }},
	{{ {893, -705, -705}, 0, {-798, 590}, {119, 119, 119, 246} }},
	{{ {893, 893, -893}, 0, {-448, -2387}, {115, 115, 115, 255} }},
	{{ {893, -754, -893}, 0, {-448, 939}, {115, 115, 115, 255} }},
	{{ {893, 705, -705}, 0, {-798, -2037}, {119, 119, 119, 253} }},
	{{ {893, 705, 705}, 0, {-3425, -2037}, {119, 119, 119, 246} }},
	{{ {893, -705, 705}, 0, {-3425, 590}, {140, 140, 140, 134} }},
	{{ {893, -754, 893}, 0, {-3774, 939}, {115, 115, 115, 69} }},
	{{ {893, 893, 893}, 0, {-3774, -2387}, {115, 115, 115, 255} }},
};

Gfx bob_dl_Cube_mesh_layer_1_tri_0[] = {
	gsSPVertex(bob_dl_Cube_mesh_layer_1_vtx_0 + 0, 31, 0),
	gsSP2Triangles(0, 1, 2, 0, 0, 2, 3, 0),
	gsSP2Triangles(4, 5, 6, 0, 4, 6, 7, 0),
	gsSP2Triangles(8, 9, 10, 0, 8, 10, 11, 0),
	gsSP2Triangles(11, 10, 12, 0, 11, 12, 13, 0),
	gsSP2Triangles(8, 11, 13, 0, 8, 13, 14, 0),
	gsSP2Triangles(15, 8, 14, 0, 15, 14, 16, 0),
	gsSP2Triangles(17, 18, 19, 0, 17, 20, 18, 0),
	gsSP2Triangles(21, 20, 17, 0, 22, 21, 17, 0),
	gsSP2Triangles(22, 17, 23, 0, 24, 22, 23, 0),
	gsSP2Triangles(24, 23, 25, 0, 26, 24, 25, 0),
	gsSP2Triangles(26, 25, 20, 0, 21, 26, 20, 0),
	gsSP2Triangles(21, 24, 26, 0, 21, 22, 24, 0),
	gsSP2Triangles(27, 28, 29, 0, 27, 29, 30, 0),
	gsSPVertex(bob_dl_Cube_mesh_layer_1_vtx_0 + 31, 32, 0),
	gsSP2Triangles(0, 1, 2, 0, 0, 2, 3, 0),
	gsSP2Triangles(4, 5, 6, 0, 4, 6, 7, 0),
	gsSP2Triangles(8, 9, 10, 0, 8, 10, 11, 0),
	gsSP2Triangles(12, 13, 14, 0, 12, 14, 15, 0),
	gsSP2Triangles(16, 17, 18, 0, 16, 18, 19, 0),
	gsSP2Triangles(20, 21, 22, 0, 20, 22, 23, 0),
	gsSP2Triangles(24, 25, 26, 0, 24, 26, 27, 0),
	gsSP2Triangles(28, 24, 27, 0, 28, 27, 29, 0),
	gsSP2Triangles(30, 28, 29, 0, 30, 29, 31, 0),
	gsSPVertex(bob_dl_Cube_mesh_layer_1_vtx_0 + 63, 32, 0),
	gsSP2Triangles(0, 1, 2, 0, 0, 3, 1, 0),
	gsSP2Triangles(4, 5, 6, 0, 4, 6, 7, 0),
	gsSP2Triangles(8, 9, 10, 0, 8, 10, 11, 0),
	gsSP2Triangles(12, 13, 14, 0, 12, 14, 15, 0),
	gsSP2Triangles(16, 17, 18, 0, 16, 18, 19, 0),
	gsSP2Triangles(20, 21, 22, 0, 20, 22, 23, 0),
	gsSP2Triangles(24, 25, 26, 0, 24, 27, 25, 0),
	gsSP2Triangles(27, 24, 28, 0, 27, 28, 29, 0),
	gsSP2Triangles(30, 27, 29, 0, 30, 29, 31, 0),
	gsSPVertex(bob_dl_Cube_mesh_layer_1_vtx_0 + 95, 32, 0),
	gsSP2Triangles(0, 1, 2, 0, 0, 3, 1, 0),
	gsSP2Triangles(3, 0, 4, 0, 0, 5, 4, 0),
	gsSP2Triangles(0, 6, 5, 0, 3, 4, 7, 0),
	gsSP2Triangles(8, 9, 10, 0, 8, 10, 11, 0),
	gsSP2Triangles(12, 13, 14, 0, 12, 14, 15, 0),
	gsSP2Triangles(16, 17, 18, 0, 16, 18, 19, 0),
	gsSP2Triangles(20, 21, 22, 0, 20, 22, 23, 0),
	gsSP2Triangles(24, 25, 26, 0, 24, 26, 27, 0),
	gsSP2Triangles(28, 29, 30, 0, 28, 30, 31, 0),
	gsSPVertex(bob_dl_Cube_mesh_layer_1_vtx_0 + 127, 24, 0),
	gsSP2Triangles(0, 1, 2, 0, 0, 3, 1, 0),
	gsSP2Triangles(4, 3, 0, 0, 4, 0, 5, 0),
	gsSP2Triangles(5, 0, 2, 0, 5, 2, 6, 0),
	gsSP2Triangles(4, 5, 6, 0, 4, 6, 7, 0),
	gsSP2Triangles(3, 4, 7, 0, 3, 7, 1, 0),
	gsSP2Triangles(8, 9, 10, 0, 8, 11, 9, 0),
	gsSP2Triangles(11, 8, 12, 0, 12, 8, 10, 0),
	gsSP2Triangles(12, 10, 13, 0, 14, 12, 13, 0),
	gsSP2Triangles(14, 13, 15, 0, 11, 14, 15, 0),
	gsSP2Triangles(11, 15, 9, 0, 11, 12, 14, 0),
	gsSP2Triangles(16, 17, 18, 0, 16, 19, 17, 0),
	gsSP2Triangles(16, 20, 19, 0, 16, 21, 20, 0),
	gsSP2Triangles(21, 16, 18, 0, 21, 18, 22, 0),
	gsSP2Triangles(20, 21, 22, 0, 20, 22, 23, 0),
	gsSP2Triangles(19, 20, 23, 0, 19, 23, 17, 0),
	gsSPEndDisplayList(),
};

Vtx bob_dl_Cube_mesh_layer_1_vtx_1[144] = {
	{{ {0, -1273, -7224}, 0, {1008, -4323}, {152, 152, 152, 255} }},
	{{ {0, -835, -7224}, 0, {1008, -7321}, {79, 88, 152, 255} }},
	{{ {198, -835, -7171}, 0, {2363, -7321}, {79, 88, 152, 255} }},
	{{ {198, -1273, -7171}, 0, {2363, -4323}, {152, 152, 152, 255} }},
	{{ {0, -2727, -7224}, 0, {1008, 9337}, {0, 0, 0, 255} }},
	{{ {198, -2727, -7171}, 0, {2363, 9337}, {0, 0, 0, 255} }},
	{{ {198, -835, -7171}, 0, {2363, -7321}, {79, 88, 152, 255} }},
	{{ {343, -835, -7025}, 0, {3355, -7321}, {79, 88, 152, 255} }},
	{{ {343, -1273, -7025}, 0, {3355, -4323}, {152, 152, 152, 255} }},
	{{ {198, -2727, -7171}, 0, {2363, 9337}, {0, 0, 0, 255} }},
	{{ {343, -2727, -7025}, 0, {3355, 9337}, {0, 0, 0, 255} }},
	{{ {343, -1273, -7025}, 0, {2363, -4323}, {152, 152, 152, 255} }},
	{{ {343, -835, -7025}, 0, {2363, -7321}, {79, 88, 152, 255} }},
	{{ {396, -835, -6827}, 0, {1008, -7321}, {79, 88, 152, 255} }},
	{{ {396, -1273, -6827}, 0, {1008, -4323}, {152, 152, 152, 255} }},
	{{ {343, -2727, -7025}, 0, {2363, 9337}, {0, 0, 0, 255} }},
	{{ {396, -2727, -6827}, 0, {1008, 9337}, {0, 0, 0, 255} }},
	{{ {396, -835, -6827}, 0, {1008, -7321}, {79, 88, 152, 255} }},
	{{ {343, -835, -6629}, 0, {-347, -7321}, {79, 88, 152, 255} }},
	{{ {343, -1273, -6629}, 0, {-347, -4323}, {152, 152, 152, 255} }},
	{{ {396, -2727, -6827}, 0, {1008, 9337}, {0, 0, 0, 255} }},
	{{ {343, -2727, -6629}, 0, {-347, 9337}, {0, 0, 0, 255} }},
	{{ {343, -1273, -6629}, 0, {3355, -4323}, {152, 152, 152, 255} }},
	{{ {343, -835, -6629}, 0, {3355, -7321}, {79, 88, 152, 255} }},
	{{ {198, -835, -6483}, 0, {2363, -7321}, {79, 88, 152, 255} }},
	{{ {198, -1273, -6483}, 0, {2363, -4323}, {152, 152, 152, 255} }},
	{{ {343, -2727, -6629}, 0, {3355, 9337}, {0, 0, 0, 255} }},
	{{ {198, -2727, -6483}, 0, {2363, 9337}, {0, 0, 0, 255} }},
	{{ {198, -835, -6483}, 0, {2363, -7321}, {79, 88, 152, 255} }},
	{{ {0, -835, -6430}, 0, {1008, -7321}, {79, 88, 152, 255} }},
	{{ {0, -1273, -6430}, 0, {1008, -4323}, {152, 152, 152, 255} }},
	{{ {198, -2727, -6483}, 0, {2363, 9337}, {0, 0, 0, 255} }},
	{{ {198, -2727, -6483}, 0, {2363, 9337}, {0, 0, 0, 255} }},
	{{ {0, -1273, -6430}, 0, {1008, -4323}, {152, 152, 152, 255} }},
	{{ {0, -2727, -6430}, 0, {1008, 9337}, {0, 0, 0, 255} }},
	{{ {0, -835, -6430}, 0, {1008, -7321}, {79, 88, 152, 255} }},
	{{ {-199, -835, -6483}, 0, {-347, -7321}, {79, 88, 152, 255} }},
	{{ {-199, -1273, -6483}, 0, {-347, -4323}, {152, 152, 152, 255} }},
	{{ {0, -2727, -6430}, 0, {1008, 9337}, {0, 0, 0, 255} }},
	{{ {-199, -2727, -6483}, 0, {-347, 9337}, {0, 0, 0, 255} }},
	{{ {-199, -835, -6483}, 0, {-347, -7321}, {79, 88, 152, 255} }},
	{{ {-344, -835, -6629}, 0, {-1339, -7321}, {79, 88, 152, 255} }},
	{{ {-344, -1273, -6629}, 0, {-1339, -4323}, {152, 152, 152, 255} }},
	{{ {-199, -2727, -6483}, 0, {-347, 9337}, {0, 0, 0, 255} }},
	{{ {-344, -2727, -6629}, 0, {-1339, 9337}, {0, 0, 0, 255} }},
	{{ {-344, -1273, -6629}, 0, {-347, -4323}, {152, 152, 152, 255} }},
	{{ {-344, -835, -6629}, 0, {-347, -7321}, {79, 88, 152, 255} }},
	{{ {-397, -835, -6827}, 0, {1008, -7321}, {79, 88, 152, 255} }},
	{{ {-397, -1273, -6827}, 0, {1008, -4323}, {152, 152, 152, 255} }},
	{{ {-344, -835, -7025}, 0, {2363, -7321}, {79, 88, 152, 255} }},
	{{ {-344, -1273, -7025}, 0, {2363, -4323}, {152, 152, 152, 255} }},
	{{ {-397, -2727, -6827}, 0, {1008, 9337}, {0, 0, 0, 255} }},
	{{ {-344, -2727, -7025}, 0, {2363, 9337}, {0, 0, 0, 255} }},
	{{ {-344, -2727, -6629}, 0, {-347, 9337}, {0, 0, 0, 255} }},
	{{ {-397, -2727, -6827}, 0, {1008, 9337}, {0, 0, 0, 255} }},
	{{ {343, -835, -7025}, 0, {3355, -347}, {79, 88, 152, 255} }},
	{{ {198, -835, -7171}, 0, {2363, -1339}, {79, 88, 152, 255} }},
	{{ {0, -835, -7224}, 0, {1008, -1703}, {79, 88, 152, 255} }},
	{{ {-344, -835, -7025}, 0, {-1339, -347}, {79, 88, 152, 255} }},
	{{ {-199, -835, -7171}, 0, {-347, -1339}, {79, 88, 152, 255} }},
	{{ {0, -835, -6430}, 0, {1008, 3719}, {79, 88, 152, 255} }},
	{{ {-344, -835, -6629}, 0, {-1339, 2363}, {79, 88, 152, 255} }},
	{{ {-397, -835, -6827}, 0, {-1703, 1008}, {79, 88, 152, 255} }},
	{{ {-199, -835, -6483}, 0, {-347, 3355}, {79, 88, 152, 255} }},
	{{ {0, -835, -6430}, 0, {1008, 3719}, {79, 88, 152, 255} }},
	{{ {198, -835, -6483}, 0, {2363, 3355}, {79, 88, 152, 255} }},
	{{ {343, -835, -6629}, 0, {3355, 2363}, {79, 88, 152, 255} }},
	{{ {343, -835, -7025}, 0, {3355, -347}, {79, 88, 152, 255} }},
	{{ {396, -835, -6827}, 0, {3719, 1008}, {79, 88, 152, 255} }},
	{{ {-344, -1273, -7025}, 0, {-1339, -4323}, {152, 152, 152, 255} }},
	{{ {-344, -835, -7025}, 0, {-1339, -7321}, {79, 88, 152, 255} }},
	{{ {-199, -835, -7171}, 0, {-347, -7321}, {79, 88, 152, 255} }},
	{{ {-199, -1273, -7171}, 0, {-347, -4323}, {152, 152, 152, 255} }},
	{{ {-344, -2727, -7025}, 0, {-1339, 9337}, {0, 0, 0, 255} }},
	{{ {-199, -2727, -7171}, 0, {-347, 9337}, {0, 0, 0, 255} }},
	{{ {-199, -835, -7171}, 0, {-347, -7321}, {79, 88, 152, 255} }},
	{{ {0, -835, -7224}, 0, {1008, -7321}, {79, 88, 152, 255} }},
	{{ {0, -1273, -7224}, 0, {1008, -4323}, {152, 152, 152, 255} }},
	{{ {-199, -2727, -7171}, 0, {-347, 9337}, {0, 0, 0, 255} }},
	{{ {0, -2727, -7224}, 0, {1008, 9337}, {0, 0, 0, 255} }},
	{{ {325, -970, -3417}, 0, {2061, -45}, {152, 152, 152, 255} }},
	{{ {-323, -970, -3417}, 0, {-45, -45}, {152, 152, 152, 255} }},
	{{ {-323, -970, -2769}, 0, {-45, 2061}, {152, 152, 152, 255} }},
	{{ {325, -970, -2769}, 0, {2061, 2061}, {152, 152, 152, 255} }},
	{{ {-323, -1060, -3417}, 0, {-45, -45}, {152, 152, 152, 255} }},
	{{ {325, -1060, -3417}, 0, {2061, -45}, {152, 152, 152, 255} }},
	{{ {325, -1060, -2769}, 0, {2061, 2061}, {152, 152, 152, 255} }},
	{{ {-323, -1060, -2769}, 0, {-45, 2061}, {152, 152, 152, 255} }},
	{{ {325, -1060, -2769}, 0, {2061, 1155}, {152, 152, 152, 255} }},
	{{ {325, -970, -2769}, 0, {2061, 861}, {152, 152, 152, 255} }},
	{{ {-323, -970, -2769}, 0, {-45, 861}, {152, 152, 152, 255} }},
	{{ {-323, -1060, -2769}, 0, {-45, 1155}, {152, 152, 152, 255} }},
	{{ {325, -1060, -3417}, 0, {2061, 1155}, {152, 152, 152, 255} }},
	{{ {325, -970, -3417}, 0, {2061, 861}, {152, 152, 152, 255} }},
	{{ {325, -970, -2769}, 0, {-45, 861}, {152, 152, 152, 255} }},
	{{ {325, -1060, -2769}, 0, {-45, 1155}, {152, 152, 152, 255} }},
	{{ {-323, -1060, -3417}, 0, {-45, 1155}, {152, 152, 152, 255} }},
	{{ {-323, -970, -3417}, 0, {-45, 861}, {152, 152, 152, 255} }},
	{{ {325, -970, -3417}, 0, {2061, 861}, {152, 152, 152, 255} }},
	{{ {325, -1060, -3417}, 0, {2061, 1155}, {152, 152, 152, 255} }},
	{{ {-323, -1060, -2769}, 0, {-45, 1155}, {152, 152, 152, 255} }},
	{{ {-323, -970, -2769}, 0, {-45, 861}, {152, 152, 152, 255} }},
	{{ {-323, -970, -3417}, 0, {2061, 861}, {152, 152, 152, 255} }},
	{{ {-323, -1060, -3417}, 0, {2061, 1155}, {152, 152, 152, 255} }},
	{{ {325, -794, -5294}, 0, {2061, -45}, {152, 152, 152, 255} }},
	{{ {-323, -794, -5294}, 0, {-45, -45}, {152, 152, 152, 255} }},
	{{ {-323, -794, -4646}, 0, {-45, 2061}, {152, 152, 152, 255} }},
	{{ {325, -794, -4646}, 0, {2061, 2061}, {152, 152, 152, 255} }},
	{{ {-323, -884, -5294}, 0, {-45, -45}, {152, 152, 152, 255} }},
	{{ {325, -884, -5294}, 0, {2061, -45}, {152, 152, 152, 255} }},
	{{ {325, -884, -4646}, 0, {2061, 2061}, {152, 152, 152, 255} }},
	{{ {-323, -884, -4646}, 0, {-45, 2061}, {152, 152, 152, 255} }},
	{{ {325, -884, -4646}, 0, {2061, 1155}, {152, 152, 152, 255} }},
	{{ {325, -794, -4646}, 0, {2061, 861}, {152, 152, 152, 255} }},
	{{ {-323, -794, -4646}, 0, {-45, 861}, {152, 152, 152, 255} }},
	{{ {-323, -884, -4646}, 0, {-45, 1155}, {152, 152, 152, 255} }},
	{{ {325, -884, -5294}, 0, {2061, 1155}, {152, 152, 152, 255} }},
	{{ {325, -794, -5294}, 0, {2061, 861}, {152, 152, 152, 255} }},
	{{ {325, -794, -4646}, 0, {-45, 861}, {152, 152, 152, 255} }},
	{{ {325, -884, -4646}, 0, {-45, 1155}, {152, 152, 152, 255} }},
	{{ {-323, -884, -5294}, 0, {-45, 1155}, {152, 152, 152, 255} }},
	{{ {-323, -794, -5294}, 0, {-45, 861}, {152, 152, 152, 255} }},
	{{ {325, -794, -5294}, 0, {2061, 861}, {152, 152, 152, 255} }},
	{{ {325, -884, -5294}, 0, {2061, 1155}, {152, 152, 152, 255} }},
	{{ {-323, -884, -4646}, 0, {-45, 1155}, {152, 152, 152, 255} }},
	{{ {-323, -794, -4646}, 0, {-45, 861}, {152, 152, 152, 255} }},
	{{ {-323, -794, -5294}, 0, {2061, 861}, {152, 152, 152, 255} }},
	{{ {-323, -884, -5294}, 0, {2061, 1155}, {152, 152, 152, 255} }},
	{{ {-742, -754, 742}, 0, {-6387, -1610}, {231, 231, 231, 248} }},
	{{ {-893, -754, -893}, 0, {-1384, -2139}, {115, 115, 115, 255} }},
	{{ {-893, -754, 893}, 0, {-6846, -2139}, {115, 115, 115, 255} }},
	{{ {-742, -754, -742}, 0, {-1843, -1610}, {119, 119, 119, 253} }},
	{{ {742, -754, 742}, 0, {-6387, 3626}, {166, 166, 166, 124} }},
	{{ {893, -754, 893}, 0, {-6846, 4155}, {115, 115, 115, 69} }},
	{{ {742, -754, -742}, 0, {-1843, 3626}, {119, 119, 119, 248} }},
	{{ {893, -754, -893}, 0, {-1384, 4155}, {115, 115, 115, 255} }},
	{{ {768, -1017, -893}, 0, {3472, 3717}, {119, 119, 119, 255} }},
	{{ {-893, -754, -893}, 0, {3853, -2139}, {115, 115, 115, 255} }},
	{{ {893, -754, -893}, 0, {3853, 4155}, {115, 115, 115, 255} }},
	{{ {-768, -1017, -893}, 0, {3472, -1701}, {119, 119, 119, 255} }},
	{{ {768, -2628, -893}, 0, {-1456, 3717}, {198, 198, 198, 255} }},
	{{ {893, -2752, -893}, 0, {-1837, 4155}, {0, 0, 0, 255} }},
	{{ {-768, -2628, -893}, 0, {-1456, -1701}, {244, 244, 244, 255} }},
	{{ {-893, -2752, -893}, 0, {-1837, -2139}, {0, 0, 0, 255} }},
};

Gfx bob_dl_Cube_mesh_layer_1_tri_1[] = {
	gsSPVertex(bob_dl_Cube_mesh_layer_1_vtx_1 + 0, 32, 0),
	gsSP2Triangles(0, 1, 2, 0, 0, 2, 3, 0),
	gsSP2Triangles(4, 0, 3, 0, 4, 3, 5, 0),
	gsSP2Triangles(3, 6, 7, 0, 3, 7, 8, 0),
	gsSP2Triangles(9, 3, 8, 0, 9, 8, 10, 0),
	gsSP2Triangles(11, 12, 13, 0, 11, 13, 14, 0),
	gsSP2Triangles(15, 11, 14, 0, 15, 14, 16, 0),
	gsSP2Triangles(14, 17, 18, 0, 14, 18, 19, 0),
	gsSP2Triangles(20, 14, 19, 0, 20, 19, 21, 0),
	gsSP2Triangles(22, 23, 24, 0, 22, 24, 25, 0),
	gsSP2Triangles(26, 22, 25, 0, 26, 25, 27, 0),
	gsSP2Triangles(25, 28, 29, 0, 25, 29, 30, 0),
	gsSP1Triangle(31, 25, 30, 0),
	gsSPVertex(bob_dl_Cube_mesh_layer_1_vtx_1 + 32, 32, 0),
	gsSP2Triangles(0, 1, 2, 0, 1, 3, 4, 0),
	gsSP2Triangles(1, 4, 5, 0, 6, 1, 5, 0),
	gsSP2Triangles(6, 5, 7, 0, 5, 8, 9, 0),
	gsSP2Triangles(5, 9, 10, 0, 11, 5, 10, 0),
	gsSP2Triangles(11, 10, 12, 0, 13, 14, 15, 0),
	gsSP2Triangles(13, 15, 16, 0, 16, 15, 17, 0),
	gsSP2Triangles(16, 17, 18, 0, 19, 16, 18, 0),
	gsSP2Triangles(19, 18, 20, 0, 21, 13, 16, 0),
	gsSP2Triangles(21, 16, 22, 0, 23, 24, 25, 0),
	gsSP2Triangles(23, 25, 26, 0, 25, 27, 26, 0),
	gsSP2Triangles(26, 28, 23, 0, 26, 29, 28, 0),
	gsSP2Triangles(26, 30, 29, 0, 29, 31, 28, 0),
	gsSPVertex(bob_dl_Cube_mesh_layer_1_vtx_1 + 64, 32, 0),
	gsSP2Triangles(0, 1, 2, 0, 0, 2, 3, 0),
	gsSP2Triangles(2, 4, 3, 0, 5, 6, 7, 0),
	gsSP2Triangles(5, 7, 8, 0, 9, 5, 8, 0),
	gsSP2Triangles(9, 8, 10, 0, 8, 11, 12, 0),
	gsSP2Triangles(8, 12, 13, 0, 14, 8, 13, 0),
	gsSP2Triangles(14, 13, 15, 0, 16, 17, 18, 0),
	gsSP2Triangles(16, 18, 19, 0, 20, 21, 22, 0),
	gsSP2Triangles(20, 22, 23, 0, 24, 25, 26, 0),
	gsSP2Triangles(24, 26, 27, 0, 28, 29, 30, 0),
	gsSP1Triangle(28, 30, 31, 0),
	gsSPVertex(bob_dl_Cube_mesh_layer_1_vtx_1 + 96, 32, 0),
	gsSP2Triangles(0, 1, 2, 0, 0, 2, 3, 0),
	gsSP2Triangles(4, 5, 6, 0, 4, 6, 7, 0),
	gsSP2Triangles(8, 9, 10, 0, 8, 10, 11, 0),
	gsSP2Triangles(12, 13, 14, 0, 12, 14, 15, 0),
	gsSP2Triangles(16, 17, 18, 0, 16, 18, 19, 0),
	gsSP2Triangles(20, 21, 22, 0, 20, 22, 23, 0),
	gsSP2Triangles(24, 25, 26, 0, 24, 26, 27, 0),
	gsSP2Triangles(28, 29, 30, 0, 28, 30, 31, 0),
	gsSPVertex(bob_dl_Cube_mesh_layer_1_vtx_1 + 128, 16, 0),
	gsSP2Triangles(0, 1, 2, 0, 0, 3, 1, 0),
	gsSP2Triangles(3, 0, 4, 0, 4, 0, 2, 0),
	gsSP2Triangles(4, 2, 5, 0, 6, 4, 5, 0),
	gsSP2Triangles(6, 5, 7, 0, 3, 6, 7, 0),
	gsSP2Triangles(3, 7, 1, 0, 3, 4, 6, 0),
	gsSP2Triangles(8, 9, 10, 0, 8, 11, 9, 0),
	gsSP2Triangles(11, 8, 12, 0, 12, 8, 10, 0),
	gsSP2Triangles(12, 10, 13, 0, 14, 12, 13, 0),
	gsSP2Triangles(14, 13, 15, 0, 11, 14, 15, 0),
	gsSP2Triangles(11, 15, 9, 0, 11, 12, 14, 0),
	gsSPEndDisplayList(),
};

Vtx bob_dl_Cube_002_mesh_layer_1_vtx_cull[8] = {
	{{ {-879, -233, 892}, 0, {0, 0}, {0, 0, 0, 0} }},
	{{ {-879, 235, 892}, 0, {0, 0}, {0, 0, 0, 0} }},
	{{ {-879, 235, -362}, 0, {0, 0}, {0, 0, 0, 0} }},
	{{ {-879, -233, -362}, 0, {0, 0}, {0, 0, 0, 0} }},
	{{ {879, -233, 892}, 0, {0, 0}, {0, 0, 0, 0} }},
	{{ {879, 235, 892}, 0, {0, 0}, {0, 0, 0, 0} }},
	{{ {879, 235, -362}, 0, {0, 0}, {0, 0, 0, 0} }},
	{{ {879, -233, -362}, 0, {0, 0}, {0, 0, 0, 0} }},
};

Vtx bob_dl_Cube_002_mesh_layer_1_vtx_0[12] = {
	{{ {-879, 235, -338}, 0, {-16, 1008}, {0, 86, 231, 255} }},
	{{ {-879, 235, 355}, 0, {1008, 1008}, {0, 86, 231, 255} }},
	{{ {-879, -233, 355}, 0, {1008, -16}, {0, 86, 231, 255} }},
	{{ {-879, -233, -338}, 0, {-16, -16}, {0, 86, 231, 255} }},
	{{ {-315, 235, 892}, 0, {-16, 1008}, {0, 86, 231, 255} }},
	{{ {378, 235, 892}, 0, {1008, 1008}, {0, 86, 231, 255} }},
	{{ {378, -233, 892}, 0, {1008, -16}, {0, 86, 231, 255} }},
	{{ {-315, -233, 892}, 0, {-16, -16}, {0, 86, 231, 255} }},
	{{ {879, 235, 331}, 0, {-16, 1008}, {0, 86, 231, 255} }},
	{{ {879, 235, -362}, 0, {1008, 1008}, {0, 86, 231, 255} }},
	{{ {879, -233, -362}, 0, {1008, -16}, {0, 86, 231, 255} }},
	{{ {879, -233, 331}, 0, {-16, -16}, {0, 86, 231, 255} }},
};

Gfx bob_dl_Cube_002_mesh_layer_1_tri_0[] = {
	gsSPVertex(bob_dl_Cube_002_mesh_layer_1_vtx_0 + 0, 12, 0),
	gsSP2Triangles(0, 1, 2, 0, 0, 2, 3, 0),
	gsSP2Triangles(4, 5, 6, 0, 4, 6, 7, 0),
	gsSP2Triangles(8, 9, 10, 0, 8, 10, 11, 0),
	gsSPEndDisplayList(),
};

Vtx bob_dl_Death_Plane_mesh_layer_1_vtx_cull[8] = {
	{{ {-912, 0, 3419}, 0, {0, 0}, {0, 0, 0, 0} }},
	{{ {-912, 0, 3419}, 0, {0, 0}, {0, 0, 0, 0} }},
	{{ {-912, 0, -3419}, 0, {0, 0}, {0, 0, 0, 0} }},
	{{ {-912, 0, -3419}, 0, {0, 0}, {0, 0, 0, 0} }},
	{{ {912, 0, 3419}, 0, {0, 0}, {0, 0, 0, 0} }},
	{{ {912, 0, 3419}, 0, {0, 0}, {0, 0, 0, 0} }},
	{{ {912, 0, -3419}, 0, {0, 0}, {0, 0, 0, 0} }},
	{{ {912, 0, -3419}, 0, {0, 0}, {0, 0, 0, 0} }},
};

Vtx bob_dl_Death_Plane_mesh_layer_1_vtx_0[4] = {
	{{ {-912, 0, 3419}, 0, {-16, 2032}, {0, 127, 0, 255} }},
	{{ {912, 0, 3419}, 0, {2032, 2032}, {0, 127, 0, 255} }},
	{{ {912, 0, -3419}, 0, {2032, -16}, {0, 127, 0, 255} }},
	{{ {-912, 0, -3419}, 0, {-16, -16}, {0, 127, 0, 255} }},
};

Gfx bob_dl_Death_Plane_mesh_layer_1_tri_0[] = {
	gsSPVertex(bob_dl_Death_Plane_mesh_layer_1_vtx_0 + 0, 4, 0),
	gsSP2Triangles(0, 1, 2, 0, 0, 2, 3, 0),
	gsSPEndDisplayList(),
};

Vtx bob_dl_Circle_mesh_layer_1_vtx_cull[8] = {
	{{ {-2356, 0, 2932}, 0, {0, 0}, {0, 0, 0, 0} }},
	{{ {-2356, 2029, 2932}, 0, {0, 0}, {0, 0, 0, 0} }},
	{{ {-2356, 2029, -2467}, 0, {0, 0}, {0, 0, 0, 0} }},
	{{ {-2356, 0, -2467}, 0, {0, 0}, {0, 0, 0, 0} }},
	{{ {2356, 0, 2932}, 0, {0, 0}, {0, 0, 0, 0} }},
	{{ {2356, 2029, 2932}, 0, {0, 0}, {0, 0, 0, 0} }},
	{{ {2356, 2029, -2467}, 0, {0, 0}, {0, 0, 0, 0} }},
	{{ {2356, 0, -2467}, 0, {0, 0}, {0, 0, 0, 0} }},
};

Vtx bob_dl_Circle_mesh_layer_1_vtx_0[67] = {
	{{ {-296, 0, 2676}, 0, {-1828, 3685}, {0, 0, 0, 255} }},
	{{ {-296, 0, 1869}, 0, {-3895, 3685}, {123, 123, 123, 255} }},
	{{ {-336, 864, 2015}, 0, {-4559, 1338}, {123, 123, 123, 255} }},
	{{ {-336, 864, 2932}, 0, {-2208, 1338}, {0, 0, 0, 255} }},
	{{ {0, 0, 2676}, 0, {-1076, 3685}, {0, 0, 0, 255} }},
	{{ {0, 864, 2932}, 0, {-1353, 1338}, {0, 0, 0, 255} }},
	{{ {296, 0, 2676}, 0, {-324, 3685}, {0, 0, 0, 255} }},
	{{ {336, 864, 2932}, 0, {-497, 1338}, {0, 0, 0, 255} }},
	{{ {296, 0, 1869}, 0, {1744, 3685}, {123, 123, 123, 255} }},
	{{ {336, 864, 2015}, 0, {1854, 1338}, {123, 123, 123, 255} }},
	{{ {1465, 0, 1465}, 0, {4920, 3685}, {123, 123, 123, 255} }},
	{{ {1666, 864, 1555}, 0, {5467, 1338}, {180, 180, 180, 255} }},
	{{ {353, 1663, 2152}, 0, {1796, -835}, {255, 255, 255, 255} }},
	{{ {-336, 864, 2015}, 0, {26, 1338}, {123, 123, 123, 255} }},
	{{ {-353, 1663, 2152}, 0, {84, -835}, {255, 255, 255, 255} }},
	{{ {-1598, 1660, 1540}, 0, {-3301, -825}, {255, 255, 255, 255} }},
	{{ {-1666, 864, 1555}, 0, {-3587, 1338}, {123, 123, 123, 255} }},
	{{ {-296, 0, 1869}, 0, {136, 3685}, {123, 123, 123, 255} }},
	{{ {-1465, 0, 1465}, 0, {-3040, 3685}, {123, 123, 123, 255} }},
	{{ {-2356, 844, -111}, 0, {-5462, 1393}, {123, 123, 123, 255} }},
	{{ {-2071, 0, 0}, 0, {-4689, 3685}, {255, 255, 255, 255} }},
	{{ {-1818, 66, -413}, 0, {-3999, 3507}, {255, 255, 255, 255} }},
	{{ {-2067, 844, -413}, 0, {-4678, 1393}, {163, 163, 163, 255} }},
	{{ {-1462, 666, -413}, 0, {-3032, 1393}, {255, 255, 255, 255} }},
	{{ {-1285, 66, -413}, 0, {-2553, 3507}, {255, 255, 255, 255} }},
	{{ {0, 666, -413}, 0, {940, 1393}, {255, 255, 255, 255} }},
	{{ {0, 66, -413}, 0, {940, 3507}, {255, 255, 255, 255} }},
	{{ {1462, 666, -413}, 0, {4912, 1393}, {255, 255, 255, 255} }},
	{{ {1285, 66, -413}, 0, {4432, 3507}, {255, 255, 255, 255} }},
	{{ {2067, 844, -413}, 0, {6558, 1393}, {163, 163, 163, 255} }},
	{{ {1818, 66, -413}, 0, {5879, 3507}, {255, 255, 255, 255} }},
	{{ {2071, 0, 0}, 0, {6569, 3685}, {255, 255, 255, 255} }},
	{{ {2071, 0, 0}, 0, {6569, 3685}, {255, 255, 255, 255} }},
	{{ {2356, 844, -111}, 0, {7342, 1393}, {123, 123, 123, 255} }},
	{{ {2067, 844, -413}, 0, {6558, 1393}, {163, 163, 163, 255} }},
	{{ {1666, 864, 1555}, 0, {5467, 1338}, {180, 180, 180, 255} }},
	{{ {1465, 0, 1465}, 0, {4920, 3685}, {123, 123, 123, 255} }},
	{{ {1598, 1660, 1540}, 0, {5181, -825}, {255, 255, 255, 255} }},
	{{ {353, 1663, 2152}, 0, {1796, -835}, {255, 255, 255, 255} }},
	{{ {2159, 1666, -48}, 0, {6931, -842}, {255, 255, 255, 255} }},
	{{ {1666, 844, -1777}, 0, {5467, 1393}, {255, 255, 255, 255} }},
	{{ {1465, 1678, -1505}, 0, {5172, -874}, {255, 255, 255, 255} }},
	{{ {0, 844, -2467}, 0, {940, 1393}, {163, 163, 163, 255} }},
	{{ {0, 1683, -2076}, 0, {940, -889}, {255, 255, 255, 255} }},
	{{ {-1666, 844, -1777}, 0, {-3587, 1393}, {255, 255, 255, 255} }},
	{{ {-1465, 1678, -1505}, 0, {-3292, -874}, {255, 255, 255, 255} }},
	{{ {-2356, 844, -111}, 0, {-5462, 1393}, {123, 123, 123, 255} }},
	{{ {-2159, 1666, -48}, 0, {-5051, -842}, {255, 255, 255, 255} }},
	{{ {-1666, 864, 1555}, 0, {-3587, 1338}, {123, 123, 123, 255} }},
	{{ {-1598, 1660, 1540}, 0, {-3301, -825}, {255, 255, 255, 255} }},
	{{ {336, 864, 2015}, 0, {1656, 265}, {123, 123, 123, 255} }},
	{{ {336, 864, 2932}, 0, {1656, 2032}, {0, 0, 0, 255} }},
	{{ {0, 864, 2932}, 0, {1008, 2032}, {0, 0, 0, 255} }},
	{{ {-336, 864, 2015}, 0, {360, 265}, {123, 123, 123, 255} }},
	{{ {-336, 864, 2932}, 0, {360, 2032}, {0, 0, 0, 255} }},
	{{ {1666, 844, -1777}, 0, {4266, 54}, {255, 255, 255, 255} }},
	{{ {2067, 844, -413}, 0, {5051, 2721}, {163, 163, 163, 255} }},
	{{ {2356, 844, -111}, 0, {5615, 3312}, {123, 123, 123, 255} }},
	{{ {1462, 666, -413}, 0, {3867, 2721}, {255, 255, 255, 255} }},
	{{ {0, 666, -413}, 0, {1008, 2721}, {255, 255, 255, 255} }},
	{{ {0, 844, -2467}, 0, {1008, -1296}, {163, 163, 163, 255} }},
	{{ {-1462, 666, -413}, 0, {-1851, 2721}, {255, 255, 255, 255} }},
	{{ {-1666, 844, -1777}, 0, {-2250, 54}, {255, 255, 255, 255} }},
	{{ {-2067, 844, -413}, 0, {-3035, 2721}, {163, 163, 163, 255} }},
	{{ {-1666, 844, -1777}, 0, {-2250, 54}, {255, 255, 255, 255} }},
	{{ {-2356, 844, -111}, 0, {-3599, 3312}, {123, 123, 123, 255} }},
	{{ {-2067, 844, -413}, 0, {-3035, 2721}, {163, 163, 163, 255} }},
};

Gfx bob_dl_Circle_mesh_layer_1_tri_0[] = {
	gsSPVertex(bob_dl_Circle_mesh_layer_1_vtx_0 + 0, 32, 0),
	gsSP2Triangles(0, 1, 2, 0, 0, 2, 3, 0),
	gsSP2Triangles(4, 0, 3, 0, 4, 3, 5, 0),
	gsSP2Triangles(6, 4, 5, 0, 6, 5, 7, 0),
	gsSP2Triangles(8, 6, 7, 0, 8, 7, 9, 0),
	gsSP2Triangles(10, 8, 9, 0, 10, 9, 11, 0),
	gsSP2Triangles(11, 9, 12, 0, 13, 12, 9, 0),
	gsSP2Triangles(13, 14, 12, 0, 13, 15, 14, 0),
	gsSP2Triangles(13, 16, 15, 0, 17, 16, 13, 0),
	gsSP2Triangles(17, 18, 16, 0, 18, 19, 16, 0),
	gsSP2Triangles(18, 20, 19, 0, 19, 20, 21, 0),
	gsSP2Triangles(19, 21, 22, 0, 21, 23, 22, 0),
	gsSP2Triangles(21, 24, 23, 0, 24, 25, 23, 0),
	gsSP2Triangles(24, 26, 25, 0, 26, 27, 25, 0),
	gsSP2Triangles(26, 28, 27, 0, 28, 29, 27, 0),
	gsSP2Triangles(28, 30, 29, 0, 31, 29, 30, 0),
	gsSPVertex(bob_dl_Circle_mesh_layer_1_vtx_0 + 32, 32, 0),
	gsSP2Triangles(0, 1, 2, 0, 0, 3, 1, 0),
	gsSP2Triangles(0, 4, 3, 0, 1, 3, 5, 0),
	gsSP2Triangles(3, 6, 5, 0, 1, 5, 7, 0),
	gsSP2Triangles(8, 1, 7, 0, 8, 7, 9, 0),
	gsSP2Triangles(10, 8, 9, 0, 10, 9, 11, 0),
	gsSP2Triangles(12, 10, 11, 0, 12, 11, 13, 0),
	gsSP2Triangles(14, 12, 13, 0, 14, 13, 15, 0),
	gsSP2Triangles(16, 14, 15, 0, 16, 15, 17, 0),
	gsSP2Triangles(18, 19, 20, 0, 20, 21, 18, 0),
	gsSP2Triangles(20, 22, 21, 0, 23, 24, 25, 0),
	gsSP2Triangles(23, 26, 24, 0, 23, 27, 26, 0),
	gsSP2Triangles(23, 28, 27, 0, 28, 29, 27, 0),
	gsSP2Triangles(28, 30, 29, 0, 30, 31, 29, 0),
	gsSPVertex(bob_dl_Circle_mesh_layer_1_vtx_0 + 64, 3, 0),
	gsSP1Triangle(0, 1, 2, 0),
	gsSPEndDisplayList(),
};

Vtx bob_dl_Circle_mesh_layer_1_vtx_1[16] = {
	{{ {0, 0, 1869}, 0, {496, 2538}, {123, 123, 123, 255} }},
	{{ {-296, 0, 1869}, 0, {110, 2538}, {123, 123, 123, 255} }},
	{{ {-296, 0, 2676}, 0, {110, 3589}, {0, 0, 0, 255} }},
	{{ {0, 0, 2676}, 0, {496, 3589}, {0, 0, 0, 255} }},
	{{ {296, 0, 1869}, 0, {882, 2538}, {123, 123, 123, 255} }},
	{{ {296, 0, 2676}, 0, {882, 3589}, {0, 0, 0, 255} }},
	{{ {-1285, 66, -413}, 0, {-1099, -921}, {255, 255, 255, 255} }},
	{{ {-1818, 66, -413}, 0, {-1760, -921}, {255, 255, 255, 255} }},
	{{ {-2071, 0, 0}, 0, {-2075, -408}, {255, 255, 255, 255} }},
	{{ {1818, 66, -413}, 0, {2752, -921}, {255, 255, 255, 255} }},
	{{ {1465, 0, 1465}, 0, {2314, 1410}, {123, 123, 123, 255} }},
	{{ {0, 0, 1869}, 0, {496, 1913}, {123, 123, 123, 255} }},
	{{ {-296, 0, 1869}, 0, {129, 1913}, {123, 123, 123, 255} }},
	{{ {-1465, 0, 1465}, 0, {-1322, 1410}, {123, 123, 123, 255} }},
	{{ {296, 0, 1869}, 0, {863, 1913}, {123, 123, 123, 255} }},
	{{ {2071, 0, 0}, 0, {3067, -408}, {255, 255, 255, 255} }},
};

Gfx bob_dl_Circle_mesh_layer_1_tri_1[] = {
	gsSPVertex(bob_dl_Circle_mesh_layer_1_vtx_1 + 0, 16, 0),
	gsSP2Triangles(0, 1, 2, 0, 0, 2, 3, 0),
	gsSP2Triangles(4, 0, 3, 0, 4, 3, 5, 0),
	gsSP2Triangles(6, 7, 8, 0, 9, 6, 8, 0),
	gsSP2Triangles(8, 10, 9, 0, 8, 11, 10, 0),
	gsSP2Triangles(8, 12, 11, 0, 8, 13, 12, 0),
	gsSP2Triangles(11, 14, 10, 0, 10, 15, 9, 0),
	gsSPEndDisplayList(),
};

Vtx bob_dl_Circle_mesh_layer_1_vtx_2[18] = {
	{{ {-1465, 1678, -1505}, 0, {16, -1099}, {255, 255, 255, 255} }},
	{{ {0, 1683, -2076}, 0, {-1162, 145}, {255, 255, 255, 255} }},
	{{ {0, 2029, -1417}, 0, {-427, 438}, {255, 255, 255, 255} }},
	{{ {1253, 2029, -937}, 0, {-411, 1800}, {255, 255, 255, 255} }},
	{{ {1465, 1678, -1505}, 0, {-1162, 1857}, {255, 255, 255, 255} }},
	{{ {1850, 2029, 269}, 0, {522, 2733}, {255, 255, 255, 255} }},
	{{ {2159, 1666, -48}, 0, {66, 3117}, {255, 255, 255, 255} }},
	{{ {1568, 2029, 1105}, 0, {1340, 2791}, {255, 255, 255, 255} }},
	{{ {1598, 1660, 1540}, 0, {1774, 3184}, {255, 255, 255, 255} }},
	{{ {262, 2029, 1842}, 0, {2472, 1880}, {255, 255, 255, 255} }},
	{{ {353, 1663, 2152}, 0, {2878, 2181}, {255, 255, 255, 255} }},
	{{ {-262, 2029, 1842}, 0, {2658, 1394}, {255, 255, 255, 255} }},
	{{ {-353, 1663, 2152}, 0, {3168, 1467}, {255, 255, 255, 255} }},
	{{ {-1568, 2029, 1105}, 0, {2473, -51}, {255, 255, 255, 255} }},
	{{ {-1598, 1660, 1540}, 0, {3062, -35}, {255, 255, 255, 255} }},
	{{ {-1850, 2029, 269}, 0, {1841, -574}, {255, 255, 255, 255} }},
	{{ {-2159, 1666, -48}, 0, {1776, -1168}, {255, 255, 255, 255} }},
	{{ {-1253, 2029, -937}, 0, {521, -540}, {255, 255, 255, 255} }},
};

Gfx bob_dl_Circle_mesh_layer_1_tri_2[] = {
	gsSPVertex(bob_dl_Circle_mesh_layer_1_vtx_2 + 0, 18, 0),
	gsSP2Triangles(0, 1, 2, 0, 1, 3, 2, 0),
	gsSP2Triangles(1, 4, 3, 0, 4, 5, 3, 0),
	gsSP2Triangles(4, 6, 5, 0, 6, 7, 5, 0),
	gsSP2Triangles(6, 8, 7, 0, 8, 9, 7, 0),
	gsSP2Triangles(8, 10, 9, 0, 11, 9, 10, 0),
	gsSP2Triangles(11, 10, 12, 0, 12, 13, 11, 0),
	gsSP2Triangles(12, 14, 13, 0, 14, 15, 13, 0),
	gsSP2Triangles(14, 16, 15, 0, 16, 17, 15, 0),
	gsSP2Triangles(16, 0, 17, 0, 0, 2, 17, 0),
	gsSP2Triangles(17, 2, 11, 0, 11, 2, 9, 0),
	gsSP2Triangles(2, 3, 9, 0, 3, 5, 9, 0),
	gsSP2Triangles(5, 7, 9, 0, 15, 17, 11, 0),
	gsSP1Triangle(11, 13, 15, 0),
	gsSPEndDisplayList(),
};

Vtx bob_dl_Cube_001_mesh_layer_1_vtx_cull[8] = {
	{{ {-2523, -317, 317}, 0, {0, 0}, {0, 0, 0, 0} }},
	{{ {-2523, 317, 317}, 0, {0, 0}, {0, 0, 0, 0} }},
	{{ {-2523, 317, -317}, 0, {0, 0}, {0, 0, 0, 0} }},
	{{ {-2523, -317, -317}, 0, {0, 0}, {0, 0, 0, 0} }},
	{{ {2523, -317, 317}, 0, {0, 0}, {0, 0, 0, 0} }},
	{{ {2523, 317, 317}, 0, {0, 0}, {0, 0, 0, 0} }},
	{{ {2523, 317, -317}, 0, {0, 0}, {0, 0, 0, 0} }},
	{{ {2523, -317, -317}, 0, {0, 0}, {0, 0, 0, 0} }},
};

Vtx bob_dl_Cube_001_mesh_layer_1_vtx_0[125] = {
	{{ {-2523, -317, -317}, 0, {-6915, -372}, {255, 255, 255, 255} }},
	{{ {2523, -317, -317}, 0, {8931, -372}, {255, 255, 255, 255} }},
	{{ {2523, -317, 317}, 0, {8931, 2388}, {255, 255, 255, 255} }},
	{{ {-2523, -317, 317}, 0, {-6915, 2388}, {255, 255, 255, 255} }},
	{{ {2523, -317, 254}, 0, {8931, 2112}, {255, 255, 255, 255} }},
	{{ {-2523, -317, 254}, 0, {-6915, 2112}, {255, 255, 255, 255} }},
	{{ {-2523, -317, 254}, 0, {-5330, 2388}, {255, 255, 255, 255} }},
	{{ {-2523, -317, -317}, 0, {8931, 2388}, {255, 255, 255, 255} }},
	{{ {-2523, 176, -190}, 0, {5762, 242}, {255, 255, 255, 255} }},
	{{ {-2523, -176, 127}, 0, {-2161, 1774}, {255, 255, 255, 255} }},
	{{ {-2523, -247, 190}, 0, {-3746, 2081}, {255, 255, 255, 255} }},
	{{ {-2523, -247, 254}, 0, {-5330, 2081}, {255, 255, 255, 255} }},
	{{ {-2523, -176, 190}, 0, {-3746, 1774}, {255, 255, 255, 255} }},
	{{ {2523, 317, -317}, 0, {8931, -372}, {255, 255, 255, 255} }},
	{{ {-2523, 317, -254}, 0, {-6915, -96}, {255, 255, 255, 255} }},
	{{ {2523, 317, -254}, 0, {8931, -96}, {255, 255, 255, 255} }},
	{{ {-2523, 317, -317}, 0, {-6915, -372}, {255, 255, 255, 255} }},
	{{ {2523, -317, -317}, 0, {8931, 2388}, {255, 255, 255, 255} }},
	{{ {2523, 317, -254}, 0, {7346, -372}, {255, 255, 255, 255} }},
	{{ {2523, 247, -254}, 0, {7346, -65}, {255, 255, 255, 255} }},
	{{ {2523, 176, -190}, 0, {5762, 242}, {255, 255, 255, 255} }},
	{{ {2523, 247, -190}, 0, {5762, -65}, {255, 255, 255, 255} }},
	{{ {2523, 35, -63}, 0, {2593, 855}, {255, 255, 255, 255} }},
	{{ {2523, 106, -127}, 0, {4177, 548}, {255, 255, 255, 255} }},
	{{ {2523, 176, -127}, 0, {4177, 242}, {255, 255, 255, 255} }},
	{{ {2523, 106, -63}, 0, {2593, 548}, {255, 255, 255, 255} }},
	{{ {-2523, -317, -317}, 0, {-6915, 2388}, {255, 255, 255, 255} }},
	{{ {2523, 317, -254}, 0, {8931, -372}, {255, 255, 255, 255} }},
	{{ {-2523, 317, -254}, 0, {-6915, -372}, {255, 255, 255, 255} }},
	{{ {-2523, 247, -254}, 0, {-6915, -65}, {255, 255, 255, 255} }},
	{{ {2523, 247, -254}, 0, {8931, -65}, {255, 255, 255, 255} }},
	{{ {2523, 247, -254}, 0, {8931, -96}, {255, 255, 255, 255} }},
	{{ {-2523, 247, -254}, 0, {-6915, -96}, {255, 255, 255, 255} }},
	{{ {-2523, 247, -190}, 0, {-6915, 180}, {255, 255, 255, 255} }},
	{{ {2523, 247, -190}, 0, {8931, 180}, {255, 255, 255, 255} }},
	{{ {2523, 247, -190}, 0, {8931, -65}, {255, 255, 255, 255} }},
	{{ {-2523, 247, -190}, 0, {-6915, -65}, {255, 255, 255, 255} }},
	{{ {-2523, 176, -190}, 0, {-6915, 242}, {255, 255, 255, 255} }},
	{{ {2523, 176, -190}, 0, {8931, 242}, {255, 255, 255, 255} }},
	{{ {2523, 176, -190}, 0, {8931, 180}, {255, 255, 255, 255} }},
	{{ {-2523, 176, -190}, 0, {-6915, 180}, {255, 255, 255, 255} }},
	{{ {-2523, 176, -127}, 0, {-6915, 456}, {255, 255, 255, 255} }},
	{{ {2523, 176, -127}, 0, {8931, 456}, {255, 255, 255, 255} }},
	{{ {2523, 176, -127}, 0, {8931, 242}, {255, 255, 255, 255} }},
	{{ {-2523, 176, -127}, 0, {-6915, 242}, {255, 255, 255, 255} }},
	{{ {-2523, 106, -127}, 0, {-6915, 548}, {255, 255, 255, 255} }},
	{{ {2523, 106, -127}, 0, {8931, 548}, {255, 255, 255, 255} }},
	{{ {2523, 106, -127}, 0, {8931, 456}, {255, 255, 255, 255} }},
	{{ {-2523, 106, -127}, 0, {-6915, 456}, {255, 255, 255, 255} }},
	{{ {-2523, 106, -63}, 0, {-6915, 732}, {255, 255, 255, 255} }},
	{{ {2523, 106, -63}, 0, {8931, 732}, {255, 255, 255, 255} }},
	{{ {2523, 106, -63}, 0, {8931, 548}, {255, 255, 255, 255} }},
	{{ {-2523, 106, -63}, 0, {-6915, 548}, {255, 255, 255, 255} }},
	{{ {-2523, 35, -63}, 0, {-6915, 855}, {255, 255, 255, 255} }},
	{{ {2523, 35, -63}, 0, {8931, 855}, {255, 255, 255, 255} }},
	{{ {2523, 35, -63}, 0, {8931, 732}, {255, 255, 255, 255} }},
	{{ {-2523, 35, -63}, 0, {-6915, 732}, {255, 255, 255, 255} }},
	{{ {-2523, 35, 0}, 0, {-6915, 1008}, {255, 255, 255, 255} }},
	{{ {2523, 35, 0}, 0, {8931, 1008}, {255, 255, 255, 255} }},
	{{ {2523, 35, 0}, 0, {8931, 855}, {255, 255, 255, 255} }},
	{{ {-2523, 35, 0}, 0, {-6915, 855}, {255, 255, 255, 255} }},
	{{ {-2523, -35, 0}, 0, {-6915, 1161}, {255, 255, 255, 255} }},
	{{ {2523, -35, 0}, 0, {8931, 1161}, {255, 255, 255, 255} }},
	{{ {2523, -35, 0}, 0, {8931, 1008}, {255, 255, 255, 255} }},
	{{ {-2523, -35, 0}, 0, {-6915, 1008}, {255, 255, 255, 255} }},
	{{ {-2523, -35, 63}, 0, {-6915, 1284}, {255, 255, 255, 255} }},
	{{ {2523, -35, 63}, 0, {8931, 1284}, {255, 255, 255, 255} }},
	{{ {2523, -35, 63}, 0, {8931, 1161}, {255, 255, 255, 255} }},
	{{ {-2523, -35, 63}, 0, {-6915, 1161}, {255, 255, 255, 255} }},
	{{ {-2523, -106, 63}, 0, {-6915, 1468}, {255, 255, 255, 255} }},
	{{ {2523, -106, 63}, 0, {8931, 1468}, {255, 255, 255, 255} }},
	{{ {2523, -106, 63}, 0, {8931, 1284}, {255, 255, 255, 255} }},
	{{ {-2523, -106, 63}, 0, {-6915, 1284}, {255, 255, 255, 255} }},
	{{ {-2523, -106, 127}, 0, {-6915, 1560}, {255, 255, 255, 255} }},
	{{ {2523, -106, 127}, 0, {8931, 1560}, {255, 255, 255, 255} }},
	{{ {2523, -106, 127}, 0, {8931, 1468}, {255, 255, 255, 255} }},
	{{ {-2523, -106, 127}, 0, {-6915, 1468}, {255, 255, 255, 255} }},
	{{ {-2523, -176, 127}, 0, {-6915, 1774}, {255, 255, 255, 255} }},
	{{ {2523, -176, 127}, 0, {8931, 1774}, {255, 255, 255, 255} }},
	{{ {2523, -176, 127}, 0, {8931, 1560}, {255, 255, 255, 255} }},
	{{ {-2523, -176, 127}, 0, {-6915, 1560}, {255, 255, 255, 255} }},
	{{ {-2523, -176, 190}, 0, {-6915, 1836}, {255, 255, 255, 255} }},
	{{ {2523, -176, 190}, 0, {8931, 1836}, {255, 255, 255, 255} }},
	{{ {2523, -176, 190}, 0, {8931, 1774}, {255, 255, 255, 255} }},
	{{ {-2523, -176, 190}, 0, {-6915, 1774}, {255, 255, 255, 255} }},
	{{ {-2523, -247, 190}, 0, {-6915, 2081}, {255, 255, 255, 255} }},
	{{ {2523, -247, 190}, 0, {8931, 2081}, {255, 255, 255, 255} }},
	{{ {2523, -247, 190}, 0, {8931, 1836}, {255, 255, 255, 255} }},
	{{ {-2523, -247, 190}, 0, {-6915, 1836}, {255, 255, 255, 255} }},
	{{ {-2523, -247, 254}, 0, {-6915, 2112}, {255, 255, 255, 255} }},
	{{ {2523, -247, 254}, 0, {8931, 2112}, {255, 255, 255, 255} }},
	{{ {2523, -247, 254}, 0, {8931, 2081}, {255, 255, 255, 255} }},
	{{ {-2523, -247, 254}, 0, {-6915, 2081}, {255, 255, 255, 255} }},
	{{ {-2523, -317, 254}, 0, {-6915, 2388}, {255, 255, 255, 255} }},
	{{ {2523, -317, 254}, 0, {8931, 2388}, {255, 255, 255, 255} }},
	{{ {-2523, -176, 127}, 0, {-2161, 1774}, {255, 255, 255, 255} }},
	{{ {-2523, -106, 127}, 0, {-2161, 1468}, {255, 255, 255, 255} }},
	{{ {-2523, -106, 63}, 0, {-577, 1468}, {255, 255, 255, 255} }},
	{{ {-2523, -35, 0}, 0, {1008, 1161}, {255, 255, 255, 255} }},
	{{ {-2523, -35, 63}, 0, {-577, 1161}, {255, 255, 255, 255} }},
	{{ {-2523, 35, -63}, 0, {2593, 855}, {255, 255, 255, 255} }},
	{{ {-2523, 35, 0}, 0, {1008, 855}, {255, 255, 255, 255} }},
	{{ {-2523, 176, -190}, 0, {5762, 242}, {255, 255, 255, 255} }},
	{{ {-2523, 106, -127}, 0, {4177, 548}, {255, 255, 255, 255} }},
	{{ {-2523, 106, -63}, 0, {2593, 548}, {255, 255, 255, 255} }},
	{{ {-2523, 176, -127}, 0, {4177, 242}, {255, 255, 255, 255} }},
	{{ {-2523, 247, -190}, 0, {5762, -65}, {255, 255, 255, 255} }},
	{{ {-2523, 247, -254}, 0, {7346, -65}, {255, 255, 255, 255} }},
	{{ {-2523, -317, -317}, 0, {8931, 2388}, {255, 255, 255, 255} }},
	{{ {-2523, 317, -254}, 0, {7346, -372}, {255, 255, 255, 255} }},
	{{ {-2523, 317, -317}, 0, {8931, -372}, {255, 255, 255, 255} }},
	{{ {2523, 35, -63}, 0, {2593, 855}, {255, 255, 255, 255} }},
	{{ {2523, 35, 0}, 0, {1008, 855}, {255, 255, 255, 255} }},
	{{ {2523, -35, 0}, 0, {1008, 1161}, {255, 255, 255, 255} }},
	{{ {2523, -317, 254}, 0, {-5330, 2388}, {255, 255, 255, 255} }},
	{{ {2523, -176, 127}, 0, {-2161, 1774}, {255, 255, 255, 255} }},
	{{ {2523, -106, 63}, 0, {-577, 1468}, {255, 255, 255, 255} }},
	{{ {2523, -35, 63}, 0, {-577, 1161}, {255, 255, 255, 255} }},
	{{ {2523, -106, 127}, 0, {-2161, 1468}, {255, 255, 255, 255} }},
	{{ {2523, -176, 190}, 0, {-3746, 1774}, {255, 255, 255, 255} }},
	{{ {2523, -247, 190}, 0, {-3746, 2081}, {255, 255, 255, 255} }},
	{{ {2523, -247, 254}, 0, {-5330, 2081}, {255, 255, 255, 255} }},
	{{ {2523, -317, 317}, 0, {-6915, 2388}, {255, 255, 255, 255} }},
	{{ {2523, -317, 317}, 0, {-6915, 2388}, {255, 255, 255, 255} }},
	{{ {2523, -317, -317}, 0, {8931, 2388}, {255, 255, 255, 255} }},
};

Gfx bob_dl_Cube_001_mesh_layer_1_tri_0[] = {
	gsSPVertex(bob_dl_Cube_001_mesh_layer_1_vtx_0 + 0, 31, 0),
	gsSP2Triangles(0, 1, 2, 0, 0, 2, 3, 0),
	gsSP2Triangles(2, 3, 3, 0, 2, 2, 3, 0),
	gsSP2Triangles(4, 3, 2, 0, 4, 5, 3, 0),
	gsSP2Triangles(3, 3, 6, 0, 7, 3, 6, 0),
	gsSP2Triangles(7, 6, 8, 0, 6, 9, 8, 0),
	gsSP2Triangles(6, 10, 9, 0, 6, 11, 10, 0),
	gsSP2Triangles(10, 12, 9, 0, 13, 14, 15, 0),
	gsSP2Triangles(13, 16, 14, 0, 13, 16, 13, 0),
	gsSP2Triangles(17, 13, 13, 0, 17, 13, 18, 0),
	gsSP2Triangles(18, 19, 17, 0, 19, 20, 17, 0),
	gsSP2Triangles(19, 21, 20, 0, 20, 22, 17, 0),
	gsSP2Triangles(20, 23, 22, 0, 20, 24, 23, 0),
	gsSP2Triangles(23, 25, 22, 0, 26, 13, 17, 0),
	gsSP2Triangles(26, 16, 13, 0, 13, 16, 16, 0),
	gsSP2Triangles(27, 28, 29, 0, 27, 29, 30, 0),
	gsSPVertex(bob_dl_Cube_001_mesh_layer_1_vtx_0 + 31, 32, 0),
	gsSP2Triangles(0, 1, 2, 0, 0, 2, 3, 0),
	gsSP2Triangles(4, 5, 6, 0, 4, 6, 7, 0),
	gsSP2Triangles(8, 9, 10, 0, 8, 10, 11, 0),
	gsSP2Triangles(12, 13, 14, 0, 12, 14, 15, 0),
	gsSP2Triangles(16, 17, 18, 0, 16, 18, 19, 0),
	gsSP2Triangles(20, 21, 22, 0, 20, 22, 23, 0),
	gsSP2Triangles(24, 25, 26, 0, 24, 26, 27, 0),
	gsSP2Triangles(28, 29, 30, 0, 28, 30, 31, 0),
	gsSPVertex(bob_dl_Cube_001_mesh_layer_1_vtx_0 + 63, 32, 0),
	gsSP2Triangles(0, 1, 2, 0, 0, 2, 3, 0),
	gsSP2Triangles(4, 5, 6, 0, 4, 6, 7, 0),
	gsSP2Triangles(8, 9, 10, 0, 8, 10, 11, 0),
	gsSP2Triangles(12, 13, 14, 0, 12, 14, 15, 0),
	gsSP2Triangles(16, 17, 18, 0, 16, 18, 19, 0),
	gsSP2Triangles(20, 21, 22, 0, 20, 22, 23, 0),
	gsSP2Triangles(24, 25, 26, 0, 24, 26, 27, 0),
	gsSP2Triangles(28, 29, 30, 0, 28, 30, 31, 0),
	gsSPVertex(bob_dl_Cube_001_mesh_layer_1_vtx_0 + 95, 30, 0),
	gsSP2Triangles(0, 1, 2, 0, 0, 2, 3, 0),
	gsSP2Triangles(2, 4, 3, 0, 0, 3, 5, 0),
	gsSP2Triangles(3, 6, 5, 0, 0, 5, 7, 0),
	gsSP2Triangles(5, 8, 7, 0, 5, 9, 8, 0),
	gsSP2Triangles(8, 10, 7, 0, 7, 11, 12, 0),
	gsSP2Triangles(13, 7, 12, 0, 13, 12, 14, 0),
	gsSP2Triangles(14, 15, 13, 0, 15, 15, 13, 0),
	gsSP2Triangles(16, 17, 18, 0, 16, 18, 19, 0),
	gsSP2Triangles(18, 20, 19, 0, 18, 21, 20, 0),
	gsSP2Triangles(18, 22, 21, 0, 21, 23, 20, 0),
	gsSP2Triangles(20, 24, 25, 0, 20, 25, 19, 0),
	gsSP2Triangles(25, 26, 19, 0, 19, 27, 27, 0),
	gsSP2Triangles(19, 27, 29, 0, 16, 19, 29, 0),
	gsSPEndDisplayList(),
};

Gfx mat_bob_dl_material_1_001_f3d[] = {
	gsSPClearGeometryMode(G_LIGHTING),
	gsDPPipeSync(),
	gsDPSetCombineLERP(TEXEL0, 0, TEXEL1, 0, ENVIRONMENT, 0, SHADE, 0, COMBINED, 0, SHADE, 0, ENVIRONMENT, 0, SHADE, 0),
	gsDPSetAlphaDither(G_AD_NOISE),
	gsDPSetCycleType(G_CYC_2CYCLE),
	gsSPTexture(65535, 65535, 0, 0, 1),
	gsDPSetTextureImage(G_IM_FMT_I, G_IM_SIZ_16b, 1, bob_dl_GrassTestie_png_i4),
	gsDPSetTile(G_IM_FMT_I, G_IM_SIZ_16b, 0, 0, 7, 0, G_TX_WRAP | G_TX_NOMIRROR, 0, 0, G_TX_WRAP | G_TX_NOMIRROR, 0, 0),
	gsDPLoadBlock(7, 0, 0, 1023, 512),
	gsDPSetTile(G_IM_FMT_I, G_IM_SIZ_4b, 4, 0, 0, 0, G_TX_WRAP | G_TX_NOMIRROR, 6, 0, G_TX_WRAP | G_TX_NOMIRROR, 6, 0),
	gsDPSetTileSize(0, 0, 0, 252, 252),
	gsDPSetTextureImage(G_IM_FMT_I, G_IM_SIZ_16b, 1, bob_dl_TexturesCom_Cement_1x1_512_height_png_i4),
	gsDPSetTile(G_IM_FMT_I, G_IM_SIZ_16b, 0, 256, 6, 0, G_TX_WRAP | G_TX_NOMIRROR, 0, 0, G_TX_WRAP | G_TX_NOMIRROR, 0, 0),
	gsDPLoadBlock(6, 0, 0, 1023, 512),
	gsDPSetTile(G_IM_FMT_I, G_IM_SIZ_4b, 4, 256, 1, 0, G_TX_WRAP | G_TX_NOMIRROR, 5, 2, G_TX_WRAP | G_TX_NOMIRROR, 5, 2),
	gsDPSetTileSize(1, 0, 0, 124, 124),
	gsSPEndDisplayList(),
};

Gfx mat_revert_bob_dl_material_1_001_f3d[] = {
	gsSPSetGeometryMode(G_LIGHTING),
	gsDPPipeSync(),
	gsDPSetAlphaDither(G_AD_DISABLE),
	gsDPSetCycleType(G_CYC_1CYCLE),
	gsSPEndDisplayList(),
};

Gfx mat_bob_dl_dirt[] = {
	gsSPClearGeometryMode(G_LIGHTING),
	gsDPPipeSync(),
	gsDPSetCombineLERP(TEXEL0, 0, TEXEL1, 0, 0, 0, 0, 0, COMBINED, 0, SHADE, 0, 1, 0, TEXEL1, 0),
	gsDPSetAlphaDither(G_AD_NOISE),
	gsDPSetTextureLUT(G_TT_RGBA16),
	gsDPSetCycleType(G_CYC_2CYCLE),
	gsSPTexture(65535, 65535, 0, 0, 1),
	gsDPSetTextureImage(G_IM_FMT_RGBA, G_IM_SIZ_16b, 1, bob_dl_stone_granite_ci8_x_Dirt_3_pal_rgba16),
	gsDPSetTile(0, 0, 0, 256, 5, 0, G_TX_WRAP | G_TX_NOMIRROR, 0, 0, G_TX_WRAP | G_TX_NOMIRROR, 0, 0),
	gsDPLoadTLUTCmd(5, 71),
	gsDPSetTextureImage(G_IM_FMT_CI, G_IM_SIZ_8b_LOAD_BLOCK, 1, bob_dl_stone_granite_ci8_ci8),
	gsDPSetTile(G_IM_FMT_CI, G_IM_SIZ_8b_LOAD_BLOCK, 0, 0, 7, 0, G_TX_WRAP | G_TX_NOMIRROR, 0, 0, G_TX_WRAP | G_TX_NOMIRROR, 0, 0),
	gsDPLoadBlock(7, 0, 0, 511, 512),
	gsDPSetTile(G_IM_FMT_CI, G_IM_SIZ_8b, 4, 0, 0, 0, G_TX_WRAP | G_TX_NOMIRROR, 5, 13, G_TX_WRAP | G_TX_NOMIRROR, 5, 13),
	gsDPSetTileSize(0, 0, 0, 124, 124),
	gsDPSetTextureImage(G_IM_FMT_CI, G_IM_SIZ_8b_LOAD_BLOCK, 1, bob_dl_Dirt_3_ci8),
	gsDPSetTile(G_IM_FMT_CI, G_IM_SIZ_8b_LOAD_BLOCK, 0, 128, 6, 0, G_TX_WRAP | G_TX_NOMIRROR, 0, 0, G_TX_WRAP | G_TX_NOMIRROR, 0, 0),
	gsDPLoadBlock(6, 0, 0, 511, 512),
	gsDPSetTile(G_IM_FMT_CI, G_IM_SIZ_8b, 4, 128, 1, 0, G_TX_WRAP | G_TX_NOMIRROR, 5, 13, G_TX_WRAP | G_TX_NOMIRROR, 5, 13),
	gsDPSetTileSize(1, 0, 0, 124, 124),
	gsSPEndDisplayList(),
};

Gfx mat_revert_bob_dl_dirt[] = {
	gsSPSetGeometryMode(G_LIGHTING),
	gsDPPipeSync(),
	gsDPSetAlphaDither(G_AD_DISABLE),
	gsDPSetTextureLUT(G_TT_NONE),
	gsDPSetCycleType(G_CYC_1CYCLE),
	gsSPEndDisplayList(),
};

Gfx mat_bob_dl_f3dlite_material_005[] = {
	gsSPClearGeometryMode(G_LIGHTING),
	gsDPPipeSync(),
	gsDPSetCombineLERP(TEXEL0, 0, SHADE, 0, ENVIRONMENT, 0, SHADE, 0, TEXEL0, 0, SHADE, 0, ENVIRONMENT, 0, SHADE, 0),
	gsDPSetAlphaDither(G_AD_NOISE),
	gsDPSetTextureLUT(G_TT_RGBA16),
	gsSPTexture(65535, 65535, 0, 0, 1),
	gsDPSetTextureImage(G_IM_FMT_RGBA, G_IM_SIZ_16b, 1, bob_dl__2EB6628BD0351A22F3163295E64E9B63_ci4_pal_rgba16),
	gsDPSetTile(0, 0, 0, 256, 5, 0, G_TX_WRAP | G_TX_NOMIRROR, 0, 0, G_TX_WRAP | G_TX_NOMIRROR, 0, 0),
	gsDPLoadTLUTCmd(5, 14),
	gsDPSetTextureImage(G_IM_FMT_CI, G_IM_SIZ_16b, 1, bob_dl__2EB6628BD0351A22F3163295E64E9B63_ci4_ci4),
	gsDPSetTile(G_IM_FMT_CI, G_IM_SIZ_16b, 0, 0, 7, 0, G_TX_WRAP | G_TX_NOMIRROR, 0, 0, G_TX_WRAP | G_TX_NOMIRROR, 0, 0),
	gsDPLoadBlock(7, 0, 0, 1023, 512),
	gsDPSetTile(G_IM_FMT_CI, G_IM_SIZ_4b, 4, 0, 0, 0, G_TX_WRAP | G_TX_NOMIRROR, 6, 0, G_TX_WRAP | G_TX_NOMIRROR, 6, 0),
	gsDPSetTileSize(0, 0, 0, 252, 252),
	gsSPEndDisplayList(),
};

Gfx mat_revert_bob_dl_f3dlite_material_005[] = {
	gsSPSetGeometryMode(G_LIGHTING),
	gsDPPipeSync(),
	gsDPSetAlphaDither(G_AD_DISABLE),
	gsDPSetTextureLUT(G_TT_NONE),
	gsSPEndDisplayList(),
};

Gfx mat_bob_dl_f3dlite_material_007[] = {
	gsSPClearGeometryMode(G_LIGHTING),
	gsDPPipeSync(),
	gsDPSetCombineLERP(TEXEL0, 0, SHADE, 0, ENVIRONMENT, 0, SHADE, 0, TEXEL0, 0, SHADE, 0, ENVIRONMENT, 0, SHADE, 0),
	gsDPSetAlphaDither(G_AD_NOISE),
	gsDPSetTextureLUT(G_TT_RGBA16),
	gsSPTexture(65535, 65535, 0, 0, 1),
	gsDPSetTextureImage(G_IM_FMT_RGBA, G_IM_SIZ_16b, 1, bob_dl_Texture0201_RGB_ci8_pal_rgba16),
	gsDPSetTile(0, 0, 0, 256, 5, 0, G_TX_WRAP | G_TX_NOMIRROR, 0, 0, G_TX_WRAP | G_TX_NOMIRROR, 0, 0),
	gsDPLoadTLUTCmd(5, 155),
	gsDPSetTextureImage(G_IM_FMT_CI, G_IM_SIZ_8b_LOAD_BLOCK, 1, bob_dl_Texture0201_RGB_ci8_ci8),
	gsDPSetTile(G_IM_FMT_CI, G_IM_SIZ_8b_LOAD_BLOCK, 0, 0, 7, 0, G_TX_WRAP | G_TX_NOMIRROR, 0, 0, G_TX_WRAP | G_TX_NOMIRROR, 0, 0),
	gsDPLoadBlock(7, 0, 0, 511, 512),
	gsDPSetTile(G_IM_FMT_CI, G_IM_SIZ_8b, 4, 0, 0, 0, G_TX_WRAP | G_TX_NOMIRROR, 5, 0, G_TX_WRAP | G_TX_NOMIRROR, 5, 0),
	gsDPSetTileSize(0, 0, 0, 124, 124),
	gsSPEndDisplayList(),
};

Gfx mat_revert_bob_dl_f3dlite_material_007[] = {
	gsSPSetGeometryMode(G_LIGHTING),
	gsDPPipeSync(),
	gsDPSetAlphaDither(G_AD_DISABLE),
	gsDPSetTextureLUT(G_TT_NONE),
	gsSPEndDisplayList(),
};

Gfx mat_bob_dl_f3dlite_material_012[] = {
	gsSPClearGeometryMode(G_LIGHTING),
	gsDPPipeSync(),
	gsDPSetCombineLERP(TEXEL0, 0, SHADE, 0, ENVIRONMENT, 0, SHADE, 0, TEXEL0, 0, SHADE, 0, ENVIRONMENT, 0, SHADE, 0),
	gsDPSetAlphaDither(G_AD_NOISE),
	gsDPSetTextureLUT(G_TT_RGBA16),
	gsSPTexture(65535, 65535, 0, 0, 1),
	gsDPSetTextureImage(G_IM_FMT_RGBA, G_IM_SIZ_16b, 1, bob_dl_frs_step_01_3C680_ci8_pal_rgba16),
	gsDPSetTile(0, 0, 0, 256, 5, 0, G_TX_WRAP | G_TX_NOMIRROR, 0, 0, G_TX_WRAP | G_TX_NOMIRROR, 0, 0),
	gsDPLoadTLUTCmd(5, 63),
	gsDPSetTextureImage(G_IM_FMT_CI, G_IM_SIZ_8b_LOAD_BLOCK, 1, bob_dl_frs_step_01_3C680_ci8_ci8),
	gsDPSetTile(G_IM_FMT_CI, G_IM_SIZ_8b_LOAD_BLOCK, 0, 0, 7, 0, G_TX_WRAP | G_TX_NOMIRROR, 0, 0, G_TX_WRAP | G_TX_NOMIRROR, 0, 0),
	gsDPLoadBlock(7, 0, 0, 1023, 256),
	gsDPSetTile(G_IM_FMT_CI, G_IM_SIZ_8b, 8, 0, 0, 0, G_TX_WRAP | G_TX_NOMIRROR, 5, 0, G_TX_WRAP | G_TX_NOMIRROR, 6, 0),
	gsDPSetTileSize(0, 0, 0, 252, 124),
	gsSPEndDisplayList(),
};

Gfx mat_revert_bob_dl_f3dlite_material_012[] = {
	gsSPSetGeometryMode(G_LIGHTING),
	gsDPPipeSync(),
	gsDPSetAlphaDither(G_AD_DISABLE),
	gsDPSetTextureLUT(G_TT_NONE),
	gsSPEndDisplayList(),
};

Gfx mat_bob_dl_f3dlite_material_014[] = {
	gsSPClearGeometryMode(G_CULL_BACK),
	gsDPPipeSync(),
	gsDPSetCombineLERP(TEXEL0, 0, PRIMITIVE, 0, TEXEL0, 0, PRIMITIVE, 0, TEXEL0, 0, PRIMITIVE, 0, TEXEL0, 0, PRIMITIVE, 0),
	gsDPSetAlphaDither(G_AD_NOISE),
	gsDPSetTextureFilter(G_TF_AVERAGE),
	gsSPTexture(65535, 65535, 0, 0, 1),
	gsDPSetPrimColor(0, 0, 242, 255, 0, 255),
	gsDPSetTextureImage(G_IM_FMT_IA, G_IM_SIZ_8b_LOAD_BLOCK, 1, bob_dl_sun_ia8),
	gsDPSetTile(G_IM_FMT_IA, G_IM_SIZ_8b_LOAD_BLOCK, 0, 0, 7, 0, G_TX_WRAP | G_TX_NOMIRROR, 0, 0, G_TX_WRAP | G_TX_NOMIRROR, 0, 0),
	gsDPLoadBlock(7, 0, 0, 2047, 256),
	gsDPSetTile(G_IM_FMT_IA, G_IM_SIZ_8b, 8, 0, 0, 0, G_TX_CLAMP | G_TX_NOMIRROR, 6, 0, G_TX_CLAMP | G_TX_NOMIRROR, 6, 0),
	gsDPSetTileSize(0, 0, 0, 252, 252),
	gsSPEndDisplayList(),
};

Gfx mat_revert_bob_dl_f3dlite_material_014[] = {
	gsSPSetGeometryMode(G_CULL_BACK),
	gsDPPipeSync(),
	gsDPSetAlphaDither(G_AD_DISABLE),
	gsDPSetTextureFilter(G_TF_BILERP),
	gsSPEndDisplayList(),
};

Gfx mat_bob_dl_f3dlite_material_008[] = {
	gsSPClearGeometryMode(G_CULL_BACK),
	gsDPPipeSync(),
	gsDPSetCombineLERP(TEXEL0, 0, PRIMITIVE_ALPHA, 0, TEXEL0, 0, PRIMITIVE, 0, TEXEL0, 0, PRIMITIVE_ALPHA, 0, TEXEL0, 0, PRIMITIVE, 0),
	gsDPSetAlphaDither(G_AD_NOISE),
	gsSPTexture(65535, 65535, 0, 0, 1),
	gsDPSetPrimColor(0, 0, 255, 255, 255, 255),
	gsDPSetTextureImage(G_IM_FMT_IA, G_IM_SIZ_8b_LOAD_BLOCK, 1, bob_dl_cloud_ia8),
	gsDPSetTile(G_IM_FMT_IA, G_IM_SIZ_8b_LOAD_BLOCK, 0, 0, 7, 0, G_TX_WRAP | G_TX_NOMIRROR, 0, 0, G_TX_WRAP | G_TX_NOMIRROR, 0, 0),
	gsDPLoadBlock(7, 0, 0, 1023, 256),
	gsDPSetTile(G_IM_FMT_IA, G_IM_SIZ_8b, 8, 0, 0, 0, G_TX_WRAP | G_TX_NOMIRROR, 5, 0, G_TX_WRAP | G_TX_NOMIRROR, 6, 0),
	gsDPSetTileSize(0, 0, 0, 252, 124),
	gsSPEndDisplayList(),
};

Gfx mat_revert_bob_dl_f3dlite_material_008[] = {
	gsSPSetGeometryMode(G_CULL_BACK),
	gsDPPipeSync(),
	gsDPSetAlphaDither(G_AD_DISABLE),
	gsSPEndDisplayList(),
};

Gfx mat_bob_dl__18_f3d[] = {
	gsSPClearGeometryMode(G_CULL_BACK),
	gsDPPipeSync(),
	gsDPSetCombineLERP(TEXEL0, 0, PRIMITIVE, 0, TEXEL0, 0, PRIMITIVE, 0, TEXEL0, 0, PRIMITIVE, 0, TEXEL0, 0, PRIMITIVE, 0),
	gsDPSetAlphaDither(G_AD_NOISE),
	gsDPSetTextureLUT(G_TT_RGBA16),
	gsSPTexture(65535, 65535, 0, 0, 1),
	gsDPSetPrimColor(0, 0, 0, 115, 3, 255),
	gsDPSetTextureImage(G_IM_FMT_RGBA, G_IM_SIZ_16b, 1, bob_dl_hang_pal_rgba16),
	gsDPSetTile(0, 0, 0, 256, 5, 0, G_TX_WRAP | G_TX_NOMIRROR, 0, 0, G_TX_WRAP | G_TX_NOMIRROR, 0, 0),
	gsDPLoadTLUTCmd(5, 42),
	gsDPSetTextureImage(G_IM_FMT_CI, G_IM_SIZ_8b_LOAD_BLOCK, 1, bob_dl_hang_ci8),
	gsDPSetTile(G_IM_FMT_CI, G_IM_SIZ_8b_LOAD_BLOCK, 0, 0, 7, 0, G_TX_WRAP | G_TX_NOMIRROR, 0, 0, G_TX_WRAP | G_TX_NOMIRROR, 0, 0),
	gsDPLoadBlock(7, 0, 0, 511, 512),
	gsDPSetTile(G_IM_FMT_CI, G_IM_SIZ_8b, 4, 0, 0, 0, G_TX_WRAP | G_TX_NOMIRROR, 5, 0, G_TX_WRAP | G_TX_NOMIRROR, 5, 0),
	gsDPSetTileSize(0, 0, 0, 124, 124),
	gsSPEndDisplayList(),
};

Gfx mat_revert_bob_dl__18_f3d[] = {
	gsSPSetGeometryMode(G_CULL_BACK),
	gsDPPipeSync(),
	gsDPSetAlphaDither(G_AD_DISABLE),
	gsDPSetTextureLUT(G_TT_NONE),
	gsSPEndDisplayList(),
};

Gfx mat_bob_dl_f3dlite_material_026[] = {
	gsSPClearGeometryMode(G_LIGHTING),
	gsDPPipeSync(),
	gsDPSetCombineLERP(TEXEL0, 0, SHADE, 0, ENVIRONMENT, 0, SHADE, 0, TEXEL0, 0, SHADE, 0, ENVIRONMENT, 0, SHADE, 0),
	gsDPSetAlphaDither(G_AD_NOISE),
	gsDPSetTextureLUT(G_TT_RGBA16),
	gsSPTexture(65535, 65535, 0, 0, 1),
	gsDPSetTextureImage(G_IM_FMT_RGBA, G_IM_SIZ_16b, 1, bob_dl__11111texKinokoRed_ci4_pal_rgba16),
	gsDPSetTile(0, 0, 0, 256, 5, 0, G_TX_WRAP | G_TX_NOMIRROR, 0, 0, G_TX_WRAP | G_TX_NOMIRROR, 0, 0),
	gsDPLoadTLUTCmd(5, 15),
	gsDPSetTextureImage(G_IM_FMT_CI, G_IM_SIZ_16b, 1, bob_dl__11111texKinokoRed_ci4_ci4),
	gsDPSetTile(G_IM_FMT_CI, G_IM_SIZ_16b, 0, 0, 7, 0, G_TX_WRAP | G_TX_NOMIRROR, 0, 0, G_TX_WRAP | G_TX_NOMIRROR, 0, 0),
	gsDPLoadBlock(7, 0, 0, 1023, 512),
	gsDPSetTile(G_IM_FMT_CI, G_IM_SIZ_4b, 4, 0, 0, 0, G_TX_WRAP | G_TX_NOMIRROR, 6, 0, G_TX_WRAP | G_TX_NOMIRROR, 6, 0),
	gsDPSetTileSize(0, 0, 0, 252, 252),
	gsSPEndDisplayList(),
};

Gfx mat_revert_bob_dl_f3dlite_material_026[] = {
	gsSPSetGeometryMode(G_LIGHTING),
	gsDPPipeSync(),
	gsDPSetAlphaDither(G_AD_DISABLE),
	gsDPSetTextureLUT(G_TT_NONE),
	gsSPEndDisplayList(),
};

Gfx mat_bob_dl_f3dlite_material_027[] = {
	gsSPClearGeometryMode(G_LIGHTING),
	gsDPPipeSync(),
	gsDPSetCombineLERP(TEXEL0, 0, SHADE, 0, ENVIRONMENT, 0, SHADE, 0, TEXEL0, 0, SHADE, 0, ENVIRONMENT, 0, SHADE, 0),
	gsDPSetAlphaDither(G_AD_NOISE),
	gsDPSetTextureLUT(G_TT_RGBA16),
	gsSPTexture(65535, 65535, 0, 0, 1),
	gsDPSetTextureImage(G_IM_FMT_RGBA, G_IM_SIZ_16b, 1, bob_dl_door_birch_lower_ci4_pal_rgba16),
	gsDPSetTile(0, 0, 0, 256, 5, 0, G_TX_WRAP | G_TX_NOMIRROR, 0, 0, G_TX_WRAP | G_TX_NOMIRROR, 0, 0),
	gsDPLoadTLUTCmd(5, 13),
	gsDPSetTextureImage(G_IM_FMT_CI, G_IM_SIZ_16b, 1, bob_dl_door_birch_lower_ci4_ci4),
	gsDPSetTile(G_IM_FMT_CI, G_IM_SIZ_16b, 0, 0, 7, 0, G_TX_WRAP | G_TX_NOMIRROR, 0, 0, G_TX_WRAP | G_TX_NOMIRROR, 0, 0),
	gsDPLoadBlock(7, 0, 0, 255, 1024),
	gsDPSetTile(G_IM_FMT_CI, G_IM_SIZ_4b, 2, 0, 0, 0, G_TX_WRAP | G_TX_NOMIRROR, 5, 0, G_TX_WRAP | G_TX_NOMIRROR, 5, 0),
	gsDPSetTileSize(0, 0, 0, 124, 124),
	gsSPEndDisplayList(),
};

Gfx mat_revert_bob_dl_f3dlite_material_027[] = {
	gsSPSetGeometryMode(G_LIGHTING),
	gsDPPipeSync(),
	gsDPSetAlphaDither(G_AD_DISABLE),
	gsDPSetTextureLUT(G_TT_NONE),
	gsSPEndDisplayList(),
};

Gfx mat_bob_dl_f3dlite_material_020[] = {
	gsSPClearGeometryMode(G_LIGHTING),
	gsDPPipeSync(),
	gsDPSetCombineLERP(TEXEL0, 0, SHADE, 0, TEXEL0, 0, PRIMITIVE, 0, TEXEL0, 0, SHADE, 0, TEXEL0, 0, PRIMITIVE, 0),
	gsDPSetAlphaDither(G_AD_NOISE),
	gsDPSetTextureLUT(G_TT_RGBA16),
	gsSPTexture(65535, 65535, 0, 0, 1),
	gsDPSetPrimColor(0, 0, 255, 255, 255, 255),
	gsDPSetTextureImage(G_IM_FMT_RGBA, G_IM_SIZ_16b, 1, bob_dl_leaf_half_rgba16_pal_rgba16),
	gsDPSetTile(0, 0, 0, 256, 5, 0, G_TX_WRAP | G_TX_NOMIRROR, 0, 0, G_TX_WRAP | G_TX_NOMIRROR, 0, 0),
	gsDPLoadTLUTCmd(5, 247),
	gsDPSetTextureImage(G_IM_FMT_CI, G_IM_SIZ_8b_LOAD_BLOCK, 1, bob_dl_leaf_half_rgba16_ci8),
	gsDPSetTile(G_IM_FMT_CI, G_IM_SIZ_8b_LOAD_BLOCK, 0, 0, 7, 0, G_TX_WRAP | G_TX_NOMIRROR, 0, 0, G_TX_WRAP | G_TX_NOMIRROR, 0, 0),
	gsDPLoadBlock(7, 0, 0, 1023, 512),
	gsDPSetTile(G_IM_FMT_CI, G_IM_SIZ_8b, 4, 0, 0, 0, G_TX_WRAP | G_TX_NOMIRROR, 6, 0, G_TX_WRAP | G_TX_MIRROR, 5, 0),
	gsDPSetTileSize(0, 0, 0, 124, 252),
	gsSPEndDisplayList(),
};

Gfx mat_revert_bob_dl_f3dlite_material_020[] = {
	gsSPSetGeometryMode(G_LIGHTING),
	gsDPPipeSync(),
	gsDPSetAlphaDither(G_AD_DISABLE),
	gsDPSetTextureLUT(G_TT_NONE),
	gsSPEndDisplayList(),
};

Gfx mat_bob_dl_f3dlite_material_016[] = {
	gsSPClearGeometryMode(G_LIGHTING),
	gsDPPipeSync(),
	gsDPSetCombineLERP(TEXEL0, 0, SHADE, 0, ENVIRONMENT, 0, SHADE, 0, TEXEL0, 0, SHADE, 0, ENVIRONMENT, 0, SHADE, 0),
	gsDPSetAlphaDither(G_AD_NOISE),
	gsDPSetTextureLUT(G_TT_RGBA16),
	gsSPTexture(65535, 65535, 0, 0, 1),
	gsDPSetTextureImage(G_IM_FMT_RGBA, G_IM_SIZ_16b, 1, bob_dl_cloud1_ci4_pal_rgba16),
	gsDPSetTile(0, 0, 0, 256, 5, 0, G_TX_WRAP | G_TX_NOMIRROR, 0, 0, G_TX_WRAP | G_TX_NOMIRROR, 0, 0),
	gsDPLoadTLUTCmd(5, 3),
	gsDPSetTextureImage(G_IM_FMT_CI, G_IM_SIZ_16b, 1, bob_dl_cloud1_ci4_ci4),
	gsDPSetTile(G_IM_FMT_CI, G_IM_SIZ_16b, 0, 0, 7, 0, G_TX_WRAP | G_TX_NOMIRROR, 0, 0, G_TX_WRAP | G_TX_NOMIRROR, 0, 0),
	gsDPLoadBlock(7, 0, 0, 511, 512),
	gsDPSetTile(G_IM_FMT_CI, G_IM_SIZ_4b, 4, 0, 0, 0, G_TX_WRAP | G_TX_NOMIRROR, 5, 0, G_TX_WRAP | G_TX_NOMIRROR, 6, 0),
	gsDPSetTileSize(0, 0, 0, 252, 124),
	gsSPEndDisplayList(),
};

Gfx mat_revert_bob_dl_f3dlite_material_016[] = {
	gsSPSetGeometryMode(G_LIGHTING),
	gsDPPipeSync(),
	gsDPSetAlphaDither(G_AD_DISABLE),
	gsDPSetTextureLUT(G_TT_NONE),
	gsSPEndDisplayList(),
};

Gfx mat_bob_dl_sm64_water_mat[] = {
	gsSPClearGeometryMode(G_LIGHTING),
	gsDPPipeSync(),
	gsDPSetCombineLERP(TEXEL0, 0, PRIMITIVE, 0, TEXEL0, 0, PRIMITIVE, 0, TEXEL0, 0, PRIMITIVE, 0, TEXEL0, 0, PRIMITIVE, 0),
	gsDPSetAlphaDither(G_AD_NOISE),
	gsDPSetTextureLUT(G_TT_RGBA16),
	gsSPTexture(65535, 65535, 0, 0, 1),
	gsDPSetPrimColor(0, 0, 255, 255, 255, 153),
	gsDPSetTextureImage(G_IM_FMT_RGBA, G_IM_SIZ_16b, 1, bob_dl_ki_mizu_ci8_pal_rgba16),
	gsDPSetTile(0, 0, 0, 256, 5, 0, G_TX_WRAP | G_TX_NOMIRROR, 0, 0, G_TX_WRAP | G_TX_NOMIRROR, 0, 0),
	gsDPLoadTLUTCmd(5, 117),
	gsDPSetTextureImage(G_IM_FMT_CI, G_IM_SIZ_8b_LOAD_BLOCK, 1, bob_dl_ki_mizu_ci8_ci8),
	gsDPSetTile(G_IM_FMT_CI, G_IM_SIZ_8b_LOAD_BLOCK, 0, 0, 7, 0, G_TX_WRAP | G_TX_NOMIRROR, 0, 0, G_TX_WRAP | G_TX_NOMIRROR, 0, 0),
	gsDPLoadBlock(7, 0, 0, 511, 512),
	gsDPSetTile(G_IM_FMT_CI, G_IM_SIZ_8b, 4, 0, 0, 0, G_TX_WRAP | G_TX_NOMIRROR, 5, 0, G_TX_WRAP | G_TX_NOMIRROR, 5, 0),
	gsDPSetTileSize(0, 0, 0, 124, 124),
	gsSPEndDisplayList(),
};

Gfx mat_revert_bob_dl_sm64_water_mat[] = {
	gsSPSetGeometryMode(G_LIGHTING),
	gsDPPipeSync(),
	gsDPSetAlphaDither(G_AD_DISABLE),
	gsDPSetTextureLUT(G_TT_NONE),
	gsSPEndDisplayList(),
};

Gfx mat_bob_dl_f3dlite_material_004[] = {
	gsSPClearGeometryMode(G_LIGHTING),
	gsDPPipeSync(),
	gsDPSetCombineLERP(TEXEL0, 0, SHADE, 0, ENVIRONMENT, 0, SHADE, 0, TEXEL0, 0, SHADE, 0, ENVIRONMENT, 0, SHADE, 0),
	gsDPSetAlphaDither(G_AD_NOISE),
	gsDPSetTextureLUT(G_TT_RGBA16),
	gsSPTexture(65535, 65535, 0, 0, 1),
	gsDPSetTextureImage(G_IM_FMT_RGBA, G_IM_SIZ_16b, 1, bob_dl_YukkinaTreeBreak00_ci4_pal_rgba16),
	gsDPSetTile(0, 0, 0, 256, 5, 0, G_TX_WRAP | G_TX_NOMIRROR, 0, 0, G_TX_WRAP | G_TX_NOMIRROR, 0, 0),
	gsDPLoadTLUTCmd(5, 14),
	gsDPSetTextureImage(G_IM_FMT_CI, G_IM_SIZ_16b, 1, bob_dl_YukkinaTreeBreak00_ci4_ci4),
	gsDPSetTile(G_IM_FMT_CI, G_IM_SIZ_16b, 0, 0, 7, 0, G_TX_WRAP | G_TX_NOMIRROR, 0, 0, G_TX_WRAP | G_TX_NOMIRROR, 0, 0),
	gsDPLoadBlock(7, 0, 0, 1023, 512),
	gsDPSetTile(G_IM_FMT_CI, G_IM_SIZ_4b, 4, 0, 0, 0, G_TX_WRAP | G_TX_NOMIRROR, 6, 0, G_TX_WRAP | G_TX_NOMIRROR, 6, 0),
	gsDPSetTileSize(0, 0, 0, 252, 252),
	gsSPEndDisplayList(),
};

Gfx mat_revert_bob_dl_f3dlite_material_004[] = {
	gsSPSetGeometryMode(G_LIGHTING),
	gsDPPipeSync(),
	gsDPSetAlphaDither(G_AD_DISABLE),
	gsDPSetTextureLUT(G_TT_NONE),
	gsSPEndDisplayList(),
};

Gfx mat_bob_dl_f3dlite_material_023[] = {
	gsSPClearGeometryMode(G_LIGHTING),
	gsDPPipeSync(),
	gsDPSetCombineLERP(TEXEL0, 0, SHADE, 0, ENVIRONMENT, 0, SHADE, 0, TEXEL0, 0, SHADE, 0, ENVIRONMENT, 0, SHADE, 0),
	gsDPSetAlphaDither(G_AD_NOISE),
	gsDPSetTextureLUT(G_TT_RGBA16),
	gsSPTexture(65535, 65535, 0, 0, 1),
	gsDPSetTextureImage(G_IM_FMT_RGBA, G_IM_SIZ_16b, 1, bob_dl_Window_2_pal_rgba16),
	gsDPSetTile(0, 0, 0, 256, 5, 0, G_TX_WRAP | G_TX_NOMIRROR, 0, 0, G_TX_WRAP | G_TX_NOMIRROR, 0, 0),
	gsDPLoadTLUTCmd(5, 238),
	gsDPSetTextureImage(G_IM_FMT_CI, G_IM_SIZ_8b_LOAD_BLOCK, 1, bob_dl_Window_2_ci8),
	gsDPSetTile(G_IM_FMT_CI, G_IM_SIZ_8b_LOAD_BLOCK, 0, 0, 7, 0, G_TX_WRAP | G_TX_NOMIRROR, 0, 0, G_TX_WRAP | G_TX_NOMIRROR, 0, 0),
	gsDPLoadBlock(7, 0, 0, 511, 512),
	gsDPSetTile(G_IM_FMT_CI, G_IM_SIZ_8b, 4, 0, 0, 0, G_TX_WRAP | G_TX_NOMIRROR, 5, 0, G_TX_WRAP | G_TX_NOMIRROR, 5, 0),
	gsDPSetTileSize(0, 0, 0, 124, 124),
	gsSPEndDisplayList(),
};

Gfx mat_revert_bob_dl_f3dlite_material_023[] = {
	gsSPSetGeometryMode(G_LIGHTING),
	gsDPPipeSync(),
	gsDPSetAlphaDither(G_AD_DISABLE),
	gsDPSetTextureLUT(G_TT_NONE),
	gsSPEndDisplayList(),
};

Gfx mat_bob_dl_f3dlite_material_011[] = {
	gsSPLightColor(LIGHT_1, 0x000000FF),
	gsSPLightColor(LIGHT_2, 0x000000FF),
	gsDPPipeSync(),
	gsDPSetCombineLERP(TEXEL0, 0, SHADE, 0, 0, 0, 0, ENVIRONMENT, TEXEL0, 0, SHADE, 0, 0, 0, 0, ENVIRONMENT),
	gsDPSetAlphaDither(G_AD_NOISE),
	gsDPSetTextureLUT(G_TT_RGBA16),
	gsSPTexture(65535, 65535, 0, 0, 1),
	gsDPSetTextureImage(G_IM_FMT_RGBA, G_IM_SIZ_16b, 1, bob_dl_ci4_sophie_sandstone_pal_rgba16),
	gsDPSetTile(0, 0, 0, 256, 5, 0, G_TX_WRAP | G_TX_NOMIRROR, 0, 0, G_TX_WRAP | G_TX_NOMIRROR, 0, 0),
	gsDPLoadTLUTCmd(5, 13),
	gsDPSetTextureImage(G_IM_FMT_CI, G_IM_SIZ_16b, 1, bob_dl_ci4_sophie_sandstone_ci4),
	gsDPSetTile(G_IM_FMT_CI, G_IM_SIZ_16b, 0, 0, 7, 0, G_TX_WRAP | G_TX_NOMIRROR, 0, 0, G_TX_WRAP | G_TX_NOMIRROR, 0, 0),
	gsDPLoadBlock(7, 0, 0, 1023, 512),
	gsDPSetTile(G_IM_FMT_CI, G_IM_SIZ_4b, 4, 0, 0, 0, G_TX_WRAP | G_TX_NOMIRROR, 6, 0, G_TX_WRAP | G_TX_NOMIRROR, 6, 0),
	gsDPSetTileSize(0, 0, 0, 252, 252),
	gsSPEndDisplayList(),
};

Gfx mat_revert_bob_dl_f3dlite_material_011[] = {
	gsDPPipeSync(),
	gsDPSetAlphaDither(G_AD_DISABLE),
	gsDPSetTextureLUT(G_TT_NONE),
	gsSPEndDisplayList(),
};

Gfx mat_bob_dl_f3dlite_material[] = {
	gsSPClearGeometryMode(G_LIGHTING),
	gsDPPipeSync(),
	gsDPSetCombineLERP(TEXEL0, 0, SHADE, 0, ENVIRONMENT, 0, SHADE, 0, TEXEL0, 0, SHADE, 0, ENVIRONMENT, 0, SHADE, 0),
	gsDPSetAlphaDither(G_AD_NOISE),
	gsDPSetTextureLUT(G_TT_RGBA16),
	gsSPTexture(65535, 65535, 0, 0, 1),
	gsDPSetTextureImage(G_IM_FMT_RGBA, G_IM_SIZ_16b, 1, bob_dl_BigTreeCourse_ci4_pal_rgba16),
	gsDPSetTile(0, 0, 0, 256, 5, 0, G_TX_WRAP | G_TX_NOMIRROR, 0, 0, G_TX_WRAP | G_TX_NOMIRROR, 0, 0),
	gsDPLoadTLUTCmd(5, 14),
	gsDPSetTextureImage(G_IM_FMT_CI, G_IM_SIZ_16b, 1, bob_dl_BigTreeCourse_ci4_ci4),
	gsDPSetTile(G_IM_FMT_CI, G_IM_SIZ_16b, 0, 0, 7, 0, G_TX_WRAP | G_TX_NOMIRROR, 0, 0, G_TX_WRAP | G_TX_NOMIRROR, 0, 0),
	gsDPLoadBlock(7, 0, 0, 1023, 512),
	gsDPSetTile(G_IM_FMT_CI, G_IM_SIZ_4b, 4, 0, 0, 0, G_TX_WRAP | G_TX_NOMIRROR, 6, 0, G_TX_WRAP | G_TX_NOMIRROR, 6, 0),
	gsDPSetTileSize(0, 0, 0, 252, 252),
	gsSPEndDisplayList(),
};

Gfx mat_revert_bob_dl_f3dlite_material[] = {
	gsSPSetGeometryMode(G_LIGHTING),
	gsDPPipeSync(),
	gsDPSetAlphaDither(G_AD_DISABLE),
	gsDPSetTextureLUT(G_TT_NONE),
	gsSPEndDisplayList(),
};

Gfx mat_bob_dl_f3dlite_material_001[] = {
	gsSPClearGeometryMode(G_LIGHTING),
	gsDPPipeSync(),
	gsDPSetCombineLERP(TEXEL0, 0, SHADE, 0, ENVIRONMENT, 0, SHADE, 0, TEXEL0, 0, SHADE, 0, ENVIRONMENT, 0, SHADE, 0),
	gsDPSetAlphaDither(G_AD_NOISE),
	gsDPSetTextureLUT(G_TT_RGBA16),
	gsSPTexture(65535, 65535, 0, 0, 1),
	gsDPSetTextureImage(G_IM_FMT_RGBA, G_IM_SIZ_16b, 1, bob_dl_door_birch_lower_ci4_pal_rgba16),
	gsDPSetTile(0, 0, 0, 256, 5, 0, G_TX_WRAP | G_TX_NOMIRROR, 0, 0, G_TX_WRAP | G_TX_NOMIRROR, 0, 0),
	gsDPLoadTLUTCmd(5, 13),
	gsDPSetTextureImage(G_IM_FMT_CI, G_IM_SIZ_16b, 1, bob_dl_door_birch_lower_ci4_ci4),
	gsDPSetTile(G_IM_FMT_CI, G_IM_SIZ_16b, 0, 0, 7, 0, G_TX_WRAP | G_TX_NOMIRROR, 0, 0, G_TX_WRAP | G_TX_NOMIRROR, 0, 0),
	gsDPLoadBlock(7, 0, 0, 255, 1024),
	gsDPSetTile(G_IM_FMT_CI, G_IM_SIZ_4b, 2, 0, 0, 0, G_TX_WRAP | G_TX_NOMIRROR, 5, 0, G_TX_WRAP | G_TX_NOMIRROR, 5, 0),
	gsDPSetTileSize(0, 0, 0, 124, 124),
	gsSPEndDisplayList(),
};

Gfx mat_revert_bob_dl_f3dlite_material_001[] = {
	gsSPSetGeometryMode(G_LIGHTING),
	gsDPPipeSync(),
	gsDPSetAlphaDither(G_AD_DISABLE),
	gsDPSetTextureLUT(G_TT_NONE),
	gsSPEndDisplayList(),
};

Gfx mat_bob_dl_f3dlite_material_002[] = {
	gsSPClearGeometryMode(G_LIGHTING),
	gsDPPipeSync(),
	gsDPSetCombineLERP(TEXEL0, 0, SHADE, 0, ENVIRONMENT, 0, SHADE, 0, TEXEL0, 0, SHADE, 0, ENVIRONMENT, 0, SHADE, 0),
	gsDPSetAlphaDither(G_AD_NOISE),
	gsDPSetTextureLUT(G_TT_RGBA16),
	gsSPTexture(65535, 65535, 0, 0, 1),
	gsDPSetTextureImage(G_IM_FMT_RGBA, G_IM_SIZ_16b, 1, bob_dl__11111texKinokoRed_ci4_pal_rgba16),
	gsDPSetTile(0, 0, 0, 256, 5, 0, G_TX_WRAP | G_TX_NOMIRROR, 0, 0, G_TX_WRAP | G_TX_NOMIRROR, 0, 0),
	gsDPLoadTLUTCmd(5, 15),
	gsDPSetTextureImage(G_IM_FMT_CI, G_IM_SIZ_16b, 1, bob_dl__11111texKinokoRed_ci4_ci4),
	gsDPSetTile(G_IM_FMT_CI, G_IM_SIZ_16b, 0, 0, 7, 0, G_TX_WRAP | G_TX_NOMIRROR, 0, 0, G_TX_WRAP | G_TX_NOMIRROR, 0, 0),
	gsDPLoadBlock(7, 0, 0, 1023, 512),
	gsDPSetTile(G_IM_FMT_CI, G_IM_SIZ_4b, 4, 0, 0, 0, G_TX_WRAP | G_TX_NOMIRROR, 6, 0, G_TX_WRAP | G_TX_NOMIRROR, 6, 0),
	gsDPSetTileSize(0, 0, 0, 252, 252),
	gsSPEndDisplayList(),
};

Gfx mat_revert_bob_dl_f3dlite_material_002[] = {
	gsSPSetGeometryMode(G_LIGHTING),
	gsDPPipeSync(),
	gsDPSetAlphaDither(G_AD_DISABLE),
	gsDPSetTextureLUT(G_TT_NONE),
	gsSPEndDisplayList(),
};

Gfx bob_dl_Geometry_001_mesh_layer_1[] = {
	gsSPClearGeometryMode(G_LIGHTING),
	gsSPVertex(bob_dl_Geometry_001_mesh_layer_1_vtx_cull + 0, 8, 0),
	gsSPSetGeometryMode(G_LIGHTING),
	gsSPCullDisplayList(0, 7),
	gsSPDisplayList(mat_bob_dl_material_1_001_f3d),
	gsSPDisplayList(bob_dl_Geometry_001_mesh_layer_1_tri_0),
	gsSPDisplayList(mat_revert_bob_dl_material_1_001_f3d),
	gsSPDisplayList(mat_bob_dl_dirt),
	gsSPDisplayList(bob_dl_Geometry_001_mesh_layer_1_tri_1),
	gsSPDisplayList(mat_revert_bob_dl_dirt),
	gsSPDisplayList(mat_bob_dl_f3dlite_material_005),
	gsSPDisplayList(bob_dl_Geometry_001_mesh_layer_1_tri_2),
	gsSPDisplayList(mat_revert_bob_dl_f3dlite_material_005),
	gsSPDisplayList(mat_bob_dl_f3dlite_material_007),
	gsSPDisplayList(bob_dl_Geometry_001_mesh_layer_1_tri_3),
	gsSPDisplayList(mat_revert_bob_dl_f3dlite_material_007),
	gsSPDisplayList(mat_bob_dl_f3dlite_material_012),
	gsSPDisplayList(bob_dl_Geometry_001_mesh_layer_1_tri_4),
	gsSPDisplayList(mat_revert_bob_dl_f3dlite_material_012),
	gsSPEndDisplayList(),
};

Gfx bob_dl_Geometry_001_mesh_layer_5[] = {
	gsSPClearGeometryMode(G_LIGHTING),
	gsSPVertex(bob_dl_Geometry_001_mesh_layer_5_vtx_cull + 0, 8, 0),
	gsSPSetGeometryMode(G_LIGHTING),
	gsSPCullDisplayList(0, 7),
	gsSPDisplayList(mat_bob_dl_f3dlite_material_014),
	gsSPDisplayList(bob_dl_Geometry_001_mesh_layer_5_tri_0),
	gsSPDisplayList(mat_revert_bob_dl_f3dlite_material_014),
	gsSPDisplayList(mat_bob_dl_f3dlite_material_008),
	gsSPDisplayList(bob_dl_Geometry_001_mesh_layer_5_tri_1),
	gsSPDisplayList(mat_revert_bob_dl_f3dlite_material_008),
	gsSPEndDisplayList(),
};

Gfx bob_dl_greenery__mesh_layer_5[] = {
	gsSPClearGeometryMode(G_LIGHTING),
	gsSPVertex(bob_dl_greenery__mesh_layer_5_vtx_cull + 0, 8, 0),
	gsSPSetGeometryMode(G_LIGHTING),
	gsSPCullDisplayList(0, 7),
	gsSPDisplayList(mat_bob_dl__18_f3d),
	gsSPDisplayList(bob_dl_greenery__mesh_layer_5_tri_0),
	gsSPDisplayList(mat_revert_bob_dl__18_f3d),
	gsSPEndDisplayList(),
};

Gfx bob_dl_house_mesh_layer_1[] = {
	gsSPClearGeometryMode(G_LIGHTING),
	gsSPVertex(bob_dl_house_mesh_layer_1_vtx_cull + 0, 8, 0),
	gsSPSetGeometryMode(G_LIGHTING),
	gsSPCullDisplayList(0, 7),
	gsSPDisplayList(mat_bob_dl_f3dlite_material_026),
	gsSPDisplayList(bob_dl_house_mesh_layer_1_tri_0),
	gsSPDisplayList(mat_revert_bob_dl_f3dlite_material_026),
	gsSPDisplayList(mat_bob_dl_f3dlite_material_027),
	gsSPDisplayList(bob_dl_house_mesh_layer_1_tri_1),
	gsSPDisplayList(mat_revert_bob_dl_f3dlite_material_027),
	gsSPEndDisplayList(),
};

Gfx bob_dl_Leaves_mesh_layer_5[] = {
	gsSPClearGeometryMode(G_LIGHTING),
	gsSPVertex(bob_dl_Leaves_mesh_layer_5_vtx_cull + 0, 8, 0),
	gsSPSetGeometryMode(G_LIGHTING),
	gsSPCullDisplayList(0, 7),
	gsSPDisplayList(mat_bob_dl_f3dlite_material_020),
	gsSPDisplayList(bob_dl_Leaves_mesh_layer_5_tri_0),
	gsSPDisplayList(mat_revert_bob_dl_f3dlite_material_020),
	gsSPEndDisplayList(),
};

Gfx bob_dl_Mushrooms_001_mesh_layer_1[] = {
	gsSPClearGeometryMode(G_LIGHTING),
	gsSPVertex(bob_dl_Mushrooms_001_mesh_layer_1_vtx_cull + 0, 8, 0),
	gsSPSetGeometryMode(G_LIGHTING),
	gsSPCullDisplayList(0, 7),
	gsSPDisplayList(mat_bob_dl_f3dlite_material_026),
	gsSPDisplayList(bob_dl_Mushrooms_001_mesh_layer_1_tri_0),
	gsSPDisplayList(mat_revert_bob_dl_f3dlite_material_026),
	gsSPDisplayList(mat_bob_dl_f3dlite_material_027),
	gsSPDisplayList(bob_dl_Mushrooms_001_mesh_layer_1_tri_1),
	gsSPDisplayList(mat_revert_bob_dl_f3dlite_material_027),
	gsSPEndDisplayList(),
};

Gfx bob_dl_Sky_mesh_layer_1[] = {
	gsSPClearGeometryMode(G_LIGHTING),
	gsSPVertex(bob_dl_Sky_mesh_layer_1_vtx_cull + 0, 8, 0),
	gsSPSetGeometryMode(G_LIGHTING),
	gsSPCullDisplayList(0, 7),
	gsSPDisplayList(mat_bob_dl_f3dlite_material_016),
	gsSPDisplayList(bob_dl_Sky_mesh_layer_1_tri_0),
	gsSPDisplayList(mat_revert_bob_dl_f3dlite_material_016),
	gsSPEndDisplayList(),
};

Gfx bob_dl_Water_Box_Mesh_mesh_layer_5[] = {
	gsSPClearGeometryMode(G_LIGHTING),
	gsSPVertex(bob_dl_Water_Box_Mesh_mesh_layer_5_vtx_cull + 0, 8, 0),
	gsSPSetGeometryMode(G_LIGHTING),
	gsSPCullDisplayList(0, 7),
	gsSPDisplayList(mat_bob_dl_sm64_water_mat),
	gsSPDisplayList(bob_dl_Water_Box_Mesh_mesh_layer_5_tri_0),
	gsSPDisplayList(mat_revert_bob_dl_sm64_water_mat),
	gsSPEndDisplayList(),
};

Gfx bob_dl_final_revert_mesh_layer_1[] = {
	gsDPPipeSync(),
	gsSPSetGeometryMode(G_LIGHTING),
	gsSPClearGeometryMode(G_TEXTURE_GEN),
	gsDPSetCombineLERP(0, 0, 0, SHADE, 0, 0, 0, ENVIRONMENT, 0, 0, 0, SHADE, 0, 0, 0, ENVIRONMENT),
	gsSPTexture(65535, 65535, 0, 0, 0),
	gsDPSetEnvColor(255, 255, 255, 255),
	gsDPSetAlphaCompare(G_AC_NONE),
	gsSPEndDisplayList(),
};

Gfx bob_dl_final_revert_mesh_layer_5[] = {
	gsDPPipeSync(),
	gsSPSetGeometryMode(G_LIGHTING),
	gsSPClearGeometryMode(G_TEXTURE_GEN),
	gsDPSetCombineLERP(0, 0, 0, SHADE, 0, 0, 0, ENVIRONMENT, 0, 0, 0, SHADE, 0, 0, 0, ENVIRONMENT),
	gsSPTexture(65535, 65535, 0, 0, 0),
	gsDPSetEnvColor(255, 255, 255, 255),
	gsDPSetAlphaCompare(G_AC_NONE),
	gsSPEndDisplayList(),
};

Gfx bob_dl_Cube_mesh_layer_1[] = {
	gsSPClearGeometryMode(G_LIGHTING),
	gsSPVertex(bob_dl_Cube_mesh_layer_1_vtx_cull + 0, 8, 0),
	gsSPSetGeometryMode(G_LIGHTING),
	gsSPCullDisplayList(0, 7),
	gsSPDisplayList(mat_bob_dl_f3dlite_material_004),
	gsSPDisplayList(bob_dl_Cube_mesh_layer_1_tri_0),
	gsSPDisplayList(mat_revert_bob_dl_f3dlite_material_004),
	gsSPDisplayList(mat_bob_dl_f3dlite_material_005),
	gsSPDisplayList(bob_dl_Cube_mesh_layer_1_tri_1),
	gsSPDisplayList(mat_revert_bob_dl_f3dlite_material_005),
	gsSPEndDisplayList(),
};

Gfx bob_dl_Cube_002_mesh_layer_1[] = {
	gsSPClearGeometryMode(G_LIGHTING),
	gsSPVertex(bob_dl_Cube_002_mesh_layer_1_vtx_cull + 0, 8, 0),
	gsSPSetGeometryMode(G_LIGHTING),
	gsSPCullDisplayList(0, 7),
	gsSPDisplayList(mat_bob_dl_f3dlite_material_023),
	gsSPDisplayList(bob_dl_Cube_002_mesh_layer_1_tri_0),
	gsSPDisplayList(mat_revert_bob_dl_f3dlite_material_023),
	gsSPEndDisplayList(),
};

Gfx bob_dl_Death_Plane_mesh_layer_1[] = {
	gsSPClearGeometryMode(G_LIGHTING),
	gsSPVertex(bob_dl_Death_Plane_mesh_layer_1_vtx_cull + 0, 8, 0),
	gsSPSetGeometryMode(G_LIGHTING),
	gsSPCullDisplayList(0, 7),
	gsSPDisplayList(mat_bob_dl_f3dlite_material_011),
	gsSPDisplayList(bob_dl_Death_Plane_mesh_layer_1_tri_0),
	gsSPDisplayList(mat_revert_bob_dl_f3dlite_material_011),
	gsSPEndDisplayList(),
};

Gfx bob_dl_final_revert_mesh_layer_1_001[] = {
	gsDPPipeSync(),
	gsSPSetGeometryMode(G_LIGHTING),
	gsSPClearGeometryMode(G_TEXTURE_GEN),
	gsDPSetCombineLERP(0, 0, 0, SHADE, 0, 0, 0, ENVIRONMENT, 0, 0, 0, SHADE, 0, 0, 0, ENVIRONMENT),
	gsSPTexture(65535, 65535, 0, 0, 0),
	gsDPSetEnvColor(255, 255, 255, 255),
	gsDPSetAlphaCompare(G_AC_NONE),
	gsSPEndDisplayList(),
};

Gfx bob_dl_Circle_mesh_layer_1[] = {
	gsSPClearGeometryMode(G_LIGHTING),
	gsSPVertex(bob_dl_Circle_mesh_layer_1_vtx_cull + 0, 8, 0),
	gsSPSetGeometryMode(G_LIGHTING),
	gsSPCullDisplayList(0, 7),
	gsSPDisplayList(mat_bob_dl_f3dlite_material),
	gsSPDisplayList(bob_dl_Circle_mesh_layer_1_tri_0),
	gsSPDisplayList(mat_revert_bob_dl_f3dlite_material),
	gsSPDisplayList(mat_bob_dl_f3dlite_material_001),
	gsSPDisplayList(bob_dl_Circle_mesh_layer_1_tri_1),
	gsSPDisplayList(mat_revert_bob_dl_f3dlite_material_001),
	gsSPDisplayList(mat_bob_dl_f3dlite_material_002),
	gsSPDisplayList(bob_dl_Circle_mesh_layer_1_tri_2),
	gsSPDisplayList(mat_revert_bob_dl_f3dlite_material_002),
	gsSPEndDisplayList(),
};

Gfx bob_dl_Cube_001_mesh_layer_1[] = {
	gsSPClearGeometryMode(G_LIGHTING),
	gsSPVertex(bob_dl_Cube_001_mesh_layer_1_vtx_cull + 0, 8, 0),
	gsSPSetGeometryMode(G_LIGHTING),
	gsSPCullDisplayList(0, 7),
	gsSPDisplayList(mat_bob_dl_f3dlite_material),
	gsSPDisplayList(bob_dl_Cube_001_mesh_layer_1_tri_0),
	gsSPDisplayList(mat_revert_bob_dl_f3dlite_material),
	gsSPEndDisplayList(),
};

Gfx bob_dl_final_revert_mesh_layer_1_002[] = {
	gsDPPipeSync(),
	gsSPSetGeometryMode(G_LIGHTING),
	gsSPClearGeometryMode(G_TEXTURE_GEN),
	gsDPSetCombineLERP(0, 0, 0, SHADE, 0, 0, 0, ENVIRONMENT, 0, 0, 0, SHADE, 0, 0, 0, ENVIRONMENT),
	gsSPTexture(65535, 65535, 0, 0, 0),
	gsDPSetEnvColor(255, 255, 255, 255),
	gsDPSetAlphaCompare(G_AC_NONE),
	gsSPEndDisplayList(),
};

