Gfx wf_dl_DK_grass_ci4_1__1__ci4_aligner[] = {gsSPEndDisplayList()};
u8 wf_dl_DK_grass_ci4_1__1__ci4[] = {
	0x00, 0x11, 0x23, 0x34, 0x55, 0x54, 0x55, 0x56, 
	0x78, 0x99, 0x62, 0x34, 0x09, 0xa8, 0x33, 0x2b, 
	0x6c, 0xcc, 0x7d, 0x98, 0xd9, 0xd9, 0xd0, 0x99, 
	0x43, 0x03, 0x35, 0x05, 0xdd, 0xd9, 0x99, 0x9d, 
	0x8d, 0x26, 0x22, 0x33, 0x12, 0x73, 0x54, 0x5a, 
	0x69, 0x97, 0x72, 0xa8, 0xa9, 0xd8, 0x38, 0x11, 
	0x67, 0x76, 0x90, 0x98, 0xd9, 0x69, 0xd0, 0x9d, 
	0x01, 0x72, 0x34, 0x44, 0x4d, 0x89, 0x77, 0x77, 
	0x23, 0x53, 0x12, 0x33, 0x32, 0x39, 0x83, 0x87, 
	0x79, 0x99, 0x77, 0xad, 0xd9, 0x07, 0x16, 0x30, 
	0x08, 0x97, 0x99, 0x77, 0x87, 0x68, 0x88, 0xa9, 
	0x55, 0x72, 0x28, 0xd4, 0xdd, 0x77, 0x99, 0xc6, 
	0x83, 0x44, 0x33, 0x43, 0x31, 0x53, 0x33, 0x8a, 
	0x67, 0x98, 0x98, 0x80, 0x8d, 0x89, 0x88, 0x35, 
	0xd9, 0x88, 0x80, 0x79, 0x87, 0x99, 0xdd, 0x98, 
	0x34, 0x52, 0x63, 0xd0, 0xdd, 0x8a, 0x26, 0x21, 
	0x30, 0x43, 0x33, 0x3d, 0x33, 0x33, 0xa3, 0x77, 
	0x66, 0x79, 0x99, 0x98, 0x88, 0x9a, 0x34, 0x43, 
	0x0d, 0x89, 0x79, 0x79, 0xdd, 0x88, 0x07, 0x77, 
	0x70, 0xdc, 0x78, 0x8d, 0xdd, 0x86, 0xbb, 0x63, 
	0x90, 0x31, 0x31, 0x00, 0x03, 0x17, 0x9b, 0xab, 
	0x76, 0xb6, 0x77, 0xa3, 0xd9, 0x08, 0x44, 0x43, 
	0x40, 0xd9, 0x79, 0x87, 0x98, 0x77, 0x79, 0x77, 
	0x79, 0xcb, 0x7d, 0xdd, 0xdd, 0x7a, 0xb6, 0xa7, 
	0x13, 0x55, 0x14, 0x44, 0x51, 0xa9, 0x77, 0x66, 
	0x66, 0xbc, 0x77, 0x80, 0x0d, 0x38, 0x33, 0x93, 
	0x99, 0x88, 0x98, 0x88, 0xb9, 0x69, 0xa6, 0xaa, 
	0x89, 0x79, 0x8d, 0x0d, 0xd9, 0xd9, 0x76, 0xa9, 
	0x85, 0x43, 0x34, 0x44, 0x31, 0x22, 0xbb, 0x66, 
	0x76, 0x66, 0xd7, 0xad, 0xd7, 0x11, 0x3a, 0x28, 
	0xda, 0xdd, 0x88, 0xda, 0x67, 0x67, 0xaa, 0x88, 
	0x99, 0x08, 0x89, 0x00, 0xd3, 0x99, 0x8a, 0x28, 
	0x04, 0x54, 0x40, 0x54, 0x31, 0x93, 0x32, 0x6b, 
	0xc6, 0x8a, 0xaa, 0x77, 0x66, 0x82, 0x1d, 0x30, 
	0xd8, 0xdd, 0xda, 0x7a, 0xb6, 0x69, 0x3a, 0x89, 
	0x79, 0xd8, 0x8d, 0x00, 0x6a, 0x88, 0x6b, 0x21, 
	0x00, 0x45, 0x30, 0x44, 0x45, 0x79, 0xa2, 0x26, 
	0x62, 0xa7, 0x76, 0xb6, 0x67, 0x21, 0xd8, 0x35, 
	0x31, 0x80, 0x59, 0x93, 0xbc, 0x66, 0xa9, 0xdd, 
	0x87, 0x7d, 0xdd, 0xd3, 0x31, 0x1a, 0x22, 0x23, 
	0x04, 0x45, 0x35, 0x50, 0x30, 0x18, 0x28, 0x16, 
	0xba, 0xa2, 0xa6, 0x77, 0x7a, 0x77, 0x77, 0x13, 
	0x98, 0x10, 0x8a, 0x9b, 0xca, 0x2a, 0xa6, 0x78, 
	0x67, 0x99, 0x89, 0x89, 0x9a, 0x26, 0x21, 0x38, 
	0x54, 0x55, 0x45, 0x45, 0xd0, 0xdd, 0x88, 0x22, 
	0xbb, 0x22, 0x2a, 0x77, 0x77, 0xd9, 0x9d, 0x11, 
	0x77, 0x7d, 0x33, 0x37, 0xcb, 0xa3, 0x66, 0x77, 
	0x67, 0x99, 0x97, 0x88, 0x3a, 0xa6, 0xa9, 0x15, 
	0x33, 0x15, 0x55, 0x44, 0x4d, 0xd1, 0x12, 0xbb, 
	0x7b, 0x67, 0xba, 0x66, 0x66, 0x08, 0x30, 0x5d, 
	0x33, 0x2d, 0x08, 0xd7, 0xab, 0x77, 0xbb, 0x6b, 
	0xb3, 0x96, 0x9a, 0x73, 0x11, 0xaa, 0x9d, 0xdd, 
	0x33, 0x15, 0x54, 0x44, 0xd5, 0xdd, 0x12, 0x98, 
	0x26, 0xa6, 0xab, 0xaa, 0x7b, 0xa0, 0x30, 0x04, 
	0x45, 0x38, 0x82, 0x8d, 0x6c, 0x7b, 0xbb, 0xb7, 
	0xc1, 0x6a, 0x88, 0x62, 0x13, 0x1a, 0x9d, 0x89, 
	0x8a, 0xd4, 0x55, 0x4d, 0x50, 0xd8, 0x21, 0x97, 
	0x72, 0x66, 0x9a, 0xa2, 0x86, 0x23, 0x3d, 0x30, 
	0x58, 0xaa, 0x28, 0x3d, 0x76, 0xaa, 0xbc, 0xb6, 
	0xb6, 0x39, 0x77, 0x8a, 0x10, 0xd7, 0x79, 0xaa, 
	0x33, 0x55, 0x15, 0x40, 0x85, 0x83, 0x82, 0x6b, 
	0xcb, 0xb6, 0xa6, 0x77, 0x7b, 0xa1, 0x03, 0x10, 
	0x32, 0x21, 0x82, 0x1a, 0x3a, 0x77, 0x6a, 0x66, 
	0xba, 0xaa, 0x63, 0x12, 0xa9, 0xd7, 0x31, 0x26, 
	0x34, 0x55, 0x53, 0xa3, 0x88, 0x35, 0x31, 0x7b, 
	0xbc, 0xb7, 0xab, 0x67, 0xd8, 0x99, 0x0d, 0x13, 
	0x32, 0x33, 0x31, 0x13, 0x98, 0xa2, 0x12, 0x62, 
	0xa1, 0x93, 0xa9, 0x33, 0x3b, 0x7a, 0xbb, 0xb6, 
	0x78, 0x95, 0x45, 0x12, 0x8a, 0x27, 0x12, 0x6b, 
	0xcc, 0x97, 0x3a, 0x67, 0x97, 0x99, 0x88, 0x32, 
	0x8d, 0x33, 0x32, 0x21, 0xaa, 0x1a, 0xbb, 0xb2, 
	0x2a, 0xa3, 0xa3, 0x33, 0x77, 0xaa, 0x6b, 0xba, 
	0x9d, 0x98, 0x03, 0x27, 0x1a, 0x66, 0x62, 0x62, 
	0xbb, 0x77, 0x08, 0x1a, 0xbc, 0x78, 0x98, 0x38, 
	0x10, 0x11, 0x39, 0xaa, 0x2a, 0x66, 0x6b, 0x6b, 
	0x62, 0x77, 0x2a, 0x78, 0x9a, 0xa2, 0x62, 0x26, 
	0x30, 0xd8, 0x38, 0x5d, 0x36, 0xb1, 0x77, 0xa6, 
	0xa7, 0x97, 0xd0, 0x19, 0x7c, 0x7d, 0x77, 0x21, 
	0x10, 0x18, 0x16, 0xba, 0x27, 0xcc, 0x79, 0x66, 
	0xa6, 0xb9, 0x79, 0x79, 0x99, 0xba, 0x22, 0x12, 
	0x78, 0x53, 0x33, 0x08, 0x96, 0x67, 0xab, 0x87, 
	0x7d, 0x12, 0x79, 0x77, 0x77, 0x79, 0x87, 0x21, 
	0x21, 0x97, 0x66, 0x6c, 0xc6, 0xb7, 0x99, 0xab, 
	0xb6, 0x66, 0x78, 0x93, 0xd9, 0x66, 0x78, 0x27, 
	0x7c, 0x79, 0x39, 0x97, 0x39, 0x76, 0x6a, 0x79, 
	0x89, 0x16, 0x7b, 0x13, 0x8d, 0x9a, 0x8d, 0x0d, 
	0x21, 0x99, 0x98, 0x7c, 0xcc, 0xcc, 0x97, 0x6c, 
	0xb2, 0xa6, 0x87, 0x33, 0x86, 0xb2, 0x88, 0xd8, 
	0xc7, 0xcb, 0x8d, 0xd7, 0x1a, 0x6a, 0xa2, 0x23, 
	0x81, 0xa1, 0x97, 0x78, 0xdd, 0x77, 0x83, 0x38, 
	0x22, 0x76, 0xa7, 0x7b, 0x7c, 0xcc, 0x98, 0xa6, 
	0xab, 0x2b, 0x33, 0x83, 0x7a, 0x33, 0x83, 0x8d, 
	0x99, 0x77, 0x99, 0x9b, 0x77, 0x71, 0x77, 0x97, 
	0x76, 0x62, 0x79, 0x99, 0x12, 0x80, 0x00, 0x29, 
	0x33, 0x12, 0x13, 0x33, 0x81, 0x97, 0x77, 0x6a, 
	0xa2, 0x27, 0xa8, 0x80, 0xd8, 0x26, 0x83, 0x33, 
	0x33, 0x88, 0x36, 0x66, 0xb6, 0x93, 0xd9, 0x7b, 
	0x99, 0xb9, 0xa9, 0x79, 0x77, 0xd0, 0x00, 0x29, 
	0x51, 0x3a, 0x6a, 0x31, 0xad, 0x00, 0x3a, 0x88, 
	0xa2, 0xa7, 0x79, 0x33, 0xdd, 0xa6, 0xa1, 0x35, 
	0x99, 0xa9, 0x33, 0xa6, 0xbb, 0x6b, 0x88, 0x77, 
	0x67, 0xb7, 0xa7, 0x79, 0x77, 0x98, 0x00, 0x08, 
	0xa1, 0x9a, 0xa9, 0xd1, 0x94, 0x50, 0x33, 0x31, 
	0x2a, 0xcc, 0x80, 0x08, 0x8a, 0x13, 0x6a, 0x0d, 
	0xb7, 0x93, 0x39, 0x66, 0xb7, 0xbc, 0x67, 0x77, 
	0xac, 0xb7, 0x09, 0x79, 0x77, 0x80, 0xd0, 0xda, 
	0xaa, 0x2a, 0xa2, 0x81, 0x38, 0x03, 0x05, 0x86, 
	0xa8, 0x23, 0x3d, 0x38, 0x13, 0xd3, 0x8d, 0xd8, 
	0xb7, 0x77, 0xb6, 0xa7, 0x99, 0xbb, 0x67, 0x6b, 
	0x79, 0x71, 0x98, 0x77, 0xa2, 0x80, 0xd8, 0x3a, 
	0x66, 0x28, 0x82, 0x38, 0x8d, 0x83, 0xd8, 0xa3, 
	0x33, 0xdd, 0x3a, 0x82, 0x33, 0x48, 0x67, 0x08, 
	0xb7, 0x79, 0x6a, 0xbb, 0xbb, 0x7c, 0xb6, 0x18, 
	0x79, 0x9d, 0xda, 0xa9, 0x03, 0x13, 0x33, 0x13, 
	0x26, 0x28, 0x13, 0x30, 0xdd, 0x30, 0x8a, 0x18, 
	0xd3, 0x13, 0x13, 0x12, 0x35, 0x53, 0x63, 0xda, 
	0x2a, 0x79, 0x78, 0xbb, 0x67, 0x6b, 0xb1, 0x77, 
	0x97, 0x9d, 0x89, 0x22, 0x00, 0x83, 0x13, 0xa1, 
	0x22, 0x93, 0x33, 0x38, 0x35, 0x00, 0x51, 0xba, 
	0xd1, 0x30, 0xd0, 0x92, 0x83, 0xd9, 0x27, 0x86, 
	0xaa, 0x99, 0x99, 0x97, 0xb7, 0x7b, 0xb1, 0x67, 
	0x97, 0x78, 0x37, 0x2a, 0x30, 0x08, 0x7b, 0x78, 
	0x30, 0x86, 0xa8, 0x19, 0x00, 0x54, 0x33, 0x61, 
	0x28, 0x55, 0x90, 0x30, 0x88, 0xd9, 0x22, 0x12, 
	0x6b, 0xa7, 0x77, 0x79, 0x67, 0x77, 0x22, 0x27, 
	0x7a, 0x83, 0x38, 0x11, 0x12, 0x5d, 0x31, 0x79, 
	0xa9, 0xa8, 0x33, 0x1a, 0x00, 0x54, 0x33, 0x22, 
	0x23, 0x83, 0xa7, 0xd0, 0x97, 0x88, 0x99, 0x96, 
	0xcb, 0x76, 0xc9, 0x77, 0x77, 0xa6, 0xa8, 0x77, 
	0x09, 0x88, 0x35, 0x92, 0x69, 0x7c, 0xcc, 0x8d, 
	0xd8, 0x78, 0xa6, 0xa3, 0x33, 0x88, 0x43, 0x66, 
	0x97, 0x97, 0x77, 0xd0, 0x97, 0xd0, 0x03, 0xa6, 
	0x6a, 0x27, 0xb7, 0x76, 0x97, 0xb6, 0x38, 0x88, 
	0x97, 0x72, 0x35, 0x06, 0x19, 0x97, 0x7c, 0x67, 
	0x33, 0xd8, 0x1b, 0x23, 0x11, 0xb8, 0x81, 0x6b, 
	0xcc, 0x7b, 0xb6, 0x79, 0x77, 0xd8, 0x7a, 0xa1, 
	0xaa, 0x76, 0x99, 0x97, 0x9b, 0x19, 0x98, 0xd8, 
	0x58, 0xa2, 0x1d, 0x89, 0x70, 0xd7, 0x7b, 0xcb, 
	0x39, 0x31, 0x66, 0x32, 0x13, 0xa7, 0xaa, 0x6b, 
	0xbb, 0x76, 0x77, 0x79, 0x77, 0x97, 0x7b, 0x29, 
	0x99, 0x77, 0x78, 0x89, 0x97, 0x69, 0x87, 0x70, 
	0x00, 0x86, 0x78, 0x99, 0x77, 0x7b, 0xbc, 0x77, 
	0xa3, 0x01, 0x12, 0x01, 0xa2, 0xa1, 0x29, 0x7c, 
	0xcb, 0x77, 0x79, 0x77, 0x97, 0x9b, 0xb7, 0x66, 
	0x30, 0x97, 0xa8, 0x18, 0x19, 0x77, 0xa8, 0x77, 
	0x80, 0x07, 0x7b, 0x68, 0x97, 0x97, 0xbb, 0x73, 
	0x82, 0xa2, 0x26, 0x38, 0xa6, 0x2b, 0xb6, 0x7c, 
	0xc6, 0xb7, 0x77, 0x77, 0x97, 0x7b, 0x80, 0x0d, 
	0xdd, 0x09, 0x61, 0x82, 0x39, 0x77, 0xaa, 0x79, 
	0x08, 0x89, 0x97, 0x78, 0x87, 0x97, 0xbb, 0xac, 
	0x73, 0x6b, 0xbb, 0x9c, 0x7b, 0xcb, 0xbc, 0xcc, 
	0xcc, 0xc7, 0x7c, 0xb7, 0x97, 0x77, 0x54, 0x0d, 
	0x89, 0x38, 0x2d, 0xd8, 0x09, 0x89, 0xaa, 0xdd, 
	0xd9, 0xdd, 0x77, 0xa6, 0x79, 0x77, 0x7c, 0xcb, 
	0x98, 0xaa, 0xa9, 0x99, 0x7b, 0xcc, 0xcc, 0xbb, 
	0xcc, 0xcb, 0x79, 0x78, 0x89, 0x97, 0xb7, 0x77, 
	0x36, 0x8d, 0x83, 0x55, 0xd3, 0x13, 0x9a, 0x3d, 
	0xdd, 0xdd, 0x8a, 0x88, 0x77, 0x97, 0x87, 0x78, 
	0x78, 0xa3, 0x31, 0x37, 0x76, 0xb6, 0xbc, 0xbb, 
	0xcc, 0xcc, 0x79, 0x79, 0x97, 0x77, 0x77, 0xa8, 
	0x38, 0x0d, 0x79, 0x04, 0x31, 0x13, 0x33, 0x0d, 
	0x8d, 0x88, 0x38, 0x54, 0x89, 0x87, 0x71, 0x2a, 
	0x88, 0x93, 0x96, 0x77, 0x87, 0x97, 0x6b, 0x6b, 
	0xcc, 0xbc, 0xc6, 0x77, 0x6b, 0x97, 0x99, 0x90, 
	0x03, 0xdd, 0xa6, 0x33, 0x11, 0x11, 0xa3, 0x09, 
	0x92, 0x31, 0x34, 0x08, 0x7c, 0x6b, 0xbc, 0xba, 
	0x97, 0x9d, 0x97, 0x77, 0x77, 0x76, 0xb6, 0xbb, 
	0xcc, 0xbc, 0x67, 0xb6, 0x68, 0x99, 0x79, 0x70, 
	0x33, 0x95, 0x8a, 0x33, 0x33, 0x12, 0x21, 0x12, 
	0xa8, 0x10, 0xd8, 0x03, 0x1a, 0xab, 0xbb, 0xb7, 
	0x8d, 0xd9, 0x79, 0x87, 0x98, 0x7b, 0x66, 0x76, 
	0xcc, 0xcb, 0x76, 0x78, 0x87, 0x77, 0xcc, 0x93, 
	0x99, 0xa0, 0x01, 0x33, 0x35, 0x88, 0xa7, 0x87, 
	0x93, 0x3d, 0x89, 0x03, 0x96, 0xab, 0xb7, 0x79, 
	0x8d, 0x79, 0x79, 0x89, 0x77, 0x7b, 0x76, 0x7b, 
	0xcb, 0xb1, 0x7a, 0x2a, 0xb9, 0x79, 0x79, 0x99, 
	0x32, 0x23, 0x33, 0x11, 0x30, 0xd6, 0x66, 0xb6, 
	0x73, 0x3d, 0x99, 0x18, 0x22, 0x98, 0x67, 0x79, 
	0x97, 0x67, 0x99, 0xd8, 0x98, 0x9b, 0x77, 0x26, 
	0xb6, 0xcc, 0x22, 0x36, 0xa1, 0x97, 0x85, 0x0d, 
	0x4d, 0x0d, 0x31, 0x11, 0x31, 0x76, 0x66, 0x66, 
	0x25, 0x13, 0x30, 0x22, 0xad, 0x78, 0xd7, 0x67, 
	0x6b, 0x67, 0x99, 0xd9, 0x8d, 0x7b, 0x97, 0xb2, 
	0xab, 0xcc, 0x2a, 0xd7, 0x98, 0xaa, 0x39, 0x8d, 
	0x00, 0x03, 0x33, 0x53, 0x13, 0x31, 0x21, 0x22, 
	0x6a, 0x13, 0x54, 0x35, 0x8d, 0x88, 0x0d, 0x66, 
	0x7b, 0xb9, 0xd9, 0x7d, 0x97, 0xb7, 0x7c, 0xb6, 
	0x67, 0x7b, 0xa3, 0x89, 0xdd, 0x77, 0x77, 0x78, 
	0x00, 0x53, 0x50, 0x03, 0x31, 0x21, 0x33, 0x22, 
	0xa6, 0x23, 0x34, 0x45, 0x88, 0x38, 0x50, 0xd9, 
	0x96, 0x90, 0x09, 0x69, 0x97, 0xcc, 0x7b, 0xc9, 
	0x6c, 0xb6, 0x93, 0x87, 0x7c, 0x70, 0x97, 0x7d, 
	0x05, 0x44, 0x03, 0x03, 0x31, 0x6a, 0x33, 0x22, 
	0x12, 0x23, 0x35, 0x55, 0x35, 0x3a, 0x98, 0x19, 
	0x78, 0x30, 0x5d, 0x97, 0x9c, 0xcb, 0xbb, 0xbc, 
	0xcc, 0xbb, 0xb6, 0x66, 0x77, 0x90, 0x33, 0x33, 
	0x35, 0x33, 0x33, 0x53, 0x33, 0x12, 0x23, 0x33, 
	0x12, 0x13, 0x53, 0x35, 0x00, 0xd9, 0x78, 0x7a, 
	0x77, 0xd9, 0x0d, 0x89, 0x7b, 0xcc, 0xcc, 0xbc, 
	0xcc, 0x76, 0x77, 0x27, 0x77, 0xdd, 0x03, 0x18, 
	0x55, 0x33, 0x33, 0x55, 0x55, 0x58, 0x13, 0x3a, 
	0x12, 0x89, 0xd9, 0x80, 0x53, 0x88, 0xb6, 0x76, 
	0x8d, 0x97, 0xd8, 0x7b, 0x66, 0xcb, 0xbc, 0x66, 
	0xb6, 0x77, 0x30, 0x33, 0x7b, 0x78, 0x03, 0x2d, 
	0x33, 0x31, 0x33, 0x33, 0x33, 0x35, 0x33, 0x13, 
	0x33, 0x29, 0x9d, 0x33, 0x33, 0x91, 0x2b, 0x2a, 
	0x89, 0x99, 0x99, 0x98, 0x7b, 0xcc, 0xb6, 0x77, 
	0x96, 0x67, 0x3d, 0x83, 0x1a, 0x9d, 0x51, 0x12, 
	0x33, 0x23, 0x31, 0x31, 0x23, 0xdd, 0x33, 0x22, 
	0x13, 0x38, 0x45, 0x18, 0x33, 0xbb, 0x69, 0x69, 
	0x79, 0xd9, 0x8d, 0x08, 0x97, 0x77, 0x76, 0x9a, 
	0x2a, 0x83, 0x3d, 0x75, 0x53, 0x55, 0x32, 0x32, 
	0x31, 0x33, 0x33, 0x33, 0xaa, 0x28, 0x00, 0x21, 
	0x11, 0x16, 0x93, 0x53, 0xd8, 0x66, 0xa8, 0xd0, 
	0x99, 0x97, 0x99, 0x99, 0x79, 0xb7, 0x76, 0x98, 
	0x1a, 0x00, 0xd8, 0xdd, 0x44, 0x45, 0x35, 0x53, 
	0x53, 0x35, 0x53, 0x33, 0x11, 0x30, 0x35, 0x53, 
	0x33, 0x31, 0x83, 0x34, 0x51, 0x15, 0x88, 0x50, 
	0xd8, 0x88, 0x8d, 0xd9, 0x99, 0x76, 0x67, 0x79, 
	0x99, 0x31, 0xd2, 0x80, 0x04, 0x04, 0x55, 0x54, 
	0x55, 0x33, 0x35, 0x53, 0x30, 0x05, 0x54, 0x33, 
	0x33, 0x53, 0x85, 0x50, 0x51, 0x31, 0x82, 0x55, 
	0x00, 0x11, 0x9d, 0xdd, 0x96, 0x77, 0x78, 0x9d, 
	0xd8, 0x3d, 0xd2, 0x20, 0x30, 0x34, 0x45, 0x54, 
	0x41, 0x51, 0x13, 0x35, 0x34, 0x44, 0x44, 0x55, 
	0x33, 0x43, 0x3d, 0x03, 0x55, 0x31, 0xa1, 0x54, 
	0x55, 0x28, 0x12, 0x78, 0x9a, 0xa1, 0x8d, 0x88, 
	0x78, 0x18, 0x8d, 0x88, 0x13, 0x34, 0x44, 0x54, 
	0x31, 0x31, 0x33, 0x33, 0xd0, 0x44, 0x45, 0x35, 
	0x33, 0x45, 0x44, 0x45, 0x35, 0x33, 0x16, 0x00, 
	0x53, 0x10, 0x53, 0x89, 0x7b, 0x61, 0x82, 0x33, 
	0x0d, 0xd8, 0x3d, 0x18, 0x8d, 0x54, 0x45, 0x45, 
	0x26, 0x32, 0x32, 0x33, 0x30, 0x45, 0x30, 0xd8, 
	0x35, 0x55, 0x44, 0x42, 0x88, 0x33, 0x35, 0x44, 
	0x90, 0xdd, 0x08, 0x77, 0x6c, 0xbb, 0xa2, 0x99, 
	0x09, 0x88, 0x35, 0x40, 0x18, 0x35, 0x45, 0x33, 
	0x1a, 0x23, 0x33, 0x53, 0x34, 0x44, 0x00, 0x35, 
	0x54, 0x35, 0x53, 0x55, 0x88, 0x53, 0x29, 0x53, 
	0xa3, 0xd8, 0x66, 0x76, 0xbb, 0xb6, 0xb3, 0x28, 
	0x5d, 0x32, 0x53, 0x00, 0x38, 0x35, 0x53, 0x55, 
	0x53, 0x34, 0x45, 0x45, 0x44, 0x34, 0x43, 0x33, 
	0x44, 0x43, 0x33, 0x33, 0x35, 0x45, 0x28, 0x45, 
	0x22, 0x33, 0x77, 0x99, 0xaa, 0x77, 0xb2, 0x33, 
	0xd8, 0x83, 0x33, 0x33, 0x45, 0x33, 0x53, 0x34, 
	0x43, 0x34, 0x45, 0x53, 0x33, 0x34, 0x43, 0x21, 
	0x51, 0x55, 0x50, 0x35, 0x33, 0x50, 0xa7, 0xd1, 
	0x13, 0x13, 0x99, 0xb7, 0x29, 0x7b, 0xb8, 0x1b, 
	0xa9, 0x83, 0x33, 0x33, 0x33, 0x13, 0x35, 0x90, 
	0x08, 0x33, 0x05, 0x53, 0x55, 0x44, 0x03, 0x23, 
	0x53, 0x45, 0xd0, 0x53, 0x33, 0x45, 0x87, 0x96, 
	0x62, 0x88, 0x79, 0x97, 0x78, 0x97, 0xb3, 0x6b, 
	0x67, 0x13, 0x33, 0x33, 0x33, 0x33, 0x97, 0x70, 
	0x0d, 0x21, 0x35, 0x54, 0x44, 0x44, 0x33, 0x11, 
	0x15, 0x81, 0x88, 0x33, 0x53, 0x34, 0x38, 0x8a, 
	0xa6, 0x26, 0x77, 0x89, 0x9d, 0x18, 0x33, 0x26, 
	0x92, 0xa3, 0x35, 0x45, 0x53, 0x55, 0x09, 0x70, 
	
};

Gfx wf_dl_DK_grass_ci4_1__1__pal_rgba16_aligner[] = {gsSPEndDisplayList()};
u8 wf_dl_DK_grass_ci4_1__1__pal_rgba16[] = {
	0x45, 0x87, 0x4e, 0x07, 0x4e, 0x47, 0x45, 0xc7, 
	0x3d, 0x45, 0x3d, 0x85, 0x5e, 0x89, 0x5e, 0x49, 
	0x55, 0xc9, 0x56, 0x09, 0x56, 0x49, 0x66, 0xc9, 
	0x6e, 0xcb, 0x4d, 0xc7, 
};

Gfx wf_dl_stone_granite_rgba16_ci8_aligner[] = {gsSPEndDisplayList()};
u8 wf_dl_stone_granite_rgba16_ci8[] = {
	0x00, 0x01, 0x01, 0x00, 0x02, 0x01, 0x00, 0x03, 
	0x03, 0x01, 0x00, 0x01, 0x04, 0x04, 0x05, 0x02, 
	0x01, 0x06, 0x07, 0x03, 0x03, 0x08, 0x03, 0x01, 
	0x01, 0x02, 0x09, 0x00, 0x00, 0x00, 0x01, 0x0a, 
	0x01, 0x01, 0x00, 0x00, 0x0b, 0x04, 0x04, 0x03, 
	0x05, 0x01, 0x01, 0x03, 0x04, 0x01, 0x00, 0x02, 
	0x00, 0x03, 0x03, 0x0c, 0x05, 0x03, 0x03, 0x04, 
	0x09, 0x05, 0x00, 0x00, 0x00, 0x09, 0x0d, 0x00, 
	0x05, 0x03, 0x04, 0x04, 0x04, 0x02, 0x05, 0x0e, 
	0x05, 0x01, 0x02, 0x02, 0x01, 0x04, 0x01, 0x01, 
	0x00, 0x05, 0x03, 0x03, 0x03, 0x05, 0x0e, 0x05, 
	0x04, 0x04, 0x0e, 0x04, 0x0f, 0x00, 0x00, 0x02, 
	0x0e, 0x05, 0x04, 0x10, 0x07, 0x03, 0x08, 0x0e, 
	0x05, 0x01, 0x02, 0x00, 0x09, 0x02, 0x01, 0x00, 
	0x0d, 0x0b, 0x04, 0x0e, 0x03, 0x10, 0x10, 0x08, 
	0x03, 0x05, 0x03, 0x03, 0x00, 0x02, 0x09, 0x02, 
	0x01, 0x0b, 0x00, 0x01, 0x04, 0x03, 0x03, 0x05, 
	0x05, 0x04, 0x01, 0x01, 0x00, 0x0a, 0x01, 0x0d, 
	0x11, 0x11, 0x0d, 0x0b, 0x01, 0x05, 0x03, 0x04, 
	0x07, 0x03, 0x03, 0x01, 0x00, 0x02, 0x01, 0x01, 
	0x0b, 0x0d, 0x11, 0x0d, 0x01, 0x01, 0x04, 0x05, 
	0x0e, 0x05, 0x01, 0x0d, 0x0b, 0x01, 0x00, 0x01, 
	0x0d, 0x12, 0x0a, 0x00, 0x13, 0x02, 0x01, 0x02, 
	0x08, 0x03, 0x05, 0x01, 0x0d, 0x14, 0x13, 0x0d, 
	0x0d, 0x0d, 0x0d, 0x0d, 0x00, 0x13, 0x00, 0x01, 
	0x00, 0x0d, 0x0a, 0x0d, 0x14, 0x0b, 0x0b, 0x01, 
	0x00, 0x0d, 0x00, 0x00, 0x0b, 0x01, 0x01, 0x00, 
	0x03, 0x03, 0x02, 0x0b, 0x0d, 0x11, 0x11, 0x11, 
	0x14, 0x14, 0x15, 0x0d, 0x0d, 0x00, 0x0a, 0x01, 
	0x13, 0x01, 0x0d, 0x14, 0x11, 0x11, 0x0b, 0x00, 
	0x01, 0x00, 0x11, 0x0d, 0x0d, 0x0b, 0x01, 0x05, 
	0x05, 0x04, 0x04, 0x0b, 0x0d, 0x0d, 0x00, 0x0a, 
	0x00, 0x0d, 0x0a, 0x00, 0x00, 0x00, 0x04, 0x01, 
	0x0d, 0x00, 0x0d, 0x11, 0x11, 0x14, 0x0d, 0x0b, 
	0x00, 0x0a, 0x0d, 0x11, 0x0d, 0x00, 0x01, 0x02, 
	0x04, 0x04, 0x04, 0x01, 0x02, 0x01, 0x02, 0x0a, 
	0x02, 0x00, 0x02, 0x04, 0x02, 0x00, 0x01, 0x01, 
	0x11, 0x0d, 0x00, 0x0b, 0x0d, 0x0d, 0x00, 0x00, 
	0x00, 0x0b, 0x0a, 0x00, 0x01, 0x0d, 0x01, 0x0f, 
	0x04, 0x03, 0x01, 0x04, 0x03, 0x04, 0x05, 0x05, 
	0x04, 0x01, 0x04, 0x05, 0x04, 0x04, 0x0b, 0x0b, 
	0x13, 0x00, 0x00, 0x00, 0x0d, 0x00, 0x00, 0x01, 
	0x02, 0x01, 0x01, 0x01, 0x00, 0x01, 0x05, 0x0c, 
	0x05, 0x02, 0x04, 0x05, 0x03, 0x0c, 0x0c, 0x0e, 
	0x02, 0x01, 0x01, 0x02, 0x04, 0x05, 0x01, 0x01, 
	0x0d, 0x00, 0x00, 0x16, 0x0d, 0x00, 0x00, 0x00, 
	0x00, 0x00, 0x0b, 0x0b, 0x0a, 0x09, 0x0a, 0x0b, 
	0x00, 0x00, 0x01, 0x02, 0x0e, 0x0e, 0x17, 0x02, 
	0x04, 0x05, 0x01, 0x02, 0x0e, 0x03, 0x04, 0x00, 
	0x01, 0x00, 0x00, 0x09, 0x11, 0x11, 0x0d, 0x09, 
	0x0d, 0x0d, 0x00, 0x00, 0x00, 0x0a, 0x11, 0x0d, 
	0x0b, 0x09, 0x0b, 0x01, 0x04, 0x04, 0x05, 0x05, 
	0x05, 0x04, 0x02, 0x04, 0x04, 0x03, 0x05, 0x01, 
	0x02, 0x01, 0x01, 0x13, 0x0d, 0x11, 0x0d, 0x0d, 
	0x0d, 0x0d, 0x0d, 0x00, 0x0d, 0x09, 0x00, 0x0b, 
	0x0d, 0x01, 0x00, 0x05, 0x03, 0x08, 0x07, 0x08, 
	0x18, 0x08, 0x19, 0x05, 0x03, 0x10, 0x05, 0x04, 
	0x03, 0x02, 0x02, 0x0d, 0x11, 0x0b, 0x00, 0x00, 
	0x0d, 0x0d, 0x0a, 0x0d, 0x01, 0x02, 0x02, 0x05, 
	0x13, 0x0a, 0x0b, 0x0d, 0x01, 0x05, 0x08, 0x08, 
	0x03, 0x07, 0x10, 0x05, 0x19, 0x19, 0x03, 0x01, 
	0x05, 0x05, 0x00, 0x00, 0x0a, 0x04, 0x01, 0x01, 
	0x02, 0x0a, 0x01, 0x00, 0x0b, 0x02, 0x01, 0x04, 
	0x00, 0x0b, 0x0d, 0x00, 0x00, 0x02, 0x1a, 0x08, 
	0x01, 0x1b, 0x1c, 0x1d, 0x03, 0x10, 0x03, 0x01, 
	0x02, 0x01, 0x00, 0x00, 0x0d, 0x00, 0x01, 0x00, 
	0x01, 0x00, 0x04, 0x00, 0x00, 0x01, 0x02, 0x05, 
	0x05, 0x00, 0x01, 0x01, 0x05, 0x05, 0x0e, 0x02, 
	0x00, 0x03, 0x03, 0x03, 0x04, 0x03, 0x03, 0x04, 
	0x00, 0x05, 0x01, 0x01, 0x00, 0x00, 0x0b, 0x01, 
	0x01, 0x00, 0x00, 0x0a, 0x00, 0x04, 0x02, 0x1e, 
	0x05, 0x01, 0x02, 0x05, 0x02, 0x02, 0x01, 0x00, 
	0x01, 0x02, 0x03, 0x03, 0x03, 0x03, 0x05, 0x05, 
	0x04, 0x03, 0x0e, 0x01, 0x01, 0x00, 0x01, 0x01, 
	0x05, 0x04, 0x04, 0x04, 0x0e, 0x05, 0x02, 0x03, 
	0x05, 0x01, 0x02, 0x04, 0x02, 0x05, 0x01, 0x00, 
	0x0a, 0x09, 0x01, 0x05, 0x03, 0x19, 0x08, 0x0c, 
	0x03, 0x03, 0x03, 0x04, 0x00, 0x01, 0x0b, 0x01, 
	0x03, 0x03, 0x03, 0x03, 0x03, 0x1f, 0x03, 0x03, 
	0x04, 0x02, 0x01, 0x01, 0x00, 0x0b, 0x01, 0x00, 
	0x15, 0x11, 0x0d, 0x0b, 0x00, 0x04, 0x03, 0x0e, 
	0x19, 0x03, 0x03, 0x02, 0x00, 0x00, 0x00, 0x01, 
	0x04, 0x00, 0x0a, 0x01, 0x05, 0x03, 0x03, 0x03, 
	0x04, 0x05, 0x02, 0x00, 0x00, 0x00, 0x01, 0x0d, 
	0x0a, 0x11, 0x14, 0x0a, 0x13, 0x00, 0x02, 0x02, 
	0x03, 0x03, 0x05, 0x01, 0x0d, 0x0d, 0x0d, 0x0d, 
	0x0a, 0x0d, 0x0d, 0x0d, 0x00, 0x01, 0x02, 0x0c, 
	0x04, 0x0f, 0x0b, 0x0d, 0x00, 0x02, 0x01, 0x01, 
	0x00, 0x00, 0x0b, 0x00, 0x01, 0x01, 0x01, 0x01, 
	0x03, 0x0e, 0x04, 0x0b, 0x0d, 0x11, 0x11, 0x11, 
	0x0d, 0x0b, 0x0d, 0x0a, 0x13, 0x00, 0x01, 0x01, 
	0x01, 0x00, 0x0d, 0x0d, 0x0d, 0x0a, 0x00, 0x02, 
	0x00, 0x00, 0x11, 0x11, 0x0d, 0x00, 0x0f, 0x05, 
	0x03, 0x05, 0x01, 0x0a, 0x11, 0x0d, 0x00, 0x0b, 
	0x0d, 0x11, 0x11, 0x0d, 0x0d, 0x00, 0x00, 0x01, 
	0x0d, 0x00, 0x0b, 0x16, 0x11, 0x0d, 0x0b, 0x01, 
	0x0d, 0x00, 0x11, 0x11, 0x0d, 0x00, 0x00, 0x01, 
	0x05, 0x04, 0x01, 0x02, 0x0f, 0x01, 0x01, 0x01, 
	0x13, 0x0a, 0x00, 0x01, 0x00, 0x00, 0x02, 0x01, 
	0x0b, 0x0a, 0x0d, 0x16, 0x11, 0x11, 0x00, 0x00, 
	0x00, 0x00, 0x00, 0x0d, 0x01, 0x0d, 0x02, 0x01, 
	0x04, 0x0e, 0x01, 0x03, 0x03, 0x04, 0x05, 0x0e, 
	0x04, 0x02, 0x02, 0x02, 0x01, 0x00, 0x01, 0x00, 
	0x0d, 0x0d, 0x00, 0x0a, 0x0d, 0x0d, 0x0b, 0x01, 
	0x05, 0x01, 0x20, 0x02, 0x00, 0x02, 0x02, 0x05, 
	0x04, 0x02, 0x05, 0x04, 0x03, 0x03, 0x03, 0x0e, 
	0x04, 0x01, 0x02, 0x05, 0x03, 0x0f, 0x09, 0x00, 
	0x0d, 0x00, 0x00, 0x00, 0x14, 0x01, 0x00, 0x00, 
	0x00, 0x00, 0x00, 0x00, 0x0a, 0x00, 0x0b, 0x13, 
	0x00, 0x00, 0x01, 0x0f, 0x04, 0x05, 0x03, 0x01, 
	0x01, 0x0a, 0x04, 0x01, 0x0e, 0x04, 0x01, 0x02, 
	0x0d, 0x01, 0x00, 0x0d, 0x0d, 0x01, 0x0b, 0x01, 
	0x0d, 0x0d, 0x00, 0x01, 0x00, 0x0d, 0x11, 0x0d, 
	0x0d, 0x00, 0x00, 0x01, 0x02, 0x04, 0x03, 0x05, 
	0x02, 0x05, 0x02, 0x01, 0x05, 0x03, 0x04, 0x0a, 
	0x00, 0x00, 0x00, 0x0b, 0x15, 0x15, 0x0d, 0x0d, 
	0x0d, 0x0d, 0x0d, 0x0a, 0x00, 0x00, 0x00, 0x0d, 
	0x0b, 0x09, 0x0a, 0x01, 0x03, 0x08, 0x07, 0x08, 
	0x04, 0x04, 0x05, 0x02, 0x03, 0x03, 0x04, 0x01, 
	0x02, 0x00, 0x01, 0x00, 0x14, 0x21, 0x0d, 0x0d, 
	0x00, 0x0d, 0x0a, 0x0d, 0x01, 0x20, 0x05, 0x0f, 
	0x00, 0x00, 0x0b, 0x0d, 0x00, 0x04, 0x10, 0x10, 
	0x19, 0x03, 0x0c, 0x05, 0x08, 0x08, 0x03, 0x01, 
	0x0e, 0x02, 0x02, 0x0d, 0x11, 0x00, 0x00, 0x00, 
	0x02, 0x00, 0x00, 0x09, 0x09, 0x01, 0x01, 0x04, 
	0x09, 0x0b, 0x0d, 0x00, 0x0b, 0x02, 0x03, 0x03, 
	0x19, 0x07, 0x10, 0x04, 0x08, 0x19, 0x08, 0x04, 
	0x04, 0x04, 0x00, 0x02, 0x0a, 0x01, 0x00, 0x01, 
	
};

Gfx wf_dl_stone_granite_rgba16_pal_rgba16_aligner[] = {gsSPEndDisplayList()};
u8 wf_dl_stone_granite_rgba16_pal_rgba16[] = {
	0x6a, 0x8d, 0x72, 0x8d, 0x72, 0xcd, 0x83, 0x0f, 
	0x7a, 0xcd, 0x7a, 0xcf, 0x9b, 0x91, 0x93, 0x51, 
	0x8b, 0x0f, 0x6a, 0x8b, 0x6a, 0x4d, 0x6a, 0x4b, 
	0x82, 0xcf, 0x62, 0x4b, 0x7b, 0x0f, 0x72, 0xcf, 
	0x8b, 0x51, 0x5a, 0x0b, 0x52, 0x0b, 0x62, 0x4d, 
	0x5a, 0x4b, 0x52, 0x09, 0x62, 0x0b, 0x83, 0x11, 
	0x8b, 0x11, 0x8b, 0x4f, 0x83, 0x4f, 0x9b, 0x93, 
	0x93, 0x91, 0x83, 0x0d, 0x7b, 0x0d, 0x82, 0xcd, 
	0x72, 0x8f, 0x51, 0xc9, 
};

Gfx wf_dl_YukkinaTreeBreak00_ci4_ci4_aligner[] = {gsSPEndDisplayList()};
u8 wf_dl_YukkinaTreeBreak00_ci4_ci4[] = {
	0x00, 0x12, 0x34, 0x25, 0x66, 0x78, 0x99, 0x99, 
	0x47, 0xa3, 0xbb, 0xa6, 0xca, 0xd5, 0x4b, 0x00, 
	0x49, 0xc0, 0x45, 0xa5, 0xb5, 0x78, 0x87, 0x5e, 
	0xea, 0x28, 0x59, 0x78, 0x27, 0x63, 0x28, 0x00, 
	0x4b, 0x18, 0xa4, 0x8a, 0x6e, 0x58, 0x99, 0x99, 
	0x00, 0x55, 0xb8, 0x56, 0x75, 0xe5, 0x9b, 0x04, 
	0x49, 0x30, 0x7a, 0xa5, 0x85, 0x58, 0x27, 0x5a, 
	0x63, 0x2b, 0x99, 0x72, 0x83, 0x65, 0x21, 0x04, 
	0x5b, 0x15, 0xe3, 0x85, 0xee, 0x65, 0xbb, 0x99, 
	0x44, 0x5a, 0xb8, 0x5a, 0xbc, 0xea, 0xcb, 0x47, 
	0x09, 0xa3, 0x56, 0x6a, 0x0a, 0xab, 0x27, 0xa6, 
	0xe3, 0x04, 0xb3, 0x08, 0x4c, 0x6a, 0x81, 0x07, 
	0x38, 0x1a, 0x60, 0x8a, 0xe6, 0xdd, 0x8b, 0x39, 
	0x70, 0x5e, 0x08, 0x5a, 0xb3, 0x65, 0x08, 0x44, 
	0x0c, 0x3c, 0xca, 0xe5, 0xba, 0x50, 0x28, 0x5e, 
	0xd5, 0xcb, 0xb5, 0x48, 0x43, 0xe6, 0x21, 0x47, 
	0x78, 0x25, 0xeb, 0x8a, 0x66, 0xd3, 0x24, 0x37, 
	0x90, 0x5d, 0x0b, 0xc5, 0x0a, 0xe3, 0x48, 0x04, 
	0x47, 0x4c, 0x3a, 0xe5, 0x45, 0x74, 0xb2, 0xce, 
	0xd5, 0x9b, 0x45, 0x3b, 0xb5, 0xde, 0x88, 0xc7, 
	0x0b, 0x8a, 0x60, 0x0a, 0xee, 0x64, 0xb9, 0x97, 
	0x74, 0xae, 0x0b, 0x77, 0x4e, 0xa4, 0x38, 0xb4, 
	0xb4, 0x4c, 0xc6, 0x67, 0x84, 0xbc, 0x21, 0x76, 
	0xe3, 0x02, 0x29, 0x38, 0x85, 0xe5, 0x28, 0x79, 
	0xb0, 0x45, 0x58, 0x7e, 0x66, 0xe4, 0x83, 0x39, 
	0x94, 0x66, 0x40, 0x73, 0xce, 0x57, 0xc2, 0x07, 
	0x47, 0x75, 0x55, 0x54, 0xb5, 0x3c, 0x22, 0x5d, 
	0xea, 0x42, 0x27, 0x38, 0x85, 0xe7, 0x10, 0x73, 
	0x88, 0x47, 0x72, 0x4d, 0x3a, 0xd3, 0x87, 0x33, 
	0x77, 0x65, 0x44, 0x77, 0x7e, 0xa7, 0xc2, 0xb4, 
	0x47, 0xc5, 0xa5, 0xa7, 0x46, 0x57, 0x22, 0x5d, 
	0xe6, 0x82, 0x43, 0x70, 0x96, 0xd3, 0x80, 0x09, 
	0x82, 0x07, 0x72, 0x3d, 0x3a, 0xd7, 0x24, 0x33, 
	0x47, 0xd3, 0x07, 0x40, 0x7d, 0x54, 0x42, 0xb0, 
	0x47, 0x77, 0x35, 0xa0, 0x75, 0xc7, 0x21, 0x9e, 
	0xe6, 0x21, 0x45, 0xbb, 0x36, 0xd5, 0xbb, 0x03, 
	0xbb, 0x7e, 0x48, 0xa6, 0x96, 0xdc, 0x24, 0x93, 
	0x95, 0xe0, 0x77, 0x44, 0x3e, 0x53, 0x02, 0x00, 
	0x04, 0xc5, 0x35, 0xa0, 0x75, 0x30, 0x21, 0xce, 
	0xe6, 0x21, 0x05, 0x9b, 0x95, 0xd5, 0xbb, 0x0c, 
	0xb4, 0x5e, 0x88, 0x6a, 0x7a, 0xe7, 0x1b, 0x99, 
	0x75, 0x58, 0xc4, 0x44, 0x7a, 0x77, 0xb8, 0x00, 
	0x04, 0x35, 0x43, 0x68, 0xb3, 0x38, 0x12, 0x3e, 
	0xea, 0x22, 0x45, 0x38, 0x75, 0xd5, 0xb8, 0x49, 
	0xbb, 0xae, 0x82, 0x65, 0x07, 0x50, 0x1b, 0x97, 
	0x76, 0x50, 0x54, 0x0b, 0xca, 0x47, 0x78, 0x07, 
	0x00, 0x35, 0x7c, 0xa8, 0x4a, 0x58, 0x1b, 0x56, 
	0xaa, 0x82, 0x46, 0x6b, 0x4a, 0xe5, 0x08, 0x09, 
	0x8b, 0xee, 0x82, 0x65, 0x99, 0x30, 0x10, 0x37, 
	0x5d, 0x6c, 0x63, 0x40, 0x3a, 0x75, 0xb2, 0x44, 
	0xb0, 0x5a, 0x9c, 0x30, 0x5e, 0xa2, 0x27, 0xa6, 
	0x55, 0x82, 0x7a, 0xeb, 0x45, 0x65, 0x42, 0xb9, 
	0xb4, 0xda, 0x80, 0xe3, 0x75, 0x57, 0x28, 0x34, 
	0xce, 0xa4, 0x53, 0x4b, 0x75, 0xc9, 0x28, 0x77, 
	0x04, 0x35, 0x39, 0x0b, 0xaa, 0x72, 0x29, 0x65, 
	0x4a, 0x02, 0x06, 0xd0, 0x4a, 0xa5, 0x42, 0xb9, 
	0xb7, 0xea, 0x24, 0xd4, 0x46, 0x65, 0x82, 0x70, 
	0x7e, 0x5b, 0x33, 0x4b, 0x44, 0x00, 0x20, 0x77, 
	0x77, 0x5a, 0x33, 0x08, 0xac, 0x48, 0x2c, 0x63, 
	0x46, 0xb2, 0x0e, 0xd4, 0x05, 0x3c, 0xc2, 0x27, 
	0x09, 0xaa, 0x24, 0xec, 0x96, 0xe5, 0xbb, 0x74, 
	0x5d, 0x50, 0x33, 0x4b, 0xcc, 0x47, 0x2b, 0x79, 
	0x94, 0x56, 0x99, 0x94, 0x34, 0x81, 0x1b, 0x65, 
	0x05, 0x78, 0x4e, 0xd0, 0x03, 0x35, 0x58, 0x24, 
	0x0c, 0x35, 0x8c, 0x64, 0x76, 0xe6, 0xb2, 0x77, 
	0x5e, 0xc4, 0xc3, 0x02, 0xc3, 0xc0, 0x28, 0x47, 
	0x70, 0x75, 0x44, 0x4b, 0x04, 0x11, 0x80, 0xab, 
	0x13, 0x3b, 0x05, 0xab, 0x44, 0x5d, 0x32, 0x20, 
	0x05, 0x74, 0x89, 0x60, 0x76, 0xee, 0x81, 0x47, 
	0x55, 0x40, 0x75, 0x08, 0x7c, 0x30, 0x80, 0x07, 
	0x93, 0x33, 0x40, 0x70, 0x70, 0x12, 0x75, 0x68, 
	0x86, 0x37, 0x84, 0xa0, 0x70, 0x5d, 0x52, 0xb0, 
	0x46, 0xcb, 0xb0, 0x50, 0x76, 0x6e, 0xb1, 0x49, 
	0x37, 0x0b, 0x55, 0xbb, 0xc7, 0xcc, 0xb7, 0x74, 
	0x45, 0xe5, 0x47, 0xc0, 0xcb, 0x27, 0x95, 0xe4, 
	0x0d, 0x59, 0x89, 0xa4, 0x94, 0xae, 0xa8, 0x07, 
	0x9e, 0x3b, 0xc2, 0xb7, 0x76, 0x6e, 0x01, 0x43, 
	0x94, 0xb0, 0xac, 0xb0, 0x74, 0x77, 0x84, 0x44, 
	0x45, 0xa3, 0x7c, 0x54, 0x34, 0x24, 0x7a, 0xd5, 
	0x8a, 0xa9, 0x83, 0xa4, 0x94, 0xae, 0x69, 0x47, 
	0x5d, 0x40, 0x78, 0x47, 0x3e, 0x6e, 0x81, 0x93, 
	0x9b, 0x45, 0xa7, 0xb0, 0x77, 0xc7, 0x84, 0x04, 
	0x3a, 0x3c, 0x07, 0x69, 0x5c, 0x18, 0x7a, 0xda, 
	0x2c, 0xd7, 0x25, 0xa4, 0x90, 0x5e, 0x63, 0x00, 
	0x6a, 0x87, 0x4b, 0x04, 0x36, 0x6e, 0x82, 0x39, 
	0x7b, 0x3e, 0x67, 0x00, 0x77, 0x30, 0x84, 0x04, 
	0xae, 0xa5, 0x45, 0xe0, 0x53, 0x1b, 0x9a, 0xde, 
	0x4c, 0xe9, 0x85, 0x59, 0x99, 0x56, 0xa3, 0xb8, 
	0xe9, 0x83, 0x78, 0xb7, 0x56, 0xee, 0x81, 0x47, 
	0x9b, 0x7e, 0x50, 0x00, 0x77, 0xc0, 0xb4, 0x07, 
	0x5e, 0x59, 0xca, 0x64, 0x57, 0x2b, 0x96, 0xd5, 
	0xb5, 0x69, 0x23, 0x59, 0x97, 0x6d, 0xe5, 0x8b, 
	0xec, 0x03, 0x72, 0xb9, 0xee, 0xee, 0xb2, 0x79, 
	0x78, 0x46, 0x50, 0xbb, 0x77, 0x70, 0x04, 0x47, 
	0x56, 0x57, 0x3a, 0x6b, 0x44, 0x1b, 0x75, 0xd5, 
	0x86, 0x69, 0x2c, 0x57, 0x98, 0x9d, 0xe3, 0x27, 
	0xa7, 0x4a, 0x58, 0x27, 0xe6, 0xe6, 0x02, 0x93, 
	0x74, 0x56, 0x50, 0x00, 0x47, 0xcb, 0xb7, 0x44, 
	0xae, 0x37, 0x56, 0xeb, 0x7a, 0x22, 0x03, 0x65, 
	0xba, 0xa4, 0x85, 0x59, 0x9b, 0x8a, 0x58, 0x27, 
	0x4b, 0x7e, 0x52, 0x29, 0x66, 0xe5, 0x22, 0x44, 
	0x00, 0x3e, 0x50, 0x44, 0x43, 0x3b, 0xb0, 0xb7, 
	0xa6, 0x47, 0x5a, 0xa2, 0x0e, 0x81, 0xb3, 0xab, 
	0x06, 0x34, 0x83, 0xc4, 0x99, 0xb7, 0xc8, 0x2b, 
	0x8b, 0xce, 0x42, 0x8c, 0xee, 0xe9, 0x1b, 0x94, 
	0x04, 0xce, 0x30, 0x77, 0x7c, 0x50, 0x44, 0x0c, 
	0x55, 0x4c, 0x5a, 0xa8, 0x0a, 0x81, 0xb3, 0xd4, 
	0x7e, 0x77, 0xb5, 0xc0, 0x99, 0x83, 0xa8, 0x20, 
	0xb0, 0x5e, 0xb2, 0x85, 0xe6, 0xd0, 0x14, 0x39, 
	0x35, 0x5a, 0x30, 0x47, 0x73, 0xa0, 0x44, 0x03, 
	0x6a, 0xcc, 0x35, 0x38, 0x07, 0x82, 0x05, 0xdc, 
	0x3a, 0x44, 0x4a, 0x09, 0x99, 0x25, 0xd7, 0x8b, 
	0x07, 0xee, 0x08, 0x85, 0xe6, 0x6b, 0x10, 0x94, 
	0x75, 0x5a, 0x4b, 0x40, 0x05, 0x5b, 0x44, 0x45, 
	0xe6, 0x34, 0x40, 0x4b, 0x84, 0x08, 0x83, 0xda, 
	0x54, 0xb4, 0x53, 0x83, 0x94, 0xba, 0xe5, 0x47, 
	0xb4, 0x6a, 0x82, 0x85, 0x66, 0xa0, 0x10, 0x9b, 
	0xb5, 0xae, 0x08, 0x70, 0x4a, 0xa4, 0x99, 0x95, 
	0xe6, 0x30, 0x44, 0xb0, 0xb7, 0x0b, 0x2c, 0x6a, 
	0x58, 0x49, 0x5c, 0x89, 0x94, 0xb6, 0xac, 0x44, 
	0x87, 0xa6, 0x72, 0x2b, 0xc7, 0xcc, 0x12, 0xc0, 
	0x0e, 0x66, 0xb0, 0x74, 0x7a, 0xa7, 0x34, 0x75, 
	0x65, 0x0b, 0x47, 0x40, 0x87, 0x01, 0x1c, 0x75, 
	0x7b, 0xc7, 0x6c, 0x89, 0x30, 0xb6, 0xe7, 0x07, 
	0x05, 0x6e, 0xa2, 0x12, 0x04, 0x97, 0x2b, 0x3b, 
	0x0e, 0xea, 0x8b, 0x70, 0x36, 0x5c, 0xc4, 0x75, 
	0x57, 0x0b, 0x77, 0x90, 0x8c, 0x32, 0x8c, 0x76, 
	0x9b, 0x90, 0x67, 0x29, 0x3b, 0xbe, 0xd3, 0xb3, 
	0xca, 0xa6, 0x65, 0x82, 0xbc, 0x34, 0x84, 0x98, 
	0x3e, 0x5a, 0x88, 0x40, 0x35, 0x74, 0x44, 0x4b, 
	0x40, 0xb0, 0x3c, 0x78, 0x85, 0x32, 0x8c, 0xce, 
	0xcb, 0x94, 0x63, 0x89, 0x38, 0x0a, 0x5b, 0x29, 
	0x3a, 0x5e, 0xe6, 0x81, 0x75, 0x4c, 0x2b, 0x78, 
	0x3e, 0xae, 0x48, 0x77, 0x55, 0xc4, 0x77, 0x0b, 
	0x44, 0x03, 0xa5, 0x30, 0x3e, 0xc2, 0xb0, 0x0a, 
	0x04, 0x90, 0xa5, 0x24, 0x9b, 0x7a, 0x08, 0x84, 
	0x75, 0xa5, 0xa5, 0x11, 0x5e, 0xb4, 0x28, 0x7b, 
	0x5e, 0xed, 0x48, 0x73, 0xae, 0x57, 0x3c, 0x07, 
	0x97, 0x45, 0xac, 0x70, 0x56, 0xc2, 0x04, 0x45, 
	0x4c, 0x70, 0x65, 0x84, 0x94, 0x06, 0x58, 0x27, 
	0x00, 0xa5, 0xa4, 0x10, 0x6d, 0x00, 0x2b, 0x7b, 
	0xaa, 0xa5, 0x48, 0x83, 0x56, 0x57, 0x50, 0x24, 
	0x47, 0x45, 0xac, 0x44, 0x5a, 0x98, 0x39, 0xb5, 
	0x35, 0x74, 0x65, 0xb7, 0x49, 0x46, 0xe0, 0xb9, 
	0xb4, 0xae, 0xa8, 0xba, 0xdd, 0x4c, 0xb0, 0x77, 
	0xaa, 0x53, 0x50, 0x05, 0xc5, 0x59, 0x9b, 0x20, 
	0x47, 0x75, 0xac, 0x44, 0xc5, 0x90, 0x33, 0x03, 
	0x55, 0x90, 0x66, 0x07, 0x79, 0x95, 0x60, 0x44, 
	0x4c, 0x5a, 0x42, 0x0a, 0xe6, 0x0c, 0x70, 0xb4, 
	0x6e, 0xc3, 0x54, 0x7a, 0xaa, 0xa3, 0x9b, 0x24, 
	0x77, 0x4c, 0xa3, 0x00, 0x4b, 0xbb, 0x44, 0x84, 
	0xc3, 0x78, 0x55, 0x8b, 0x8c, 0x9c, 0x50, 0x8b, 
	0x0c, 0x55, 0xc8, 0xb5, 0xda, 0x85, 0x6c, 0xbb, 
	0x6a, 0x7a, 0x30, 0xb3, 0x55, 0x63, 0x9b, 0x87, 
	0x77, 0x07, 0x65, 0x7b, 0x8b, 0x84, 0x40, 0x80, 
	0x45, 0x30, 0x55, 0x8b, 0xb9, 0x40, 0xbb, 0x8b, 
	0x8b, 0xcc, 0x42, 0xce, 0xda, 0xba, 0x6c, 0x20, 
	0x67, 0xc6, 0x3b, 0xbc, 0x55, 0xac, 0x98, 0xb9, 
	0x77, 0x45, 0xa5, 0x54, 0xb0, 0x7c, 0x04, 0x43, 
	0x55, 0x34, 0x55, 0x04, 0x03, 0x35, 0x74, 0xb0, 
	0x08, 0x43, 0x81, 0x7d, 0x64, 0x0a, 0xa0, 0x26, 
	0x6b, 0x36, 0xcb, 0x45, 0x5a, 0x69, 0x9b, 0x89, 
	0x94, 0x83, 0x55, 0x57, 0xbb, 0xc7, 0x8b, 0x7a, 
	0xa6, 0x50, 0x77, 0x00, 0xb3, 0x35, 0x67, 0x8b, 
	0x4b, 0xb3, 0xb1, 0x9e, 0x67, 0x06, 0xa8, 0x8d, 
	0x38, 0x55, 0x78, 0x85, 0x55, 0x59, 0x4b, 0x80, 
	0x90, 0x8c, 0x55, 0xa4, 0x0b, 0x70, 0x8b, 0x36, 
	0xd6, 0x50, 0x74, 0x04, 0x27, 0x55, 0xa4, 0x2b, 
	0x77, 0xcc, 0x82, 0x3e, 0xd3, 0x06, 0x52, 0x25, 
	0xb2, 0xc4, 0x7b, 0x25, 0xc5, 0x59, 0xb2, 0x47, 
	0x98, 0x8a, 0xa5, 0x5b, 0x4b, 0xcb, 0x27, 0xce, 
	0xde, 0x5b, 0x43, 0xb9, 0x87, 0x53, 0xab, 0x80, 
	0xc5, 0x60, 0x11, 0xc6, 0x60, 0x0a, 0x71, 0x84, 
	0x28, 0xc7, 0xcb, 0xb6, 0x55, 0xa4, 0x22, 0x93, 
	0x38, 0x8a, 0x35, 0x54, 0x37, 0x90, 0x23, 0x56, 
	0xee, 0x5b, 0x45, 0x09, 0x8c, 0xcc, 0x64, 0xb0, 
	0x05, 0x41, 0x11, 0xca, 0x50, 0x76, 0x5b, 0x43, 
	0x0b, 0x9c, 0x78, 0x4e, 0x55, 0xa0, 0x20, 0x39, 
	0x9b, 0x85, 0xc5, 0xe5, 0x53, 0x90, 0x85, 0x6a, 
	0xed, 0x58, 0x7a, 0x78, 0x23, 0xa0, 0x44, 0xb0, 
	0x07, 0x81, 0x14, 0x66, 0x53, 0x76, 0x58, 0x73, 
	0x08, 0x4c, 0x42, 0x0a, 0x55, 0x60, 0x14, 0x39, 
	0x94, 0x05, 0x5a, 0x63, 0x04, 0x7b, 0x85, 0x65, 
	0x6d, 0x5b, 0x35, 0x9b, 0x25, 0xd7, 0x8b, 0xb7, 
	0x49, 0xb1, 0x25, 0xd6, 0xe3, 0x0e, 0x72, 0x9c, 
	0x02, 0x43, 0x72, 0x0a, 0x35, 0xe4, 0x10, 0x39, 
	0x94, 0xbc, 0xaa, 0xa3, 0x7b, 0x4b, 0xb5, 0x65, 
	0x6d, 0x30, 0x39, 0x94, 0xb5, 0xd3, 0x8b, 0x07, 
	0xcc, 0x01, 0x10, 0xa6, 0xd9, 0x06, 0x38, 0x07, 
	0x02, 0x35, 0x78, 0x4a, 0xc5, 0xd9, 0x1b, 0x39, 
	0x94, 0x87, 0x5a, 0x65, 0x58, 0xb8, 0xb6, 0x63, 
	0xed, 0x9b, 0x74, 0x79, 0x75, 0xd3, 0x80, 0x79, 
	0x73, 0x01, 0x18, 0xae, 0xec, 0x45, 0x04, 0x79, 
	0x4b, 0x66, 0x78, 0x7a, 0x56, 0xd9, 0x20, 0x39, 
	0x94, 0x8c, 0x5a, 0xe6, 0xa8, 0xb0, 0x86, 0x69, 
	0xed, 0x38, 0x4b, 0x49, 0x7a, 0xa2, 0x1b, 0xc7, 
	0x3a, 0xb1, 0x1b, 0x55, 0xec, 0x7a, 0x47, 0x93, 
	0x47, 0xe6, 0x78, 0x7a, 0x5e, 0xd5, 0x20, 0x39, 
	0x99, 0x8c, 0x6a, 0x56, 0xa8, 0x04, 0x06, 0x5c, 
	0x6d, 0x98, 0x97, 0x79, 0x9e, 0x52, 0x1b, 0x7c, 
	0xa5, 0x02, 0x17, 0xc5, 0xec, 0x7a, 0x04, 0x33, 
	0x4c, 0xa5, 0x48, 0x55, 0xc6, 0xe5, 0x8b, 0x99, 
	0x77, 0x87, 0x55, 0xc5, 0x38, 0xb7, 0x9e, 0x57, 
	0x6d, 0x74, 0xa9, 0x97, 0x3e, 0x42, 0x8b, 0x45, 
	0xaa, 0xb2, 0x80, 0x3a, 0x64, 0x95, 0xb4, 0x79, 
	0x84, 0xa3, 0x08, 0x55, 0xc6, 0xea, 0xb2, 0x0c, 
	0x74, 0x80, 0x55, 0xc4, 0xa2, 0x2b, 0x76, 0x50, 
	0x5d, 0x07, 0xa0, 0x74, 0x55, 0x21, 0xb4, 0x55, 
	0xa7, 0x21, 0x2b, 0xc5, 0x54, 0x9b, 0x84, 0x44, 
	0x23, 0xe3, 0xb0, 0xa5, 0x5e, 0xe6, 0xb2, 0x49, 
	0x97, 0x84, 0x55, 0xcc, 0x62, 0x2b, 0x45, 0x3b, 
	0x5d, 0xbc, 0x9b, 0x94, 0xc2, 0x1b, 0xb7, 0x6a, 
	0xa4, 0x22, 0x27, 0x0c, 0x7c, 0x92, 0x09, 0x99, 
	0xba, 0xe9, 0x04, 0x65, 0x56, 0xea, 0xbb, 0x99, 
	0x39, 0x87, 0x53, 0x5a, 0x68, 0xb4, 0x75, 0x37, 
	0x6d, 0x75, 0x4b, 0x99, 0x50, 0x80, 0xb7, 0x66, 
	0xac, 0x22, 0x04, 0x05, 0xa6, 0x7b, 0x99, 0x97, 
	0xba, 0x64, 0xb0, 0xa5, 0x56, 0xd5, 0x0b, 0xb3, 
	0x39, 0x87, 0x5c, 0x35, 0xa2, 0xb0, 0x75, 0x54, 
	0x6d, 0x73, 0x0b, 0x99, 0xc4, 0x44, 0x05, 0x66, 
	0xc0, 0x82, 0xc4, 0x77, 0x5d, 0x42, 0x99, 0x74, 
	0xb6, 0x64, 0x0b, 0x55, 0x35, 0xd5, 0x0b, 0xb3, 
	0x39, 0x05, 0xc4, 0x3a, 0x51, 0xb0, 0x75, 0x5b, 
	0xae, 0x7c, 0x48, 0x90, 0x8b, 0x70, 0x7e, 0x6a, 
	0xc0, 0x82, 0xca, 0x50, 0x3d, 0x72, 0x97, 0x90, 
	0x8a, 0xa0, 0xb0, 0x55, 0x5a, 0xd5, 0x4b, 0xb9, 
	0x77, 0x47, 0xcc, 0x5e, 0x71, 0xbb, 0x7a, 0xa4, 
	0x66, 0x7c, 0xb8, 0x94, 0xb0, 0x74, 0x56, 0xaa, 
	0x78, 0x1b, 0x5a, 0x50, 0x5a, 0x38, 0x07, 0x90, 
	0xb6, 0x67, 0x00, 0x35, 0x5a, 0xe5, 0x40, 0x09, 
	0x4b, 0x47, 0x55, 0x5a, 0xc2, 0xb4, 0x96, 0x67, 
	0xea, 0x44, 0x80, 0x99, 0x8b, 0x40, 0x56, 0x55, 
	0xb2, 0x1b, 0x55, 0xa0, 0x7a, 0x6c, 0xb9, 0x97, 
	0xc6, 0xe7, 0xbb, 0x35, 0x5a, 0xea, 0x7b, 0x79, 
	0x40, 0x47, 0x53, 0xa6, 0xc2, 0xb4, 0x9e, 0x50, 
	0x6a, 0x04, 0x84, 0x90, 0x2b, 0x72, 0x45, 0xc3, 
	0x08, 0x2b, 0x55, 0xa7, 0x9d, 0xe0, 0xb7, 0x97, 
	0x7c, 0xa0, 0xbb, 0x5c, 0x3a, 0x65, 0x7b, 0x79, 
	0x0b, 0x4c, 0x57, 0xae, 0x02, 0x0b, 0x7d, 0x53, 
	0xde, 0xc7, 0xb7, 0x3b, 0x20, 0x3b, 0xb0, 0x93, 
	0x0b, 0x20, 0xa3, 0x54, 0x3d, 0xa2, 0xb9, 0x79, 
	0x74, 0x64, 0xb4, 0x5c, 0x4a, 0x65, 0x4b, 0x70, 
	0x88, 0x45, 0x37, 0xaa, 0xb4, 0x48, 0x4d, 0x55, 
	0xdd, 0xbb, 0x44, 0x38, 0x27, 0x30, 0x4b, 0x84, 
	0xb2, 0x2c, 0x55, 0xc7, 0x56, 0x6b, 0xb9, 0x99, 
	0x4c, 0xe0, 0x8b, 0x53, 0xba, 0xe3, 0x0b, 0x90, 
	0x80, 0x35, 0x35, 0xa5, 0xb7, 0x48, 0x0e, 0x5a, 
	0xd6, 0x88, 0x77, 0x9b, 0x87, 0x3b, 0x4b, 0x20, 
	0x02, 0x25, 0xa5, 0x75, 0x66, 0x5b, 0x09, 0x49, 
	0x07, 0x58, 0x8b, 0xc5, 0x75, 0xec, 0x80, 0x34, 
	0xb4, 0x55, 0x75, 0xa3, 0x8c, 0x72, 0x05, 0x56, 
	0xe5, 0x28, 0x33, 0x97, 0x20, 0x50, 0x28, 0x70, 
	0xc0, 0x2b, 0x55, 0x85, 0xee, 0x52, 0x09, 0x04, 
	0xb0, 0x57, 0xbb, 0x5a, 0x35, 0xd3, 0x8b, 0x40, 
	0x07, 0x53, 0x7a, 0x63, 0xb3, 0x48, 0x09, 0x3e, 
	0xe6, 0x88, 0x33, 0x94, 0x29, 0xac, 0x28, 0x78, 
	
};

Gfx wf_dl_YukkinaTreeBreak00_ci4_pal_rgba16_aligner[] = {gsSPEndDisplayList()};
u8 wf_dl_YukkinaTreeBreak00_ci4_pal_rgba16[] = {
	0x62, 0x07, 0x30, 0xc3, 0x41, 0x43, 0x7a, 0x8b, 
	0x6a, 0x07, 0x82, 0xcb, 0x93, 0x4d, 0x6a, 0x49, 
	0x51, 0x85, 0x72, 0x89, 0x8b, 0x0b, 0x59, 0xc7, 
	0x72, 0x49, 0x9b, 0xcf, 0x9b, 0x8f, 
};

Gfx wf_dl_BigTreeWoodC_rgba16_ci8_aligner[] = {gsSPEndDisplayList()};
u8 wf_dl_BigTreeWoodC_rgba16_ci8[] = {
	0x00, 0x01, 0x02, 0x02, 0x02, 0x03, 0x00, 0x04, 
	0x02, 0x05, 0x06, 0x07, 0x05, 0x08, 0x09, 0x08, 
	0x00, 0x02, 0x0a, 0x0b, 0x0c, 0x0d, 0x03, 0x05, 
	0x02, 0x0e, 0x02, 0x03, 0x02, 0x00, 0x0b, 0x02, 
	0x00, 0x05, 0x05, 0x02, 0x02, 0x02, 0x00, 0x0f, 
	0x02, 0x05, 0x07, 0x10, 0x04, 0x06, 0x08, 0x02, 
	0x02, 0x02, 0x0f, 0x11, 0x00, 0x0b, 0x02, 0x05, 
	0x05, 0x02, 0x0e, 0x0e, 0x03, 0x00, 0x0b, 0x03, 
	0x00, 0x00, 0x12, 0x02, 0x00, 0x06, 0x06, 0x13, 
	0x02, 0x0a, 0x02, 0x00, 0x0d, 0x00, 0x08, 0x02, 
	0x06, 0x02, 0x0f, 0x11, 0x0b, 0x14, 0x15, 0x00, 
	0x06, 0x0e, 0x0e, 0x0e, 0x02, 0x00, 0x13, 0x03, 
	0x00, 0x01, 0x02, 0x02, 0x03, 0x02, 0x00, 0x16, 
	0x02, 0x02, 0x00, 0x00, 0x04, 0x0b, 0x00, 0x00, 
	0x00, 0x05, 0x17, 0x11, 0x06, 0x07, 0x07, 0x05, 
	0x05, 0x02, 0x03, 0x0e, 0x06, 0x18, 0x13, 0x02, 
	0x00, 0x05, 0x15, 0x02, 0x02, 0x00, 0x04, 0x02, 
	0x02, 0x02, 0x00, 0x00, 0x0c, 0x0d, 0x0b, 0x0b, 
	0x0b, 0x0b, 0x19, 0x1a, 0x02, 0x07, 0x07, 0x07, 
	0x07, 0x02, 0x02, 0x0e, 0x02, 0x00, 0x1b, 0x15, 
	0x01, 0x00, 0x15, 0x02, 0x02, 0x1c, 0x0d, 0x00, 
	0x02, 0x00, 0x00, 0x00, 0x1d, 0x1e, 0x01, 0x05, 
	0x05, 0x0b, 0x11, 0x1a, 0x05, 0x02, 0x0a, 0x02, 
	0x07, 0x07, 0x02, 0x0e, 0x15, 0x00, 0x0b, 0x1f, 
	0x00, 0x00, 0x02, 0x06, 0x02, 0x0b, 0x04, 0x1c, 
	0x02, 0x0b, 0x0b, 0x0c, 0x20, 0x1a, 0x20, 0x04, 
	0x04, 0x0d, 0x21, 0x0d, 0x1b, 0x0b, 0x06, 0x02, 
	0x02, 0x07, 0x07, 0x02, 0x00, 0x0b, 0x0b, 0x15, 
	0x00, 0x18, 0x00, 0x02, 0x02, 0x00, 0x04, 0x04, 
	0x1c, 0x04, 0x0d, 0x22, 0x0d, 0x23, 0x0d, 0x0d, 
	0x0d, 0x0d, 0x24, 0x11, 0x17, 0x1b, 0x00, 0x00, 
	0x00, 0x02, 0x00, 0x0e, 0x02, 0x0b, 0x0b, 0x15, 
	0x0b, 0x05, 0x25, 0x06, 0x02, 0x00, 0x1d, 0x0d, 
	0x1c, 0x1a, 0x11, 0x26, 0x13, 0x04, 0x20, 0x0c, 
	0x0d, 0x0d, 0x11, 0x0d, 0x0d, 0x0d, 0x0b, 0x0b, 
	0x00, 0x00, 0x1c, 0x07, 0x12, 0x00, 0x0b, 0x03, 
	0x00, 0x00, 0x00, 0x06, 0x02, 0x00, 0x1c, 0x0d, 
	0x1a, 0x27, 0x20, 0x1c, 0x08, 0x03, 0x03, 0x07, 
	0x28, 0x02, 0x13, 0x0f, 0x11, 0x0d, 0x0d, 0x0b, 
	0x0b, 0x00, 0x00, 0x07, 0x02, 0x00, 0x0b, 0x02, 
	0x00, 0x00, 0x00, 0x03, 0x00, 0x00, 0x1c, 0x0d, 
	0x27, 0x11, 0x0a, 0x29, 0x2a, 0x2b, 0x2c, 0x2c, 
	0x2d, 0x2e, 0x0a, 0x02, 0x0c, 0x0d, 0x0d, 0x04, 
	0x0f, 0x17, 0x12, 0x02, 0x02, 0x00, 0x0b, 0x02, 
	0x00, 0x00, 0x00, 0x02, 0x00, 0x00, 0x1d, 0x24, 
	0x2f, 0x30, 0x31, 0x32, 0x33, 0x34, 0x35, 0x35, 
	0x32, 0x36, 0x37, 0x14, 0x08, 0x30, 0x11, 0x0d, 
	0x04, 0x0d, 0x02, 0x02, 0x07, 0x00, 0x0b, 0x02, 
	0x18, 0x00, 0x02, 0x00, 0x00, 0x00, 0x0d, 0x2f, 
	0x05, 0x0a, 0x38, 0x39, 0x3a, 0x34, 0x38, 0x3b, 
	0x3c, 0x32, 0x3d, 0x3e, 0x3f, 0x09, 0x04, 0x0d, 
	0x0d, 0x04, 0x0b, 0x02, 0x06, 0x1c, 0x04, 0x02, 
	0x00, 0x00, 0x15, 0x00, 0x00, 0x0f, 0x11, 0x0f, 
	0x07, 0x40, 0x41, 0x41, 0x3b, 0x32, 0x40, 0x32, 
	0x38, 0x3b, 0x2a, 0x38, 0x3b, 0x40, 0x29, 0x04, 
	0x0d, 0x0d, 0x0b, 0x00, 0x1c, 0x0c, 0x0b, 0x02, 
	0x00, 0x00, 0x00, 0x00, 0x0b, 0x11, 0x11, 0x07, 
	0x42, 0x33, 0x33, 0x43, 0x40, 0x36, 0x44, 0x45, 
	0x46, 0x36, 0x07, 0x47, 0x33, 0x48, 0x49, 0x02, 
	0x0d, 0x0d, 0x1b, 0x00, 0x00, 0x04, 0x0f, 0x15, 
	0x00, 0x00, 0x0c, 0x0c, 0x0c, 0x11, 0x0f, 0x37, 
	0x32, 0x3a, 0x3b, 0x40, 0x4a, 0x40, 0x4b, 0x4c, 
	0x4c, 0x4c, 0x29, 0x38, 0x33, 0x33, 0x4d, 0x14, 
	0x0f, 0x19, 0x0f, 0x01, 0x0d, 0x1c, 0x13, 0x02, 
	0x00, 0x00, 0x18, 0x04, 0x04, 0x11, 0x0a, 0x2d, 
	0x33, 0x34, 0x40, 0x36, 0x40, 0x38, 0x47, 0x47, 
	0x47, 0x4c, 0x4e, 0x4f, 0x40, 0x4d, 0x4d, 0x50, 
	0x0a, 0x0d, 0x0d, 0x0d, 0x0b, 0x02, 0x0b, 0x02, 
	0x00, 0x02, 0x00, 0x0c, 0x11, 0x11, 0x51, 0x4f, 
	0x33, 0x32, 0x4a, 0x38, 0x4d, 0x52, 0x33, 0x4f, 
	0x4d, 0x4d, 0x53, 0x4d, 0x38, 0x44, 0x3a, 0x32, 
	0x29, 0x13, 0x0d, 0x1b, 0x02, 0x07, 0x16, 0x03, 
	0x00, 0x02, 0x00, 0x0b, 0x11, 0x05, 0x50, 0x4f, 
	0x3b, 0x40, 0x44, 0x4d, 0x41, 0x4f, 0x54, 0x32, 
	0x35, 0x38, 0x14, 0x55, 0x33, 0x3c, 0x3a, 0x56, 
	0x57, 0x0a, 0x22, 0x0b, 0x02, 0x0a, 0x58, 0x03, 
	0x00, 0x02, 0x00, 0x04, 0x1a, 0x59, 0x44, 0x33, 
	0x32, 0x5a, 0x4c, 0x39, 0x3b, 0x32, 0x40, 0x3e, 
	0x50, 0x44, 0x2d, 0x5b, 0x39, 0x4f, 0x33, 0x33, 
	0x5c, 0x07, 0x0d, 0x0b, 0x02, 0x02, 0x05, 0x02, 
	0x00, 0x25, 0x00, 0x20, 0x11, 0x51, 0x47, 0x4d, 
	0x44, 0x45, 0x55, 0x33, 0x32, 0x4a, 0x50, 0x50, 
	0x50, 0x4a, 0x50, 0x5d, 0x33, 0x33, 0x38, 0x48, 
	0x56, 0x3d, 0x0f, 0x0f, 0x02, 0x02, 0x02, 0x00, 
	0x05, 0x1c, 0x1c, 0x0d, 0x0f, 0x44, 0x4d, 0x3c, 
	0x40, 0x38, 0x41, 0x3b, 0x36, 0x5e, 0x2d, 0x5f, 
	0x50, 0x2d, 0x50, 0x47, 0x5d, 0x3b, 0x3b, 0x38, 
	0x33, 0x36, 0x0a, 0x04, 0x0a, 0x02, 0x05, 0x0b, 
	0x06, 0x00, 0x1c, 0x11, 0x05, 0x47, 0x4d, 0x35, 
	0x4a, 0x47, 0x4d, 0x5c, 0x36, 0x60, 0x44, 0x38, 
	0x3c, 0x61, 0x50, 0x50, 0x56, 0x48, 0x33, 0x4f, 
	0x5b, 0x32, 0x2e, 0x11, 0x62, 0x05, 0x0a, 0x04, 
	0x0a, 0x05, 0x0f, 0x11, 0x2a, 0x4d, 0x33, 0x38, 
	0x50, 0x52, 0x3b, 0x50, 0x44, 0x38, 0x33, 0x33, 
	0x41, 0x4d, 0x3c, 0x50, 0x44, 0x5d, 0x5d, 0x43, 
	0x63, 0x33, 0x32, 0x0b, 0x01, 0x0f, 0x08, 0x17, 
	0x0a, 0x00, 0x0f, 0x64, 0x57, 0x4d, 0x4d, 0x38, 
	0x5a, 0x52, 0x40, 0x50, 0x61, 0x55, 0x3a, 0x4d, 
	0x4f, 0x32, 0x65, 0x4f, 0x50, 0x5d, 0x34, 0x4f, 
	0x52, 0x33, 0x3c, 0x05, 0x0b, 0x04, 0x06, 0x0f, 
	0x02, 0x1c, 0x0d, 0x0d, 0x50, 0x33, 0x33, 0x38, 
	0x61, 0x35, 0x45, 0x50, 0x33, 0x33, 0x34, 0x38, 
	0x38, 0x44, 0x4d, 0x33, 0x4b, 0x38, 0x4d, 0x4f, 
	0x33, 0x39, 0x32, 0x0a, 0x0d, 0x17, 0x05, 0x58, 
	0x02, 0x1c, 0x22, 0x0d, 0x44, 0x33, 0x33, 0x61, 
	0x4d, 0x32, 0x50, 0x44, 0x33, 0x3b, 0x43, 0x38, 
	0x38, 0x44, 0x3b, 0x33, 0x3b, 0x40, 0x33, 0x3b, 
	0x4f, 0x3a, 0x54, 0x66, 0x0d, 0x04, 0x0b, 0x05, 
	0x02, 0x1c, 0x22, 0x13, 0x32, 0x33, 0x33, 0x49, 
	0x41, 0x3b, 0x5f, 0x47, 0x33, 0x32, 0x44, 0x5a, 
	0x45, 0x50, 0x5f, 0x3c, 0x33, 0x4a, 0x4d, 0x3b, 
	0x3b, 0x33, 0x3c, 0x2a, 0x0d, 0x04, 0x17, 0x1b, 
	0x02, 0x0b, 0x22, 0x05, 0x49, 0x33, 0x33, 0x32, 
	0x41, 0x38, 0x5f, 0x4d, 0x3b, 0x44, 0x50, 0x4c, 
	0x4f, 0x38, 0x38, 0x44, 0x33, 0x4a, 0x4f, 0x3b, 
	0x38, 0x39, 0x3b, 0x2a, 0x0d, 0x04, 0x0d, 0x0f, 
	0x02, 0x0c, 0x11, 0x05, 0x38, 0x4d, 0x33, 0x32, 
	0x41, 0x32, 0x50, 0x55, 0x43, 0x44, 0x44, 0x55, 
	0x47, 0x38, 0x4d, 0x44, 0x4d, 0x4a, 0x38, 0x5d, 
	0x47, 0x39, 0x5d, 0x57, 0x0d, 0x04, 0x04, 0x0b, 
	0x00, 0x04, 0x1a, 0x02, 0x38, 0x4d, 0x33, 0x49, 
	0x41, 0x49, 0x44, 0x4d, 0x38, 0x45, 0x38, 0x38, 
	0x50, 0x50, 0x4d, 0x32, 0x4f, 0x50, 0x40, 0x5d, 
	0x4f, 0x41, 0x5d, 0x57, 0x0d, 0x20, 0x04, 0x0b, 
	0x00, 0x17, 0x1a, 0x02, 0x38, 0x4d, 0x33, 0x38, 
	0x41, 0x44, 0x44, 0x4d, 0x32, 0x50, 0x4f, 0x2d, 
	0x44, 0x44, 0x32, 0x3b, 0x3c, 0x44, 0x44, 0x5d, 
	0x4f, 0x41, 0x5d, 0x50, 0x0d, 0x0c, 0x0b, 0x0b, 
	0x06, 0x04, 0x1a, 0x29, 0x4f, 0x4d, 0x33, 0x38, 
	0x41, 0x44, 0x4b, 0x33, 0x44, 0x45, 0x4d, 0x5f, 
	0x48, 0x61, 0x47, 0x4d, 0x4d, 0x44, 0x40, 0x48, 
	0x3b, 0x33, 0x33, 0x61, 0x0d, 0x1d, 0x0b, 0x1d, 
	0x06, 0x0c, 0x1a, 0x29, 0x4d, 0x4d, 0x33, 0x38, 
	0x41, 0x36, 0x38, 0x33, 0x44, 0x44, 0x55, 0x3c, 
	0x3b, 0x3c, 0x3c, 0x4d, 0x4d, 0x44, 0x5f, 0x36, 
	0x44, 0x3b, 0x33, 0x38, 0x0d, 0x1d, 0x0b, 0x0c, 
	0x06, 0x1c, 0x0d, 0x29, 0x33, 0x33, 0x4d, 0x3c, 
	0x41, 0x36, 0x32, 0x33, 0x32, 0x44, 0x55, 0x52, 
	0x4d, 0x3c, 0x4d, 0x4d, 0x4d, 0x40, 0x50, 0x5e, 
	0x53, 0x44, 0x50, 0x67, 0x68, 0x0d, 0x20, 0x0d, 
	0x05, 0x0c, 0x0d, 0x09, 0x52, 0x33, 0x33, 0x47, 
	0x41, 0x44, 0x40, 0x33, 0x40, 0x45, 0x47, 0x55, 
	0x4d, 0x3c, 0x41, 0x4d, 0x33, 0x44, 0x44, 0x4d, 
	0x61, 0x47, 0x61, 0x67, 0x68, 0x0c, 0x0c, 0x04, 
	0x00, 0x0b, 0x20, 0x4e, 0x4d, 0x33, 0x33, 0x38, 
	0x41, 0x44, 0x44, 0x4d, 0x3b, 0x50, 0x38, 0x4d, 
	0x4d, 0x4d, 0x5b, 0x33, 0x33, 0x4a, 0x3b, 0x33, 
	0x38, 0x65, 0x5b, 0x32, 0x68, 0x06, 0x18, 0x1c, 
	0x00, 0x00, 0x20, 0x4e, 0x4f, 0x3a, 0x4d, 0x38, 
	0x41, 0x49, 0x45, 0x4d, 0x4d, 0x50, 0x50, 0x4d, 
	0x4d, 0x4d, 0x5b, 0x5b, 0x4f, 0x5f, 0x69, 0x33, 
	0x38, 0x4d, 0x4d, 0x32, 0x23, 0x06, 0x18, 0x0b, 
	0x00, 0x00, 0x0b, 0x10, 0x3c, 0x41, 0x3b, 0x44, 
	0x41, 0x48, 0x5f, 0x3b, 0x33, 0x49, 0x2d, 0x6a, 
	0x47, 0x43, 0x3a, 0x39, 0x43, 0x4a, 0x33, 0x4f, 
	0x40, 0x33, 0x4d, 0x38, 0x13, 0x02, 0x00, 0x1c, 
	0x25, 0x00, 0x00, 0x00, 0x3c, 0x4d, 0x38, 0x45, 
	0x41, 0x5b, 0x50, 0x38, 0x33, 0x3b, 0x2d, 0x60, 
	0x50, 0x32, 0x3a, 0x39, 0x40, 0x38, 0x33, 0x4f, 
	0x32, 0x33, 0x33, 0x50, 0x1c, 0x02, 0x00, 0x00, 
	0x00, 0x00, 0x05, 0x30, 0x6a, 0x3c, 0x4f, 0x32, 
	0x47, 0x41, 0x44, 0x44, 0x3b, 0x4d, 0x38, 0x6b, 
	0x5b, 0x3a, 0x3a, 0x43, 0x40, 0x32, 0x4d, 0x38, 
	0x4f, 0x4d, 0x4d, 0x57, 0x02, 0x02, 0x00, 0x00, 
	0x00, 0x00, 0x05, 0x0c, 0x6a, 0x4d, 0x41, 0x47, 
	0x6a, 0x41, 0x3b, 0x2d, 0x43, 0x38, 0x44, 0x6c, 
	0x39, 0x3a, 0x3b, 0x5c, 0x4a, 0x3c, 0x4d, 0x38, 
	0x4d, 0x33, 0x4d, 0x07, 0x12, 0x02, 0x00, 0x00, 
	0x00, 0x00, 0x0b, 0x20, 0x67, 0x4d, 0x41, 0x4f, 
	0x5a, 0x52, 0x5b, 0x44, 0x36, 0x32, 0x50, 0x55, 
	0x48, 0x3b, 0x40, 0x40, 0x40, 0x41, 0x3b, 0x38, 
	0x5b, 0x33, 0x4d, 0x03, 0x07, 0x18, 0x00, 0x00, 
	0x18, 0x0b, 0x04, 0x0d, 0x2d, 0x4d, 0x41, 0x48, 
	0x44, 0x4f, 0x41, 0x4d, 0x50, 0x36, 0x36, 0x4d, 
	0x3b, 0x32, 0x4a, 0x4b, 0x4d, 0x52, 0x40, 0x4f, 
	0x5b, 0x33, 0x4f, 0x0c, 0x08, 0x18, 0x00, 0x00, 
	0x18, 0x0c, 0x0b, 0x1c, 0x03, 0x4d, 0x41, 0x33, 
	0x32, 0x40, 0x41, 0x55, 0x4f, 0x50, 0x2c, 0x40, 
	0x32, 0x44, 0x45, 0x47, 0x41, 0x4f, 0x40, 0x52, 
	0x5b, 0x33, 0x50, 0x1c, 0x08, 0x18, 0x00, 0x00, 
	0x15, 0x02, 0x02, 0x06, 0x1c, 0x3b, 0x5b, 0x39, 
	0x38, 0x40, 0x4f, 0x41, 0x41, 0x4d, 0x5f, 0x50, 
	0x44, 0x32, 0x4f, 0x41, 0x41, 0x38, 0x38, 0x41, 
	0x5b, 0x4f, 0x51, 0x05, 0x06, 0x00, 0x00, 0x00, 
	0x15, 0x02, 0x02, 0x02, 0x0c, 0x3c, 0x33, 0x39, 
	0x4d, 0x40, 0x44, 0x4f, 0x41, 0x55, 0x61, 0x41, 
	0x41, 0x33, 0x33, 0x41, 0x3b, 0x4a, 0x4f, 0x33, 
	0x5b, 0x43, 0x06, 0x08, 0x18, 0x00, 0x00, 0x00, 
	0x02, 0x02, 0x00, 0x00, 0x1c, 0x36, 0x3b, 0x33, 
	0x39, 0x32, 0x44, 0x50, 0x3c, 0x48, 0x4f, 0x41, 
	0x41, 0x52, 0x4f, 0x3b, 0x40, 0x3b, 0x4d, 0x33, 
	0x4d, 0x44, 0x05, 0x03, 0x18, 0x00, 0x00, 0x18, 
	0x25, 0x05, 0x15, 0x00, 0x02, 0x18, 0x33, 0x4d, 
	0x39, 0x52, 0x49, 0x50, 0x50, 0x36, 0x4f, 0x6d, 
	0x33, 0x3b, 0x38, 0x40, 0x38, 0x4d, 0x41, 0x33, 
	0x3c, 0x42, 0x00, 0x03, 0x18, 0x00, 0x00, 0x06, 
	0x00, 0x00, 0x02, 0x00, 0x18, 0x0c, 0x32, 0x4d, 
	0x33, 0x39, 0x33, 0x38, 0x44, 0x50, 0x5a, 0x32, 
	0x32, 0x44, 0x44, 0x38, 0x52, 0x39, 0x33, 0x4f, 
	0x4a, 0x05, 0x02, 0x02, 0x05, 0x00, 0x0b, 0x15, 
	0x15, 0x00, 0x03, 0x18, 0x02, 0x00, 0x2a, 0x4f, 
	0x4d, 0x39, 0x5b, 0x33, 0x4f, 0x44, 0x6a, 0x44, 
	0x44, 0x4b, 0x47, 0x4d, 0x41, 0x39, 0x33, 0x40, 
	0x5f, 0x6e, 0x02, 0x05, 0x05, 0x00, 0x00, 0x02, 
	0x00, 0x05, 0x02, 0x00, 0x00, 0x02, 0x05, 0x61, 
	0x4d, 0x4d, 0x41, 0x41, 0x41, 0x3c, 0x4d, 0x4f, 
	0x38, 0x4d, 0x33, 0x33, 0x41, 0x33, 0x44, 0x50, 
	0x4e, 0x20, 0x18, 0x02, 0x06, 0x00, 0x0b, 0x15, 
	0x15, 0x00, 0x02, 0x00, 0x00, 0x02, 0x0c, 0x29, 
	0x38, 0x4d, 0x4d, 0x41, 0x41, 0x41, 0x41, 0x41, 
	0x41, 0x41, 0x5b, 0x3b, 0x52, 0x32, 0x44, 0x42, 
	0x20, 0x20, 0x00, 0x02, 0x06, 0x00, 0x0b, 0x15, 
	0x15, 0x01, 0x00, 0x18, 0x00, 0x00, 0x05, 0x0f, 
	0x50, 0x32, 0x3b, 0x48, 0x48, 0x5b, 0x39, 0x41, 
	0x41, 0x5b, 0x4d, 0x44, 0x44, 0x44, 0x50, 0x1c, 
	0x18, 0x02, 0x04, 0x02, 0x02, 0x1c, 0x0b, 0x03, 
	0x00, 0x05, 0x00, 0x18, 0x00, 0x00, 0x02, 0x20, 
	0x1c, 0x2d, 0x32, 0x3b, 0x48, 0x4d, 0x4d, 0x33, 
	0x4d, 0x4d, 0x38, 0x44, 0x45, 0x5a, 0x06, 0x1d, 
	0x02, 0x12, 0x0b, 0x0b, 0x02, 0x1c, 0x0b, 0x02, 
	0x18, 0x05, 0x00, 0x18, 0x00, 0x00, 0x00, 0x04, 
	0x06, 0x0b, 0x50, 0x50, 0x44, 0x3b, 0x3b, 0x3c, 
	0x3c, 0x32, 0x40, 0x5a, 0x2d, 0x14, 0x0c, 0x18, 
	0x18, 0x05, 0x05, 0x04, 0x02, 0x1c, 0x00, 0x02, 
	0x18, 0x05, 0x05, 0x18, 0x00, 0x00, 0x00, 0x0d, 
	0x05, 0x03, 0x05, 0x2a, 0x36, 0x40, 0x40, 0x44, 
	0x44, 0x44, 0x50, 0x2d, 0x6f, 0x00, 0x02, 0x18, 
	0x18, 0x05, 0x05, 0x00, 0x02, 0x00, 0x0b, 0x03, 
	0x06, 0x00, 0x05, 0x03, 0x02, 0x00, 0x0b, 0x0d, 
	0x05, 0x00, 0x02, 0x0d, 0x02, 0x2d, 0x50, 0x50, 
	0x50, 0x50, 0x2d, 0x14, 0x00, 0x00, 0x00, 0x00, 
	0x00, 0x05, 0x00, 0x15, 0x02, 0x0b, 0x1b, 0x03, 
	0x05, 0x00, 0x00, 0x06, 0x18, 0x00, 0x04, 0x04, 
	0x00, 0x00, 0x00, 0x04, 0x1c, 0x00, 0x06, 0x07, 
	0x42, 0x42, 0x02, 0x00, 0x18, 0x02, 0x00, 0x00, 
	0x00, 0x06, 0x02, 0x03, 0x0e, 0x0b, 0x0b, 0x03, 
	0x05, 0x00, 0x00, 0x05, 0x03, 0x00, 0x04, 0x00, 
	0x00, 0x00, 0x00, 0x1c, 0x1c, 0x02, 0x03, 0x07, 
	0x03, 0x0e, 0x02, 0x00, 0x18, 0x1c, 0x00, 0x00, 
	0x00, 0x02, 0x02, 0x03, 0x02, 0x0b, 0x0b, 0x02, 
	0x00, 0x0b, 0x00, 0x05, 0x02, 0x05, 0x00, 0x00, 
	0x18, 0x00, 0x00, 0x1c, 0x00, 0x00, 0x06, 0x00, 
	0x18, 0x00, 0x18, 0x02, 0x00, 0x0f, 0x00, 0x05, 
	0x06, 0x02, 0x02, 0x02, 0x03, 0x1c, 0x1b, 0x03, 
	0x00, 0x01, 0x15, 0x05, 0x02, 0x02, 0x0b, 0x0b, 
	0x18, 0x00, 0x00, 0x0b, 0x1c, 0x00, 0x06, 0x00, 
	0x18, 0x00, 0x15, 0x06, 0x00, 0x0f, 0x06, 0x05, 
	0x02, 0x02, 0x02, 0x0e, 0x03, 0x0b, 0x0b, 0x03, 
	0x00, 0x18, 0x00, 0x05, 0x02, 0x02, 0x00, 0x0f, 
	0x03, 0x05, 0x18, 0x0b, 0x00, 0x00, 0x18, 0x00, 
	0x25, 0x00, 0x15, 0x06, 0x15, 0x1d, 0x15, 0x00, 
	0x06, 0x02, 0x02, 0x02, 0x02, 0x0b, 0x1b, 0x02, 
	0x15, 0x1c, 0x00, 0x02, 0x02, 0x05, 0x15, 0x17, 
	0x03, 0x05, 0x18, 0x00, 0x00, 0x00, 0x18, 0x00, 
	0x25, 0x00, 0x15, 0x05, 0x00, 0x04, 0x02, 0x00, 
	0x05, 0x02, 0x02, 0x03, 0x15, 0x0b, 0x0b, 0x02, 
	
};

Gfx wf_dl_BigTreeWoodC_rgba16_pal_rgba16_aligner[] = {gsSPEndDisplayList()};
u8 wf_dl_BigTreeWoodC_rgba16_pal_rgba16[] = {
	0x6a, 0x45, 0x62, 0x45, 0x72, 0x87, 0x7a, 0x87, 
	0x59, 0xc3, 0x6a, 0x47, 0x72, 0x47, 0x7a, 0xc9, 
	0x7a, 0x89, 0x82, 0xcb, 0x72, 0x89, 0x62, 0x05, 
	0x61, 0xc3, 0x51, 0x83, 0x7a, 0xc7, 0x59, 0xc5, 
	0x72, 0xc9, 0x49, 0x43, 0x6a, 0x87, 0x61, 0xc5, 
	0x8b, 0x4b, 0x72, 0x85, 0x62, 0x07, 0x51, 0xc3, 
	0x72, 0x45, 0x49, 0x83, 0x49, 0x41, 0x5a, 0x05, 
	0x6a, 0x05, 0x62, 0x03, 0x49, 0x01, 0x7a, 0x85, 
	0x59, 0x83, 0x39, 0x01, 0x51, 0x43, 0x51, 0x81, 
	0x41, 0x01, 0x6a, 0x85, 0x59, 0x85, 0x38, 0xc1, 
	0x72, 0xc7, 0x83, 0x0b, 0x8b, 0x4d, 0x93, 0xcd, 
	0x93, 0xcf, 0x93, 0x8d, 0x8b, 0x8d, 0x41, 0x41, 
	0x6a, 0x07, 0x7a, 0xcb, 0xa4, 0x53, 0xb4, 0xd7, 
	0xac, 0x97, 0xa4, 0x93, 0x9c, 0x11, 0x83, 0x09, 
	0xac, 0x53, 0xbd, 0x19, 0xb5, 0x19, 0xac, 0x95, 
	0xac, 0x93, 0x83, 0x4b, 0x9c, 0x0f, 0x93, 0xd1, 
	0xa4, 0x13, 0xbd, 0x17, 0x93, 0x4d, 0xac, 0x55, 
	0xa4, 0x11, 0xa3, 0xd1, 0xa3, 0xd3, 0xb4, 0x93, 
	0xac, 0xd5, 0xa4, 0x51, 0x9b, 0xd1, 0xac, 0x13, 
	0xb4, 0x53, 0xb4, 0xd5, 0x82, 0xc9, 0xb4, 0x95, 
	0x9b, 0xcf, 0x8b, 0x0b, 0xbc, 0xd7, 0x93, 0x4b, 
	0xa4, 0x55, 0xbc, 0xd5, 0xa4, 0x95, 0x93, 0x8f, 
	0x62, 0x47, 0x8a, 0xcb, 0xa3, 0xcf, 0xb5, 0x17, 
	0x9c, 0x13, 0xac, 0xd7, 0x9b, 0xcd, 0x9b, 0x8f, 
	0x9b, 0x8d, 0xac, 0x51, 0x6a, 0x89, 0xbc, 0xd9, 
	0x41, 0x03, 0xb5, 0x15, 0x7b, 0x0b, 0xa4, 0x0f, 
	0x51, 0x41, 0xb4, 0x97, 0xac, 0x11, 0xb4, 0xd3, 
	0xc5, 0x17, 0xbd, 0x15, 0x61, 0x83, 0x8b, 0x09, 
	
};

Gfx wf_dl__1chain_ci4_ci4_aligner[] = {gsSPEndDisplayList()};
u8 wf_dl__1chain_ci4_ci4[] = {
	0x01, 0x22, 0x12, 0x22, 0x34, 0x00, 0x05, 0x55, 
	0x55, 0x56, 0x56, 0x66, 0x66, 0x65, 0x55, 0x56, 
	0x55, 0x56, 0x66, 0x66, 0x65, 0x55, 0x55, 0x55, 
	0x57, 0x77, 0x33, 0x22, 0x12, 0x12, 0x10, 0x00, 
	0x01, 0x11, 0x48, 0x80, 0x00, 0x06, 0x65, 0x55, 
	0x95, 0x55, 0x56, 0x56, 0x65, 0x59, 0x95, 0x96, 
	0x59, 0x59, 0x56, 0x65, 0x65, 0x55, 0x59, 0x55, 
	0x56, 0x67, 0x78, 0x00, 0x04, 0x11, 0x10, 0x00, 
	0x00, 0x00, 0x00, 0x00, 0x03, 0xa6, 0x65, 0x59, 
	0x99, 0x95, 0x55, 0x55, 0x59, 0x99, 0x99, 0x95, 
	0x99, 0x99, 0x99, 0x56, 0x55, 0x59, 0x99, 0x95, 
	0x55, 0x6a, 0x48, 0x00, 0x00, 0x00, 0x00, 0x00, 
	0x00, 0x00, 0x00, 0x0b, 0xba, 0xa6, 0x55, 0x99, 
	0x99, 0x55, 0x55, 0x59, 0x99, 0x99, 0x95, 0x95, 
	0x59, 0x99, 0x99, 0x99, 0x55, 0x55, 0x99, 0x99, 
	0x56, 0x6a, 0xab, 0xb8, 0x00, 0x00, 0x00, 0x00, 
	0x00, 0x00, 0x02, 0x22, 0xba, 0xa6, 0x59, 0x99, 
	0x99, 0x99, 0x99, 0x99, 0x99, 0x99, 0x99, 0x96, 
	0x99, 0x99, 0x99, 0x99, 0x99, 0x99, 0x99, 0x99, 
	0x95, 0x6a, 0xab, 0xb2, 0x28, 0x00, 0x00, 0x00, 
	0x00, 0x81, 0x22, 0x2b, 0xba, 0x65, 0x59, 0x99, 
	0xc9, 0xcc, 0x99, 0x99, 0x59, 0x99, 0x99, 0x95, 
	0x99, 0x99, 0x95, 0x99, 0x99, 0xcc, 0x9c, 0x99, 
	0x95, 0x56, 0xab, 0x22, 0x22, 0x20, 0x00, 0x00, 
	0x00, 0x12, 0x22, 0xbb, 0xba, 0x66, 0x55, 0x9c, 
	0xcc, 0xc9, 0x99, 0x59, 0x99, 0x99, 0xc9, 0xc5, 
	0x9c, 0x99, 0x99, 0x95, 0x99, 0x9c, 0xcc, 0xc9, 
	0x55, 0x6a, 0xaa, 0xbb, 0x22, 0x11, 0x00, 0x00, 
	0x00, 0x11, 0x22, 0xbb, 0xba, 0xa6, 0x59, 0x9c, 
	0xcc, 0xcc, 0x99, 0x99, 0x99, 0xcc, 0xcc, 0x95, 
	0xcc, 0xcc, 0x99, 0x99, 0x99, 0x9c, 0xcc, 0xc9, 
	0x95, 0x6a, 0xab, 0xbb, 0x22, 0x21, 0x00, 0x00, 
	0x00, 0x22, 0x2b, 0xbb, 0xba, 0xa6, 0x55, 0x99, 
	0xcc, 0x9c, 0x99, 0x99, 0xcc, 0xcc, 0xcc, 0xc9, 
	0xcc, 0xcc, 0xc9, 0x99, 0x9c, 0xcc, 0xcc, 0x99, 
	0x55, 0x6a, 0xab, 0xbb, 0xb2, 0x22, 0x00, 0x00, 
	0x00, 0x02, 0x2b, 0x2b, 0xba, 0xa6, 0x65, 0x99, 
	0xcc, 0xcc, 0xcc, 0xcc, 0xc9, 0xcc, 0xcc, 0xc9, 
	0xcc, 0xcc, 0xcc, 0xcc, 0x99, 0xcc, 0xcc, 0x99, 
	0x56, 0x6a, 0xab, 0xb2, 0xb2, 0x20, 0x00, 0x00, 
	0x00, 0x00, 0x22, 0xbb, 0xba, 0xa6, 0x65, 0x59, 
	0x9c, 0xc9, 0xcc, 0xcc, 0x9c, 0xcc, 0xcc, 0xcc, 
	0xcc, 0xcc, 0xc9, 0xcc, 0xcc, 0xc9, 0xc9, 0x95, 
	0x56, 0x6a, 0xab, 0xbb, 0x22, 0x00, 0x00, 0x00, 
	0x00, 0x00, 0xd3, 0xbb, 0xbb, 0xaa, 0x66, 0x59, 
	0x99, 0xcc, 0xcc, 0xcc, 0xcc, 0xcc, 0xcc, 0xc9, 
	0xcc, 0xcc, 0xcc, 0xcc, 0xcc, 0xcc, 0x99, 0x95, 
	0x66, 0xaa, 0xbb, 0xbb, 0x3d, 0x00, 0x00, 0x00, 
	0x00, 0x00, 0x08, 0x2b, 0xba, 0xaa, 0x66, 0x55, 
	0x9c, 0xcc, 0xcc, 0xcc, 0xcc, 0xcc, 0xcc, 0xc9, 
	0xcc, 0xcc, 0xcc, 0xcc, 0xcc, 0xcc, 0xc9, 0x55, 
	0x66, 0xaa, 0xbb, 0xbb, 0x00, 0x00, 0x00, 0x00, 
	0x00, 0x00, 0x02, 0xbb, 0xbb, 0xaa, 0xa6, 0x65, 
	0x9c, 0x99, 0xcc, 0xcc, 0xcc, 0xcc, 0xcc, 0xc5, 
	0xcc, 0xcc, 0xcc, 0xcc, 0xcc, 0x99, 0xc9, 0x55, 
	0x6a, 0xaa, 0xbb, 0xb2, 0x20, 0x00, 0x00, 0x00, 
	0x00, 0x00, 0x0d, 0x22, 0x3b, 0xba, 0xa6, 0x55, 
	0x55, 0x9c, 0xcc, 0xcc, 0xcc, 0xcc, 0xcc, 0xc9, 
	0xcc, 0xcc, 0xcc, 0xcc, 0xcc, 0xc9, 0x55, 0x55, 
	0x6a, 0xaa, 0xb3, 0xb2, 0xd0, 0x00, 0x00, 0x00, 
	0x00, 0x00, 0xee, 0xee, 0xbb, 0xaa, 0x66, 0x66, 
	0x65, 0x99, 0xcc, 0xcc, 0xcc, 0xcc, 0xcc, 0xc9, 
	0xcc, 0xcc, 0xcc, 0xcc, 0xcc, 0x99, 0x56, 0x66, 
	0x66, 0xab, 0xbb, 0xee, 0xee, 0x00, 0x00, 0x00, 
	0x00, 0x04, 0xee, 0xee, 0x2b, 0xaa, 0xaa, 0xba, 
	0x65, 0x99, 0xcc, 0x7c, 0xcc, 0xcc, 0xcc, 0xc9, 
	0xcc, 0xcc, 0xcc, 0xc7, 0xcc, 0xc9, 0x56, 0xab, 
	0xaa, 0xaa, 0xb2, 0xee, 0xee, 0x40, 0x00, 0x00, 
	0x00, 0x00, 0x00, 0x00, 0x0b, 0xbb, 0x22, 0xb6, 
	0x55, 0x99, 0xc8, 0xcc, 0xcc, 0xcc, 0xcc, 0xc9, 
	0xcc, 0xcc, 0xcc, 0xcc, 0x7c, 0x99, 0x55, 0x6b, 
	0x22, 0xba, 0xb0, 0x00, 0x00, 0x00, 0x00, 0x00, 
	0x00, 0x00, 0x00, 0x00, 0x01, 0x41, 0x1b, 0xa6, 
	0x65, 0x58, 0xb8, 0x9c, 0xcc, 0xcc, 0xcc, 0xc9, 
	0xcc, 0xcc, 0xcc, 0xc9, 0xf2, 0x85, 0x55, 0x6a, 
	0xb2, 0x14, 0x10, 0x00, 0x00, 0x00, 0x00, 0x00, 
	0x00, 0xf4, 0xee, 0xee, 0xe1, 0x14, 0x2a, 0x66, 
	0x6b, 0xbb, 0xb5, 0x99, 0xcc, 0xcc, 0xcc, 0xc9, 
	0xcc, 0xcc, 0xcc, 0x99, 0x5b, 0xbb, 0x86, 0x66, 
	0xa2, 0x41, 0x1e, 0xee, 0xee, 0x00, 0x00, 0x00, 
	0x0d, 0xee, 0xee, 0xe1, 0x11, 0x22, 0xf3, 0xaa, 
	0xb3, 0xbb, 0x65, 0x59, 0x99, 0x99, 0xcc, 0xc9, 
	0xcc, 0x99, 0x99, 0x59, 0x56, 0xbb, 0x38, 0xaa, 
	0x3f, 0x22, 0x11, 0x1e, 0xee, 0xee, 0x00, 0x00, 
	0x04, 0xee, 0xee, 0xe1, 0x11, 0x22, 0xb3, 0xb3, 
	0xbb, 0xb3, 0x65, 0x55, 0x55, 0x9c, 0xcc, 0xc9, 
	0xcc, 0xc9, 0x55, 0x55, 0x56, 0x3b, 0xba, 0xb3, 
	0xbb, 0x22, 0x11, 0x1e, 0xee, 0xee, 0x00, 0x00, 
	0x0e, 0xee, 0xee, 0xe1, 0x12, 0x2b, 0xbb, 0xba, 
	0xaa, 0xb6, 0x66, 0x66, 0x59, 0x99, 0xcc, 0xc9, 
	0xcc, 0xc9, 0x95, 0x66, 0x66, 0x6b, 0xa3, 0xab, 
	0xbb, 0xb2, 0x21, 0x11, 0xee, 0xee, 0xe0, 0x00, 
	0x0e, 0xe1, 0xee, 0x11, 0x22, 0x2b, 0xb3, 0xaa, 
	0xaa, 0xa4, 0xaa, 0xaa, 0x55, 0x9c, 0xcc, 0xc9, 
	0xcc, 0x99, 0x96, 0x6a, 0xaa, 0x4a, 0xaa, 0xaa, 
	0x3b, 0xb2, 0x22, 0x11, 0xee, 0x1e, 0xe0, 0x00, 
	0x0f, 0x1e, 0x11, 0x11, 0x22, 0xbb, 0xba, 0xaa, 
	0x6a, 0xaa, 0xa4, 0xb6, 0x55, 0xc7, 0xcc, 0x99, 
	0xcc, 0x7c, 0x55, 0xab, 0x4a, 0xaa, 0xaa, 0x6a, 
	0xab, 0xb2, 0x22, 0x11, 0x1e, 0xe1, 0xf0, 0x00, 
	0x00, 0xe1, 0xe1, 0x12, 0x22, 0x2b, 0xaa, 0x6a, 
	0xa6, 0x6a, 0xaa, 0xba, 0x68, 0x7c, 0xcc, 0xc9, 
	0xcc, 0xc7, 0x86, 0xa8, 0xaa, 0x66, 0x6a, 0xaa, 
	0xaa, 0xbb, 0x22, 0x21, 0x11, 0x1e, 0x00, 0x00, 
	0x00, 0xee, 0x11, 0x12, 0x2b, 0xbb, 0xaa, 0xa3, 
	0x66, 0xa6, 0xaa, 0xaa, 0xaa, 0x7c, 0xc9, 0xc9, 
	0x9c, 0xc7, 0xa4, 0xab, 0xaa, 0xa6, 0x66, 0x36, 
	0xaa, 0xbb, 0xb2, 0x21, 0x11, 0xe1, 0x00, 0x00, 
	0x00, 0x11, 0x11, 0x22, 0xbb, 0xbb, 0x3a, 0x66, 
	0x66, 0x6a, 0xaa, 0xaa, 0xaa, 0x35, 0x9c, 0xc9, 
	0xc9, 0x93, 0xa6, 0xaa, 0xaa, 0xaa, 0x66, 0x66, 
	0x3a, 0xbb, 0xbb, 0x22, 0x11, 0x1e, 0x00, 0x00, 
	0x01, 0x11, 0x12, 0x22, 0x2b, 0xba, 0xa6, 0x66, 
	0x6a, 0xa6, 0xa6, 0x6a, 0xaa, 0xaa, 0xa9, 0xc9, 
	0x9a, 0xaa, 0xaa, 0xa6, 0x66, 0xa6, 0x6a, 0x66, 
	0x6a, 0xab, 0xb2, 0x22, 0x21, 0x11, 0x10, 0x00, 
	0x01, 0x21, 0x21, 0x22, 0xbb, 0xaa, 0xa6, 0x66, 
	0x66, 0x56, 0x6a, 0x66, 0x6a, 0xaa, 0x6a, 0x95, 
	0xa6, 0xaa, 0x6a, 0x6a, 0x66, 0x66, 0x66, 0x66, 
	0x6a, 0xaa, 0xb2, 0x22, 0x12, 0x12, 0x10, 0x00, 
	0x01, 0x12, 0x12, 0x22, 0x2b, 0xba, 0x63, 0x65, 
	0x55, 0x66, 0x66, 0x66, 0x66, 0x66, 0x66, 0x99, 
	0x66, 0x66, 0x66, 0x66, 0x66, 0x65, 0x55, 0x56, 
	0x36, 0xab, 0xbb, 0x22, 0x21, 0x21, 0x10, 0x00, 
	0x01, 0x11, 0x22, 0x22, 0xbb, 0xba, 0x65, 0x55, 
	0x55, 0x55, 0x66, 0x66, 0x66, 0x66, 0x66, 0xdd, 
	0x66, 0x66, 0x66, 0x66, 0x66, 0x56, 0x55, 0x55, 
	0x56, 0xab, 0xbb, 0x22, 0x22, 0x21, 0x10, 0x00, 
	0x01, 0x22, 0x12, 0x22, 0x34, 0x00, 0x05, 0x55, 
	0x55, 0x56, 0x56, 0x66, 0x66, 0x65, 0x54, 0x44, 
	0x45, 0x56, 0x66, 0x66, 0x65, 0x55, 0x55, 0x55, 
	0x57, 0x77, 0x33, 0x22, 0x12, 0x12, 0x10, 0x00, 
	0x01, 0x11, 0x48, 0x80, 0x00, 0x06, 0x65, 0x55, 
	0x95, 0x55, 0x56, 0x56, 0x65, 0x59, 0x9d, 0x44, 
	0xd9, 0x59, 0x56, 0x65, 0x65, 0x55, 0x59, 0x55, 
	0x56, 0x67, 0x78, 0x00, 0x04, 0x11, 0x10, 0x00, 
	0x00, 0x00, 0x00, 0x00, 0x03, 0xa6, 0x65, 0x59, 
	0x99, 0x95, 0x55, 0x55, 0x59, 0x99, 0xfd, 0x43, 
	0xdf, 0x99, 0x99, 0x56, 0x55, 0x59, 0x99, 0x95, 
	0x55, 0x6a, 0x48, 0x00, 0x00, 0x00, 0x00, 0x00, 
	0x00, 0x00, 0x00, 0x0b, 0xba, 0xa6, 0x55, 0x99, 
	0x99, 0x55, 0x55, 0x59, 0x99, 0x9f, 0xdd, 0xdd, 
	0xdd, 0xf9, 0x99, 0x99, 0x55, 0x55, 0x99, 0x99, 
	0x56, 0x6a, 0xab, 0xb8, 0x00, 0x00, 0x00, 0x00, 
	0x00, 0x00, 0x02, 0x22, 0xba, 0xa6, 0x59, 0x99, 
	0x99, 0x99, 0x99, 0x99, 0x99, 0xd1, 0x11, 0xdd, 
	0x11, 0x1d, 0x99, 0x99, 0x99, 0x99, 0x99, 0x99, 
	0x95, 0x6a, 0xab, 0xb2, 0x28, 0x00, 0x00, 0x00, 
	0x00, 0x81, 0x22, 0x2b, 0xba, 0x65, 0x59, 0x99, 
	0xc9, 0xcc, 0x99, 0x99, 0x11, 0x11, 0x11, 0xdd, 
	0x11, 0x11, 0x11, 0x99, 0x99, 0xcc, 0x9c, 0x99, 
	0x95, 0x56, 0xab, 0x22, 0x22, 0x20, 0x00, 0x00, 
	0x00, 0x12, 0x22, 0xbb, 0xba, 0x66, 0x55, 0x9c, 
	0xcc, 0xc9, 0x91, 0xee, 0xee, 0x1e, 0x11, 0xd1, 
	0x11, 0xee, 0xe1, 0xee, 0x19, 0x9c, 0xcc, 0xc9, 
	0x55, 0x6a, 0xaa, 0xbb, 0x22, 0x11, 0x00, 0x00, 
	0x00, 0x11, 0x22, 0xbb, 0xba, 0xa6, 0x59, 0x9c, 
	0xcc, 0xee, 0xee, 0xee, 0xe1, 0xee, 0x11, 0xd1, 
	0x1e, 0x11, 0xee, 0xee, 0xee, 0xe1, 0xcc, 0xc9, 
	0x95, 0x6a, 0xab, 0xbb, 0x22, 0x21, 0x00, 0x00, 
	0x00, 0x22, 0x2b, 0xbb, 0xba, 0xa6, 0x55, 0x91, 
	0xee, 0xee, 0xee, 0xee, 0xee, 0x11, 0x11, 0x21, 
	0x11, 0x1e, 0xee, 0xee, 0xee, 0xee, 0xee, 0xe9, 
	0x55, 0x6a, 0xab, 0xbb, 0xb2, 0x22, 0x00, 0x00, 
	0x00, 0x02, 0x2b, 0x2b, 0xba, 0xa6, 0x1e, 0xee, 
	0xee, 0xee, 0xee, 0x11, 0x11, 0x1e, 0x11, 0xd1, 
	0x1e, 0x11, 0x11, 0x1e, 0xee, 0xee, 0xee, 0xee, 
	0xee, 0x6a, 0xab, 0xb2, 0xb2, 0x20, 0x00, 0x00, 
	0x00, 0x00, 0x22, 0xbb, 0xbd, 0xee, 0xee, 0xee, 
	0xee, 0xee, 0xee, 0x11, 0x11, 0x11, 0x11, 0x21, 
	0x11, 0x11, 0x11, 0x11, 0x1e, 0xee, 0xee, 0xee, 
	0xee, 0xee, 0xdb, 0xbb, 0x22, 0x00, 0x00, 0x00, 
	0x00, 0x00, 0xd3, 0xbb, 0xee, 0xee, 0xee, 0xee, 
	0xee, 0xe1, 0x12, 0x12, 0x11, 0x11, 0x11, 0x21, 
	0x11, 0x11, 0x11, 0x12, 0x11, 0x1e, 0xee, 0xee, 
	0xee, 0xee, 0xee, 0xbb, 0x3d, 0x00, 0x00, 0x00, 
	0x00, 0x00, 0x08, 0x2e, 0xee, 0xee, 0xee, 0xee, 
	0xee, 0x11, 0x21, 0x22, 0x12, 0x11, 0x11, 0x21, 
	0x11, 0x11, 0x22, 0x22, 0x22, 0x11, 0xee, 0xee, 
	0xee, 0xee, 0xee, 0xeb, 0x00, 0x00, 0x00, 0x00, 
	0x00, 0x00, 0x02, 0x1e, 0xee, 0xee, 0xee, 0xee, 
	0x11, 0x22, 0x22, 0x22, 0x21, 0x21, 0x11, 0x21, 
	0x11, 0x21, 0x12, 0x12, 0x22, 0x22, 0x11, 0xee, 
	0xee, 0xee, 0xee, 0xe1, 0x20, 0x00, 0x00, 0x00, 
	0x00, 0x00, 0x0d, 0xee, 0xee, 0xee, 0xee, 0x11, 
	0x22, 0x22, 0x22, 0x22, 0x22, 0x22, 0x22, 0x22, 
	0x22, 0x22, 0x22, 0x22, 0x22, 0x22, 0x22, 0x11, 
	0xee, 0xee, 0xee, 0xee, 0xd0, 0x00, 0x00, 0x00, 
	0x00, 0x00, 0xee, 0xee, 0xee, 0xee, 0xe1, 0x11, 
	0x22, 0x2b, 0x22, 0x22, 0x22, 0x22, 0x22, 0x22, 
	0x22, 0x22, 0x22, 0x22, 0x22, 0x22, 0x22, 0x11, 
	0x1e, 0xee, 0xee, 0xee, 0xee, 0x00, 0x00, 0x00, 
	0x00, 0x04, 0xee, 0xee, 0xee, 0xee, 0x11, 0x22, 
	0x2b, 0xbb, 0xbb, 0x22, 0x22, 0x22, 0x22, 0x22, 
	0x22, 0x22, 0x22, 0x2b, 0xbb, 0xbb, 0x2b, 0x22, 
	0x11, 0xee, 0xee, 0xee, 0xee, 0x40, 0x00, 0x00, 
	0x00, 0x00, 0x00, 0x00, 0x0b, 0x8d, 0x12, 0x22, 
	0xbb, 0xbd, 0xb2, 0xb2, 0x22, 0x22, 0x22, 0x22, 
	0x22, 0x22, 0x22, 0x22, 0xbb, 0xbb, 0xbb, 0x22, 
	0x11, 0xda, 0xb0, 0x00, 0x00, 0x00, 0x00, 0x00, 
	0x00, 0x00, 0x00, 0x00, 0x01, 0x11, 0x22, 0xbb, 
	0xbb, 0xbb, 0xbb, 0xb2, 0x22, 0x22, 0x22, 0xb2, 
	0x22, 0x22, 0x22, 0x2b, 0x22, 0xbb, 0x3b, 0xbb, 
	0x22, 0x11, 0x10, 0x00, 0x00, 0x00, 0x00, 0x00, 
	0x00, 0xf4, 0xee, 0xee, 0xe1, 0x12, 0x22, 0x23, 
	0xbb, 0xbb, 0xbb, 0x22, 0x22, 0xbb, 0xbb, 0xb2, 
	0xbb, 0xbb, 0x22, 0xb2, 0xbb, 0xbb, 0xbb, 0xbb, 
	0x22, 0x21, 0x1e, 0xee, 0xee, 0x00, 0x00, 0x00, 
	0x0d, 0xee, 0xee, 0xe1, 0x11, 0x22, 0x2b, 0xbb, 
	0xb3, 0xbb, 0xb2, 0xbb, 0xbb, 0xbb, 0xbb, 0xb2, 
	0xbb, 0xbb, 0xbb, 0xbb, 0xb2, 0xbb, 0x3b, 0x3b, 
	0xbb, 0x22, 0x11, 0x1e, 0xee, 0xee, 0x00, 0x00, 
	0x04, 0xee, 0xee, 0xe1, 0x11, 0x22, 0xb3, 0xb3, 
	0xbb, 0xbb, 0xbb, 0xbb, 0xbb, 0xbb, 0xbb, 0xbb, 
	0xbb, 0xbb, 0xbb, 0xbb, 0xba, 0xbb, 0xba, 0xb3, 
	0xbb, 0x22, 0x11, 0x1e, 0xee, 0xee, 0x00, 0x00, 
	0x0e, 0xee, 0xee, 0xe1, 0x12, 0x2b, 0xbb, 0xba, 
	0xaa, 0xaa, 0xaa, 0xbb, 0xbb, 0xab, 0xbb, 0xbb, 
	0xbb, 0xbb, 0xab, 0xbb, 0xab, 0xaa, 0xa3, 0xab, 
	0xbb, 0xb2, 0x21, 0x11, 0xee, 0xee, 0xe0, 0x00, 
	0x0e, 0xe1, 0xee, 0x11, 0x22, 0x2b, 0xb3, 0xaa, 
	0xaa, 0xaa, 0xab, 0xaa, 0xaa, 0xab, 0xbb, 0xb2, 
	0xbb, 0xba, 0xab, 0xaa, 0xba, 0xaa, 0xaa, 0xaa, 
	0x3b, 0xb2, 0x22, 0x11, 0xee, 0x1e, 0xe0, 0x00, 
	0x0f, 0x1e, 0x11, 0x11, 0x22, 0xbb, 0xba, 0xaa, 
	0x6a, 0xaa, 0xaa, 0xaa, 0xbb, 0xbb, 0xbb, 0xbb, 
	0xbb, 0xbb, 0xba, 0xaa, 0xaa, 0xaa, 0xaa, 0x6a, 
	0xab, 0xb2, 0x22, 0x11, 0x1e, 0xe1, 0xf0, 0x00, 
	0x00, 0xe1, 0xe1, 0x12, 0x22, 0x2b, 0xaa, 0x6a, 
	0xa6, 0x6a, 0xaa, 0xba, 0xba, 0xba, 0xaa, 0xab, 
	0xaa, 0xaa, 0xbb, 0xba, 0xaa, 0x66, 0x6a, 0xaa, 
	0xaa, 0xbb, 0x22, 0x21, 0x11, 0x1e, 0x00, 0x00, 
	0x00, 0xee, 0x11, 0x12, 0x2b, 0xbb, 0xaa, 0xa3, 
	0x66, 0xa6, 0xaa, 0xaa, 0xaa, 0xaa, 0xaa, 0xab, 
	0xaa, 0xaa, 0xaa, 0xab, 0xaa, 0xa6, 0x66, 0x36, 
	0xaa, 0xbb, 0xb2, 0x21, 0x11, 0xe1, 0x00, 0x00, 
	0x00, 0x11, 0x11, 0x22, 0xbb, 0xbb, 0x3a, 0x66, 
	0x66, 0x6a, 0xaa, 0xaa, 0xaa, 0xaa, 0xaa, 0xab, 
	0xaa, 0xaa, 0xa6, 0xaa, 0xaa, 0xaa, 0x66, 0x66, 
	0x3a, 0xbb, 0xbb, 0x22, 0x11, 0x1e, 0x00, 0x00, 
	0x01, 0x11, 0x12, 0x22, 0x2b, 0xba, 0xa6, 0x66, 
	0x6a, 0xa6, 0xa6, 0x6a, 0xaa, 0xaa, 0xaa, 0xab, 
	0xaa, 0xaa, 0xaa, 0xa6, 0x66, 0xa6, 0x6a, 0x66, 
	0x6a, 0xab, 0xb2, 0x22, 0x21, 0x11, 0x10, 0x00, 
	0x01, 0x21, 0x21, 0x22, 0xbb, 0xaa, 0xa6, 0x66, 
	0x66, 0x56, 0x6a, 0x66, 0x6a, 0xaa, 0x6a, 0x6a, 
	0xa6, 0xaa, 0x6a, 0x6a, 0x66, 0x66, 0x66, 0x66, 
	0x6a, 0xaa, 0xb2, 0x22, 0x12, 0x12, 0x10, 0x00, 
	0x01, 0x12, 0x12, 0x22, 0x2b, 0xba, 0x63, 0x65, 
	0x55, 0x66, 0x66, 0x66, 0x66, 0x66, 0x66, 0x6a, 
	0x66, 0x66, 0x66, 0x66, 0x66, 0x65, 0x55, 0x56, 
	0x36, 0xab, 0xbb, 0x22, 0x21, 0x21, 0x10, 0x00, 
	0x01, 0x11, 0x22, 0x22, 0xbb, 0xba, 0x65, 0x55, 
	0x55, 0x55, 0x66, 0x66, 0x66, 0x66, 0x66, 0x66, 
	0x66, 0x66, 0x66, 0x66, 0x66, 0x56, 0x55, 0x55, 
	0x56, 0xab, 0xbb, 0x22, 0x22, 0x21, 0x10, 0x00, 
	
};

Gfx wf_dl__1chain_ci4_pal_rgba16_aligner[] = {gsSPEndDisplayList()};
u8 wf_dl__1chain_ci4_pal_rgba16[] = {
	0x1a, 0x86, 0x2b, 0x07, 0x33, 0x85, 0x5c, 0x8b, 
	0x6c, 0x13, 0x6d, 0x41, 0x5c, 0xc1, 0xc6, 0xa9, 
	0x95, 0x9f, 0x85, 0xc1, 0x4c, 0x83, 0x44, 0x03, 
	0x96, 0x41, 0x4b, 0x4d, 0x1a, 0x87, 0x74, 0x1d, 
	
};

Gfx wf_dl__11111texKinokoRed_ci4_ci4_aligner[] = {gsSPEndDisplayList()};
u8 wf_dl__11111texKinokoRed_ci4_ci4[] = {
	0x00, 0x00, 0x00, 0x00, 0x00, 0x00, 0x00, 0x00, 
	0x00, 0x00, 0x00, 0x00, 0x00, 0x00, 0x00, 0x00, 
	0x00, 0x00, 0x00, 0x00, 0x00, 0x00, 0x00, 0x00, 
	0x00, 0x00, 0x00, 0x00, 0x00, 0x00, 0x00, 0x00, 
	0x00, 0x00, 0x00, 0x00, 0x00, 0x00, 0x00, 0x00, 
	0x00, 0x00, 0x00, 0x00, 0x00, 0x00, 0x00, 0x00, 
	0x00, 0x00, 0x00, 0x00, 0x00, 0x00, 0x00, 0x00, 
	0x00, 0x00, 0x00, 0x00, 0x00, 0x00, 0x00, 0x00, 
	0x00, 0x00, 0x00, 0x00, 0x00, 0x00, 0x00, 0x00, 
	0x00, 0x00, 0x00, 0x00, 0x00, 0x00, 0x00, 0x00, 
	0x00, 0x00, 0x00, 0x00, 0x00, 0x00, 0x00, 0x00, 
	0x00, 0x00, 0x00, 0x00, 0x00, 0x00, 0x00, 0x00, 
	0x00, 0x00, 0x00, 0x00, 0x00, 0x00, 0x00, 0x00, 
	0x00, 0x00, 0x00, 0x00, 0x00, 0x00, 0x00, 0x00, 
	0x00, 0x00, 0x00, 0x00, 0x00, 0x00, 0x00, 0x00, 
	0x00, 0x00, 0x00, 0x00, 0x00, 0x00, 0x00, 0x00, 
	0x00, 0x00, 0x00, 0x00, 0x00, 0x00, 0x00, 0x00, 
	0x00, 0x00, 0x00, 0x00, 0x00, 0x00, 0x00, 0x00, 
	0x00, 0x00, 0x00, 0x00, 0x00, 0x00, 0x00, 0x00, 
	0x00, 0x00, 0x00, 0x00, 0x00, 0x00, 0x00, 0x00, 
	0x00, 0x00, 0x00, 0x00, 0x00, 0x00, 0x00, 0x00, 
	0x00, 0x00, 0x00, 0x00, 0x00, 0x00, 0x00, 0x00, 
	0x00, 0x00, 0x00, 0x00, 0x00, 0x00, 0x00, 0x00, 
	0x00, 0x00, 0x00, 0x00, 0x00, 0x00, 0x00, 0x00, 
	0x00, 0x00, 0x00, 0x00, 0x00, 0x00, 0x00, 0x00, 
	0x00, 0x00, 0x00, 0x00, 0x00, 0x00, 0x00, 0x00, 
	0x00, 0x00, 0x00, 0x00, 0x00, 0x00, 0x00, 0x00, 
	0x00, 0x00, 0x00, 0x00, 0x00, 0x00, 0x00, 0x00, 
	0x00, 0x00, 0x00, 0x00, 0x00, 0x00, 0x00, 0x00, 
	0x00, 0x00, 0x00, 0x00, 0x00, 0x00, 0x00, 0x00, 
	0x00, 0x00, 0x00, 0x00, 0x00, 0x00, 0x00, 0x00, 
	0x00, 0x00, 0x00, 0x00, 0x00, 0x00, 0x00, 0x00, 
	0x00, 0x00, 0x00, 0x00, 0x00, 0x00, 0x00, 0x00, 
	0x00, 0x00, 0x00, 0x00, 0x00, 0x00, 0x00, 0x00, 
	0x00, 0x00, 0x00, 0x00, 0x00, 0x00, 0x00, 0x00, 
	0x00, 0x00, 0x00, 0x00, 0x00, 0x00, 0x00, 0x00, 
	0x00, 0x00, 0x00, 0x00, 0x00, 0x00, 0x00, 0x00, 
	0x00, 0x00, 0x00, 0x00, 0x00, 0x00, 0x00, 0x00, 
	0x00, 0x00, 0x00, 0x00, 0x00, 0x00, 0x00, 0x00, 
	0x00, 0x00, 0x00, 0x00, 0x00, 0x00, 0x00, 0x00, 
	0x00, 0x00, 0x00, 0x00, 0x00, 0x00, 0x00, 0x00, 
	0x00, 0x00, 0x00, 0x00, 0x00, 0x00, 0x00, 0x00, 
	0x00, 0x00, 0x00, 0x00, 0x00, 0x00, 0x00, 0x00, 
	0x00, 0x00, 0x00, 0x00, 0x00, 0x00, 0x00, 0x00, 
	0x00, 0x00, 0x00, 0x00, 0x00, 0x00, 0x00, 0x00, 
	0x00, 0x00, 0x00, 0x00, 0x00, 0x00, 0x00, 0x00, 
	0x00, 0x00, 0x00, 0x00, 0x00, 0x00, 0x00, 0x00, 
	0x00, 0x00, 0x00, 0x00, 0x00, 0x00, 0x00, 0x00, 
	0x00, 0x00, 0x00, 0x00, 0x00, 0x00, 0x00, 0x00, 
	0x00, 0x00, 0x00, 0x00, 0x00, 0x00, 0x00, 0x00, 
	0x00, 0x00, 0x00, 0x00, 0x00, 0x00, 0x00, 0x00, 
	0x00, 0x00, 0x00, 0x00, 0x00, 0x00, 0x00, 0x00, 
	0x00, 0x00, 0x00, 0x00, 0x00, 0x00, 0x00, 0x00, 
	0x00, 0x00, 0x00, 0x00, 0x00, 0x00, 0x00, 0x00, 
	0x00, 0x00, 0x00, 0x00, 0x00, 0x00, 0x00, 0x00, 
	0x00, 0x00, 0x00, 0x00, 0x00, 0x00, 0x00, 0x00, 
	0x00, 0x00, 0x00, 0x01, 0x00, 0x00, 0x00, 0x00, 
	0x00, 0x00, 0x00, 0x00, 0x00, 0x00, 0x00, 0x00, 
	0x00, 0x00, 0x00, 0x00, 0x00, 0x00, 0x00, 0x00, 
	0x00, 0x00, 0x00, 0x00, 0x00, 0x00, 0x00, 0x00, 
	0x00, 0x00, 0x00, 0x01, 0x00, 0x00, 0x00, 0x00, 
	0x00, 0x00, 0x00, 0x00, 0x00, 0x00, 0x22, 0x22, 
	0x00, 0x00, 0x00, 0x00, 0x00, 0x00, 0x00, 0x00, 
	0x00, 0x00, 0x00, 0x00, 0x00, 0x00, 0x00, 0x00, 
	0x00, 0x00, 0x00, 0x01, 0x00, 0x00, 0x00, 0x00, 
	0x00, 0x00, 0x00, 0x02, 0x22, 0x33, 0x22, 0x22, 
	0x22, 0x00, 0x00, 0x00, 0x00, 0x00, 0x00, 0x00, 
	0x00, 0x00, 0x00, 0x00, 0x00, 0x00, 0x00, 0x00, 
	0x00, 0x00, 0x00, 0x01, 0x00, 0x00, 0x00, 0x00, 
	0x00, 0x00, 0x22, 0x34, 0x44, 0x44, 0x55, 0x53, 
	0x44, 0x32, 0x66, 0x00, 0x00, 0x00, 0x00, 0x00, 
	0x00, 0x00, 0x00, 0x00, 0x00, 0x00, 0x00, 0x00, 
	0x00, 0x00, 0x00, 0x00, 0x00, 0x00, 0x00, 0x00, 
	0x33, 0x33, 0x44, 0x45, 0x78, 0x88, 0x88, 0x88, 
	0x87, 0x55, 0x33, 0x33, 0x00, 0x00, 0x00, 0x00, 
	0x00, 0x00, 0x00, 0x00, 0x00, 0x00, 0x00, 0x00, 
	0x00, 0x00, 0x00, 0x00, 0x00, 0x00, 0x00, 0x00, 
	0x33, 0x33, 0x45, 0x88, 0x89, 0x99, 0x99, 0x99, 
	0x88, 0x88, 0x73, 0x33, 0x00, 0x00, 0x00, 0x00, 
	0x00, 0x00, 0x00, 0x00, 0x00, 0x00, 0x00, 0x00, 
	0x00, 0x00, 0x00, 0x00, 0x00, 0x00, 0x00, 0x06, 
	0x33, 0x35, 0x88, 0x89, 0x9a, 0xaa, 0x99, 0x99, 
	0x99, 0x98, 0x88, 0x73, 0x20, 0x00, 0x00, 0x00, 
	0x00, 0x00, 0x00, 0x00, 0x00, 0x00, 0x00, 0x00, 
	0x00, 0x00, 0x00, 0x00, 0x00, 0x00, 0x00, 0x62, 
	0x33, 0x77, 0x89, 0x99, 0xaa, 0xaa, 0xaa, 0xaa, 
	0x99, 0x99, 0x88, 0x87, 0x32, 0x00, 0x00, 0x00, 
	0x00, 0x00, 0x00, 0x00, 0x00, 0x00, 0x00, 0x00, 
	0x00, 0x00, 0x00, 0x00, 0x00, 0x00, 0x33, 0x33, 
	0x47, 0x88, 0x99, 0xaa, 0xaa, 0xab, 0xbb, 0xbb, 
	0xaa, 0xaa, 0xa9, 0x98, 0xc2, 0x22, 0x00, 0x00, 
	0x00, 0x00, 0x00, 0x00, 0x00, 0x00, 0x00, 0x00, 
	0x00, 0x00, 0x00, 0x00, 0x00, 0x00, 0x33, 0x33, 
	0x78, 0x89, 0x9a, 0xbb, 0xbb, 0xbb, 0xbb, 0xbb, 
	0xbb, 0xaa, 0xaa, 0xa9, 0x8c, 0x22, 0x00, 0x00, 
	0x00, 0x00, 0x00, 0x00, 0x00, 0x00, 0x00, 0x00, 
	0x00, 0x00, 0x00, 0x00, 0x00, 0x00, 0x33, 0x35, 
	0x88, 0x99, 0xab, 0xbb, 0xbb, 0xbb, 0xbb, 0xbb, 
	0xbb, 0xbb, 0xaa, 0xaa, 0x88, 0xd2, 0x00, 0x00, 
	0x00, 0x00, 0x00, 0x00, 0x00, 0x00, 0x00, 0x00, 
	0x00, 0x00, 0x00, 0x00, 0x00, 0x00, 0x33, 0x37, 
	0x89, 0x99, 0xbb, 0xbb, 0xbb, 0xbb, 0xbb, 0xbb, 
	0xbb, 0xbb, 0xaa, 0xaa, 0x88, 0x8d, 0x00, 0x00, 
	0x00, 0x00, 0x00, 0x00, 0x00, 0x00, 0x00, 0x00, 
	0x00, 0x00, 0x00, 0x00, 0x00, 0x00, 0x44, 0x78, 
	0x99, 0xab, 0xbb, 0xbb, 0xbb, 0xbb, 0xbb, 0xbb, 
	0xbb, 0xbb, 0xbb, 0xaa, 0xa9, 0x97, 0x00, 0x00, 
	0x00, 0x00, 0x00, 0x00, 0x00, 0x00, 0x00, 0x00, 
	0x00, 0x00, 0x00, 0x00, 0x00, 0x06, 0x44, 0x88, 
	0x9a, 0xbb, 0xbb, 0xbb, 0xbb, 0xbb, 0xbb, 0xbb, 
	0xbb, 0xbb, 0xbb, 0xba, 0xaa, 0x98, 0xd0, 0x00, 
	0x00, 0x00, 0x00, 0x00, 0x00, 0x00, 0x00, 0x00, 
	0x00, 0x00, 0x00, 0x00, 0x00, 0x02, 0x47, 0x89, 
	0x9a, 0xbb, 0xbb, 0xbb, 0xbb, 0xbb, 0xbb, 0xbb, 
	0xbb, 0xbb, 0xbb, 0xbb, 0xaa, 0x99, 0x70, 0x00, 
	0x00, 0x00, 0x00, 0x00, 0x00, 0x00, 0x00, 0x00, 
	0x00, 0x00, 0x00, 0x00, 0x00, 0x03, 0x48, 0x89, 
	0xab, 0xbb, 0xbb, 0xbb, 0xbb, 0xbb, 0xbb, 0xbb, 
	0xbb, 0xbb, 0xbb, 0xbb, 0xaa, 0xa9, 0x80, 0x00, 
	0x00, 0x00, 0x00, 0x00, 0x00, 0x00, 0x00, 0x00, 
	0x00, 0x00, 0x00, 0x00, 0x00, 0x23, 0x58, 0x99, 
	0xaa, 0xbb, 0xbb, 0xbb, 0xbb, 0xbb, 0xbb, 0xbb, 
	0xbb, 0xbb, 0xbb, 0xbb, 0xba, 0xa9, 0x8d, 0x00, 
	0x00, 0x00, 0x00, 0x00, 0x00, 0x00, 0x00, 0x00, 
	0x00, 0x00, 0x00, 0x00, 0x00, 0x23, 0x58, 0x99, 
	0xab, 0xbb, 0xbb, 0xbb, 0xbb, 0xbb, 0xbb, 0xbb, 
	0xbb, 0xbb, 0xbb, 0xbb, 0xba, 0xa9, 0x8d, 0x00, 
	0x00, 0x00, 0x00, 0x00, 0x00, 0x00, 0x00, 0x00, 
	0x00, 0x00, 0x00, 0x00, 0x00, 0x23, 0x78, 0x99, 
	0xab, 0xbb, 0xbb, 0xbb, 0xbb, 0xbb, 0xbb, 0xbb, 
	0xbb, 0xbb, 0xbb, 0xbb, 0xba, 0xa9, 0x8c, 0x00, 
	0x00, 0x00, 0x00, 0x00, 0x00, 0x00, 0x00, 0x00, 
	0x00, 0x00, 0x00, 0x00, 0x00, 0x23, 0x78, 0x99, 
	0xab, 0xbb, 0xbb, 0xbb, 0xbb, 0xbb, 0xbb, 0xbb, 
	0xbb, 0xbb, 0xbb, 0xbb, 0xba, 0xa9, 0x8c, 0x00, 
	0x00, 0x00, 0x00, 0x00, 0x00, 0x00, 0x00, 0x00, 
	0x00, 0x00, 0x00, 0x00, 0x00, 0x63, 0x78, 0x99, 
	0xab, 0xbb, 0xbb, 0xbb, 0xbb, 0xbb, 0xbb, 0xbb, 
	0xbb, 0xbb, 0xbb, 0xbb, 0xba, 0xa9, 0x8c, 0x00, 
	0x00, 0x00, 0x00, 0x00, 0x00, 0x00, 0x00, 0x00, 
	0x00, 0x00, 0x00, 0x00, 0x00, 0x63, 0x78, 0x99, 
	0xab, 0xbb, 0xbb, 0xbb, 0xbb, 0xbb, 0xbb, 0xbb, 
	0xbb, 0xbb, 0xbb, 0xbb, 0xba, 0xa9, 0x8c, 0x00, 
	0x00, 0x00, 0x00, 0x00, 0x00, 0x00, 0x00, 0x00, 
	0x00, 0x00, 0x00, 0x00, 0x00, 0x63, 0x78, 0x99, 
	0xab, 0xbb, 0xbb, 0xbb, 0xbb, 0xbb, 0xbb, 0xbb, 
	0xbb, 0xbb, 0xbb, 0xbb, 0xba, 0xa9, 0x8c, 0x00, 
	0x00, 0x00, 0x00, 0x00, 0x00, 0x00, 0x00, 0x00, 
	0x00, 0x00, 0x00, 0x00, 0x00, 0x02, 0x58, 0x99, 
	0xab, 0xbb, 0xbb, 0xbb, 0xbb, 0xbb, 0xbb, 0xbb, 
	0xbb, 0xbb, 0xbb, 0xbb, 0xba, 0xa9, 0x8c, 0x00, 
	0x00, 0x00, 0x00, 0x00, 0x00, 0x00, 0x00, 0x00, 
	0x00, 0x00, 0x00, 0x00, 0x00, 0x06, 0x2c, 0x99, 
	0xaa, 0xbb, 0xbb, 0xbb, 0xbb, 0xbb, 0xbb, 0xbb, 
	0xbb, 0xbb, 0xbb, 0xbb, 0xaa, 0x99, 0x8c, 0xd0, 
	0x00, 0x00, 0x00, 0x00, 0x00, 0x00, 0x00, 0x00, 
	0x00, 0x00, 0x00, 0x00, 0x00, 0x06, 0x2c, 0x99, 
	0xaa, 0xbb, 0xbb, 0xbb, 0xbb, 0xbb, 0xbb, 0xbb, 
	0xbb, 0xbb, 0xbb, 0xbb, 0xaa, 0x99, 0x8c, 0xd0, 
	0x00, 0x00, 0x00, 0x00, 0x00, 0x00, 0x00, 0x00, 
	0x00, 0x00, 0x00, 0x00, 0x00, 0x00, 0x2d, 0xc9, 
	0xaa, 0xab, 0xbb, 0xbb, 0xbb, 0xbb, 0xbb, 0xbb, 
	0xbb, 0xbb, 0xbb, 0xba, 0xa9, 0x98, 0x8c, 0xd0, 
	0x00, 0x00, 0x00, 0x00, 0x00, 0x00, 0x00, 0x00, 
	0x00, 0x00, 0x00, 0x00, 0x00, 0x00, 0x22, 0xc9, 
	0x9a, 0xab, 0xbb, 0xbb, 0xbb, 0xbb, 0xbb, 0xbb, 
	0xbb, 0xbb, 0xbb, 0xba, 0xa9, 0x98, 0xcd, 0xe0, 
	0x00, 0x00, 0x00, 0x00, 0x00, 0x00, 0x00, 0x00, 
	0x00, 0x66, 0x00, 0x00, 0x00, 0x00, 0x00, 0xd8, 
	0x9a, 0xaa, 0xbb, 0xbb, 0xbb, 0xbb, 0xbb, 0xbb, 
	0xbb, 0xbb, 0xbb, 0xba, 0x99, 0x98, 0xcd, 0x10, 
	0x00, 0x00, 0x00, 0x00, 0x00, 0x00, 0x00, 0x00, 
	0x00, 0x06, 0x00, 0x00, 0x00, 0x00, 0x00, 0x08, 
	0x99, 0xaa, 0xab, 0xbb, 0xbb, 0xbb, 0xbb, 0xbb, 
	0xbb, 0xbb, 0xbb, 0xa9, 0x99, 0x8c, 0xd1, 0x11, 
	0x00, 0x00, 0x00, 0x00, 0x00, 0x00, 0x00, 0x00, 
	0x00, 0x06, 0x00, 0x00, 0x00, 0x00, 0x00, 0x0d, 
	0xc9, 0x9a, 0xaa, 0xab, 0xbb, 0xbb, 0xbb, 0xbb, 
	0xbb, 0xba, 0xaa, 0x99, 0x98, 0x8c, 0xd1, 0x11, 
	0x00, 0x00, 0x00, 0x00, 0x00, 0x00, 0x00, 0x00, 
	0x00, 0x00, 0x00, 0x00, 0x00, 0x00, 0x00, 0x00, 
	0x7c, 0x99, 0xaa, 0xaa, 0xbb, 0xbb, 0xbb, 0xbb, 
	0xba, 0xaa, 0xa9, 0x99, 0x88, 0xcd, 0x11, 0x11, 
	0x00, 0x00, 0x00, 0x00, 0x00, 0x00, 0x00, 0x00, 
	0x00, 0x00, 0x00, 0x00, 0x00, 0x00, 0x00, 0x1f, 
	0xfd, 0x88, 0x99, 0x99, 0xaa, 0xaa, 0xbb, 0xbb, 
	0xaa, 0xaa, 0x99, 0x98, 0x88, 0xd1, 0x00, 0x00, 
	0x00, 0x00, 0x00, 0x00, 0x00, 0x00, 0x00, 0x00, 
	0x00, 0x00, 0x00, 0x00, 0x00, 0x00, 0x00, 0x01, 
	0xff, 0xd8, 0x89, 0x99, 0x9a, 0xaa, 0xaa, 0xaa, 
	0xaa, 0x99, 0x99, 0x88, 0x8d, 0x11, 0x00, 0x00, 
	0x00, 0x00, 0x00, 0x00, 0x00, 0x00, 0x00, 0x00, 
	0x00, 0x00, 0x00, 0x00, 0x00, 0x00, 0x00, 0x00, 
	0xff, 0xfd, 0xc8, 0x89, 0x99, 0x99, 0x99, 0x99, 
	0x99, 0x99, 0x88, 0x8c, 0xd1, 0x11, 0x00, 0x00, 
	0x00, 0x00, 0x00, 0x00, 0x00, 0x00, 0x00, 0x00, 
	0x00, 0x00, 0x00, 0x00, 0x00, 0x00, 0x00, 0x00, 
	0xff, 0xff, 0xdd, 0xc8, 0x88, 0x99, 0x99, 0x99, 
	0x99, 0x88, 0x88, 0xcd, 0x11, 0x11, 0x00, 0x00, 
	0x00, 0x00, 0x00, 0x00, 0x00, 0x00, 0x00, 0x00, 
	0x00, 0x00, 0x01, 0x11, 0x00, 0x00, 0x00, 0x00, 
	0x00, 0x1f, 0xfd, 0xcc, 0xc8, 0x88, 0x88, 0x88, 
	0x88, 0x88, 0xcd, 0xf0, 0x00, 0x00, 0x00, 0x00, 
	0x00, 0x00, 0x00, 0x00, 0x00, 0x00, 0x00, 0x00, 
	0x00, 0x00, 0x01, 0x11, 0x00, 0x00, 0x00, 0x00, 
	0x00, 0x00, 0x00, 0xfd, 0xdc, 0xcc, 0xcc, 0xcc, 
	0x8c, 0xcd, 0xf0, 0x00, 0x00, 0x00, 0x00, 0x00, 
	0x00, 0x00, 0x00, 0x00, 0x00, 0x00, 0x00, 0x00, 
	0x00, 0x00, 0x01, 0x11, 0x00, 0x00, 0x00, 0x00, 
	0x00, 0x00, 0x00, 0x00, 0xed, 0xdd, 0xdd, 0xdd, 
	0xdd, 0x11, 0x00, 0x00, 0x00, 0x00, 0x00, 0x00, 
	0x00, 0x00, 0x00, 0x00, 0x00, 0x00, 0x00, 0x00, 
	0x00, 0x00, 0x00, 0x01, 0x00, 0x00, 0x00, 0x00, 
	0x00, 0x00, 0x00, 0x00, 0xee, 0xee, 0xee, 0xee, 
	0x11, 0x11, 0x00, 0x00, 0x00, 0x00, 0x00, 0x00, 
	0x00, 0x00, 0x00, 0x00, 0x00, 0x00, 0x00, 0x00, 
	0x00, 0x00, 0x00, 0x00, 0x00, 0x00, 0x00, 0x00, 
	0x00, 0x00, 0x00, 0x00, 0x00, 0x00, 0x00, 0x00, 
	0x00, 0x00, 0x00, 0x00, 0x00, 0x00, 0x00, 0x00, 
	0x00, 0x00, 0x00, 0x00, 0x00, 0x00, 0x00, 0x00, 
	0x00, 0x00, 0x00, 0x00, 0x00, 0x00, 0x00, 0x00, 
	0x00, 0x00, 0x00, 0x00, 0x00, 0x00, 0x00, 0x00, 
	0x00, 0x00, 0x00, 0x00, 0x00, 0x00, 0x00, 0x00, 
	0x00, 0x00, 0x00, 0x00, 0x00, 0x00, 0x00, 0x00, 
	0x00, 0x00, 0x00, 0x00, 0x00, 0x00, 0x00, 0x00, 
	0x00, 0x00, 0x00, 0x00, 0x00, 0x00, 0x00, 0x00, 
	0x00, 0x00, 0x00, 0x00, 0x00, 0x00, 0x00, 0x00, 
	0x00, 0x00, 0x00, 0x00, 0x00, 0x00, 0x00, 0x00, 
	0x00, 0x00, 0x00, 0x00, 0x00, 0x00, 0x00, 0x00, 
	0x00, 0x00, 0x00, 0x00, 0x00, 0x00, 0x00, 0x00, 
	0x00, 0x00, 0x00, 0x00, 0x00, 0x00, 0x00, 0x00, 
	0x00, 0x00, 0x00, 0x00, 0x00, 0x00, 0x00, 0x00, 
	0x00, 0x00, 0x00, 0x00, 0x00, 0x00, 0x00, 0x00, 
	0x00, 0x00, 0x00, 0x00, 0x00, 0x00, 0x00, 0x00, 
	0x00, 0x00, 0x00, 0x00, 0x00, 0x00, 0x00, 0x00, 
	0x00, 0x00, 0x00, 0x00, 0x00, 0x00, 0x00, 0x00, 
	0x00, 0x00, 0x00, 0x00, 0x00, 0x00, 0x00, 0x00, 
	0x00, 0x00, 0x00, 0x00, 0x00, 0x00, 0x00, 0x00, 
	0x00, 0x00, 0x00, 0x00, 0x00, 0x00, 0x00, 0x00, 
	0x00, 0x00, 0x00, 0x00, 0x00, 0x00, 0x00, 0x00, 
	0x00, 0x00, 0x00, 0x00, 0x00, 0x00, 0x00, 0x00, 
	0x00, 0x00, 0x00, 0x00, 0x00, 0x00, 0x00, 0x00, 
	0x00, 0x00, 0x00, 0x00, 0x00, 0x00, 0x00, 0x00, 
	0x00, 0x00, 0x00, 0x00, 0x00, 0x00, 0x00, 0x00, 
	0x00, 0x00, 0x00, 0x00, 0x00, 0x00, 0x00, 0x00, 
	0x00, 0x00, 0x00, 0x00, 0x00, 0x00, 0x00, 0x00, 
	0x00, 0x00, 0x00, 0x00, 0x00, 0x00, 0x00, 0x00, 
	0x00, 0x00, 0x00, 0x00, 0x00, 0x00, 0x00, 0x00, 
	0x00, 0x00, 0x00, 0x00, 0x00, 0x00, 0x00, 0x00, 
	0x00, 0x00, 0x00, 0x00, 0x00, 0x00, 0x00, 0x00, 
	0x00, 0x00, 0x00, 0x00, 0x00, 0x00, 0x00, 0x00, 
	0x00, 0x00, 0x00, 0x00, 0x00, 0x00, 0x00, 0x00, 
	0x00, 0x00, 0x00, 0x00, 0x00, 0x00, 0x00, 0x00, 
	0x00, 0x00, 0x00, 0x00, 0x00, 0x00, 0x00, 0x00, 
	0x00, 0x00, 0x00, 0x00, 0x00, 0x00, 0x00, 0x00, 
	0x00, 0x00, 0x00, 0x00, 0x00, 0x00, 0x00, 0x00, 
	
};

Gfx wf_dl__11111texKinokoRed_ci4_pal_rgba16_aligner[] = {gsSPEndDisplayList()};
u8 wf_dl__11111texKinokoRed_ci4_pal_rgba16[] = {
	0xc8, 0xc3, 0xc9, 0x05, 0xb8, 0xc3, 0xa8, 0xc3, 
	0x89, 0x03, 0x92, 0x4b, 0xc0, 0xc3, 0xab, 0x93, 
	0xcd, 0x61, 0xd6, 0x6b, 0xef, 0x37, 0xff, 0xff, 
	0xd4, 0x1b, 0xd2, 0x91, 0xd1, 0x05, 0xd1, 0x89, 
	
};

Gfx wf_dl__12donebpyro2ycdi_rgba16_rgba16_aligner[] = {gsSPEndDisplayList()};
u8 wf_dl__12donebpyro2ycdi_rgba16_rgba16[] = {
	0x14, 0xc5, 0x0c, 0x85, 0x0c, 0x85, 0x0c, 0x85, 
	0x0c, 0x85, 0x14, 0x87, 0x0c, 0x85, 0x0c, 0x85, 
	0x0c, 0x85, 0x0c, 0x87, 0x14, 0xc5, 0x14, 0xc5, 
	0x0c, 0x87, 0x0c, 0x87, 0x0c, 0x87, 0x0c, 0x87, 
	0x0c, 0x87, 0x14, 0xc5, 0x14, 0xc5, 0x0c, 0x87, 
	0x0c, 0x87, 0x0c, 0x87, 0x0c, 0x87, 0x0c, 0x87, 
	0x0c, 0x87, 0x14, 0xc5, 0x0c, 0x85, 0x0c, 0x85, 
	0x0c, 0x85, 0x0c, 0x85, 0x0c, 0x85, 0x0c, 0x85, 
	0x0c, 0x85, 0x0c, 0x85, 0x0c, 0x85, 0x0c, 0x85, 
	0x04, 0x87, 0x04, 0x87, 0x0c, 0x87, 0x04, 0x87, 
	0x04, 0x87, 0x04, 0x87, 0x0c, 0x85, 0x0c, 0x87, 
	0x04, 0x87, 0x04, 0x87, 0x04, 0x87, 0x04, 0x87, 
	0x04, 0x87, 0x04, 0x87, 0x04, 0x87, 0x04, 0x87, 
	0x04, 0x87, 0x04, 0x87, 0x04, 0x87, 0x04, 0x87, 
	0x04, 0x87, 0x04, 0x87, 0x0c, 0x85, 0x04, 0x87, 
	0x0c, 0x85, 0x04, 0x85, 0x0c, 0x85, 0x0c, 0x85, 
	0x0c, 0x85, 0x0c, 0x87, 0x0c, 0x85, 0x14, 0x85, 
	0x14, 0x85, 0x14, 0x85, 0x14, 0xc5, 0x0c, 0x87, 
	0x04, 0x87, 0x0c, 0x87, 0x14, 0x85, 0x14, 0xc5, 
	0x0c, 0x85, 0x04, 0x87, 0x04, 0x87, 0x0c, 0x85, 
	0x0c, 0x85, 0x0c, 0x87, 0x04, 0x87, 0x04, 0x87, 
	0x04, 0x87, 0x04, 0x87, 0x04, 0x87, 0x04, 0x85, 
	0x04, 0x87, 0x0c, 0x85, 0x0c, 0x85, 0x0c, 0x87, 
	0x0c, 0x85, 0x0c, 0x85, 0x0c, 0x85, 0x0c, 0x85, 
	0x0c, 0x85, 0x0c, 0x85, 0x0c, 0x85, 0x24, 0xc5, 
	0x2c, 0x03, 0x2c, 0x05, 0x24, 0x87, 0x24, 0x87, 
	0x24, 0x87, 0x2c, 0xc7, 0x1d, 0x05, 0x14, 0xc5, 
	0x14, 0x85, 0x14, 0xc5, 0x14, 0xc5, 0x2c, 0x83, 
	0x23, 0xc3, 0x14, 0x87, 0x14, 0x87, 0x0c, 0x87, 
	0x1c, 0x87, 0x1c, 0x87, 0x14, 0xc5, 0x0c, 0x85, 
	0x0c, 0x85, 0x1c, 0xc5, 0x24, 0x85, 0x24, 0x05, 
	0x1c, 0x47, 0x14, 0x87, 0x0c, 0x85, 0x14, 0xc7, 
	0x2d, 0x07, 0x0c, 0x85, 0x1c, 0x85, 0x34, 0x43, 
	0x22, 0xc5, 0x1b, 0x87, 0x13, 0xc9, 0x24, 0x09, 
	0x2c, 0x07, 0x2b, 0xc7, 0x3d, 0x05, 0x1c, 0x85, 
	0x1c, 0x45, 0x1c, 0x45, 0x1c, 0x85, 0x23, 0x83, 
	0x22, 0xc3, 0x1c, 0x07, 0x0c, 0x09, 0x0c, 0x49, 
	0x1c, 0x49, 0x1c, 0x07, 0x25, 0x05, 0x14, 0xc5, 
	0x1c, 0x85, 0x24, 0x85, 0x23, 0x85, 0x23, 0x45, 
	0x1b, 0xc7, 0x04, 0x07, 0x1c, 0x07, 0x24, 0x07, 
	0x45, 0x47, 0x24, 0x85, 0x1c, 0x45, 0x23, 0xc5, 
	0x1a, 0x05, 0x23, 0x87, 0x13, 0xc9, 0x14, 0x09, 
	0x23, 0xc9, 0x33, 0x47, 0x45, 0x45, 0x24, 0x45, 
	0x14, 0x45, 0x1c, 0x45, 0x1c, 0x45, 0x22, 0xc5, 
	0x22, 0xc7, 0x24, 0x0b, 0x0b, 0xcb, 0x03, 0xcb, 
	0x24, 0x49, 0x2a, 0xc5, 0x3c, 0xc5, 0x24, 0x85, 
	0x1c, 0x45, 0x1c, 0x45, 0x22, 0x85, 0x13, 0x49, 
	0x0b, 0x89, 0x03, 0xc9, 0x23, 0xc9, 0x33, 0x87, 
	0x3d, 0x09, 0x24, 0x85, 0x1c, 0x45, 0x23, 0x85, 
	0x1a, 0x03, 0x23, 0x87, 0x13, 0xc9, 0x14, 0x09, 
	0x23, 0xc9, 0x33, 0x47, 0x45, 0x45, 0x24, 0x05, 
	0x1c, 0x45, 0x1c, 0x45, 0x24, 0x45, 0x22, 0xc5, 
	0x22, 0xc7, 0x24, 0x0b, 0x0b, 0xcb, 0x03, 0xcb, 
	0x24, 0x49, 0x2a, 0xc5, 0x44, 0x85, 0x24, 0x85, 
	0x1c, 0x45, 0x1c, 0x45, 0x22, 0x85, 0x13, 0x49, 
	0x0b, 0x89, 0x03, 0xc9, 0x23, 0xc9, 0x2b, 0x47, 
	0x35, 0x47, 0x24, 0xc5, 0x1c, 0x45, 0x23, 0x85, 
	0x1a, 0x03, 0x23, 0x87, 0x13, 0x89, 0x14, 0x09, 
	0x23, 0xc9, 0x33, 0x47, 0x45, 0x45, 0x24, 0x05, 
	0x1c, 0x45, 0x1c, 0x45, 0x24, 0x45, 0x22, 0xc7, 
	0x22, 0xc7, 0x24, 0x0b, 0x0b, 0xcb, 0x03, 0xcb, 
	0x24, 0x49, 0x2a, 0xc5, 0x44, 0x85, 0x24, 0x85, 
	0x1c, 0x45, 0x24, 0x45, 0x22, 0x85, 0x13, 0x49, 
	0x0b, 0x89, 0x03, 0xc9, 0x23, 0xc9, 0x2b, 0x47, 
	0x2d, 0x47, 0x24, 0xc5, 0x1c, 0x45, 0x23, 0x85, 
	0x22, 0x03, 0x23, 0x47, 0x14, 0x09, 0x14, 0x4b, 
	0x1c, 0x09, 0x2b, 0x45, 0x4d, 0x45, 0x24, 0x45, 
	0x1c, 0x45, 0x1c, 0x45, 0x24, 0x45, 0x23, 0x05, 
	0x2b, 0x07, 0x24, 0x09, 0x0b, 0xcb, 0x04, 0x0b, 
	0x24, 0x49, 0x32, 0x85, 0x44, 0x45, 0x24, 0x85, 
	0x1c, 0x45, 0x1c, 0x05, 0x1a, 0x85, 0x13, 0x09, 
	0x0b, 0x49, 0x03, 0xc9, 0x23, 0xc9, 0x2b, 0x07, 
	0x3d, 0x07, 0x2c, 0x85, 0x1c, 0x45, 0x23, 0x85, 
	0x22, 0x03, 0x23, 0x47, 0x14, 0x09, 0x14, 0x49, 
	0x1b, 0x89, 0x2a, 0xc5, 0x55, 0x45, 0x24, 0x45, 
	0x1c, 0x45, 0x1c, 0x45, 0x24, 0x45, 0x23, 0x05, 
	0x2b, 0x05, 0x24, 0x09, 0x0b, 0xcb, 0x04, 0x0b, 
	0x24, 0x49, 0x32, 0x85, 0x44, 0x85, 0x24, 0x85, 
	0x1c, 0x45, 0x1c, 0x05, 0x1a, 0x85, 0x13, 0x09, 
	0x0b, 0x49, 0x03, 0xc9, 0x1c, 0x09, 0x22, 0xc7, 
	0x45, 0x07, 0x2c, 0x85, 0x1c, 0x45, 0x1b, 0x85, 
	0x19, 0x83, 0x23, 0x47, 0x1c, 0x09, 0x14, 0x49, 
	0x1b, 0x89, 0x2a, 0xc5, 0x4d, 0x45, 0x24, 0x45, 
	0x1c, 0x45, 0x1c, 0x45, 0x24, 0x45, 0x23, 0x05, 
	0x2a, 0x85, 0x23, 0xc9, 0x0b, 0xcb, 0x04, 0x0b, 
	0x2c, 0x89, 0x2a, 0x45, 0x44, 0x45, 0x24, 0x85, 
	0x1c, 0x45, 0x1c, 0x05, 0x22, 0x85, 0x13, 0x09, 
	0x0b, 0x49, 0x03, 0xc9, 0x1c, 0x09, 0x22, 0x87, 
	0x44, 0xc7, 0x34, 0x85, 0x1c, 0x45, 0x23, 0x45, 
	0x21, 0x83, 0x2b, 0x07, 0x24, 0x8b, 0x24, 0x8b, 
	0x23, 0x49, 0x42, 0x85, 0x55, 0x47, 0x2c, 0x45, 
	0x1c, 0x45, 0x1c, 0x45, 0x24, 0x45, 0x2b, 0x05, 
	0x2a, 0x45, 0x23, 0xc9, 0x1c, 0x49, 0x14, 0x0b, 
	0x2c, 0x49, 0x19, 0xc5, 0x44, 0x05, 0x24, 0x85, 
	0x1c, 0x45, 0x1c, 0x05, 0x1a, 0x85, 0x12, 0xc9, 
	0x0b, 0x49, 0x03, 0xc9, 0x1c, 0x09, 0x22, 0x87, 
	0x3c, 0x87, 0x3c, 0x85, 0x1c, 0x45, 0x23, 0x45, 
	0x29, 0x03, 0x2a, 0x87, 0x24, 0xcb, 0x24, 0x4b, 
	0x2b, 0x09, 0x42, 0x85, 0x55, 0x47, 0x2c, 0x45, 
	0x1c, 0x45, 0x1c, 0x45, 0x24, 0x45, 0x2b, 0x05, 
	0x2a, 0x45, 0x2b, 0x87, 0x24, 0x49, 0x14, 0x4b, 
	0x23, 0xc9, 0x19, 0x85, 0x43, 0xc5, 0x24, 0x85, 
	0x1c, 0x45, 0x1c, 0x05, 0x22, 0x45, 0x12, 0xc9, 
	0x0b, 0x49, 0x03, 0xc9, 0x1c, 0x09, 0x22, 0x47, 
	0x34, 0x49, 0x44, 0x85, 0x1c, 0x45, 0x23, 0x45, 
	0x28, 0xc3, 0x2a, 0x05, 0x24, 0xcb, 0x24, 0x4b, 
	0x2a, 0x47, 0x4b, 0x45, 0x5d, 0x47, 0x2c, 0x45, 
	0x1c, 0x45, 0x1c, 0x45, 0x24, 0x45, 0x2b, 0x05, 
	0x32, 0x05, 0x2b, 0x87, 0x1c, 0x89, 0x14, 0x8b, 
	0x23, 0x49, 0x19, 0x45, 0x43, 0xc5, 0x24, 0x85, 
	0x1c, 0x45, 0x1c, 0x05, 0x22, 0x45, 0x12, 0xc9, 
	0x0b, 0x49, 0x03, 0xc9, 0x14, 0x09, 0x22, 0x47, 
	0x34, 0x45, 0x24, 0x85, 0x1c, 0x05, 0x22, 0xc5, 
	0x28, 0x83, 0x31, 0x83, 0x3d, 0x0b, 0x4b, 0x89, 
	0x39, 0xc7, 0x53, 0x47, 0x35, 0x05, 0x24, 0x45, 
	0x1c, 0x45, 0x1c, 0x45, 0x24, 0x05, 0x2b, 0x05, 
	0x31, 0xc3, 0x3b, 0x47, 0x2c, 0x8b, 0x24, 0x4b, 
	0x22, 0x87, 0x31, 0x03, 0x53, 0x45, 0x24, 0x45, 
	0x1c, 0x45, 0x1b, 0xc5, 0x19, 0xc5, 0x13, 0x09, 
	0x0b, 0x49, 0x03, 0xc9, 0x14, 0x09, 0x22, 0x47, 
	0x3b, 0x85, 0x2c, 0x85, 0x1c, 0x05, 0x22, 0x45, 
	0x28, 0x83, 0x31, 0x43, 0x3b, 0x89, 0x3a, 0x87, 
	0x39, 0xc7, 0x63, 0x47, 0x2c, 0xc5, 0x24, 0x45, 
	0x1c, 0x45, 0x1c, 0x45, 0x24, 0x05, 0x2b, 0x05, 
	0x31, 0xc3, 0x43, 0x07, 0x34, 0x8b, 0x24, 0x4b, 
	0x2a, 0x05, 0x30, 0xc3, 0x53, 0x05, 0x2c, 0x45, 
	0x1c, 0x45, 0x1b, 0x45, 0x19, 0x85, 0x13, 0x09, 
	0x0b, 0x49, 0x03, 0xc9, 0x13, 0xc9, 0x22, 0x07, 
	0x2a, 0x45, 0x2c, 0x45, 0x1b, 0x85, 0x21, 0xc3, 
	0x28, 0xc3, 0x31, 0x03, 0x31, 0x83, 0x31, 0xc5, 
	0x62, 0x47, 0x6b, 0x47, 0x2c, 0xc5, 0x24, 0x45, 
	0x1c, 0x45, 0x1c, 0x45, 0x24, 0x05, 0x2b, 0x05, 
	0x31, 0xc3, 0x4a, 0x05, 0x42, 0xc7, 0x22, 0x87, 
	0x29, 0x85, 0x31, 0x03, 0x4a, 0x85, 0x34, 0x45, 
	0x1c, 0x45, 0x1b, 0x05, 0x19, 0xc5, 0x13, 0x49, 
	0x0b, 0x89, 0x03, 0xc9, 0x1b, 0xc9, 0x1a, 0x05, 
	0x32, 0x05, 0x23, 0xc5, 0x13, 0x45, 0x21, 0x03, 
	0x30, 0xc3, 0x41, 0x03, 0x61, 0xc5, 0x72, 0x47, 
	0x8a, 0xc7, 0x83, 0x87, 0x3c, 0xc5, 0x24, 0x85, 
	0x1c, 0x45, 0x1c, 0x45, 0x1c, 0x05, 0x22, 0xc5, 
	0x31, 0xc3, 0x52, 0x05, 0x41, 0x85, 0x29, 0x45, 
	0x41, 0x85, 0x49, 0x83, 0x41, 0xc3, 0x2b, 0xc5, 
	0x24, 0x05, 0x22, 0x83, 0x29, 0xc5, 0x23, 0x47, 
	0x13, 0xc9, 0x03, 0xcb, 0x1b, 0xc9, 0x22, 0x07, 
	0x39, 0x03, 0x33, 0x45, 0x1a, 0x03, 0x20, 0x83, 
	0x41, 0x03, 0x51, 0x43, 0x69, 0xc5, 0x8a, 0xc7, 
	0x9b, 0x07, 0x8b, 0x87, 0x3c, 0xc5, 0x24, 0x85, 
	0x1c, 0x45, 0x1c, 0x45, 0x1c, 0x05, 0x22, 0x85, 
	0x31, 0xc3, 0x62, 0x47, 0x7a, 0x87, 0x72, 0x85, 
	0x6a, 0x45, 0x59, 0xc3, 0x49, 0x43, 0x2b, 0x85, 
	0x2b, 0x83, 0x21, 0xc5, 0x29, 0x85, 0x23, 0x89, 
	0x13, 0xc9, 0x03, 0xcb, 0x1b, 0xc9, 0x21, 0x85, 
	0x39, 0x45, 0x4a, 0x45, 0x19, 0x43, 0x30, 0xc3, 
	0x49, 0x03, 0x51, 0x43, 0x72, 0x07, 0x92, 0xc7, 
	0xab, 0x49, 0x93, 0xc9, 0x44, 0xc5, 0x24, 0x85, 
	0x1c, 0x45, 0x1c, 0x45, 0x1c, 0x05, 0x22, 0x83, 
	0x31, 0xc3, 0x62, 0x45, 0x7a, 0x87, 0x72, 0x45, 
	0x72, 0x45, 0x59, 0xc3, 0x49, 0x43, 0x3a, 0xc5, 
	0x32, 0x85, 0x21, 0x45, 0x29, 0xc5, 0x1b, 0xc9, 
	0x14, 0x09, 0x04, 0x0b, 0x13, 0xc9, 0x21, 0x85, 
	0x41, 0x45, 0x62, 0x45, 0x41, 0x45, 0x49, 0x45, 
	0x51, 0x45, 0x59, 0x45, 0x82, 0x47, 0xa3, 0x07, 
	0xb3, 0x89, 0x93, 0x87, 0x4c, 0xc7, 0x2c, 0x45, 
	0x1c, 0x45, 0x1c, 0x45, 0x23, 0xc7, 0x2a, 0x45, 
	0x39, 0x85, 0x72, 0x87, 0x8a, 0xc9, 0x82, 0xc7, 
	0x8a, 0x87, 0x6a, 0x05, 0x59, 0x85, 0x59, 0xc7, 
	0x31, 0x47, 0x31, 0x47, 0x5a, 0x09, 0x2c, 0x4b, 
	0x1c, 0x4b, 0x03, 0xcb, 0x13, 0xc9, 0x21, 0xc5, 
	0x49, 0x85, 0x82, 0x47, 0x51, 0xc5, 0x51, 0x85, 
	0x61, 0xc5, 0x61, 0x85, 0x82, 0x47, 0xab, 0x47, 
	0xbb, 0x89, 0x8b, 0x47, 0x5c, 0x47, 0x2c, 0x45, 
	0x1c, 0x45, 0x1c, 0x45, 0x2b, 0xc7, 0x2a, 0x05, 
	0x41, 0xc5, 0x7a, 0xc9, 0x8a, 0xc9, 0x8a, 0xc7, 
	0x93, 0x09, 0x72, 0x07, 0x61, 0x85, 0x8a, 0xc7, 
	0x6a, 0x47, 0x51, 0xc7, 0x72, 0x4b, 0x34, 0x4b, 
	0x1c, 0x4b, 0x03, 0xcb, 0x13, 0xc9, 0x21, 0xc5, 
	0x51, 0x85, 0x92, 0x87, 0x72, 0x05, 0x6a, 0x05, 
	0x69, 0xc5, 0x61, 0x85, 0x8a, 0x87, 0xab, 0x47, 
	0xbb, 0x89, 0x8b, 0x47, 0x5c, 0x87, 0x2c, 0x85, 
	0x1c, 0x45, 0x1c, 0x45, 0x23, 0x87, 0x32, 0x07, 
	0x5a, 0x49, 0x93, 0x4d, 0xa3, 0xcf, 0xab, 0xcf, 
	0xa3, 0x8d, 0x7a, 0x47, 0x61, 0xc5, 0x8a, 0x87, 
	0x7a, 0x87, 0x72, 0x47, 0x82, 0x8b, 0x3c, 0x4b, 
	0x24, 0x4b, 0x0c, 0x0b, 0x13, 0xc9, 0x22, 0x05, 
	0x61, 0xc5, 0x9a, 0xc7, 0x8a, 0x87, 0x82, 0x45, 
	0x7a, 0x05, 0x69, 0x85, 0x8a, 0x47, 0xb3, 0x89, 
	0xcc, 0x09, 0xb3, 0xc9, 0x74, 0x87, 0x24, 0xc5, 
	0x1c, 0x05, 0x1c, 0x45, 0x23, 0x85, 0x39, 0xc5, 
	0x72, 0x49, 0xbb, 0xcd, 0xcc, 0x4f, 0xcc, 0x4f, 
	0xb3, 0x8b, 0x8a, 0x47, 0x69, 0xc5, 0x9a, 0xc7, 
	0xa3, 0x07, 0x92, 0xc7, 0x9a, 0xc9, 0x5c, 0x8b, 
	0x2c, 0xcb, 0x14, 0x0b, 0x1b, 0xc9, 0x22, 0x45, 
	0x72, 0x07, 0xab, 0x07, 0x9a, 0xc7, 0x92, 0xc7, 
	0x7a, 0x05, 0x69, 0x85, 0x8a, 0x47, 0xb3, 0x89, 
	0xd4, 0x09, 0xc3, 0xc9, 0x8c, 0x47, 0x24, 0xc5, 
	0x1c, 0x45, 0x1c, 0x05, 0x1b, 0x05, 0x31, 0x85, 
	0x72, 0x49, 0xbb, 0xcb, 0xcc, 0x0d, 0xcc, 0x4d, 
	0xb3, 0x89, 0x8a, 0x47, 0x71, 0xc5, 0xb3, 0x49, 
	0xbb, 0x89, 0xab, 0x49, 0xa3, 0x49, 0x74, 0x09, 
	0x34, 0xcb, 0x1c, 0x09, 0x1b, 0xc9, 0x2a, 0x05, 
	0x82, 0x47, 0xab, 0x09, 0xab, 0x09, 0x9a, 0xc7, 
	0x7a, 0x05, 0x69, 0x85, 0x8a, 0x47, 0xbb, 0x89, 
	0xd4, 0x09, 0xcb, 0xc9, 0xa4, 0x07, 0x2c, 0xc5, 
	0x14, 0x45, 0x1c, 0x05, 0x1a, 0xc5, 0x39, 0x85, 
	0x7a, 0x89, 0xb3, 0x8b, 0xcc, 0x0d, 0xcc, 0x4d, 
	0xb3, 0x89, 0x8a, 0x47, 0x71, 0xc5, 0xb3, 0x49, 
	0xbb, 0x89, 0xa3, 0x07, 0xab, 0x49, 0x8b, 0xc9, 
	0x34, 0xc9, 0x2c, 0x09, 0x2b, 0x89, 0x2a, 0x05, 
	0x92, 0x87, 0xab, 0x07, 0xab, 0x07, 0x9a, 0xc7, 
	0x82, 0x45, 0x69, 0x85, 0x92, 0x87, 0xbb, 0x89, 
	0xd4, 0x09, 0xcc, 0x09, 0x9b, 0xc7, 0x54, 0x45, 
	0x24, 0x45, 0x1b, 0xc5, 0x1a, 0x85, 0x41, 0x85, 
	0x8a, 0x87, 0xbb, 0x89, 0xd4, 0x09, 0xd4, 0x49, 
	0xbb, 0x89, 0x8a, 0x47, 0x72, 0x05, 0xb3, 0x89, 
	0xcb, 0xc9, 0xc3, 0xc9, 0xbb, 0x89, 0x9b, 0x49, 
	0x6c, 0x09, 0x43, 0xc9, 0x3b, 0x49, 0x31, 0x85, 
	0x9a, 0xc7, 0xab, 0x07, 0xab, 0x07, 0x9a, 0xc7, 
	0x82, 0x45, 0x69, 0x85, 0x92, 0x87, 0xc3, 0x89, 
	0xd4, 0x09, 0xcc, 0x09, 0xa3, 0xc7, 0x4c, 0x05, 
	0x24, 0x45, 0x1b, 0x85, 0x19, 0xc3, 0x41, 0x05, 
	0x92, 0xc7, 0xc3, 0xc9, 0xd4, 0x09, 0xd4, 0x09, 
	0xbb, 0xc9, 0x8a, 0x47, 0x71, 0xc5, 0xb3, 0x47, 
	0xd4, 0x0b, 0xd4, 0x4d, 0xc3, 0xc9, 0x92, 0xc7, 
	0x63, 0x07, 0x3b, 0x07, 0x42, 0x45, 0x29, 0x03, 
	0xb3, 0x47, 0xa3, 0x07, 0xab, 0x07, 0x9a, 0xc7, 
	0x82, 0x45, 0x69, 0x85, 0x92, 0x87, 0xc3, 0xc9, 
	0xcc, 0x09, 0xcc, 0x09, 0xab, 0x89, 0x5b, 0x85, 
	0x2c, 0x05, 0x22, 0xc5, 0x11, 0x03, 0x49, 0x45, 
	0x92, 0xc9, 0xc3, 0xc9, 0xcc, 0x09, 0xd4, 0x09, 
	0xbb, 0xc9, 0x8a, 0x47, 0x71, 0xc5, 0xb3, 0x47, 
	0xd4, 0x0b, 0xcc, 0x0b, 0xc3, 0xc9, 0x9b, 0x07, 
	0x62, 0x05, 0x31, 0x03, 0x31, 0x03, 0x51, 0x85, 
	0xbb, 0x87, 0xa3, 0x07, 0xa3, 0x09, 0x9a, 0xc7, 
	0x82, 0x45, 0x69, 0x85, 0x92, 0x87, 0xb3, 0x89, 
	0xb3, 0x49, 0xa3, 0x47, 0xab, 0x47, 0x82, 0xc7, 
	0x52, 0x45, 0x31, 0x45, 0x18, 0x83, 0x59, 0xc5, 
	0xab, 0x49, 0xc3, 0xc9, 0xbb, 0x87, 0xcb, 0xcb, 
	0xbb, 0xc9, 0x8a, 0x47, 0x71, 0xc5, 0xb3, 0x49, 
	0xd4, 0x09, 0xd4, 0x09, 0xc3, 0xc9, 0xa3, 0x47, 
	0x72, 0x05, 0x39, 0x03, 0x41, 0x03, 0x8a, 0x47, 
	0xb3, 0x49, 0xa3, 0x09, 0xa3, 0x09, 0x9a, 0xc7, 
	0x82, 0x45, 0x69, 0x85, 0x92, 0x87, 0xab, 0x47, 
	0x92, 0xc7, 0x92, 0xc7, 0x9b, 0x07, 0x82, 0x87, 
	0x39, 0x03, 0x08, 0x43, 0x20, 0xc3, 0x62, 0x05, 
	0xab, 0x49, 0xcb, 0xc9, 0xbb, 0x87, 0xcc, 0x0d, 
	0xc3, 0xcb, 0x8a, 0x45, 0x71, 0xc5, 0xb3, 0x49, 
	0xd4, 0x09, 0xd4, 0x09, 0xc4, 0x09, 0xab, 0x47, 
	0x82, 0x45, 0x71, 0xc5, 0x69, 0x85, 0x9a, 0x85, 
	0xb3, 0x49, 0xab, 0x4b, 0xab, 0x4b, 0x9a, 0xc7, 
	0x82, 0x45, 0x69, 0xc5, 0x8a, 0x85, 0x92, 0xc7, 
	0x92, 0xc7, 0x92, 0xc7, 0x92, 0xc7, 0x8a, 0xc7, 
	0x62, 0x05, 0x31, 0x05, 0x28, 0xc3, 0x62, 0x05, 
	0xb3, 0x49, 0xd4, 0x09, 0xd4, 0x4b, 0xd4, 0x8f, 
	0xc3, 0xcb, 0x8a, 0x45, 0x71, 0xc5, 0xb3, 0x49, 
	0xd4, 0x09, 0xd4, 0x09, 0xcc, 0x09, 0xab, 0x47, 
	0x72, 0x05, 0x69, 0xc5, 0x72, 0x05, 0x92, 0xc7, 
	0xbb, 0x49, 0xbb, 0xcb, 0xbb, 0x8b, 0x9a, 0xc7, 
	0x82, 0x45, 0x69, 0x85, 0x92, 0x87, 0x92, 0xc7, 
	0x92, 0xc7, 0x92, 0xc7, 0x92, 0xc7, 0x8a, 0xc7, 
	0x72, 0x45, 0x49, 0x43, 0x41, 0x03, 0x72, 0x45, 
	0xbb, 0x89, 0xd4, 0x09, 0xd4, 0x49, 0xd4, 0x4b, 
	0xbb, 0xc9, 0x8a, 0x47, 0x71, 0xc5, 0xb3, 0x49, 
	0xd4, 0x09, 0xd4, 0x09, 0xd4, 0x09, 0xb3, 0x89, 
	0x69, 0xc5, 0x69, 0xc5, 0x7a, 0x47, 0x93, 0x0b, 
	0xab, 0x07, 0xab, 0x47, 0xb3, 0x89, 0x9a, 0xc7, 
	0x82, 0x45, 0x69, 0x85, 0x92, 0x87, 0xa3, 0x07, 
	0xab, 0x47, 0xa3, 0x47, 0x92, 0xc7, 0x8a, 0xc7, 
	0x82, 0x85, 0x61, 0xc5, 0x49, 0x43, 0x7a, 0x45, 
	0xbb, 0xc9, 0xd4, 0x09, 0xd4, 0x09, 0xd4, 0x09, 
	0xc3, 0xc9, 0x8a, 0x47, 0x71, 0xc5, 0xb3, 0x49, 
	0xd4, 0x09, 0xd4, 0x09, 0xd4, 0x09, 0xbb, 0x89, 
	0x72, 0x05, 0x69, 0xc7, 0x8a, 0xcb, 0xab, 0xd1, 
	0xbb, 0x49, 0xb3, 0x49, 0xbb, 0x89, 0x9a, 0xc7, 
	0x82, 0x45, 0x69, 0x85, 0x92, 0x87, 0xa3, 0x07, 
	0xab, 0x47, 0xab, 0x47, 0xa3, 0x07, 0x92, 0xc7, 
	0x8a, 0xc7, 0x7a, 0x47, 0x59, 0xc5, 0x7a, 0x45, 
	0xbb, 0xc9, 0xd4, 0x49, 0xd4, 0x09, 0xd4, 0x09, 
	0xbb, 0xc9, 0x8a, 0x47, 0x71, 0xc5, 0xb3, 0x49, 
	0xd4, 0x09, 0xd4, 0x09, 0xd4, 0x09, 0xbb, 0x89, 
	0x72, 0x05, 0x69, 0xc5, 0xa3, 0xd1, 0xb4, 0x13, 
	0xc3, 0x49, 0xc3, 0x89, 0xc3, 0x89, 0x9a, 0xc7, 
	0x82, 0x45, 0x69, 0x85, 0x92, 0x87, 0xab, 0x47, 
	0xab, 0x47, 0xab, 0x47, 0xab, 0x47, 0xa3, 0x47, 
	0xa3, 0x47, 0x92, 0xc7, 0x72, 0x05, 0x82, 0x45, 
	0xbb, 0x89, 0xd4, 0x09, 0xd4, 0x09, 0xd4, 0x09, 
	0xbb, 0xc9, 0x8a, 0x47, 0x71, 0xc5, 0xb3, 0x49, 
	0xd4, 0x09, 0xd4, 0x09, 0xd4, 0x09, 0xbb, 0x89, 
	0x7a, 0x05, 0x72, 0x05, 0xab, 0x8f, 0xbc, 0x0f, 
	0xc3, 0x89, 0xcb, 0x89, 0xc3, 0x89, 0x9a, 0xc7, 
	0x82, 0x45, 0x69, 0x85, 0x92, 0xc5, 0xab, 0x47, 
	0xab, 0x47, 0xab, 0x47, 0xab, 0x47, 0xab, 0x47, 
	0xab, 0x47, 0x9b, 0x07, 0x72, 0x05, 0x7a, 0x05, 
	0xb3, 0x49, 0xd4, 0x09, 0xd4, 0x09, 0xd4, 0x09, 
	0xc3, 0xc9, 0x8a, 0x47, 0x71, 0xc5, 0xb3, 0x49, 
	0xd4, 0x09, 0xd4, 0x09, 0xd4, 0x09, 0xbb, 0x89, 
	0x82, 0x05, 0x7a, 0x05, 0xb3, 0xcd, 0xbc, 0x0d, 
	0xc3, 0x89, 0xcb, 0x89, 0xc3, 0x49, 0x9a, 0xc7, 
	0x82, 0x45, 0x69, 0x85, 0x92, 0xc5, 0xab, 0x47, 
	0xab, 0x47, 0xab, 0x47, 0xab, 0x47, 0xab, 0x47, 
	0xab, 0x47, 0x9b, 0x07, 0x72, 0x05, 0x7a, 0x05, 
	0xb3, 0x49, 0xd4, 0x09, 0xd4, 0x09, 0xd4, 0x09, 
	0xbb, 0xc9, 0x8a, 0x47, 0x71, 0xc5, 0xb3, 0x49, 
	0xd4, 0x09, 0xd4, 0x09, 0xd4, 0x09, 0xbb, 0x89, 
	0x82, 0x05, 0x7a, 0x07, 0xb3, 0x4b, 0xbb, 0x49, 
	0xcb, 0x89, 0xcb, 0x89, 0xc3, 0x89, 0x9a, 0xc7, 
	0x82, 0x47, 0x69, 0x85, 0x92, 0xc5, 0xab, 0x47, 
	0xab, 0x47, 0xab, 0x47, 0xab, 0x47, 0xab, 0x47, 
	0xab, 0x47, 0xa3, 0x07, 0x7a, 0x45, 0x7a, 0x05, 
	0xab, 0x47, 0xd4, 0x09, 0xd4, 0x09, 0xd4, 0x09, 
	0xbb, 0xc9, 0x92, 0x87, 0x71, 0xc5, 0xb3, 0x49, 
	0xd4, 0x09, 0xd4, 0x09, 0xd4, 0x09, 0xbb, 0x89, 
	0x7a, 0x05, 0x7a, 0x05, 0xab, 0x09, 0xc3, 0x49, 
	0xcb, 0x89, 0xc3, 0x89, 0xc3, 0x89, 0x9a, 0xc7, 
	0x8a, 0x47, 0x69, 0x85, 0x92, 0xc5, 0xab, 0x47, 
	0xab, 0x47, 0xab, 0x47, 0xab, 0x47, 0xab, 0x47, 
	0xab, 0x47, 0xa3, 0x07, 0x82, 0x45, 0x79, 0xc5, 
	0xab, 0x07, 0xd4, 0x09, 0xd4, 0x09, 0xd4, 0x09, 
	0xbb, 0x89, 0x92, 0x87, 0x79, 0xc5, 0xb3, 0x49, 
	0xd4, 0x09, 0xd4, 0x09, 0xd4, 0x09, 0xc3, 0xc9, 
	0x7a, 0x45, 0x7a, 0x05, 0xa3, 0x07, 0xc3, 0x89, 
	0xcb, 0x89, 0xcb, 0x89, 0xc3, 0x49, 0x9a, 0xc7, 
	0x7a, 0x05, 0x69, 0x85, 0x92, 0xc5, 0xab, 0x47, 
	0xab, 0x47, 0xab, 0x47, 0xab, 0x47, 0xab, 0x47, 
	0xab, 0x47, 0xab, 0x47, 0x8a, 0x85, 0x79, 0xc5, 
	0xab, 0x07, 0xcc, 0x09, 0xd4, 0x09, 0xd4, 0x09, 
	0xc3, 0xc9, 0x92, 0x87, 0x79, 0xc5, 0xb3, 0x49, 
	0xd4, 0x09, 0xd4, 0x09, 0xd4, 0x09, 0xbb, 0xc9, 
	0x7a, 0x45, 0x7a, 0x05, 0xa3, 0x07, 0xc3, 0x89, 
	0xc3, 0x89, 0xc3, 0x89, 0xbb, 0x49, 0x92, 0xc7, 
	0x7a, 0x05, 0x71, 0xc5, 0x92, 0xc5, 0xab, 0x47, 
	0xab, 0x47, 0xab, 0x47, 0xab, 0x47, 0xab, 0x47, 
	0xab, 0x47, 0xab, 0x47, 0x92, 0x85, 0x71, 0xc5, 
	0xa3, 0x07, 0xcc, 0x09, 0xd4, 0x09, 0xd4, 0x09, 
	0xc3, 0xc9, 0x92, 0x87, 0x71, 0xc5, 0xb3, 0x49, 
	0xd4, 0x09, 0xd4, 0x09, 0xd4, 0x09, 0xc3, 0xc9, 
	0x82, 0x45, 0x71, 0xc5, 0x9a, 0xc7, 0xc3, 0x49, 
	0xc3, 0x89, 0xc3, 0x89, 0xbb, 0x49, 0x8a, 0x87, 
	0x71, 0xc5, 0x7a, 0x05, 0xa3, 0x47, 0xab, 0x47, 
	0xab, 0x47, 0xab, 0x47, 0xab, 0x47, 0xab, 0x47, 
	0xab, 0x47, 0xab, 0x47, 0x92, 0x85, 0x71, 0xc5, 
	0x9a, 0xc7, 0xcc, 0x09, 0xd4, 0x09, 0xd4, 0x09, 
	0xc3, 0xc9, 0x8a, 0x47, 0x71, 0xc5, 0xb3, 0x49, 
	0xd4, 0x09, 0xd4, 0x09, 0xd4, 0x09, 0xcc, 0x09, 
	0x8a, 0x87, 0x69, 0xc5, 0x9a, 0xc7, 0xbb, 0x49, 
	0xcb, 0x89, 0xc3, 0x89, 0xb3, 0x49, 0x8a, 0x87, 
	0x71, 0xc5, 0x82, 0x45, 0xa3, 0x47, 0xab, 0x47, 
	0xab, 0x47, 0xab, 0x47, 0xab, 0x47, 0xab, 0x47, 
	0xab, 0x47, 0xab, 0x47, 0x92, 0x85, 0x71, 0xc5, 
	0x9a, 0xc7, 0xcc, 0x09, 0xd4, 0x09, 0xd4, 0x09, 
	0xc3, 0xc9, 0x8a, 0x47, 0x71, 0xc5, 0xa2, 0xc7, 
	0xcb, 0xc9, 0xd4, 0x09, 0xd4, 0x09, 0xcc, 0x09, 
	0x8a, 0x87, 0x69, 0xc5, 0x92, 0xc7, 0xbb, 0x89, 
	0xc3, 0x89, 0xc3, 0x89, 0xab, 0x09, 0x82, 0x47, 
	0x69, 0xc5, 0x8a, 0x47, 0xa3, 0x47, 0xab, 0x47, 
	0xab, 0x47, 0xab, 0x47, 0xab, 0x47, 0xab, 0x47, 
	0xab, 0x47, 0xab, 0x47, 0x92, 0x85, 0x71, 0xc5, 
	0x9b, 0x07, 0xcc, 0x09, 0xd4, 0x09, 0xd4, 0x09, 
	0xc3, 0xc9, 0x92, 0x87, 0x79, 0xc5, 0x92, 0xc7, 
	0x9b, 0x07, 0xbb, 0xc9, 0xd4, 0x09, 0xcc, 0x09, 
	0x9a, 0xc7, 0x69, 0xc5, 0x8a, 0x87, 0xbb, 0x89, 
	0xc3, 0x89, 0xc3, 0x89, 0xab, 0x09, 0x82, 0x47, 
	0x69, 0xc5, 0x92, 0x87, 0xab, 0x47, 0xab, 0x47, 
	0xab, 0x47, 0xab, 0x47, 0xab, 0x47, 0xab, 0x47, 
	0xab, 0x47, 0xab, 0x47, 0x92, 0x85, 0x71, 0xc5, 
	0x9b, 0x07, 0xcc, 0x09, 0xd4, 0x09, 0xd4, 0x09, 
	0xc3, 0x89, 0x92, 0x87, 0x79, 0xc5, 0x8a, 0x87, 
	0x92, 0xc7, 0xb3, 0x89, 0xcc, 0x09, 0xd4, 0x09, 
	0xa3, 0x07, 0x71, 0xc5, 0x82, 0x45, 0xb3, 0x49, 
	0xc3, 0x89, 0xbb, 0x49, 0x9a, 0xc7, 0x7a, 0x05, 
	0x69, 0xc5, 0x92, 0xc7, 0xab, 0x47, 0xab, 0x47, 
	0xab, 0x47, 0xab, 0x47, 0xab, 0x47, 0xab, 0x47, 
	0xab, 0x47, 0xab, 0x47, 0x92, 0x85, 0x7a, 0x05, 
	0x9b, 0x07, 0xcc, 0x09, 0xd4, 0x09, 0xd4, 0x09, 
	0xc3, 0x89, 0x92, 0x87, 0x79, 0xc5, 0x8a, 0x87, 
	0x92, 0xc7, 0x9b, 0x07, 0xcc, 0x09, 0xd4, 0x09, 
	0xbb, 0x87, 0x71, 0xc5, 0x82, 0x45, 0xb3, 0x49, 
	0xc3, 0x89, 0xbb, 0x49, 0x92, 0x87, 0x7a, 0x05, 
	0x72, 0x05, 0x9a, 0xc7, 0xab, 0x47, 0xab, 0x47, 
	0xab, 0x47, 0xab, 0x47, 0xab, 0x47, 0xab, 0x47, 
	0xab, 0x47, 0xab, 0x47, 0x93, 0x47, 0x7c, 0x87, 
	0x8d, 0x09, 0xbc, 0x89, 0xd4, 0x09, 0xd4, 0x49, 
	0xc3, 0x89, 0x92, 0x87, 0x79, 0xc5, 0x92, 0x85, 
	0x92, 0xc7, 0x9a, 0xc7, 0xc3, 0xc9, 0xd4, 0x09, 
	0xbb, 0xc9, 0x7a, 0x05, 0x71, 0xc5, 0xb3, 0x49, 
	0xc3, 0x89, 0xbb, 0x47, 0x92, 0x85, 0x71, 0xc5, 
	0x7a, 0x05, 0xab, 0x47, 0xab, 0x47, 0xab, 0x47, 
	0xab, 0x47, 0xab, 0x47, 0xab, 0x47, 0xab, 0x47, 
	0xab, 0x47, 0xab, 0x47, 0x92, 0xc5, 0x74, 0xc7, 
	0x6e, 0xc9, 0x8d, 0x89, 0xc4, 0x89, 0xd4, 0x49, 
	0xc3, 0x89, 0x92, 0x87, 0x71, 0xc5, 0x92, 0x85, 
	0x9a, 0xc7, 0x9a, 0xc7, 0xb3, 0x49, 0xbb, 0xc9, 
	0xab, 0x87, 0x7a, 0x45, 0x69, 0xc5, 0xab, 0x49, 
	0xc3, 0x89, 0xbb, 0x49, 0x8a, 0x45, 0x71, 0xc5, 
	0x82, 0x45, 0xab, 0x47, 0xab, 0x47, 0xab, 0x47, 
	0xab, 0x87, 0xa4, 0x05, 0xab, 0x87, 0xab, 0x47, 
	0xab, 0x47, 0xab, 0x47, 0x92, 0x85, 0x72, 0x85, 
	0x6c, 0xc7, 0x65, 0xc9, 0xa5, 0x09, 0xd4, 0x49, 
	0xc3, 0x89, 0x92, 0x87, 0x71, 0xc5, 0x92, 0x85, 
	0xa3, 0x07, 0x92, 0xc7, 0x92, 0xc7, 0x9b, 0x07, 
	0xa3, 0x47, 0x7a, 0x05, 0x69, 0xc5, 0xa3, 0x07, 
	0xbb, 0x49, 0xb3, 0x09, 0x8a, 0x87, 0x7a, 0x05, 
	0x8a, 0x87, 0xa3, 0x07, 0xab, 0x47, 0xab, 0x87, 
	0x9c, 0x87, 0x8d, 0x47, 0x9c, 0x07, 0xab, 0x47, 
	0xab, 0x47, 0xab, 0x47, 0x92, 0x85, 0x72, 0x05, 
	0x64, 0x07, 0x55, 0x87, 0x75, 0x49, 0xbc, 0x49, 
	0xc3, 0x89, 0x92, 0x87, 0x79, 0xc5, 0x8a, 0xc5, 
	0x9b, 0x47, 0xa3, 0x07, 0x9a, 0xc7, 0x92, 0xc7, 
	0x9a, 0xc7, 0x7a, 0x05, 0x69, 0xc5, 0x9b, 0x07, 
	0xb3, 0x47, 0xab, 0x07, 0x82, 0x45, 0x7a, 0x45, 
	0x8a, 0xc7, 0x9b, 0x07, 0xab, 0x47, 0xa3, 0xc7, 
	0x85, 0xc9, 0x76, 0x09, 0x9b, 0x87, 0xab, 0x47, 
	0xab, 0x47, 0xab, 0x47, 0x92, 0x85, 0x72, 0x05, 
	0x64, 0x07, 0x45, 0x47, 0x55, 0x47, 0xb4, 0x89, 
	0xc3, 0x89, 0x92, 0x87, 0x79, 0xc5, 0x82, 0x85, 
	0x93, 0x47, 0xab, 0x07, 0xab, 0x07, 0xa3, 0x07, 
	0xa3, 0x07, 0x82, 0x45, 0x69, 0xc5, 0x9b, 0x07, 
	0xab, 0x47, 0x9b, 0x07, 0x82, 0x45, 0x82, 0xc7, 
	0x8b, 0xc7, 0x9b, 0x07, 0xab, 0x87, 0x95, 0x47, 
	0x86, 0x49, 0x94, 0x47, 0x9b, 0x47, 0xa3, 0x47, 
	0xab, 0x47, 0xab, 0x47, 0x92, 0x85, 0x71, 0x85, 
	0x6b, 0x47, 0x45, 0x07, 0x3d, 0x45, 0x94, 0xc7, 
	0xbb, 0xc9, 0x92, 0x87, 0x79, 0xc5, 0x82, 0xc5, 
	0x94, 0x87, 0xa4, 0x07, 0xab, 0x47, 0xab, 0x47, 
	0xab, 0x47, 0x82, 0x45, 0x71, 0xc5, 0x9a, 0xc7, 
	0xab, 0x47, 0xa3, 0x07, 0x8b, 0x07, 0x76, 0x09, 
	0x83, 0x87, 0x9b, 0x09, 0x9c, 0x89, 0x86, 0x47, 
	0x6d, 0x47, 0x83, 0x87, 0x93, 0x07, 0xa3, 0x87, 
	0x9c, 0x47, 0x8c, 0x47, 0x83, 0x45, 0x82, 0x05, 
	0x7b, 0x87, 0x4d, 0x07, 0x2c, 0xc5, 0x6c, 0x47, 
	0xab, 0x87, 0x92, 0x87, 0x6a, 0x05, 0x74, 0x87, 
	0x76, 0x87, 0x8c, 0x07, 0xa3, 0x47, 0xab, 0x47, 
	0xab, 0x47, 0x8a, 0x87, 0x71, 0xc5, 0x9a, 0xc7, 
	0xab, 0x47, 0xa3, 0x07, 0x7d, 0x47, 0x6d, 0xc7, 
	0x82, 0x47, 0x93, 0x49, 0x95, 0x89, 0x6e, 0x07, 
	0x4c, 0x85, 0x6b, 0x45, 0x8a, 0xc5, 0xa3, 0x87, 
	0x95, 0x07, 0x66, 0x89, 0x65, 0x89, 0x7b, 0x47, 
	0x8b, 0x87, 0x55, 0x07, 0x2c, 0x85, 0x4c, 0x45, 
	0x93, 0x87, 0x92, 0x47, 0x62, 0x05, 0x65, 0xc7, 
	0x65, 0x07, 0x8b, 0x47, 0x9b, 0x07, 0xab, 0x47, 
	0xab, 0x47, 0x8a, 0x87, 0x71, 0xc5, 0x92, 0xc7, 
	0xab, 0x47, 0x9b, 0x07, 0x76, 0x07, 0x7c, 0x47, 
	0x82, 0x87, 0x93, 0x49, 0x8e, 0x09, 0x5d, 0x07, 
	0x3c, 0x05, 0x63, 0x45, 0x8a, 0xc5, 0xa3, 0x47, 
	0x94, 0x07, 0x6d, 0xc9, 0x5e, 0x49, 0x74, 0xc9, 
	0x84, 0x49, 0x55, 0x47, 0x34, 0xc5, 0x4c, 0x45, 
	0x93, 0x87, 0x92, 0x47, 0x7b, 0x45, 0x65, 0x47, 
	0x6b, 0xc5, 0x8b, 0x07, 0x9b, 0x07, 0x94, 0x07, 
	0x94, 0x47, 0x93, 0x07, 0x71, 0xc5, 0x92, 0xc7, 
	0xab, 0x47, 0x9b, 0x87, 0x55, 0xc7, 0x64, 0xc7, 
	0x73, 0x47, 0x73, 0xc9, 0x6e, 0x09, 0x3c, 0x47, 
	0x44, 0x45, 0x63, 0x05, 0x82, 0xc7, 0xa3, 0x49, 
	0xa3, 0x87, 0x74, 0x87, 0x4d, 0x47, 0x65, 0x07, 
	0x75, 0x49, 0x55, 0x47, 0x2c, 0x85, 0x4c, 0x05, 
	0x83, 0x47, 0x8a, 0x47, 0x7c, 0x87, 0x4d, 0x05, 
	0x5b, 0xc7, 0x83, 0x0b, 0x9b, 0x89, 0x84, 0x87, 
	0x66, 0x09, 0x65, 0x47, 0x72, 0x05, 0x92, 0xc7, 
	0xab, 0x47, 0x9b, 0xc9, 0x45, 0x47, 0x4d, 0x47, 
	0x5c, 0x07, 0x54, 0x47, 0x5e, 0x09, 0x24, 0x47, 
	0x44, 0x47, 0x7b, 0x89, 0x93, 0x4d, 0xa3, 0x8b, 
	0xab, 0x49, 0x74, 0x07, 0x2d, 0x47, 0x4d, 0x05, 
	0x65, 0x87, 0x45, 0x07, 0x2c, 0x85, 0x44, 0x45, 
	0x73, 0x07, 0x92, 0x47, 0x6d, 0x07, 0x34, 0xc5, 
	0x4b, 0xc9, 0x83, 0x4f, 0xa3, 0x49, 0x9b, 0xc7, 
	0x75, 0x47, 0x66, 0x09, 0x63, 0x85, 0x9a, 0xc7, 
	0xab, 0x47, 0xa3, 0xc9, 0x45, 0x47, 0x55, 0x07, 
	0x4d, 0x89, 0x64, 0x87, 0x55, 0x89, 0x24, 0x47, 
	0x3c, 0x87, 0x84, 0x0d, 0xb4, 0x53, 0xbc, 0x0f, 
	0xab, 0x49, 0x7b, 0xc7, 0x3d, 0x07, 0x34, 0xc5, 
	0x3c, 0xc5, 0x3c, 0xc7, 0x2c, 0x85, 0x44, 0x45, 
	0x73, 0x07, 0x92, 0x47, 0x6c, 0xc7, 0x34, 0xc5, 
	0x53, 0xc9, 0x8b, 0xcb, 0xab, 0x89, 0xa3, 0x87, 
	0x7c, 0x47, 0x6d, 0xc7, 0x4d, 0x07, 0x4c, 0x85, 
	0x7c, 0x07, 0x9b, 0xc7, 0x4d, 0x47, 0x3c, 0x87, 
	0x45, 0x47, 0x5d, 0x89, 0x4d, 0x49, 0x24, 0x47, 
	0x34, 0x87, 0x7c, 0x8b, 0xbc, 0x51, 0xc4, 0x51, 
	0xbb, 0xcb, 0x8c, 0x49, 0x4d, 0x07, 0x34, 0x85, 
	0x24, 0x45, 0x24, 0x45, 0x24, 0x45, 0x3c, 0x85, 
	0x63, 0x87, 0x82, 0x47, 0x6c, 0x87, 0x2c, 0xc5, 
	0x6c, 0x09, 0xa3, 0x89, 0xa3, 0x87, 0x93, 0x87, 
	0x7c, 0xc7, 0x6d, 0xc7, 0x34, 0xc5, 0x3d, 0x07, 
	0x44, 0xc5, 0x8b, 0xc7, 0x5d, 0x07, 0x14, 0x45, 
	0x24, 0x45, 0x45, 0x47, 0x35, 0x07, 0x1c, 0x45, 
	0x34, 0xc5, 0x65, 0x49, 0xac, 0x8f, 0xc4, 0x4f, 
	0xc4, 0x0d, 0x8c, 0x89, 0x4d, 0x87, 0x34, 0x45, 
	0x1c, 0x45, 0x1c, 0x45, 0x1c, 0x45, 0x3c, 0xc5, 
	0x5c, 0x87, 0x7a, 0x87, 0x6c, 0x87, 0x2c, 0xc5, 
	0x44, 0xc7, 0x9b, 0x89, 0x93, 0xc7, 0x8c, 0x47, 
	0x65, 0x87, 0x45, 0x07, 0x1c, 0x45, 0x2c, 0x85, 
	0x3c, 0xc5, 0x54, 0x85, 0x4d, 0x47, 0x1c, 0x45, 
	0x1c, 0x45, 0x24, 0x85, 0x24, 0x85, 0x1c, 0x45, 
	0x2c, 0xc5, 0x55, 0x47, 0x85, 0x0b, 0xc4, 0x4f, 
	0xb4, 0x8d, 0x7d, 0x49, 0x4d, 0x87, 0x34, 0x45, 
	0x1c, 0x45, 0x1c, 0x45, 0x1c, 0x45, 0x2c, 0x85, 
	0x5d, 0x07, 0x83, 0x07, 0x6c, 0x87, 0x2c, 0x85, 
	0x35, 0x47, 0x8c, 0x07, 0x8c, 0x07, 0x65, 0x07, 
	0x45, 0x07, 0x24, 0x45, 0x24, 0x45, 0x24, 0x45, 
	0x65, 0x05, 0x55, 0x45, 0x4d, 0x85, 0x35, 0x05, 
	0x35, 0x05, 0x3d, 0x05, 0x3d, 0x05, 0x3d, 0x05, 
	0x3d, 0x05, 0x4d, 0x45, 0x66, 0x05, 0x86, 0x47, 
	0x8e, 0x47, 0x6e, 0x05, 0x4d, 0x45, 0x3d, 0x05, 
	0x35, 0x05, 0x3d, 0x05, 0x35, 0x05, 0x35, 0x05, 
	0x55, 0x85, 0x75, 0x45, 0x65, 0x85, 0x3d, 0x45, 
	0x45, 0x45, 0x6d, 0x85, 0x4c, 0xc5, 0x45, 0x05, 
	0x3c, 0xc5, 0x44, 0xc5, 0x4c, 0xc5, 0x55, 0x05, 
	0x4d, 0x45, 0x4d, 0x45, 0x4d, 0x45, 0x4d, 0x45, 
	0x4d, 0x45, 0x4d, 0x85, 0x55, 0xc3, 0x4d, 0x45, 
	0x4d, 0x45, 0x55, 0xc3, 0x4d, 0x83, 0x4d, 0x83, 
	0x55, 0xc3, 0x4d, 0x83, 0x55, 0x83, 0x55, 0xc3, 
	0x4d, 0x45, 0x55, 0xc3, 0x55, 0xc3, 0x4d, 0x83, 
	0x4d, 0x85, 0x55, 0xc3, 0x4d, 0x45, 0x4d, 0x45, 
	0x55, 0xc3, 0x4d, 0x45, 0x55, 0x83, 0x55, 0x83, 
	0x5d, 0xc3, 0x4d, 0x85, 0x55, 0xc3, 0x4d, 0x45, 
	
};

Gfx wf_dl_ng_nukirgba16_rgba16_rgba16_aligner[] = {gsSPEndDisplayList()};
u8 wf_dl_ng_nukirgba16_rgba16_rgba16[] = {
	0x5d, 0xd0, 0x5d, 0xd0, 0x5d, 0xd0, 0x5d, 0xd0, 
	0x5d, 0xd0, 0x5d, 0xd0, 0x5d, 0xd0, 0x5d, 0xd0, 
	0x5d, 0xd0, 0x5d, 0xd0, 0x5d, 0xd0, 0x5d, 0xd0, 
	0x5d, 0xd0, 0x5d, 0xd0, 0x5d, 0xd0, 0x5d, 0xd0, 
	0x5d, 0xd0, 0x5d, 0xd0, 0x5d, 0xd0, 0x5d, 0xd0, 
	0x5d, 0xd0, 0x5d, 0xd0, 0x5d, 0xd0, 0x5d, 0xd0, 
	0x5d, 0xd0, 0x5d, 0xd0, 0x5d, 0xd0, 0x5d, 0xd0, 
	0x5d, 0xd0, 0x5d, 0xd0, 0x5d, 0xd0, 0x5d, 0xd0, 
	0x5d, 0xd0, 0x5d, 0xd0, 0x5d, 0xd0, 0x5d, 0xd0, 
	0x5d, 0xd0, 0x5d, 0xd0, 0x5d, 0xd0, 0x5d, 0xd0, 
	0x5d, 0xd0, 0x5d, 0xd0, 0x5d, 0xd0, 0x5d, 0xd0, 
	0x5d, 0xd0, 0x5d, 0xd0, 0x5d, 0xd0, 0x5d, 0xd0, 
	0x5d, 0xd0, 0x5d, 0xd0, 0x5d, 0xd0, 0x5d, 0xd0, 
	0x5d, 0xd0, 0x5d, 0xd0, 0x5d, 0xd0, 0x5d, 0xd0, 
	0x5d, 0xd0, 0x5d, 0xd0, 0x5d, 0xd0, 0x5d, 0xd0, 
	0x5d, 0xd0, 0x5d, 0xd0, 0x5d, 0xd0, 0x5d, 0xd0, 
	0x5d, 0xd0, 0x5d, 0xd0, 0x5d, 0xd0, 0x5d, 0xd0, 
	0x5d, 0xd0, 0x5d, 0xd0, 0x5d, 0xd0, 0x5d, 0xd0, 
	0x5d, 0xd0, 0x5d, 0xd0, 0x5d, 0xd0, 0x5d, 0xd0, 
	0x5d, 0xd0, 0x5d, 0xd0, 0x5d, 0xd0, 0x5d, 0xd0, 
	0x5d, 0xd0, 0x5d, 0xd0, 0x5d, 0xd0, 0x5d, 0xd0, 
	0x5d, 0xd0, 0x5d, 0xd0, 0x33, 0xc9, 0x5d, 0xd0, 
	0x5d, 0xd0, 0x5d, 0xd0, 0x5d, 0xd0, 0x5d, 0xd0, 
	0x5d, 0xd0, 0x5d, 0xd0, 0x5d, 0xd0, 0x5d, 0xd0, 
	0x5d, 0xd0, 0x5d, 0xd0, 0x5d, 0xd0, 0x5d, 0xd0, 
	0x5d, 0xd0, 0x5d, 0xd0, 0x5d, 0xd0, 0x5d, 0xd0, 
	0x5d, 0xd0, 0x5d, 0xd0, 0x5d, 0xd0, 0x5d, 0xd0, 
	0x5d, 0xd0, 0x5d, 0xd0, 0x5d, 0xd0, 0x5d, 0xd0, 
	0x5d, 0xd0, 0x5d, 0xd0, 0x5d, 0xd0, 0x5d, 0xd0, 
	0x5d, 0xd0, 0x5d, 0xd0, 0x5d, 0xd0, 0x5d, 0xd0, 
	0x5d, 0xd0, 0x5d, 0xd0, 0x5d, 0xd0, 0x5d, 0xd0, 
	0x5d, 0xd0, 0x5d, 0xd0, 0x5d, 0xd0, 0x5d, 0xd0, 
	0x5d, 0xd0, 0x5d, 0xd0, 0x5d, 0xd0, 0x5d, 0xd0, 
	0x5d, 0xd0, 0x5d, 0xd0, 0x5d, 0xd0, 0x5d, 0xd0, 
	0x5d, 0xd0, 0x5d, 0xd0, 0x5d, 0xd0, 0x5d, 0xd0, 
	0x5d, 0xd0, 0x5d, 0xd0, 0x5d, 0xd0, 0x5d, 0xd0, 
	0x5d, 0xd0, 0x5d, 0xd0, 0x5d, 0xd0, 0x5d, 0xd0, 
	0x5d, 0xd0, 0x5d, 0xd0, 0x44, 0x4d, 0x5d, 0xd0, 
	0x5d, 0xd0, 0x5d, 0xd0, 0x5d, 0xd0, 0x54, 0x5b, 
	0x5d, 0xd0, 0x5d, 0xd0, 0x5d, 0xd0, 0x5d, 0xd0, 
	0x5d, 0xd0, 0x5d, 0xd0, 0x5d, 0xd0, 0x5d, 0xd0, 
	0x5d, 0xd0, 0x5d, 0xd0, 0x5d, 0xd0, 0x5d, 0xd0, 
	0x5d, 0xd0, 0x5d, 0xd0, 0x5d, 0xd0, 0x5d, 0xd0, 
	0x5d, 0xd0, 0x5d, 0xd0, 0x5d, 0xd0, 0x5d, 0xd0, 
	0x5d, 0xd0, 0x5d, 0xd0, 0x5d, 0xd0, 0x5d, 0xd0, 
	0x5d, 0xd0, 0x5d, 0xd0, 0x5d, 0xd0, 0x5d, 0xd0, 
	0x5d, 0xd0, 0x5d, 0xd0, 0x5d, 0xd0, 0x5d, 0xd0, 
	0x5d, 0xd0, 0x5d, 0xd0, 0x5d, 0xd0, 0x5d, 0xd0, 
	0x5d, 0xd0, 0x5d, 0xd0, 0x5d, 0xd0, 0x5d, 0xd0, 
	0x5d, 0xd0, 0x5d, 0xd0, 0x5d, 0xd0, 0x5d, 0xd0, 
	0x5d, 0xd0, 0x5d, 0xd0, 0x5d, 0xd0, 0x5d, 0xd0, 
	0x5d, 0xd0, 0x5d, 0xd0, 0x43, 0xd9, 0x5d, 0xd0, 
	0x5d, 0xd0, 0x5d, 0xd0, 0x5d, 0xd0, 0x5d, 0xd0, 
	0x5d, 0xd0, 0x65, 0x50, 0x75, 0xd7, 0x4c, 0xcc, 
	0x5d, 0xd0, 0x5d, 0xd0, 0x5d, 0xd0, 0x64, 0xdf, 
	0x4c, 0x1b, 0x5d, 0xd0, 0x5d, 0xd0, 0x5d, 0xd0, 
	0x5d, 0xd0, 0x5d, 0xd0, 0x5d, 0xd0, 0x5d, 0xd0, 
	0x5d, 0xd0, 0x5d, 0xd0, 0x5d, 0xd0, 0x5d, 0xd0, 
	0x5d, 0xd0, 0x5d, 0xd0, 0x5d, 0xd0, 0x5d, 0xd0, 
	0x5d, 0xd0, 0x5d, 0xd0, 0x5d, 0xd0, 0x5d, 0xd0, 
	0x5d, 0xd0, 0x5d, 0xd0, 0x5d, 0xd0, 0x5d, 0xd0, 
	0x5d, 0xd0, 0x5d, 0xd0, 0x5d, 0xd0, 0x5d, 0xd0, 
	0x5d, 0xd0, 0x5d, 0xd0, 0x5d, 0xd0, 0x5d, 0xd0, 
	0x5d, 0xd0, 0x5d, 0xd0, 0x5d, 0xd0, 0x5d, 0xd0, 
	0x5d, 0xd0, 0x5d, 0xd0, 0x5d, 0xd0, 0x34, 0x49, 
	0x5d, 0xd0, 0x5d, 0xd0, 0x5d, 0xd0, 0x5d, 0xd0, 
	0x5d, 0xd0, 0x5d, 0xd0, 0x5d, 0xd0, 0x5d, 0xd0, 
	0x5d, 0xd0, 0x5d, 0xd0, 0x5c, 0x9f, 0x5d, 0xd0, 
	0x5d, 0xd0, 0x5d, 0xd0, 0x5d, 0xd0, 0xd5, 0x13, 
	0xd5, 0x55, 0xdd, 0x59, 0xc5, 0x55, 0x64, 0x0b, 
	0x5d, 0xd0, 0x5d, 0xd0, 0x5d, 0xd0, 0x75, 0x61, 
	0x54, 0x9d, 0x5d, 0xd0, 0x5d, 0xd0, 0x5d, 0xd0, 
	0x5d, 0xd0, 0x5d, 0xd0, 0x5d, 0xd0, 0x5d, 0xd0, 
	0x5d, 0xd0, 0x5d, 0xd0, 0x5d, 0xd0, 0x5d, 0xd0, 
	0x5d, 0xd0, 0x5d, 0xd0, 0x5d, 0xd0, 0x5d, 0xd0, 
	0x5d, 0xd0, 0x5d, 0xd0, 0x5d, 0xd0, 0x5d, 0xd0, 
	0x5d, 0xd0, 0x4c, 0x1b, 0x5d, 0xd0, 0x5d, 0xd0, 
	0x5d, 0xd0, 0x5d, 0xd0, 0x5d, 0xd0, 0x5d, 0xd0, 
	0x5d, 0xd0, 0x5d, 0xd0, 0x8e, 0x5f, 0x5d, 0x90, 
	0x5d, 0xd0, 0x5d, 0xd0, 0x5d, 0xd0, 0x5d, 0xd0, 
	0x5d, 0xd0, 0x5d, 0xd0, 0x5d, 0xd0, 0x65, 0xd1, 
	0x3c, 0x8b, 0x5d, 0x8e, 0x5d, 0xd0, 0x5d, 0xd0, 
	0x5d, 0xd0, 0x5d, 0xd0, 0x5d, 0xd0, 0x5d, 0xd0, 
	0xb4, 0x95, 0xcd, 0x5b, 0xc5, 0x5b, 0x74, 0x57, 
	0x5d, 0xd0, 0x5d, 0xd0, 0xd4, 0x47, 0xed, 0x4f, 
	0xee, 0x5f, 0xf6, 0xe9, 0xee, 0xe9, 0xdd, 0xdd, 
	0xb4, 0x51, 0x5d, 0xd0, 0x5d, 0x56, 0x86, 0x27, 
	0x5d, 0x21, 0x44, 0x19, 0x5d, 0xd0, 0x5d, 0xd0, 
	0x5d, 0xd0, 0x5d, 0xd0, 0x5d, 0xd0, 0x5d, 0xd0, 
	0x5d, 0xd0, 0x5d, 0xd0, 0x5d, 0xd0, 0x5d, 0xd0, 
	0x5d, 0xd0, 0x5d, 0xd0, 0x5d, 0xd0, 0x5d, 0xd0, 
	0x5d, 0xd0, 0x5d, 0xd0, 0x5d, 0xd0, 0x5d, 0xd0, 
	0x75, 0x25, 0x65, 0x21, 0x5d, 0xd0, 0x5d, 0xd0, 
	0x5d, 0xd0, 0x5d, 0xd0, 0x5d, 0xd0, 0x5d, 0xd0, 
	0x5d, 0xd0, 0x9e, 0xa3, 0x86, 0x5d, 0x4d, 0x0d, 
	0x5d, 0xd0, 0x5d, 0xd0, 0x5d, 0xd0, 0x5d, 0xd0, 
	0x5d, 0xd0, 0x5d, 0xd0, 0x5d, 0xd0, 0x6e, 0x53, 
	0x4d, 0x4d, 0x44, 0xcb, 0x33, 0x87, 0x5d, 0xd0, 
	0x5d, 0xd0, 0x5d, 0xd0, 0x85, 0x0e, 0xbc, 0x93, 
	0xe6, 0x63, 0xf7, 0x2d, 0xf6, 0xe7, 0xed, 0xd7, 
	0x6b, 0xd3, 0x9d, 0x0c, 0xe4, 0x85, 0xed, 0x0f, 
	0xf6, 0x5f, 0xf7, 0x2b, 0xf7, 0x6d, 0xf6, 0xe9, 
	0xc5, 0x15, 0x5d, 0xd0, 0x7d, 0xa3, 0x7e, 0x67, 
	0x6d, 0xa5, 0x55, 0x61, 0x5d, 0xd0, 0x5d, 0xd0, 
	0x5d, 0xd0, 0x5d, 0xd0, 0x5d, 0xd0, 0x5d, 0xd0, 
	0x5d, 0xd0, 0x5d, 0xd0, 0x5d, 0xd0, 0x44, 0x0b, 
	0x5d, 0xd0, 0x5d, 0xd0, 0x5d, 0xd0, 0x5d, 0xd0, 
	0x5d, 0xd0, 0x5d, 0xd0, 0x5d, 0xd0, 0x85, 0x65, 
	0xa6, 0xf3, 0x6d, 0xa5, 0x5d, 0xd0, 0x5d, 0xd0, 
	0x5d, 0xd0, 0x5d, 0xd0, 0x5d, 0xd0, 0x5d, 0xd0, 
	0x96, 0x61, 0x8e, 0x9f, 0x6e, 0x15, 0x45, 0x0b, 
	0x5d, 0xd0, 0x5d, 0xd0, 0x5d, 0xd0, 0x5d, 0xd0, 
	0x5d, 0xd0, 0x5d, 0xd0, 0x5d, 0xd0, 0x6e, 0x53, 
	0x4d, 0x0b, 0x4d, 0x4d, 0x44, 0xcb, 0x33, 0x47, 
	0x5d, 0xd0, 0x5d, 0xd0, 0xb4, 0x0f, 0xdd, 0x53, 
	0xee, 0xa1, 0xf7, 0x2b, 0xf6, 0xe7, 0xfe, 0x5d, 
	0xcd, 0x0d, 0xbc, 0x8b, 0xec, 0xc5, 0xf4, 0xcd, 
	0xf6, 0x1d, 0xf6, 0xe5, 0xf7, 0x27, 0xf6, 0xe1, 
	0xd5, 0x11, 0x8b, 0xcd, 0x7d, 0xe3, 0x7e, 0x69, 
	0x76, 0x69, 0x5d, 0xa3, 0x4c, 0x9b, 0x5d, 0xd0, 
	0x5d, 0xd0, 0x5d, 0xd0, 0x5d, 0xd0, 0x5d, 0xd0, 
	0x5d, 0xd0, 0x5d, 0xd0, 0x33, 0xc9, 0x5d, 0xd1, 
	0x5d, 0x8e, 0x5d, 0xd0, 0x5d, 0xd0, 0x5d, 0xd0, 
	0x5d, 0xd0, 0x5d, 0xd0, 0x75, 0x23, 0xbf, 0x35, 
	0x9e, 0xf1, 0x65, 0xa3, 0x33, 0xd7, 0x5d, 0xd0, 
	0x5d, 0xd0, 0x5d, 0xd0, 0x5d, 0xd0, 0x96, 0xa3, 
	0x9e, 0xe1, 0x76, 0x59, 0x65, 0xd3, 0x45, 0x09, 
	0x5d, 0xd0, 0x5d, 0xd0, 0x5d, 0xd0, 0x5d, 0xd0, 
	0x5d, 0xd0, 0x5d, 0xd0, 0x4c, 0xcb, 0x6e, 0x53, 
	0x45, 0x0b, 0x4d, 0x4b, 0x44, 0xcb, 0x3c, 0x0b, 
	0x5d, 0x8e, 0x5d, 0xd0, 0xac, 0x0d, 0xd4, 0xd1, 
	0xe5, 0xd9, 0xf6, 0x5f, 0xfe, 0x5d, 0xf5, 0xd3, 
	0xf5, 0x8b, 0xf5, 0x49, 0xf4, 0xc9, 0xf4, 0x89, 
	0xfd, 0x53, 0xf5, 0xdb, 0xf5, 0xd9, 0xf5, 0x4d, 
	0xb4, 0x07, 0x7b, 0x8a, 0x7d, 0xe3, 0x7e, 0x69, 
	0x76, 0x69, 0x65, 0xe5, 0x55, 0x1f, 0x5d, 0xd0, 
	0x5d, 0xd0, 0x5d, 0xd0, 0x5d, 0xd0, 0x5d, 0xd0, 
	0x5d, 0xd0, 0x44, 0x0b, 0x6e, 0x53, 0x4d, 0x0b, 
	0x83, 0xcd, 0xdc, 0x97, 0xe4, 0xd7, 0xe4, 0x93, 
	0x5d, 0xd0, 0x43, 0xd5, 0xae, 0xb3, 0xaf, 0x35, 
	0xa5, 0xe7, 0x5d, 0xa3, 0x44, 0x5b, 0x5d, 0xd0, 
	0x5d, 0xd0, 0x5d, 0xd0, 0x86, 0x5d, 0xaf, 0x67, 
	0x86, 0x9b, 0x76, 0x57, 0x5d, 0xcf, 0x3c, 0x87, 
	0x5d, 0xd0, 0x5d, 0xd0, 0x5d, 0xd0, 0x5d, 0xd0, 
	0x5d, 0xd0, 0x5d, 0xd0, 0x44, 0xcb, 0x55, 0xcf, 
	0x44, 0xcb, 0x44, 0xc9, 0x3c, 0x49, 0x34, 0x09, 
	0x32, 0xc7, 0x5d, 0xd0, 0x93, 0x8b, 0xc4, 0x4b, 
	0xe5, 0x0d, 0xf5, 0x0f, 0xf4, 0xcd, 0xec, 0xcb, 
	0xe4, 0xcb, 0xdd, 0x57, 0xdd, 0x59, 0xdc, 0x93, 
	0xec, 0x4b, 0xf4, 0x8b, 0xf4, 0x89, 0xec, 0x89, 
	0x73, 0x05, 0x22, 0x47, 0x75, 0xa3, 0x7e, 0xab, 
	0x76, 0x27, 0x5d, 0xa3, 0x5d, 0xa3, 0x44, 0x5b, 
	0x5d, 0xd0, 0x5d, 0xd0, 0x5d, 0xd0, 0x5d, 0xd0, 
	0x5d, 0x51, 0x7f, 0x17, 0x55, 0x8d, 0x64, 0x09, 
	0xe5, 0x19, 0xee, 0x21, 0xed, 0x9b, 0xec, 0x4f, 
	0xeb, 0x89, 0xa5, 0x65, 0xa6, 0x2b, 0xdc, 0x91, 
	0xed, 0x59, 0xd4, 0x55, 0x8b, 0x93, 0x5d, 0xd0, 
	0x5d, 0xd0, 0x65, 0x93, 0xaf, 0x67, 0x8e, 0xdd, 
	0x76, 0x97, 0x6e, 0x95, 0x4d, 0x8b, 0x34, 0x87, 
	0x4d, 0x0c, 0x5d, 0xd0, 0x5d, 0xd0, 0x5d, 0xd0, 
	0x5d, 0xd0, 0x5d, 0xd0, 0x4d, 0x0d, 0x4d, 0xcd, 
	0x4d, 0x4d, 0x3c, 0x49, 0x33, 0xc9, 0x33, 0xc9, 
	0x2a, 0xc5, 0x5d, 0xd0, 0x93, 0x49, 0xa3, 0x89, 
	0xd4, 0x89, 0xec, 0x89, 0xe4, 0x8b, 0xdc, 0xd5, 
	0xee, 0x6d, 0xff, 0xb9, 0xf7, 0xbb, 0xf7, 0x35, 
	0xdd, 0xa1, 0xe4, 0x4d, 0xf4, 0x47, 0xf4, 0x8b, 
	0x53, 0x07, 0x63, 0x47, 0x95, 0x9f, 0x76, 0x69, 
	0x76, 0x27, 0x55, 0x61, 0x5d, 0xe3, 0x55, 0x1f, 
	0x5d, 0xd0, 0x5d, 0xd0, 0x5d, 0xd0, 0x5d, 0x4f, 
	0x6e, 0xd3, 0x66, 0x11, 0x34, 0x09, 0x93, 0x4b, 
	0xed, 0x13, 0xf5, 0xd7, 0xf5, 0x53, 0xec, 0x4b, 
	0xeb, 0xc7, 0xbb, 0xd3, 0xc3, 0xd1, 0xf5, 0x53, 
	0xf6, 0x1b, 0xe5, 0x13, 0xdb, 0xcf, 0xa3, 0x0f, 
	0x5d, 0xd0, 0x9e, 0xe1, 0x9f, 0x23, 0x7e, 0x97, 
	0x76, 0x97, 0x66, 0x53, 0x45, 0x09, 0x34, 0x47, 
	0x2b, 0xc7, 0x5d, 0xd0, 0x5d, 0xd0, 0x5d, 0xd0, 
	0x5d, 0xd0, 0x5d, 0xd0, 0x4d, 0x0d, 0x55, 0xcd, 
	0x55, 0x8f, 0x3c, 0x8b, 0x2b, 0x89, 0x2b, 0x47, 
	0x22, 0x85, 0x5d, 0xd0, 0x5d, 0xd0, 0x73, 0x0b, 
	0xbc, 0x07, 0xe4, 0x87, 0xd4, 0x8f, 0xf6, 0xf1, 
	0xff, 0xff, 0xff, 0xff, 0xff, 0xff, 0xff, 0xff, 
	0xff, 0xbd, 0xd5, 0x61, 0xec, 0x4b, 0xf4, 0x89, 
	0xf5, 0x93, 0xed, 0xd9, 0xe5, 0xd9, 0xc5, 0x99, 
	0x76, 0x25, 0x4d, 0x1f, 0x5d, 0xa3, 0x65, 0xe5, 
	0x4c, 0x9d, 0x5d, 0xd0, 0x55, 0x4e, 0x66, 0x53, 
	0x55, 0x8d, 0x4d, 0x4d, 0x23, 0x47, 0x62, 0x87, 
	0xe3, 0xc9, 0xf4, 0x89, 0xf4, 0x8b, 0xf4, 0x49, 
	0xf4, 0x4b, 0xf4, 0x8d, 0xf4, 0x8b, 0xf4, 0x4b, 
	0xf4, 0x8b, 0xec, 0x09, 0xd3, 0x49, 0x9a, 0x8d, 
	0x5d, 0xd0, 0xaf, 0x65, 0x8e, 0xdd, 0x7e, 0xd9, 
	0x76, 0x97, 0x4d, 0x8d, 0x3c, 0xc9, 0x34, 0x47, 
	0x34, 0x4b, 0x34, 0x0d, 0x5d, 0xd0, 0x5d, 0xd0, 
	0x5d, 0xd0, 0x5d, 0xd0, 0x4d, 0x4d, 0x4d, 0x8d, 
	0x55, 0x4f, 0x4c, 0x8d, 0x2b, 0x47, 0x23, 0x07, 
	0x22, 0x85, 0x1a, 0x45, 0x54, 0xd0, 0x63, 0x51, 
	0xb4, 0x07, 0xdc, 0xc9, 0xdd, 0xa1, 0xef, 0xbd, 
	0xf7, 0xbf, 0xff, 0xff, 0xff, 0xff, 0xff, 0xff, 
	0xff, 0xff, 0xee, 0xf5, 0xdc, 0x91, 0xf4, 0xcd, 
	0xf6, 0x1b, 0xf6, 0xe3, 0xf7, 0x2b, 0xee, 0x63, 
	0x9d, 0x9d, 0x55, 0x5f, 0x55, 0xa1, 0x5d, 0xe3, 
	0x5d, 0x63, 0x5d, 0xd0, 0x5d, 0x8f, 0x4d, 0x4d, 
	0x3c, 0x49, 0x3c, 0x09, 0x22, 0x85, 0x22, 0x83, 
	0xb2, 0xc7, 0xf4, 0x47, 0xf4, 0x4b, 0xe4, 0x97, 
	0xed, 0xe7, 0xed, 0xa5, 0xec, 0x11, 0xeb, 0xc7, 
	0xf3, 0x85, 0xeb, 0x45, 0xca, 0x45, 0x81, 0xc9, 
	0x75, 0x1b, 0x9f, 0x23, 0x86, 0xdb, 0x7e, 0xd9, 
	0x55, 0x8f, 0x45, 0x49, 0x3c, 0xc9, 0x34, 0x89, 
	0x3c, 0xcb, 0x34, 0x93, 0x34, 0x09, 0x5d, 0xd0, 
	0x5d, 0xd0, 0x5d, 0xd0, 0x4d, 0x0d, 0x45, 0x4b, 
	0x44, 0x8b, 0x3c, 0x0b, 0x2b, 0x07, 0x22, 0xc7, 
	0x22, 0x85, 0x62, 0xc7, 0xab, 0xcb, 0xc4, 0x8d, 
	0xdd, 0x0b, 0xd4, 0xcd, 0xd5, 0xe7, 0xdf, 0x3b, 
	0xe7, 0x39, 0xf7, 0xbd, 0xff, 0xff, 0xff, 0xff, 
	0xff, 0xff, 0xf7, 0x79, 0xd4, 0xd5, 0xf5, 0x53, 
	0xf6, 0x1d, 0xf6, 0xe5, 0xf7, 0x6b, 0xf6, 0xe3, 
	0xcd, 0x11, 0x5d, 0x61, 0x55, 0x61, 0x5d, 0xe3, 
	0x65, 0xe3, 0x4c, 0x99, 0x5d, 0xd1, 0x3c, 0x49, 
	0x33, 0xc7, 0x63, 0xcd, 0xbb, 0xcf, 0xc3, 0x8d, 
	0xdb, 0xc9, 0xf4, 0x49, 0xe4, 0xdf, 0xff, 0xbd, 
	0xff, 0xff, 0xff, 0xff, 0xff, 0x79, 0xec, 0x57, 
	0xeb, 0x43, 0xe2, 0xc3, 0xaa, 0x05, 0x4a, 0x8b, 
	0x85, 0x5d, 0x96, 0xdf, 0x8e, 0xdd, 0x5d, 0x91, 
	0x45, 0x0b, 0x45, 0x4b, 0x3c, 0xc9, 0x3c, 0x89, 
	0x45, 0x0b, 0x2c, 0x15, 0x34, 0x93, 0x23, 0x89, 
	0x23, 0x49, 0x5d, 0xd0, 0x55, 0x0f, 0x44, 0xcd, 
	0x33, 0xc9, 0x2b, 0x49, 0x22, 0x87, 0x22, 0x85, 
	0x52, 0xc7, 0xbb, 0xcd, 0xe5, 0x99, 0xf6, 0xa1, 
	0xf6, 0x5b, 0xdd, 0x53, 0xcd, 0x61, 0xc6, 0x77, 
	0xd6, 0xb5, 0xde, 0xf7, 0xef, 0x7b, 0xf7, 0xbd, 
	0xff, 0xff, 0xf7, 0x35, 0xd4, 0xcf, 0xed, 0x0f, 
	0xf6, 0x5b, 0xf6, 0xe3, 0xf7, 0x25, 0xf6, 0x59, 
	0xd4, 0x8b, 0x65, 0x61, 0x55, 0x61, 0x5d, 0xa1, 
	0x5d, 0xa1, 0x4c, 0x9b, 0x3c, 0x09, 0x33, 0xc7, 
	0x4b, 0x89, 0xe5, 0x1b, 0xed, 0x9b, 0xec, 0xcf, 
	0xf4, 0x47, 0xe4, 0x0f, 0xf7, 0x39, 0xff, 0xff, 
	0xff, 0xff, 0xff, 0xff, 0xf7, 0xbf, 0xee, 0xb3, 
	0xe3, 0x07, 0xeb, 0x43, 0x6a, 0x49, 0x5b, 0xd5, 
	0x85, 0x9d, 0x96, 0xdf, 0x75, 0xd7, 0x4d, 0x0f, 
	0x4d, 0x4b, 0x3d, 0x09, 0x3c, 0x89, 0x34, 0x07, 
	0x44, 0xcd, 0x23, 0xd3, 0x2c, 0x13, 0x3c, 0x51, 
	0x3c, 0x4d, 0x1a, 0xc5, 0x5d, 0x51, 0x4c, 0xcd, 
	0x33, 0x8b, 0x33, 0x49, 0x1a, 0x47, 0x22, 0x45, 
	0x83, 0x07, 0xd4, 0xd3, 0xf6, 0xe5, 0xf7, 0x6b, 
	0xf7, 0x27, 0xed, 0xd7, 0xb4, 0x51, 0xbd, 0xed, 
	0xbe, 0x33, 0xce, 0x73, 0xd6, 0xb5, 0xdf, 0x39, 
	0xef, 0x7f, 0xe6, 0x25, 0xd4, 0xc9, 0xe4, 0xc7, 
	0xf5, 0x8d, 0xf6, 0x15, 0xed, 0xd5, 0xe5, 0x4d, 
	0xc4, 0x07, 0x54, 0x9d, 0x65, 0xa5, 0x4d, 0x1f, 
	0x55, 0x61, 0x4c, 0xdf, 0x33, 0x8d, 0x33, 0x87, 
	0x8b, 0xcf, 0xed, 0xdd, 0xed, 0xdd, 0xec, 0x8d, 
	0xf3, 0xc7, 0xdb, 0xd3, 0xff, 0xbb, 0xff, 0xff, 
	0xff, 0xbf, 0xf7, 0x3b, 0xe6, 0x79, 0xde, 0x37, 
	0xdb, 0x09, 0xf3, 0xc5, 0xe3, 0x87, 0xba, 0x89, 
	0x85, 0xd9, 0x8e, 0x5d, 0x54, 0xd1, 0x4d, 0x0d, 
	0x45, 0x4b, 0x44, 0xc9, 0x34, 0x49, 0x34, 0x09, 
	0x44, 0xcd, 0x23, 0x4f, 0x23, 0x91, 0x34, 0x11, 
	0x34, 0x51, 0x1b, 0x07, 0x4d, 0x0f, 0x44, 0x8d, 
	0x3c, 0x0b, 0x55, 0x11, 0x44, 0x0d, 0x22, 0xc7, 
	0x83, 0x09, 0xdd, 0x15, 0xf6, 0xa5, 0xf7, 0x29, 
	0xf6, 0xe7, 0xf5, 0xd5, 0xd5, 0x0d, 0xb4, 0x53, 
	0xb5, 0x69, 0xbe, 0x33, 0xc6, 0x77, 0xd6, 0xb7, 
	0xd6, 0x27, 0xd5, 0x0f, 0xdc, 0xc7, 0xcc, 0x43, 
	0xcc, 0x43, 0xdc, 0x85, 0xd4, 0xc9, 0xc4, 0x47, 
	0x93, 0xcb, 0x4c, 0x19, 0x76, 0x27, 0x54, 0xdd, 
	0x4c, 0xdd, 0x4c, 0xdd, 0x33, 0x53, 0x22, 0xc7, 
	0xa3, 0x4f, 0xe4, 0xd5, 0xe5, 0x15, 0xf4, 0x09, 
	0xeb, 0x05, 0xdb, 0x0b, 0xfe, 0xf7, 0xf7, 0x7d, 
	0xee, 0xb9, 0xdd, 0xf7, 0xd5, 0xb5, 0xd4, 0xab, 
	0xda, 0x89, 0xf5, 0x0f, 0xf5, 0x95, 0xe4, 0x0f, 
	0xac, 0x11, 0x7d, 0xdb, 0x4c, 0x8d, 0x45, 0x0b, 
	0x3c, 0xc9, 0x2c, 0x45, 0x23, 0xc5, 0x33, 0xc7, 
	0x34, 0x4d, 0x1a, 0xcb, 0x23, 0x4f, 0x2b, 0xd1, 
	0x2b, 0x8f, 0x22, 0xc7, 0x4c, 0x8d, 0x4c, 0x8d, 
	0x33, 0xc9, 0x65, 0x93, 0x3b, 0xcb, 0x2b, 0x49, 
	0x53, 0x07, 0xd4, 0x0d, 0xed, 0x9b, 0xf6, 0x5f, 
	0xf5, 0xd9, 0xed, 0x4b, 0xed, 0x49, 0xd4, 0xcb, 
	0xbc, 0x4d, 0xb4, 0x53, 0xc5, 0x19, 0xcd, 0x5d, 
	0xe5, 0xdb, 0xed, 0xd3, 0xdc, 0xc9, 0x7b, 0x87, 
	0x9b, 0x45, 0xa3, 0x85, 0xa3, 0x87, 0x83, 0x47, 
	0x4b, 0x53, 0x3b, 0x97, 0x75, 0xa5, 0x4c, 0x5b, 
	0x44, 0x19, 0x44, 0x19, 0x3b, 0x55, 0x22, 0x49, 
	0x73, 0x0b, 0xd3, 0x91, 0xe4, 0x0f, 0xe3, 0x87, 
	0xe2, 0xc3, 0xe3, 0x45, 0xe4, 0x19, 0xde, 0x39, 
	0xd5, 0xb7, 0xcd, 0x33, 0xc4, 0xad, 0xca, 0x4f, 
	0xeb, 0x47, 0xf5, 0x95, 0xed, 0xdb, 0xe4, 0x95, 
	0xb3, 0xd1, 0x6d, 0x57, 0x3c, 0x49, 0x34, 0x85, 
	0x24, 0x43, 0x1b, 0x81, 0x13, 0x01, 0x23, 0x45, 
	0x33, 0xcd, 0x1a, 0x8b, 0x1a, 0xcd, 0x23, 0x4f, 
	0x23, 0x0b, 0x1a, 0x85, 0x44, 0x4d, 0x55, 0x0f, 
	0x2b, 0x47, 0x54, 0x8f, 0x44, 0x0d, 0x2b, 0x07, 
	0x2a, 0x87, 0xb3, 0x49, 0xd3, 0xcb, 0xe4, 0x4d, 
	0xe4, 0x89, 0xdc, 0x87, 0xc4, 0x47, 0xc4, 0x07, 
	0xdc, 0xc9, 0xe5, 0x0b, 0xed, 0x93, 0xee, 0x61, 
	0xf6, 0xe5, 0xff, 0x23, 0xed, 0x93, 0x74, 0x0b, 
	0x3b, 0x07, 0x32, 0x05, 0x42, 0xcd, 0x33, 0x09, 
	0x22, 0x49, 0x3b, 0xd7, 0x5d, 0x21, 0x44, 0x19, 
	0x3b, 0x97, 0x3b, 0x97, 0x33, 0x13, 0x1a, 0x0b, 
	0x22, 0x45, 0x7a, 0x49, 0xba, 0x89, 0xba, 0x05, 
	0xaa, 0x03, 0xdb, 0x03, 0xeb, 0x89, 0xd2, 0x8d, 
	0xd3, 0x19, 0xcb, 0x15, 0xd2, 0x89, 0xe3, 0x05, 
	0xf3, 0xc5, 0xec, 0x8b, 0xe4, 0x93, 0xdb, 0xd1, 
	0x93, 0x4f, 0x43, 0xcd, 0x24, 0x05, 0x24, 0x01, 
	0x24, 0x01, 0x13, 0x41, 0x0a, 0xc1, 0x1b, 0x03, 
	0x2b, 0x4b, 0x23, 0x4f, 0x2b, 0xd1, 0x23, 0x0d, 
	0x23, 0x0b, 0x1a, 0x87, 0x2b, 0x89, 0x55, 0x51, 
	0x2b, 0x47, 0x22, 0x89, 0x4c, 0x8f, 0x33, 0x49, 
	0x22, 0x87, 0x52, 0x87, 0xb3, 0x07, 0xbb, 0x47, 
	0xb3, 0x87, 0xa3, 0x87, 0x93, 0x47, 0x83, 0x47, 
	0xbc, 0x07, 0xec, 0xc9, 0xed, 0x51, 0xee, 0x5d, 
	0xf7, 0x27, 0xf6, 0xe5, 0xed, 0x93, 0xcc, 0x07, 
	0x22, 0x45, 0x11, 0x83, 0x2a, 0x87, 0x3b, 0xcb, 
	0x22, 0x87, 0x3b, 0xd3, 0x54, 0x9d, 0x3b, 0x95, 
	0x33, 0x55, 0x3b, 0x95, 0x2b, 0x13, 0x22, 0x0d, 
	0x11, 0x83, 0x19, 0xc3, 0x19, 0x43, 0x31, 0x41, 
	0x51, 0xc3, 0xec, 0x09, 0xfd, 0xd3, 0xf4, 0x8b, 
	0xf3, 0xc9, 0xf3, 0xc5, 0xdb, 0x03, 0xca, 0x43, 
	0xda, 0xc3, 0xe3, 0x47, 0xdb, 0x4b, 0xcb, 0x4d, 
	0x4b, 0x4b, 0x3b, 0x8b, 0x1b, 0xc1, 0x1c, 0x01, 
	0x13, 0x81, 0x0b, 0x01, 0x02, 0x41, 0x1a, 0xc5, 
	0x22, 0xc9, 0x1a, 0x8d, 0x2b, 0x91, 0x3c, 0x55, 
	0x33, 0xd1, 0x1a, 0x87, 0x1a, 0x85, 0x55, 0x4f, 
	0x33, 0xc9, 0x1a, 0x85, 0x43, 0xcd, 0x44, 0x0b, 
	0x22, 0xc7, 0x1a, 0x45, 0x29, 0xc5, 0x6b, 0x09, 
	0x6a, 0xc9, 0x4a, 0x87, 0x2a, 0x05, 0x32, 0x45, 
	0xab, 0x89, 0xd4, 0xcd, 0xe5, 0x4f, 0xe5, 0x93, 
	0xee, 0x19, 0xe5, 0xd7, 0xdc, 0xcf, 0x9b, 0x07, 
	0x1a, 0x05, 0x22, 0xc7, 0x66, 0x13, 0x4d, 0x0f, 
	0x2b, 0x89, 0x23, 0x09, 0x43, 0xd9, 0x33, 0x53, 
	0x33, 0x55, 0x3b, 0x55, 0x2b, 0x13, 0x22, 0x4f, 
	0x11, 0x85, 0x11, 0xc3, 0x09, 0x45, 0x11, 0xc7, 
	0x72, 0x45, 0xec, 0x8d, 0xf5, 0xd5, 0xf5, 0x11, 
	0xf4, 0x49, 0xeb, 0xc5, 0xb2, 0x05, 0x41, 0x47, 
	0x89, 0x85, 0xba, 0x07, 0xb2, 0x89, 0x5b, 0x0b, 
	0x33, 0x49, 0x44, 0x0b, 0x13, 0x81, 0x13, 0xc1, 
	0x0b, 0x01, 0x02, 0x41, 0x0a, 0x01, 0x1a, 0xc5, 
	0x12, 0x07, 0x0a, 0x49, 0x0a, 0x8b, 0x23, 0x51, 
	0x23, 0x51, 0x23, 0x0b, 0x1a, 0x45, 0x4c, 0xcd, 
	0x44, 0x4b, 0x23, 0x03, 0x1a, 0x85, 0x44, 0x4d, 
	0x2b, 0x07, 0x44, 0x4b, 0x44, 0x4d, 0x2a, 0xc7, 
	0x22, 0x45, 0x1a, 0x03, 0x1a, 0x03, 0x1a, 0x43, 
	0x8b, 0x09, 0xbc, 0x0b, 0xcc, 0x8d, 0xcc, 0x8d, 
	0xcc, 0x8d, 0xcc, 0x4d, 0xc3, 0xcb, 0x21, 0x83, 
	0x11, 0x83, 0x5d, 0xd1, 0x6e, 0xd3, 0x3c, 0x4b, 
	0x23, 0x05, 0x23, 0x05, 0x2b, 0x0f, 0x2b, 0x53, 
	0x33, 0x55, 0x2b, 0x53, 0x2a, 0xd1, 0x1a, 0x8b, 
	0x12, 0x47, 0x12, 0xcb, 0x1a, 0xcb, 0x12, 0x49, 
	0x1a, 0x07, 0xc3, 0x4b, 0xdb, 0xcf, 0xdc, 0x0f, 
	0xdc, 0x0d, 0xd3, 0x49, 0x79, 0xc7, 0x11, 0x49, 
	0x19, 0xc9, 0x5b, 0xd3, 0x3b, 0x4d, 0x2a, 0xc7, 
	0x33, 0x09, 0x44, 0x4d, 0x13, 0x81, 0x0b, 0x41, 
	0x02, 0x81, 0x01, 0xc1, 0x01, 0x81, 0x0a, 0x05, 
	0x11, 0xc7, 0x0a, 0x07, 0x0a, 0x49, 0x12, 0x8d, 
	0x1b, 0x0f, 0x33, 0xd1, 0x1a, 0xc5, 0x2b, 0x07, 
	0x44, 0x8d, 0x23, 0x45, 0x12, 0x43, 0x2b, 0x89, 
	0x4d, 0x0f, 0x4c, 0x8d, 0x3c, 0x09, 0x2b, 0x85, 
	0x1a, 0xc3, 0x1a, 0xc3, 0x23, 0x03, 0x23, 0x43, 
	0x3b, 0x45, 0x73, 0x09, 0xa3, 0x89, 0xab, 0x89, 
	0x9b, 0x49, 0x7b, 0x07, 0x11, 0x43, 0x09, 0x03, 
	0x2b, 0x49, 0x66, 0x51, 0x5d, 0xd1, 0x34, 0x09, 
	0x1b, 0x03, 0x23, 0x05, 0x1a, 0x89, 0x2b, 0x53, 
	0x2b, 0x53, 0x23, 0x11, 0x12, 0x8b, 0x1b, 0x4d, 
	0x1b, 0x4d, 0x12, 0x8b, 0x0a, 0x47, 0x0a, 0x07, 
	0x09, 0xc7, 0x19, 0xc7, 0x82, 0xcb, 0xbb, 0x0f, 
	0xbb, 0x0f, 0x7a, 0x4b, 0x11, 0x45, 0x11, 0x87, 
	0x3b, 0x4f, 0x5c, 0x13, 0x33, 0x09, 0x22, 0xc5, 
	0x3c, 0x0b, 0x23, 0x87, 0x03, 0x01, 0x02, 0xc1, 
	0x02, 0x01, 0x09, 0x83, 0x09, 0x83, 0x09, 0xc5, 
	0x12, 0x07, 0x22, 0xc7, 0x23, 0x0b, 0x0a, 0x8d, 
	0x12, 0x8d, 0x33, 0xd3, 0x23, 0x07, 0x12, 0x03, 
	0x3c, 0x09, 0x23, 0x47, 0x1a, 0xc5, 0x4d, 0x0d, 
	0x44, 0x4b, 0x33, 0xc7, 0x2b, 0x85, 0x23, 0x43, 
	0x23, 0x43, 0x23, 0x43, 0x23, 0x83, 0x23, 0x43, 
	0x23, 0x43, 0x1a, 0xc3, 0x22, 0xc5, 0x1a, 0x01, 
	0x12, 0x03, 0x11, 0x43, 0x01, 0x01, 0x01, 0x01, 
	0x5d, 0x8f, 0x45, 0x0b, 0x44, 0x8b, 0x2b, 0x85, 
	0x1a, 0xc3, 0x23, 0x05, 0x1a, 0x85, 0x2b, 0x11, 
	0x22, 0xcf, 0x12, 0x89, 0x1b, 0x4d, 0x13, 0x0b, 
	0x0a, 0x89, 0x0a, 0x49, 0x0a, 0x49, 0x0a, 0x49, 
	0x1a, 0xc9, 0x22, 0xcb, 0x12, 0x09, 0x09, 0xc7, 
	0x09, 0x85, 0x09, 0x85, 0x09, 0x45, 0x11, 0x89, 
	0x4b, 0xd1, 0x6d, 0x17, 0x34, 0x09, 0x2b, 0x85, 
	0x23, 0x45, 0x02, 0x01, 0x12, 0xc5, 0x2b, 0x89, 
	0x33, 0xc9, 0x33, 0xc9, 0x33, 0xc9, 0x3c, 0x09, 
	0x44, 0x49, 0x33, 0xcb, 0x12, 0xcb, 0x0a, 0x8d, 
	0x0a, 0x4b, 0x2b, 0xd3, 0x12, 0x85, 0x09, 0xc1, 
	0x12, 0x03, 0x2b, 0x89, 0x4d, 0x0d, 0x3c, 0x09, 
	0x23, 0x85, 0x1b, 0x41, 0x23, 0x83, 0x2b, 0xc5, 
	0x2b, 0xc5, 0x2b, 0xc5, 0x2b, 0xc5, 0x2b, 0xc5, 
	0x23, 0x85, 0x23, 0x05, 0x12, 0x01, 0x11, 0x83, 
	0x09, 0x41, 0x01, 0x41, 0x01, 0x81, 0x12, 0x45, 
	0x55, 0x4d, 0x3c, 0x09, 0x33, 0xc9, 0x2b, 0x47, 
	0x12, 0xc1, 0x1a, 0xc3, 0x12, 0x85, 0x22, 0xcf, 
	0x12, 0x47, 0x13, 0x0b, 0x12, 0xc9, 0x0a, 0x47, 
	0x0a, 0x49, 0x0a, 0x47, 0x1a, 0xcb, 0x2b, 0x4d, 
	0x23, 0x0d, 0x1a, 0xcb, 0x12, 0x8b, 0x0a, 0x07, 
	0x09, 0xc5, 0x09, 0x83, 0x09, 0x83, 0x12, 0x09, 
	0x4b, 0xd1, 0x64, 0xd3, 0x23, 0x45, 0x0a, 0x81, 
	0x12, 0x43, 0x3c, 0x0b, 0x3c, 0x4b, 0x34, 0x09, 
	0x2b, 0xc5, 0x23, 0x83, 0x23, 0x83, 0x23, 0x43, 
	0x1b, 0x03, 0x0a, 0x47, 0x0a, 0xcd, 0x0a, 0x8b, 
	0x02, 0x09, 0x23, 0x91, 0x12, 0x87, 0x0a, 0x01, 
	0x0a, 0x01, 0x44, 0xcd, 0x3c, 0x49, 0x23, 0x83, 
	0x1b, 0x41, 0x23, 0x41, 0x2b, 0xc5, 0x3c, 0x49, 
	0x44, 0x89, 0x34, 0x07, 0x23, 0x85, 0x1b, 0x03, 
	0x12, 0x81, 0x12, 0x81, 0x09, 0xc3, 0x00, 0xc1, 
	0x09, 0x81, 0x0a, 0x01, 0x01, 0xc1, 0x2b, 0x89, 
	0x4c, 0xcb, 0x33, 0xc7, 0x33, 0x87, 0x2b, 0x47, 
	0x12, 0x81, 0x12, 0xc3, 0x12, 0x43, 0x0a, 0x03, 
	0x12, 0xc9, 0x0a, 0x89, 0x0a, 0x47, 0x0a, 0x47, 
	0x0a, 0x47, 0x23, 0x0b, 0x33, 0x51, 0x23, 0x0d, 
	0x12, 0x89, 0x0a, 0x89, 0x0a, 0x89, 0x0a, 0x89, 
	0x0a, 0x47, 0x0a, 0x41, 0x12, 0x41, 0x11, 0xc7, 
	0x3b, 0x4f, 0x3b, 0xc9, 0x12, 0x83, 0x23, 0x07, 
	0x3c, 0x4b, 0x2b, 0xc7, 0x23, 0x43, 0x1b, 0x41, 
	0x1b, 0x41, 0x1b, 0x41, 0x1b, 0x41, 0x1b, 0x01, 
	0x0a, 0x43, 0x0a, 0x8b, 0x0a, 0x8d, 0x0a, 0x4b, 
	0x01, 0xc7, 0x23, 0x4f, 0x12, 0x45, 0x0a, 0x01, 
	0x23, 0x07, 0x44, 0x8b, 0x23, 0x85, 0x1b, 0x41, 
	0x1b, 0x41, 0x2b, 0xc5, 0x3c, 0x49, 0x44, 0x89, 
	0x23, 0x43, 0x12, 0xc1, 0x12, 0x81, 0x12, 0x81, 
	0x12, 0x83, 0x0a, 0x07, 0x12, 0x0b, 0x00, 0x81, 
	0x01, 0x01, 0x12, 0x83, 0x01, 0xc1, 0x3c, 0x09, 
	0x33, 0xc9, 0x33, 0x49, 0x33, 0x89, 0x2b, 0x87, 
	0x12, 0x81, 0x12, 0x81, 0x01, 0xc1, 0x0a, 0x87, 
	0x12, 0x89, 0x0a, 0x47, 0x02, 0x47, 0x0a, 0x49, 
	0x1b, 0x0b, 0x2b, 0x4f, 0x23, 0x0b, 0x12, 0x89, 
	0x0a, 0x89, 0x0a, 0x49, 0x0a, 0x49, 0x0a, 0x47, 
	0x0a, 0x05, 0x12, 0x81, 0x12, 0x81, 0x09, 0xc5, 
	0x1a, 0x45, 0x12, 0xc5, 0x1a, 0xc5, 0x3c, 0x09, 
	0x23, 0x83, 0x1b, 0x41, 0x1b, 0x41, 0x1b, 0x41, 
	0x1b, 0x41, 0x1b, 0x01, 0x12, 0xc1, 0x0a, 0x43, 
	0x01, 0xc5, 0x02, 0x4b, 0x0a, 0x8d, 0x02, 0x49, 
	0x01, 0xc7, 0x23, 0x4f, 0x12, 0x43, 0x0a, 0x41, 
	0x4c, 0xcb, 0x34, 0x07, 0x1b, 0x41, 0x1b, 0x41, 
	0x34, 0x07, 0x44, 0x89, 0x3c, 0x49, 0x1a, 0xc1, 
	0x12, 0x81, 0x12, 0x81, 0x12, 0x81, 0x1a, 0x87, 
	0x1a, 0xcd, 0x1a, 0xcf, 0x12, 0x4b, 0x00, 0xc1, 
	0x00, 0xc1, 0x09, 0xc1, 0x0a, 0x43, 0x3c, 0x4b, 
	0x23, 0x03, 0x2b, 0x07, 0x3b, 0x8b, 0x23, 0x45, 
	0x12, 0x81, 0x12, 0x81, 0x0a, 0x45, 0x12, 0xc9, 
	0x02, 0x49, 0x02, 0x47, 0x0a, 0x49, 0x12, 0x89, 
	0x2b, 0x4d, 0x1a, 0xcb, 0x12, 0x89, 0x0a, 0x49, 
	0x0a, 0x49, 0x0a, 0x47, 0x0a, 0x07, 0x0a, 0x05, 
	0x12, 0x81, 0x12, 0x81, 0x12, 0x81, 0x0a, 0x01, 
	0x09, 0xc3, 0x1a, 0xc5, 0x34, 0x07, 0x23, 0x43, 
	0x1b, 0x41, 0x1b, 0x41, 0x1b, 0x41, 0x1b, 0x01, 
	0x12, 0xc1, 0x0a, 0x81, 0x0a, 0x03, 0x01, 0x83, 
	0x01, 0xc3, 0x01, 0xc5, 0x02, 0x09, 0x02, 0x09, 
	0x01, 0x87, 0x23, 0x4f, 0x0a, 0x03, 0x1a, 0xc3, 
	0x4d, 0x0d, 0x23, 0x85, 0x1b, 0x41, 0x23, 0x83, 
	0x3c, 0x89, 0x34, 0x07, 0x12, 0x81, 0x12, 0x81, 
	0x12, 0xc1, 0x1a, 0x83, 0x1a, 0x89, 0x2b, 0x93, 
	0x23, 0x53, 0x12, 0xcd, 0x0a, 0x09, 0x00, 0xc1, 
	0x00, 0xc1, 0x01, 0x01, 0x12, 0x85, 0x34, 0x09, 
	0x1a, 0xc1, 0x2b, 0x07, 0x3b, 0x8b, 0x1b, 0x03, 
	0x12, 0x81, 0x0a, 0x03, 0x12, 0xc9, 0x0a, 0x87, 
	0x02, 0x47, 0x0a, 0x47, 0x0a, 0x89, 0x1b, 0x0b, 
	0x1b, 0x0b, 0x0a, 0x89, 0x0a, 0x49, 0x0a, 0x49, 
	0x0a, 0x07, 0x12, 0x07, 0x1a, 0xc7, 0x23, 0x05, 
	0x12, 0xc1, 0x12, 0x81, 0x12, 0x81, 0x0a, 0x41, 
	0x12, 0x03, 0x2b, 0xc9, 0x23, 0x43, 0x1b, 0x41, 
	0x1b, 0x41, 0x1b, 0x01, 0x12, 0xc1, 0x12, 0x81, 
	0x12, 0x41, 0x01, 0xc1, 0x01, 0x83, 0x01, 0xc3, 
	0x02, 0x03, 0x0a, 0x05, 0x01, 0xc5, 0x01, 0x85, 
	0x01, 0x43, 0x1a, 0x89, 0x0a, 0x03, 0x2b, 0x47, 
	0x4c, 0xcd, 0x23, 0x43, 0x23, 0x43, 0x2b, 0xc5, 
	0x23, 0x83, 0x12, 0x81, 0x1a, 0xc3, 0x1a, 0xc3, 
	0x22, 0xc9, 0x33, 0x53, 0x2b, 0x95, 0x2b, 0x95, 
	0x23, 0x53, 0x1a, 0x8f, 0x12, 0x09, 0x00, 0x81, 
	0x00, 0xc1, 0x01, 0x01, 0x11, 0xc3, 0x33, 0xc7, 
	0x12, 0xc1, 0x1a, 0xc3, 0x2b, 0x47, 0x12, 0x81, 
	0x12, 0x81, 0x0a, 0x45, 0x12, 0xcb, 0x02, 0x47, 
	0x02, 0x47, 0x0a, 0x89, 0x12, 0xc9, 0x1b, 0x0b, 
	0x0a, 0xc7, 0x0a, 0x49, 0x02, 0x05, 0x12, 0x07, 
	0x23, 0x11, 0x1a, 0xcd, 0x12, 0x47, 0x22, 0xc7, 
	0x23, 0x07, 0x1a, 0xc3, 0x12, 0x81, 0x0a, 0x41, 
	0x1a, 0xc5, 0x2b, 0xc7, 0x1b, 0x41, 0x1b, 0x41, 
	0x1b, 0x01, 0x12, 0x81, 0x12, 0x81, 0x0a, 0x01, 
	0x01, 0xc1, 0x01, 0xc3, 0x01, 0xc3, 0x02, 0x05, 
	0x0a, 0x47, 0x0a, 0x47, 0x02, 0x05, 0x01, 0xc5, 
	0x01, 0x43, 0x01, 0x03, 0x01, 0x41, 0x2b, 0x07, 
	0x44, 0x8b, 0x1b, 0x41, 0x1b, 0x41, 0x1b, 0x01, 
	0x12, 0xc1, 0x23, 0x03, 0x12, 0xc3, 0x0a, 0x01, 
	0x43, 0x95, 0x54, 0x5d, 0x2b, 0x53, 0x2b, 0x53, 
	0x23, 0x53, 0x1a, 0xcf, 0x09, 0x85, 0x00, 0x81, 
	0x00, 0xc1, 0x01, 0x01, 0x01, 0x01, 0x33, 0xc7, 
	0x12, 0xc1, 0x12, 0x81, 0x12, 0xc1, 0x12, 0x81, 
	0x12, 0x41, 0x0a, 0x87, 0x0a, 0x89, 0x02, 0x47, 
	0x0a, 0x47, 0x0a, 0xc9, 0x12, 0xc9, 0x0a, 0x87, 
	0x0a, 0x07, 0x01, 0xc3, 0x01, 0xc1, 0x09, 0xc1, 
	0x1a, 0xcf, 0x2b, 0x53, 0x23, 0x11, 0x1a, 0x8b, 
	0x12, 0x47, 0x22, 0xc7, 0x23, 0x05, 0x12, 0x81, 
	0x22, 0xc5, 0x23, 0x83, 0x1b, 0x41, 0x13, 0x01, 
	0x12, 0x81, 0x0a, 0x41, 0x01, 0xc1, 0x01, 0x81, 
	0x01, 0xc1, 0x02, 0x03, 0x02, 0x07, 0x02, 0x49, 
	0x02, 0x4b, 0x02, 0x09, 0x01, 0xc7, 0x01, 0x85, 
	0x01, 0x03, 0x00, 0x81, 0x00, 0x81, 0x11, 0x83, 
	0x34, 0x49, 0x1b, 0x41, 0x12, 0xc1, 0x12, 0x81, 
	0x12, 0xc3, 0x12, 0x43, 0x0a, 0x41, 0x02, 0x01, 
	0x12, 0x05, 0x54, 0x5b, 0x33, 0x55, 0x1a, 0xcf, 
	0x12, 0xcf, 0x0a, 0x09, 0x00, 0xc1, 0x00, 0x81, 
	0x00, 0x81, 0x00, 0xc1, 0x00, 0xc1, 0x33, 0x87, 
	0x12, 0xc1, 0x12, 0x81, 0x12, 0x81, 0x12, 0x81, 
	0x0a, 0x41, 0x0a, 0x87, 0x0a, 0x47, 0x02, 0x47, 
	0x0a, 0x89, 0x0a, 0xc9, 0x0a, 0x49, 0x0a, 0x05, 
	0x0a, 0x01, 0x0a, 0x41, 0x0a, 0x01, 0x0a, 0x41, 
	0x0a, 0x05, 0x12, 0x8d, 0x12, 0x8d, 0x12, 0x4d, 
	0x0a, 0x07, 0x09, 0xc3, 0x22, 0xc5, 0x12, 0x83, 
	0x1a, 0x85, 0x1b, 0x43, 0x12, 0xc1, 0x0a, 0x41, 
	0x01, 0xc1, 0x01, 0x41, 0x01, 0x41, 0x01, 0x81, 
	0x01, 0x81, 0x01, 0x41, 0x01, 0x85, 0x01, 0x87, 
	0x01, 0x85, 0x01, 0x45, 0x01, 0x43, 0x01, 0x03, 
	
};

Gfx wf_dl_Jacey_snowman_carrot_texture_i8_i8_aligner[] = {gsSPEndDisplayList()};
u8 wf_dl_Jacey_snowman_carrot_texture_i8_i8[] = {
	0xdf, 0xde, 0xde, 0xdc, 0xdc, 0xd9, 0xd8, 0xd7, 
	0xd7, 0xd7, 0xd5, 0xd5, 0xd7, 0xd7, 0xd5, 0xd7, 
	0xd4, 0xcf, 0xcc, 0xca, 0xc8, 0xc6, 0xc4, 0xc3, 
	0xc4, 0xc5, 0xc4, 0xc6, 0xc7, 0xc7, 0xc8, 0xca, 
	0xca, 0xcb, 0xcb, 0xcc, 0xcc, 0xcc, 0xcc, 0xce, 
	0xce, 0xce, 0xcf, 0xd1, 0xd2, 0xd1, 0xd1, 0xd3, 
	0xd5, 0xd6, 0xd8, 0xdc, 0xdf, 0xe2, 0xe4, 0xe7, 
	0xe7, 0xe6, 0xe7, 0xe7, 0xe6, 0xe2, 0xde, 0xdb, 
	0xde, 0xde, 0xdd, 0xdc, 0xdb, 0xda, 0xd9, 0xdb, 
	0xdb, 0xda, 0xd7, 0xd7, 0xd9, 0xd9, 0xd8, 0xd5, 
	0xd2, 0xce, 0xcb, 0xc7, 0xc7, 0xc6, 0xc5, 0xc4, 
	0xc5, 0xc6, 0xc5, 0xc6, 0xc7, 0xc8, 0xc8, 0xca, 
	0xca, 0xcb, 0xcb, 0xcc, 0xcc, 0xcd, 0xcc, 0xce, 
	0xce, 0xce, 0xcf, 0xd1, 0xd2, 0xd2, 0xd1, 0xd1, 
	0xd2, 0xd4, 0xd7, 0xdb, 0xdd, 0xdf, 0xe0, 0xe1, 
	0xdf, 0xdd, 0xdc, 0xdb, 0xda, 0xd7, 0xd3, 0xd9, 
	0xde, 0xdc, 0xdc, 0xdc, 0xdc, 0xdb, 0xdb, 0xde, 
	0xdc, 0xdb, 0xd8, 0xd6, 0xd7, 0xd8, 0xd7, 0xd3, 
	0xd2, 0xce, 0xca, 0xc7, 0xc6, 0xc6, 0xc6, 0xc6, 
	0xc5, 0xc6, 0xc7, 0xc7, 0xc8, 0xc8, 0xc8, 0xca, 
	0xc8, 0xcb, 0xca, 0xcb, 0xcb, 0xcc, 0xcd, 0xce, 
	0xce, 0xce, 0xcf, 0xd2, 0xd1, 0xd2, 0xd1, 0xd0, 
	0xd1, 0xd2, 0xd7, 0xd9, 0xdb, 0xdc, 0xdd, 0xd6, 
	0xd4, 0xd2, 0xd4, 0xd6, 0xd8, 0xd9, 0xda, 0xd6, 
	0xdf, 0xdd, 0xdc, 0xdb, 0xdc, 0xdb, 0xdc, 0xdd, 
	0xdc, 0xdb, 0xd6, 0xd3, 0xd5, 0xd5, 0xd4, 0xd4, 
	0xd2, 0xcf, 0xcc, 0xc8, 0xc8, 0xc7, 0xc7, 0xc7, 
	0xc6, 0xc7, 0xc7, 0xc8, 0xc8, 0xc8, 0xc8, 0xc8, 
	0xca, 0xcb, 0xca, 0xcc, 0xcb, 0xcc, 0xcd, 0xce, 
	0xce, 0xce, 0xcf, 0xd1, 0xd1, 0xd0, 0xd0, 0xd0, 
	0xd2, 0xd4, 0xd8, 0xdb, 0xdc, 0xdb, 0xdb, 0xd6, 
	0xd4, 0xd2, 0xd3, 0xd2, 0xd4, 0xd4, 0xd5, 0xd2, 
	0xe2, 0xdf, 0xdc, 0xdb, 0xdb, 0xda, 0xda, 0xde, 
	0xdd, 0xd9, 0xd5, 0xd3, 0xd3, 0xd3, 0xd3, 0xd3, 
	0xd2, 0xcf, 0xcd, 0xc8, 0xc6, 0xc7, 0xc7, 0xc7, 
	0xc7, 0xc7, 0xc8, 0xc8, 0xc8, 0xc8, 0xc8, 0xca, 
	0xca, 0xca, 0xca, 0xcb, 0xcc, 0xcc, 0xcc, 0xce, 
	0xce, 0xce, 0xce, 0xd0, 0xd1, 0xd0, 0xcf, 0xd0, 
	0xd1, 0xd4, 0xd8, 0xdb, 0xdc, 0xdb, 0xd9, 0xd8, 
	0xd9, 0xd9, 0xd7, 0xd7, 0xd8, 0xd9, 0xdb, 0xdb, 
	0xe2, 0xde, 0xdb, 0xdb, 0xda, 0xda, 0xd8, 0xde, 
	0xdb, 0xd9, 0xd6, 0xd3, 0xd2, 0xd2, 0xd3, 0xd2, 
	0xd0, 0xce, 0xcc, 0xca, 0xc8, 0xc7, 0xc6, 0xc8, 
	0xc8, 0xc8, 0xc8, 0xc8, 0xca, 0xc8, 0xc8, 0xcb, 
	0xcb, 0xcb, 0xcb, 0xcc, 0xcc, 0xcc, 0xcd, 0xce, 
	0xce, 0xce, 0xce, 0xcf, 0xcf, 0xd0, 0xd0, 0xd1, 
	0xd1, 0xd2, 0xd4, 0xd5, 0xd7, 0xd9, 0xdb, 0xde, 
	0xdd, 0xdd, 0xdb, 0xdb, 0xdb, 0xdc, 0xdd, 0xe1, 
	0xe0, 0xdd, 0xdb, 0xdb, 0xdd, 0xde, 0xde, 0xdc, 
	0xdb, 0xd9, 0xd7, 0xd4, 0xd2, 0xd1, 0xd1, 0xd0, 
	0xcf, 0xcd, 0xcb, 0xca, 0xc8, 0xc7, 0xc5, 0xc7, 
	0xc8, 0xc7, 0xc8, 0xc8, 0xc8, 0xca, 0xca, 0xcb, 
	0xcb, 0xca, 0xcc, 0xcc, 0xcc, 0xcc, 0xce, 0xce, 
	0xce, 0xce, 0xce, 0xcf, 0xcf, 0xd0, 0xd0, 0xd0, 
	0xd0, 0xd1, 0xd5, 0xd7, 0xdb, 0xde, 0xe0, 0xdf, 
	0xde, 0xdc, 0xdd, 0xdf, 0xe2, 0xe6, 0xe8, 0xe9, 
	0xdf, 0xde, 0xdb, 0xdb, 0xdb, 0xdc, 0xdc, 0xdd, 
	0xdd, 0xdc, 0xdb, 0xda, 0xd8, 0xd7, 0xd7, 0xd3, 
	0xd1, 0xce, 0xce, 0xcd, 0xcb, 0xc7, 0xc6, 0xc6, 
	0xc7, 0xc6, 0xc7, 0xc7, 0xc8, 0xc8, 0xca, 0xcb, 
	0xcb, 0xca, 0xcb, 0xcc, 0xcd, 0xcc, 0xcd, 0xce, 
	0xce, 0xce, 0xcf, 0xcf, 0xd0, 0xd0, 0xd0, 0xcf, 
	0xd0, 0xd1, 0xd4, 0xd7, 0xdb, 0xde, 0xe0, 0xe1, 
	0xe0, 0xdd, 0xdc, 0xde, 0xe0, 0xe0, 0xe0, 0xe5, 
	0xe0, 0xde, 0xde, 0xdb, 0xdb, 0xda, 0xdb, 0xd8, 
	0xd8, 0xd9, 0xda, 0xd9, 0xd8, 0xd7, 0xd6, 0xd0, 
	0xcf, 0xce, 0xcd, 0xcc, 0xc8, 0xc4, 0xc1, 0xc5, 
	0xc4, 0xc6, 0xc6, 0xc7, 0xc7, 0xc8, 0xc8, 0xcb, 
	0xcb, 0xcb, 0xcc, 0xcb, 0xcd, 0xcd, 0xcd, 0xce, 
	0xce, 0xce, 0xce, 0xcf, 0xcf, 0xcf, 0xd0, 0xd0, 
	0xd0, 0xd1, 0xd4, 0xd7, 0xdb, 0xde, 0xe0, 0xdd, 
	0xdc, 0xdc, 0xdf, 0xe1, 0xe2, 0xe0, 0xdf, 0xe5, 
	0xdf, 0xdf, 0xde, 0xdd, 0xdc, 0xdd, 0xdd, 0xda, 
	0xda, 0xdb, 0xda, 0xda, 0xd9, 0xd7, 0xd5, 0xd1, 
	0xd0, 0xce, 0xce, 0xce, 0xcb, 0xc8, 0xc5, 0xc2, 
	0xc3, 0xc4, 0xc5, 0xc6, 0xc7, 0xc7, 0xc8, 0xca, 
	0xca, 0xcb, 0xcc, 0xcc, 0xcd, 0xcc, 0xce, 0xce, 
	0xce, 0xce, 0xce, 0xd0, 0xcf, 0xd0, 0xd0, 0xce, 
	0xd0, 0xd1, 0xd7, 0xda, 0xde, 0xe3, 0xe4, 0xe4, 
	0xe3, 0xe3, 0xe4, 0xe5, 0xe5, 0xe2, 0xdf, 0xde, 
	0xe2, 0xe1, 0xe0, 0xdf, 0xde, 0xde, 0xdc, 0xdd, 
	0xdc, 0xdb, 0xda, 0xd8, 0xd7, 0xd5, 0xd4, 0xcf, 
	0xce, 0xce, 0xcd, 0xcd, 0xcb, 0xc8, 0xc6, 0xc1, 
	0xc2, 0xc3, 0xc4, 0xc6, 0xc7, 0xc7, 0xc8, 0xcb, 
	0xcb, 0xcb, 0xcc, 0xcb, 0xcd, 0xcc, 0xcd, 0xce, 
	0xce, 0xce, 0xce, 0xcf, 0xcf, 0xd0, 0xd0, 0xd2, 
	0xd3, 0xd3, 0xd7, 0xd9, 0xdc, 0xdf, 0xe0, 0xe4, 
	0xe2, 0xde, 0xdb, 0xd9, 0xd8, 0xd6, 0xd5, 0xd1, 
	0xe3, 0xe0, 0xe0, 0xdf, 0xde, 0xde, 0xdb, 0xdb, 
	0xd9, 0xd7, 0xd5, 0xd2, 0xd0, 0xcf, 0xd0, 0xce, 
	0xce, 0xca, 0xc8, 0xc6, 0xc3, 0xc2, 0xbf, 0xc0, 
	0xc1, 0xc2, 0xc3, 0xc5, 0xc6, 0xc7, 0xc7, 0xca, 
	0xca, 0xcb, 0xcc, 0xcc, 0xcd, 0xcd, 0xcd, 0xce, 
	0xce, 0xce, 0xce, 0xcf, 0xcf, 0xcf, 0xd0, 0xd3, 
	0xd4, 0xd3, 0xd4, 0xd3, 0xd3, 0xd3, 0xd3, 0xd2, 
	0xd1, 0xd0, 0xce, 0xd0, 0xd2, 0xd4, 0xd5, 0xd7, 
	0xde, 0xdc, 0xde, 0xe0, 0xe2, 0xe0, 0xe0, 0xde, 
	0xde, 0xdb, 0xd9, 0xd8, 0xd7, 0xd7, 0xd8, 0xdd, 
	0xdb, 0xd6, 0xd2, 0xce, 0xcb, 0xc7, 0xc5, 0xc0, 
	0xc0, 0xc1, 0xc3, 0xc4, 0xc5, 0xc7, 0xc7, 0xcb, 
	0xcb, 0xcb, 0xcc, 0xcc, 0xcc, 0xcd, 0xcd, 0xce, 
	0xce, 0xce, 0xce, 0xcf, 0xcf, 0xd0, 0xd0, 0xd0, 
	0xd0, 0xd1, 0xd1, 0xd1, 0xcf, 0xcf, 0xce, 0xd5, 
	0xd6, 0xd6, 0xd6, 0xd6, 0xd4, 0xd5, 0xd4, 0xd2, 
	0xdb, 0xda, 0xdb, 0xdc, 0xdd, 0xdd, 0xdd, 0xd9, 
	0xd7, 0xd6, 0xd5, 0xd5, 0xd8, 0xdb, 0xde, 0xe6, 
	0xe4, 0xe0, 0xdd, 0xdc, 0xdc, 0xd4, 0xc7, 0xc3, 
	0xc0, 0xbb, 0xbd, 0xc2, 0xc8, 0xc7, 0xc7, 0xca, 
	0xca, 0xcc, 0xcc, 0xcd, 0xcd, 0xce, 0xce, 0xce, 
	0xce, 0xce, 0xcf, 0xcf, 0xcf, 0xcf, 0xcf, 0xcf, 
	0xce, 0xce, 0xce, 0xcf, 0xd0, 0xd1, 0xd2, 0xd6, 
	0xd7, 0xd7, 0xd6, 0xd5, 0xd6, 0xd6, 0xd6, 0xdb, 
	0xdc, 0xdb, 0xdc, 0xdd, 0xdd, 0xde, 0xdd, 0xd9, 
	0xd9, 0xd6, 0xd4, 0xd1, 0xcf, 0xcf, 0xce, 0xce, 
	0xd2, 0xd1, 0xd2, 0xd7, 0xdc, 0xdb, 0xd6, 0xce, 
	0xca, 0xc5, 0xc2, 0xc5, 0xc7, 0xc7, 0xc7, 0xca, 
	0xca, 0xcc, 0xcd, 0xce, 0xce, 0xce, 0xce, 0xce, 
	0xce, 0xce, 0xcf, 0xce, 0xce, 0xcf, 0xcf, 0xd0, 
	0xd0, 0xcf, 0xd0, 0xd2, 0xd3, 0xd4, 0xd6, 0xd9, 
	0xd8, 0xd8, 0xd7, 0xd7, 0xd8, 0xd7, 0xd8, 0xd7, 
	0xde, 0xdd, 0xdd, 0xde, 0xdd, 0xdc, 0xdb, 0xd8, 
	0xd9, 0xd9, 0xd7, 0xd5, 0xd2, 0xcf, 0xce, 0xcb, 
	0xce, 0xce, 0xcb, 0xca, 0xcd, 0xcd, 0xcb, 0xcd, 
	0xca, 0xc5, 0xc4, 0xc4, 0xc5, 0xc6, 0xc6, 0xca, 
	0xca, 0xcb, 0xcc, 0xce, 0xcd, 0xce, 0xce, 0xce, 
	0xce, 0xce, 0xcf, 0xce, 0xce, 0xcf, 0xcf, 0xd1, 
	0xd1, 0xd1, 0xd2, 0xd3, 0xd5, 0xd7, 0xd7, 0xd8, 
	0xd8, 0xd7, 0xd7, 0xd6, 0xd7, 0xd7, 0xd8, 0xd8, 
	0xde, 0xdd, 0xdc, 0xdc, 0xdb, 0xdb, 0xda, 0xd8, 
	0xd9, 0xdb, 0xdb, 0xdb, 0xd9, 0xd6, 0xd3, 0xcc, 
	0xce, 0xce, 0xca, 0xc6, 0xc6, 0xc5, 0xc2, 0xc0, 
	0xbf, 0xc0, 0xc0, 0xc2, 0xc3, 0xc6, 0xc7, 0xca, 
	0xca, 0xcb, 0xcd, 0xcd, 0xce, 0xce, 0xce, 0xce, 
	0xce, 0xce, 0xcf, 0xce, 0xce, 0xcf, 0xcf, 0xd0, 
	0xd0, 0xd0, 0xd1, 0xd4, 0xd5, 0xd6, 0xd6, 0xd7, 
	0xd7, 0xd6, 0xd6, 0xd6, 0xd7, 0xd7, 0xd8, 0xdd, 
	0xdd, 0xdb, 0xdb, 0xdb, 0xd9, 0xd9, 0xd8, 0xd8, 
	0xda, 0xda, 0xda, 0xd8, 0xd7, 0xd5, 0xd2, 0xd0, 
	0xd1, 0xce, 0xcd, 0xcb, 0xca, 0xc4, 0xc0, 0xb9, 
	0xbc, 0xc0, 0xc3, 0xc5, 0xc6, 0xc8, 0xca, 0xca, 
	0xca, 0xcc, 0xcc, 0xce, 0xcd, 0xce, 0xce, 0xcf, 
	0xcf, 0xce, 0xce, 0xce, 0xcf, 0xcf, 0xcf, 0xd0, 
	0xd1, 0xd2, 0xd2, 0xd3, 0xd4, 0xd5, 0xd6, 0xd7, 
	0xd7, 0xd7, 0xd7, 0xd7, 0xd8, 0xd9, 0xdb, 0xde, 
	0xdf, 0xdd, 0xdc, 0xdb, 0xda, 0xd8, 0xd7, 0xd6, 
	0xd7, 0xd7, 0xd7, 0xd6, 0xd4, 0xd3, 0xd2, 0xd5, 
	0xd1, 0xce, 0xcd, 0xcb, 0xc6, 0xc0, 0xbb, 0xbd, 
	0xc0, 0xc3, 0xc5, 0xc5, 0xc6, 0xc6, 0xc7, 0xca, 
	0xca, 0xcb, 0xcc, 0xce, 0xcd, 0xce, 0xce, 0xce, 
	0xce, 0xce, 0xce, 0xce, 0xce, 0xcf, 0xcf, 0xd1, 
	0xd2, 0xd2, 0xd3, 0xd4, 0xd5, 0xd6, 0xd5, 0xd5, 
	0xd6, 0xd7, 0xd7, 0xd8, 0xda, 0xdb, 0xdb, 0xdb, 
	0xe2, 0xe1, 0xde, 0xdc, 0xdb, 0xd8, 0xd7, 0xd4, 
	0xd4, 0xd5, 0xd7, 0xd6, 0xd6, 0xd6, 0xd5, 0xce, 
	0xcd, 0xcb, 0xcb, 0xcb, 0xc8, 0xc5, 0xc3, 0xc2, 
	0xc2, 0xc2, 0xc4, 0xc5, 0xc6, 0xc6, 0xc6, 0xca, 
	0xca, 0xcb, 0xcd, 0xcd, 0xce, 0xce, 0xce, 0xce, 
	0xce, 0xce, 0xce, 0xce, 0xcf, 0xcf, 0xcf, 0xd0, 
	0xd0, 0xd2, 0xd2, 0xd4, 0xd5, 0xd6, 0xd6, 0xd3, 
	0xd4, 0xd6, 0xd7, 0xdb, 0xdb, 0xdb, 0xdc, 0xdd, 
	0xe6, 0xe4, 0xe1, 0xde, 0xdc, 0xda, 0xd8, 0xd6, 
	0xd6, 0xd7, 0xd7, 0xd7, 0xd5, 0xd4, 0xd2, 0xd6, 
	0xd2, 0xd0, 0xce, 0xca, 0xc6, 0xc5, 0xc5, 0xc3, 
	0xc2, 0xc2, 0xc2, 0xc5, 0xc7, 0xca, 0xcb, 0xca, 
	0xca, 0xcb, 0xcc, 0xcd, 0xcd, 0xce, 0xce, 0xce, 
	0xce, 0xce, 0xce, 0xcf, 0xce, 0xcf, 0xcf, 0xce, 
	0xce, 0xd0, 0xd1, 0xd3, 0xd5, 0xd6, 0xd6, 0xd5, 
	0xd7, 0xd9, 0xdb, 0xde, 0xe0, 0xe0, 0xe0, 0xe1, 
	0xe4, 0xe2, 0xe0, 0xe0, 0xdf, 0xdd, 0xdc, 0xda, 
	0xd8, 0xd8, 0xd7, 0xd7, 0xd7, 0xd7, 0xd7, 0xd7, 
	0xd5, 0xd2, 0xcf, 0xcd, 0xc8, 0xc6, 0xc3, 0xc3, 
	0xc3, 0xc3, 0xc5, 0xc6, 0xc7, 0xca, 0xca, 0xcb, 
	0xcb, 0xcc, 0xcd, 0xcd, 0xce, 0xce, 0xce, 0xd0, 
	0xce, 0xce, 0xce, 0xcf, 0xd0, 0xcf, 0xce, 0xd0, 
	0xd0, 0xcf, 0xcf, 0xce, 0xd0, 0xd4, 0xd7, 0xd9, 
	0xdf, 0xe1, 0xe2, 0xe4, 0xe2, 0xe0, 0xe2, 0xe1, 
	0xe0, 0xe0, 0xe0, 0xe0, 0xe0, 0xe0, 0xde, 0xdd, 
	0xdb, 0xda, 0xdb, 0xda, 0xda, 0xd9, 0xd8, 0xd6, 
	0xd4, 0xd2, 0xcf, 0xce, 0xcb, 0xc7, 0xc5, 0xc4, 
	0xc3, 0xc3, 0xc4, 0xc7, 0xc8, 0xca, 0xca, 0xcb, 
	0xcb, 0xcd, 0xcc, 0xcd, 0xcd, 0xce, 0xce, 0xce, 
	0xce, 0xce, 0xce, 0xcf, 0xcf, 0xce, 0xce, 0xcc, 
	0xce, 0xcf, 0xd3, 0xd6, 0xda, 0xdb, 0xde, 0xe2, 
	0xe2, 0xe1, 0xe0, 0xe2, 0xde, 0xdb, 0xdd, 0xda, 
	0xe2, 0xe1, 0xe2, 0xe2, 0xe2, 0xe0, 0xe0, 0xdc, 
	0xdb, 0xdb, 0xdb, 0xdb, 0xdb, 0xda, 0xd9, 0xd6, 
	0xd3, 0xd1, 0xcf, 0xce, 0xcc, 0xca, 0xc7, 0xc5, 
	0xc4, 0xc5, 0xc6, 0xc7, 0xc7, 0xc8, 0xc8, 0xcb, 
	0xcb, 0xcb, 0xcc, 0xcd, 0xce, 0xce, 0xce, 0xce, 
	0xcd, 0xcf, 0xd0, 0xd1, 0xd0, 0xce, 0xcd, 0xcd, 
	0xcd, 0xce, 0xd4, 0xd7, 0xdb, 0xde, 0xdf, 0xe0, 
	0xdd, 0xda, 0xdd, 0xdf, 0xd9, 0xd2, 0xd5, 0xd8, 
	0xe6, 0xe3, 0xe2, 0xe0, 0xde, 0xdd, 0xdc, 0xd9, 
	0xd9, 0xd9, 0xda, 0xd9, 0xda, 0xd8, 0xd7, 0xd6, 
	0xd4, 0xd1, 0xcf, 0xce, 0xcc, 0xc8, 0xc7, 0xc5, 
	0xc6, 0xc6, 0xc6, 0xc6, 0xc7, 0xc8, 0xc8, 0xca, 
	0xcb, 0xcc, 0xcc, 0xce, 0xce, 0xce, 0xce, 0xce, 
	0xcf, 0xd2, 0xd4, 0xd4, 0xd2, 0xcf, 0xce, 0xce, 
	0xce, 0xce, 0xd3, 0xd8, 0xdd, 0xe0, 0xe1, 0xe2, 
	0xe0, 0xe0, 0xe4, 0xe6, 0xdc, 0xd4, 0xd7, 0xdb, 
	0xe4, 0xe0, 0xdc, 0xdb, 0xd9, 0xd9, 0xd9, 0xd7, 
	0xd7, 0xd7, 0xd7, 0xd7, 0xd7, 0xd7, 0xd6, 0xd6, 
	0xd4, 0xd1, 0xce, 0xcd, 0xca, 0xc8, 0xc6, 0xc7, 
	0xc7, 0xc6, 0xc6, 0xc6, 0xc8, 0xc8, 0xc8, 0xca, 
	0xcb, 0xcc, 0xcc, 0xcd, 0xcd, 0xce, 0xce, 0xce, 
	0xd0, 0xd3, 0xd5, 0xd5, 0xd2, 0xd2, 0xd0, 0xce, 
	0xcf, 0xd2, 0xd7, 0xdd, 0xe0, 0xe2, 0xe3, 0xe2, 
	0xe2, 0xe2, 0xe4, 0xe3, 0xd9, 0xd1, 0xd7, 0xd7, 
	0xe0, 0xdd, 0xdb, 0xdb, 0xdb, 0xdd, 0xdd, 0xdb, 
	0xd9, 0xd7, 0xd7, 0xd7, 0xd7, 0xd7, 0xd6, 0xd5, 
	0xd3, 0xcf, 0xce, 0xcc, 0xc8, 0xc7, 0xc5, 0xc6, 
	0xc7, 0xc7, 0xc6, 0xc7, 0xc7, 0xca, 0xca, 0xcb, 
	0xcb, 0xcc, 0xcb, 0xcc, 0xcd, 0xcd, 0xce, 0xce, 
	0xce, 0xd2, 0xd2, 0xd2, 0xd0, 0xcf, 0xcf, 0xce, 
	0xd1, 0xd6, 0xda, 0xdd, 0xdd, 0xdb, 0xdb, 0xd7, 
	0xd7, 0xd4, 0xd6, 0xd5, 0xce, 0xcd, 0xd5, 0xd1, 
	0xe0, 0xdf, 0xdf, 0xe0, 0xe2, 0xe3, 0xe4, 0xe0, 
	0xdf, 0xdc, 0xd9, 0xd8, 0xd7, 0xd7, 0xd7, 0xd3, 
	0xd2, 0xce, 0xcd, 0xcb, 0xc8, 0xc6, 0xc5, 0xc7, 
	0xc7, 0xc7, 0xc7, 0xc8, 0xc8, 0xca, 0xca, 0xca, 
	0xcb, 0xcb, 0xcc, 0xcc, 0xcd, 0xcd, 0xce, 0xcd, 
	0xce, 0xce, 0xcf, 0xce, 0xcf, 0xce, 0xcf, 0xcf, 
	0xd2, 0xd5, 0xd6, 0xd6, 0xd4, 0xd2, 0xd1, 0xd3, 
	0xd5, 0xd2, 0xd1, 0xd5, 0xd4, 0xd5, 0xdb, 0xd2, 
	0xe2, 0xe2, 0xe3, 0xe5, 0xe5, 0xe6, 0xe5, 0xe4, 
	0xe2, 0xdf, 0xdb, 0xd9, 0xd7, 0xd7, 0xd6, 0xd2, 
	0xd0, 0xce, 0xcc, 0xca, 0xc8, 0xc7, 0xc6, 0xc6, 
	0xc6, 0xc6, 0xc7, 0xc8, 0xca, 0xcb, 0xca, 0xca, 
	0xcb, 0xcb, 0xcc, 0xcc, 0xce, 0xcd, 0xce, 0xce, 
	0xce, 0xce, 0xce, 0xce, 0xcd, 0xce, 0xd0, 0xcf, 
	0xd0, 0xcf, 0xce, 0xcd, 0xce, 0xd1, 0xd5, 0xd6, 
	0xd7, 0xd4, 0xd4, 0xd8, 0xd9, 0xd7, 0xd7, 0xd4, 
	0xe0, 0xe1, 0xe2, 0xe4, 0xe4, 0xe4, 0xe4, 0xe2, 
	0xe0, 0xdc, 0xd8, 0xd7, 0xd7, 0xd7, 0xd7, 0xd3, 
	0xd1, 0xcf, 0xcc, 0xc7, 0xc6, 0xc6, 0xc6, 0xc4, 
	0xc3, 0xc5, 0xc6, 0xc7, 0xc7, 0xc8, 0xc8, 0xca, 
	0xca, 0xcc, 0xcc, 0xcb, 0xcd, 0xce, 0xce, 0xce, 
	0xce, 0xcf, 0xd1, 0xd1, 0xd1, 0xcf, 0xce, 0xce, 
	0xcf, 0xd0, 0xd1, 0xd1, 0xd3, 0xd5, 0xd7, 0xd7, 
	0xd7, 0xd7, 0xd7, 0xd8, 0xd8, 0xd8, 0xd9, 0xd9, 
	0xdb, 0xdc, 0xde, 0xdf, 0xdf, 0xde, 0xde, 0xdb, 
	0xda, 0xd7, 0xd5, 0xd3, 0xd3, 0xd2, 0xd2, 0xd1, 
	0xd0, 0xcd, 0xca, 0xc6, 0xc3, 0xc3, 0xc3, 0xc4, 
	0xc3, 0xc5, 0xc6, 0xc6, 0xc7, 0xca, 0xc8, 0xca, 
	0xca, 0xcc, 0xcd, 0xcc, 0xcc, 0xce, 0xce, 0xcd, 
	0xce, 0xce, 0xd0, 0xd0, 0xd0, 0xcf, 0xce, 0xce, 
	0xd0, 0xd2, 0xd3, 0xd3, 0xd5, 0xd7, 0xd7, 0xd7, 
	0xd8, 0xd7, 0xd8, 0xd9, 0xd9, 0xd8, 0xd9, 0xdb, 
	0xda, 0xd9, 0xda, 0xdb, 0xdb, 0xda, 0xd9, 0xd9, 
	0xd7, 0xd7, 0xd7, 0xd6, 0xd6, 0xd3, 0xd3, 0xd1, 
	0xce, 0xcc, 0xc8, 0xc5, 0xc3, 0xc3, 0xc3, 0xc4, 
	0xc4, 0xc4, 0xc5, 0xc6, 0xc7, 0xc7, 0xc8, 0xc8, 
	0xc8, 0xcc, 0xcb, 0xcb, 0xcd, 0xcd, 0xce, 0xcd, 
	0xcd, 0xce, 0xce, 0xce, 0xd0, 0xcf, 0xce, 0xce, 
	0xd0, 0xd2, 0xd3, 0xd4, 0xd5, 0xd7, 0xd8, 0xd8, 
	0xd8, 0xd8, 0xda, 0xdb, 0xdb, 0xdb, 0xdb, 0xde, 
	0xdc, 0xdb, 0xdb, 0xdb, 0xdc, 0xdb, 0xda, 0xda, 
	0xda, 0xda, 0xdb, 0xdb, 0xda, 0xd7, 0xd6, 0xd2, 
	0xd0, 0xce, 0xca, 0xc7, 0xc5, 0xc3, 0xc3, 0xc3, 
	0xc3, 0xc5, 0xc5, 0xc6, 0xc6, 0xc7, 0xc8, 0xc7, 
	0xc8, 0xcb, 0xcc, 0xcc, 0xcb, 0xce, 0xce, 0xcc, 
	0xcd, 0xcd, 0xce, 0xce, 0xcf, 0xcf, 0xcf, 0xce, 
	0xcf, 0xcf, 0xd0, 0xd2, 0xd4, 0xd7, 0xd8, 0xdb, 
	0xdc, 0xdc, 0xde, 0xe0, 0xe2, 0xe2, 0xe4, 0xe4, 
	0xe0, 0xde, 0xde, 0xde, 0xde, 0xdc, 0xdc, 0xdb, 
	0xda, 0xdb, 0xdb, 0xdb, 0xdb, 0xd7, 0xd6, 0xd4, 
	0xd1, 0xce, 0xcb, 0xc7, 0xc6, 0xc4, 0xc3, 0xc3, 
	0xc3, 0xc4, 0xc4, 0xc5, 0xc6, 0xc7, 0xc7, 0xc8, 
	0xc8, 0xcb, 0xcb, 0xcb, 0xcc, 0xcc, 0xce, 0xcd, 
	0xcd, 0xce, 0xce, 0xce, 0xcf, 0xcf, 0xcf, 0xcf, 
	0xcf, 0xce, 0xce, 0xcf, 0xd3, 0xd7, 0xd9, 0xde, 
	0xe0, 0xe1, 0xe2, 0xe4, 0xe5, 0xe6, 0xe7, 0xe6, 
	0xe1, 0xe0, 0xdf, 0xdf, 0xde, 0xde, 0xdc, 0xdb, 
	0xdb, 0xda, 0xdb, 0xda, 0xdb, 0xd7, 0xd6, 0xd4, 
	0xd2, 0xcd, 0xca, 0xc7, 0xc6, 0xc4, 0xc2, 0xc2, 
	0xc2, 0xc3, 0xc5, 0xc5, 0xc5, 0xc6, 0xc6, 0xc7, 
	0xc8, 0xcb, 0xcc, 0xcb, 0xcb, 0xcd, 0xce, 0xcd, 
	0xce, 0xce, 0xcf, 0xcf, 0xd0, 0xcf, 0xcf, 0xcf, 
	0xd0, 0xcf, 0xcf, 0xd0, 0xd3, 0xd7, 0xda, 0xde, 
	0xde, 0xdf, 0xdf, 0xdf, 0xe0, 0xe0, 0xe0, 0xe1, 
	0xe1, 0xe0, 0xde, 0xde, 0xde, 0xde, 0xdc, 0xdc, 
	0xdb, 0xda, 0xd9, 0xd8, 0xda, 0xd9, 0xd7, 0xd5, 
	0xd1, 0xcd, 0xca, 0xc8, 0xc6, 0xc5, 0xc2, 0xc2, 
	0xc2, 0xc4, 0xc4, 0xc4, 0xc5, 0xc5, 0xc7, 0xc6, 
	0xc8, 0xca, 0xca, 0xca, 0xcc, 0xcc, 0xce, 0xce, 
	0xce, 0xcf, 0xd2, 0xd2, 0xd1, 0xcf, 0xce, 0xd0, 
	0xd1, 0xd2, 0xd2, 0xd3, 0xd5, 0xd7, 0xd8, 0xd9, 
	0xda, 0xd9, 0xd9, 0xd8, 0xd9, 0xd8, 0xd8, 0xd9, 
	0xe2, 0xe0, 0xdf, 0xde, 0xde, 0xde, 0xdd, 0xdb, 
	0xd9, 0xd7, 0xd7, 0xd7, 0xd9, 0xd9, 0xd9, 0xd6, 
	0xd2, 0xcd, 0xcb, 0xc8, 0xc7, 0xc6, 0xc3, 0xc2, 
	0xc3, 0xc3, 0xc4, 0xc4, 0xc5, 0xc6, 0xc6, 0xc6, 
	0xc8, 0xcb, 0xcb, 0xcb, 0xca, 0xcd, 0xcd, 0xce, 
	0xce, 0xd0, 0xd3, 0xd3, 0xd1, 0xcf, 0xce, 0xce, 
	0xd0, 0xd2, 0xd4, 0xd4, 0xd5, 0xd5, 0xd6, 0xd7, 
	0xd7, 0xd7, 0xd7, 0xd7, 0xd7, 0xd7, 0xd7, 0xd7, 
	0xe4, 0xe4, 0xe0, 0xde, 0xde, 0xde, 0xde, 0xde, 
	0xde, 0xdc, 0xdb, 0xd8, 0xd8, 0xd7, 0xd9, 0xd7, 
	0xd3, 0xce, 0xca, 0xc8, 0xc7, 0xc7, 0xc6, 0xc1, 
	0xc0, 0xc1, 0xc3, 0xc4, 0xc5, 0xc5, 0xc5, 0xc6, 
	0xc6, 0xca, 0xca, 0xcb, 0xcc, 0xce, 0xce, 0xd0, 
	0xd0, 0xd3, 0xd4, 0xd3, 0xd1, 0xce, 0xcd, 0xd0, 
	0xd0, 0xd3, 0xd6, 0xd7, 0xd7, 0xd7, 0xd6, 0xd5, 
	0xd6, 0xd7, 0xd7, 0xd7, 0xd7, 0xd6, 0xd6, 0xd6, 
	0xe3, 0xe2, 0xe0, 0xdf, 0xde, 0xde, 0xe0, 0xde, 
	0xde, 0xdd, 0xdc, 0xdb, 0xda, 0xdb, 0xdb, 0xd9, 
	0xd6, 0xd0, 0xcc, 0xca, 0xc8, 0xc7, 0xc5, 0xc1, 
	0xc1, 0xc1, 0xc2, 0xc4, 0xc4, 0xc4, 0xc4, 0xc6, 
	0xc7, 0xc8, 0xca, 0xcb, 0xcc, 0xcd, 0xce, 0xd0, 
	0xd0, 0xd1, 0xd2, 0xd1, 0xd0, 0xcf, 0xce, 0xd3, 
	0xd2, 0xd3, 0xd2, 0xd3, 0xd5, 0xd7, 0xd8, 0xd6, 
	0xd5, 0xd3, 0xd3, 0xd2, 0xd4, 0xd5, 0xd7, 0xde, 
	0xe0, 0xe0, 0xdf, 0xdd, 0xdd, 0xdf, 0xe0, 0xe1, 
	0xe0, 0xde, 0xde, 0xdd, 0xdc, 0xdc, 0xdb, 0xdb, 
	0xd7, 0xd1, 0xce, 0xcd, 0xcb, 0xc7, 0xc6, 0xc2, 
	0xc0, 0xc1, 0xc1, 0xc2, 0xc3, 0xc3, 0xc3, 0xc5, 
	0xc5, 0xc7, 0xc8, 0xcb, 0xcb, 0xcd, 0xce, 0xd0, 
	0xd0, 0xd1, 0xd1, 0xd1, 0xd0, 0xd0, 0xcf, 0xd3, 
	0xd2, 0xd2, 0xd0, 0xd1, 0xd3, 0xd6, 0xd6, 0xd9, 
	0xd9, 0xd8, 0xd8, 0xd7, 0xd9, 0xdb, 0xdb, 0xd4, 
	0xe0, 0xe0, 0xde, 0xde, 0xdf, 0xe0, 0xe1, 0xe2, 
	0xe1, 0xe0, 0xde, 0xde, 0xdd, 0xdc, 0xdb, 0xda, 
	0xd7, 0xd3, 0xcf, 0xcc, 0xcb, 0xc7, 0xc5, 0xc3, 
	0xc2, 0xc1, 0xc1, 0xc2, 0xc3, 0xc3, 0xc3, 0xc5, 
	0xc6, 0xc7, 0xc8, 0xca, 0xcc, 0xcc, 0xcd, 0xd0, 
	0xcf, 0xd0, 0xd0, 0xd0, 0xd1, 0xd1, 0xd1, 0xd0, 
	0xd1, 0xd4, 0xd4, 0xd3, 0xd4, 0xd4, 0xd5, 0xd5, 
	0xd6, 0xd8, 0xd9, 0xda, 0xdb, 0xda, 0xd9, 0xdc, 
	0xe2, 0xe0, 0xe0, 0xdf, 0xe0, 0xe0, 0xe1, 0xe2, 
	0xe0, 0xdf, 0xde, 0xdd, 0xdd, 0xdc, 0xdb, 0xd7, 
	0xd6, 0xd1, 0xce, 0xcd, 0xcc, 0xc8, 0xc5, 0xc4, 
	0xc3, 0xc2, 0xc1, 0xc2, 0xc3, 0xc4, 0xc3, 0xc6, 
	0xc5, 0xc7, 0xc8, 0xc8, 0xcb, 0xcd, 0xcd, 0xce, 
	0xce, 0xcf, 0xcf, 0xcf, 0xd0, 0xd0, 0xcf, 0xcf, 
	0xd0, 0xd2, 0xd3, 0xd3, 0xd5, 0xd7, 0xd8, 0xe0, 
	0xe0, 0xe1, 0xe2, 0xe4, 0xe4, 0xe4, 0xe4, 0xdf, 
	0xe2, 0xe0, 0xde, 0xde, 0xde, 0xdf, 0xde, 0xdd, 
	0xdc, 0xdb, 0xdb, 0xde, 0xde, 0xdd, 0xdc, 0xd7, 
	0xd4, 0xd1, 0xce, 0xce, 0xcc, 0xca, 0xc6, 0xc5, 
	0xc3, 0xc2, 0xc1, 0xc1, 0xc3, 0xc4, 0xc5, 0xc5, 
	0xc5, 0xc7, 0xc8, 0xcb, 0xcc, 0xcd, 0xcd, 0xcd, 
	0xcd, 0xcf, 0xd0, 0xd1, 0xd1, 0xd0, 0xcf, 0xcf, 
	0xce, 0xce, 0xce, 0xd0, 0xd5, 0xdb, 0xde, 0xe3, 
	0xe2, 0xe0, 0xdf, 0xe1, 0xe2, 0xe4, 0xe7, 0xe8, 
	0xe1, 0xde, 0xde, 0xde, 0xde, 0xdc, 0xdb, 0xda, 
	0xd9, 0xd8, 0xdb, 0xdd, 0xde, 0xde, 0xdc, 0xd7, 
	0xd5, 0xd2, 0xd0, 0xce, 0xce, 0xcb, 0xc7, 0xc5, 
	0xc2, 0xc1, 0xbf, 0xc0, 0xc3, 0xc4, 0xc5, 0xc6, 
	0xc6, 0xc8, 0xca, 0xcb, 0xcc, 0xcd, 0xce, 0xce, 
	0xcf, 0xd1, 0xd4, 0xd4, 0xd4, 0xd0, 0xce, 0xce, 
	0xce, 0xce, 0xce, 0xd1, 0xd7, 0xdf, 0xe4, 0xea, 
	0xe9, 0xe6, 0xe4, 0xe4, 0xe6, 0xe8, 0xe9, 0xe6, 
	0xe2, 0xe1, 0xe0, 0xe0, 0xe0, 0xde, 0xdb, 0xda, 
	0xd8, 0xd9, 0xdb, 0xdc, 0xde, 0xdc, 0xdb, 0xd9, 
	0xd7, 0xd4, 0xd2, 0xd0, 0xce, 0xcc, 0xc8, 0xc4, 
	0xc1, 0xc1, 0xbd, 0xbf, 0xc2, 0xc4, 0xc5, 0xc7, 
	0xc6, 0xc8, 0xca, 0xcb, 0xcd, 0xce, 0xce, 0xd0, 
	0xd2, 0xd6, 0xd7, 0xd8, 0xd7, 0xd2, 0xd1, 0xcf, 
	0xd1, 0xd4, 0xd7, 0xdb, 0xe0, 0xe6, 0xe9, 0xe9, 
	0xe9, 0xe6, 0xe4, 0xe4, 0xe4, 0xe5, 0xe4, 0xe6, 
	0xe4, 0xe2, 0xe0, 0xe0, 0xe0, 0xe0, 0xdf, 0xdf, 
	0xdd, 0xdb, 0xdc, 0xdd, 0xdd, 0xdb, 0xd9, 0xd5, 
	0xd4, 0xd1, 0xd0, 0xce, 0xce, 0xcd, 0xcb, 0xc6, 
	0xc4, 0xbf, 0xbd, 0xc1, 0xc3, 0xc6, 0xc5, 0xc5, 
	0xc7, 0xc8, 0xca, 0xcb, 0xcc, 0xcd, 0xce, 0xd2, 
	0xd4, 0xd7, 0xd7, 0xd5, 0xd2, 0xd1, 0xd0, 0xd1, 
	0xd4, 0xd8, 0xdd, 0xe1, 0xe4, 0xe5, 0xe6, 0xe2, 
	0xe0, 0xde, 0xdb, 0xda, 0xda, 0xd9, 0xd9, 0xdb, 
	0xe9, 0xe6, 0xe5, 0xe4, 0xe3, 0xe2, 0xe0, 0xde, 
	0xdb, 0xd9, 0xd7, 0xd7, 0xd7, 0xd5, 0xd4, 0xd4, 
	0xd4, 0xd1, 0xd0, 0xce, 0xca, 0xc6, 0xc4, 0xc6, 
	0xc4, 0xc0, 0xc0, 0xc2, 0xc5, 0xc5, 0xc4, 0xc6, 
	0xc7, 0xc8, 0xcb, 0xcb, 0xce, 0xce, 0xce, 0xce, 
	0xce, 0xd0, 0xd2, 0xd3, 0xd2, 0xd0, 0xcf, 0xd5, 
	0xd5, 0xd7, 0xd8, 0xda, 0xda, 0xdb, 0xda, 0xd5, 
	0xd5, 0xd4, 0xd5, 0xd7, 0xd8, 0xdb, 0xda, 0xdb, 
	0xe9, 0xe5, 0xe6, 0xe5, 0xe3, 0xe1, 0xe0, 0xe0, 
	0xdf, 0xdd, 0xdb, 0xdb, 0xdb, 0xdc, 0xdc, 0xdf, 
	0xe0, 0xdf, 0xde, 0xdb, 0xd7, 0xd0, 0xcd, 0xc6, 
	0xc4, 0xc1, 0xc1, 0xc2, 0xc4, 0xc6, 0xc5, 0xc6, 
	0xc7, 0xca, 0xcb, 0xcd, 0xce, 0xce, 0xcf, 0xce, 
	0xce, 0xce, 0xd0, 0xd2, 0xd2, 0xd1, 0xce, 0xcf, 
	0xd0, 0xd2, 0xd3, 0xd6, 0xd5, 0xd6, 0xd6, 0xd7, 
	0xd8, 0xd9, 0xda, 0xdb, 0xdd, 0xde, 0xde, 0xdb, 
	0xe4, 0xe0, 0xe2, 0xe4, 0xe2, 0xe0, 0xe0, 0xe2, 
	0xe1, 0xe0, 0xe0, 0xde, 0xde, 0xdf, 0xe0, 0xe3, 
	0xe4, 0xe4, 0xe5, 0xe2, 0xde, 0xd7, 0xd2, 0xc5, 
	0xc4, 0xc2, 0xc1, 0xc2, 0xc5, 0xc6, 0xc6, 0xc8, 
	0xc7, 0xcb, 0xcc, 0xcd, 0xce, 0xcf, 0xcf, 0xd1, 
	0xd2, 0xd1, 0xd2, 0xd4, 0xd3, 0xd0, 0xce, 0xcb, 
	0xcd, 0xd0, 0xd2, 0xd5, 0xd7, 0xda, 0xdb, 0xdb, 
	0xdb, 0xde, 0xde, 0xdf, 0xdf, 0xdf, 0xdf, 0xe0, 
	0xe5, 0xe2, 0xe2, 0xe3, 0xe1, 0xe0, 0xe0, 0xde, 
	0xde, 0xdd, 0xdb, 0xd7, 0xd4, 0xd2, 0xd1, 0xd7, 
	0xd8, 0xd9, 0xdb, 0xd8, 0xd3, 0xcc, 0xc6, 0xc5, 
	0xc4, 0xc2, 0xc2, 0xc3, 0xc4, 0xc6, 0xc6, 0xc8, 
	0xc8, 0xcb, 0xcc, 0xce, 0xce, 0xd0, 0xcf, 0xd1, 
	0xd2, 0xd5, 0xd5, 0xd3, 0xd1, 0xd0, 0xcf, 0xce, 
	0xd0, 0xd3, 0xd4, 0xd6, 0xd7, 0xd9, 0xdb, 0xdb, 
	0xdd, 0xdf, 0xe0, 0xe1, 0xe2, 0xe3, 0xe3, 0xe5, 
	0xea, 0xe7, 0xe5, 0xe2, 0xe1, 0xdf, 0xde, 0xdb, 
	0xdb, 0xd9, 0xd8, 0xd7, 0xd3, 0xd1, 0xcf, 0xcf, 
	0xd0, 0xd1, 0xd2, 0xcf, 0xcc, 0xc5, 0xc1, 0xc5, 
	0xc6, 0xc4, 0xc3, 0xc3, 0xc4, 0xc6, 0xc7, 0xca, 
	0xc8, 0xcb, 0xcc, 0xce, 0xce, 0xcf, 0xd0, 0xcd, 
	0xd0, 0xd4, 0xd5, 0xd2, 0xd0, 0xcf, 0xcf, 0xd0, 
	0xd2, 0xd3, 0xd5, 0xd5, 0xd7, 0xda, 0xdb, 0xde, 
	0xe0, 0xe2, 0xe3, 0xe3, 0xe2, 0xe4, 0xe5, 0xe8, 
	0xee, 0xeb, 0xe6, 0xe3, 0xe2, 0xe1, 0xde, 0xdf, 
	0xdd, 0xdc, 0xdb, 0xdc, 0xdb, 0xdb, 0xd9, 0xd7, 
	0xd7, 0xd5, 0xd3, 0xd1, 0xce, 0xcb, 0xc6, 0xc5, 
	0xc4, 0xc5, 0xc3, 0xc3, 0xc4, 0xc6, 0xc7, 0xca, 
	0xca, 0xcc, 0xcd, 0xce, 0xce, 0xcf, 0xce, 0xcd, 
	0xd0, 0xd3, 0xd5, 0xd5, 0xd3, 0xd1, 0xcf, 0xce, 
	0xd1, 0xd4, 0xd6, 0xd7, 0xda, 0xde, 0xe1, 0xe1, 
	0xe3, 0xe3, 0xe2, 0xe2, 0xe0, 0xe1, 0xe2, 0xe8, 
	0xee, 0xed, 0xe7, 0xe4, 0xe7, 0xe6, 0xe3, 0xe2, 
	0xe0, 0xdc, 0xdb, 0xdc, 0xdc, 0xdb, 0xda, 0xdb, 
	0xd8, 0xd5, 0xd3, 0xcf, 0xcd, 0xc7, 0xc5, 0xc6, 
	0xc4, 0xc5, 0xc5, 0xc3, 0xc5, 0xc6, 0xc8, 0xcb, 
	0xcb, 0xcd, 0xce, 0xce, 0xce, 0xce, 0xce, 0xd1, 
	0xd2, 0xd5, 0xd7, 0xd9, 0xd7, 0xd2, 0xcf, 0xd0, 
	0xd2, 0xd7, 0xd8, 0xd9, 0xdb, 0xe0, 0xe4, 0xe7, 
	0xe8, 0xe9, 0xe9, 0xe7, 0xe7, 0xe8, 0xea, 0xeb, 
	0xe6, 0xe3, 0xe0, 0xdf, 0xe1, 0xe2, 0xe2, 0xe1, 
	0xe0, 0xde, 0xde, 0xde, 0xdd, 0xde, 0xdc, 0xda, 
	0xd9, 0xd7, 0xd5, 0xd1, 0xce, 0xca, 0xc5, 0xc5, 
	0xc4, 0xc5, 0xc5, 0xc6, 0xc7, 0xc8, 0xca, 0xca, 
	0xcb, 0xcc, 0xcd, 0xcd, 0xce, 0xce, 0xce, 0xcf, 
	0xd0, 0xd3, 0xd4, 0xd4, 0xd3, 0xd0, 0xce, 0xd0, 
	0xd2, 0xd6, 0xdb, 0xe0, 0xe4, 0xe6, 0xe7, 0xe7, 
	0xe7, 0xe9, 0xe7, 0xe5, 0xe4, 0xe4, 0xe4, 0xe7, 
	0xe5, 0xe2, 0xe0, 0xdf, 0xe0, 0xe0, 0xde, 0xde, 
	0xdd, 0xdc, 0xdb, 0xdb, 0xdb, 0xd9, 0xd8, 0xd7, 
	0xd6, 0xd4, 0xd2, 0xcf, 0xcd, 0xc7, 0xc5, 0xc4, 
	0xc4, 0xc5, 0xc4, 0xc5, 0xc6, 0xc7, 0xc8, 0xc8, 
	0xcb, 0xcc, 0xcc, 0xcd, 0xcd, 0xce, 0xcf, 0xce, 
	0xcf, 0xd0, 0xd2, 0xd1, 0xd1, 0xcf, 0xce, 0xd2, 
	0xd4, 0xd6, 0xd7, 0xd7, 0xd7, 0xda, 0xdb, 0xdb, 
	0xdc, 0xde, 0xde, 0xdd, 0xdb, 0xdc, 0xdd, 0xdd, 
	0xe8, 0xe6, 0xe2, 0xe0, 0xe0, 0xdf, 0xde, 0xdc, 
	0xdb, 0xdb, 0xdb, 0xd9, 0xd8, 0xd7, 0xd4, 0xd5, 
	0xd3, 0xd2, 0xd0, 0xce, 0xcb, 0xc7, 0xc5, 0xc4, 
	0xc4, 0xc4, 0xc4, 0xc4, 0xc5, 0xc7, 0xc7, 0xca, 
	0xca, 0xcb, 0xcc, 0xcd, 0xce, 0xce, 0xce, 0xce, 
	0xcf, 0xd1, 0xd2, 0xd2, 0xd1, 0xcf, 0xce, 0xce, 
	0xd0, 0xd5, 0xd6, 0xd6, 0xd8, 0xdc, 0xdf, 0xdc, 
	0xde, 0xe0, 0xe0, 0xe0, 0xe0, 0xe1, 0xe2, 0xdf, 
	0xec, 0xea, 0xe6, 0xe4, 0xe3, 0xe1, 0xdf, 0xdc, 
	0xdc, 0xdb, 0xdb, 0xdb, 0xd9, 0xd7, 0xd5, 0xd6, 
	0xd5, 0xd3, 0xd1, 0xce, 0xcd, 0xc8, 0xc6, 0xc4, 
	0xc4, 0xc5, 0xc4, 0xc4, 0xc6, 0xc8, 0xc8, 0xca, 
	0xcb, 0xcc, 0xcd, 0xce, 0xce, 0xce, 0xce, 0xcf, 
	0xd1, 0xd4, 0xd5, 0xd5, 0xd3, 0xd0, 0xcf, 0xce, 
	0xd0, 0xd3, 0xd4, 0xd5, 0xd6, 0xdb, 0xdd, 0xde, 
	0xe0, 0xe1, 0xe2, 0xe1, 0xe0, 0xe1, 0xe2, 0xe5, 
	0xec, 0xe9, 0xe6, 0xe3, 0xe3, 0xe3, 0xe2, 0xe0, 
	0xdf, 0xdd, 0xdb, 0xdb, 0xdb, 0xdb, 0xdb, 0xd9, 
	0xd8, 0xd6, 0xd3, 0xcf, 0xce, 0xcb, 0xc7, 0xc5, 
	0xc5, 0xc5, 0xc5, 0xc5, 0xc6, 0xc8, 0xc8, 0xc8, 
	0xcb, 0xcb, 0xcd, 0xcd, 0xce, 0xce, 0xcf, 0xcf, 
	0xd2, 0xd6, 0xd7, 0xd7, 0xd5, 0xd2, 0xcf, 0xd0, 
	0xd1, 0xd3, 0xd6, 0xdb, 0xde, 0xe1, 0xe3, 0xe6, 
	0xe7, 0xe8, 0xe7, 0xe7, 0xe6, 0xe5, 0xe6, 0xe8, 
	0xe7, 0xe4, 0xe1, 0xe0, 0xe2, 0xe2, 0xe1, 0xe0, 
	0xe0, 0xde, 0xdc, 0xdc, 0xdd, 0xdd, 0xdd, 0xdb, 
	0xd8, 0xd7, 0xd3, 0xcf, 0xce, 0xcb, 0xc7, 0xc5, 
	0xc5, 0xc5, 0xc6, 0xc6, 0xc7, 0xc8, 0xca, 0xca, 
	0xcb, 0xcc, 0xcc, 0xce, 0xce, 0xce, 0xcf, 0xce, 
	0xd0, 0xd4, 0xd7, 0xd7, 0xd4, 0xcf, 0xce, 0xd1, 
	0xd2, 0xd4, 0xd9, 0xdf, 0xe4, 0xe7, 0xe8, 0xe8, 
	0xe9, 0xea, 0xe9, 0xe7, 0xe6, 0xe6, 0xe6, 0xe6, 
	0xe3, 0xe1, 0xdf, 0xe0, 0xe0, 0xe0, 0xe0, 0xdf, 
	0xde, 0xdd, 0xdc, 0xdc, 0xdc, 0xda, 0xdb, 0xd7, 
	0xd7, 0xd3, 0xd0, 0xcd, 0xcb, 0xc8, 0xc7, 0xc5, 
	0xc5, 0xc4, 0xc4, 0xc6, 0xc6, 0xc7, 0xc8, 0xca, 
	0xcb, 0xcb, 0xcc, 0xcd, 0xce, 0xce, 0xce, 0xce, 
	0xd0, 0xd1, 0xd3, 0xd2, 0xd1, 0xcf, 0xce, 0xd2, 
	0xd3, 0xd4, 0xd6, 0xd7, 0xd7, 0xda, 0xd9, 0xdb, 
	0xdc, 0xde, 0xde, 0xdc, 0xdb, 0xdc, 0xdc, 0xde, 
	0xe4, 0xe2, 0xe1, 0xe0, 0xe1, 0xdf, 0xdd, 0xde, 
	0xdc, 0xdb, 0xdb, 0xda, 0xd9, 0xd7, 0xd6, 0xd4, 
	0xd2, 0xd0, 0xcd, 0xcb, 0xc8, 0xc6, 0xc5, 0xc4, 
	0xc4, 0xc4, 0xc4, 0xc5, 0xc5, 0xc8, 0xc7, 0xcb, 
	0xcb, 0xcc, 0xcc, 0xcd, 0xce, 0xce, 0xce, 0xd0, 
	0xcf, 0xd0, 0xd0, 0xd0, 0xd0, 0xcf, 0xcf, 0xcc, 
	0xd0, 0xd4, 0xd4, 0xd5, 0xd6, 0xd8, 0xdb, 0xdc, 
	0xde, 0xe0, 0xe1, 0xe1, 0xe0, 0xe2, 0xe3, 0xe0, 
	0xe9, 0xe7, 0xe2, 0xdf, 0xe0, 0xdf, 0xdc, 0xdd, 
	0xdd, 0xdb, 0xd9, 0xd8, 0xda, 0xd9, 0xd7, 0xd7, 
	0xd5, 0xcf, 0xce, 0xcc, 0xca, 0xc7, 0xc5, 0xc3, 
	0xc3, 0xc4, 0xc4, 0xc4, 0xc5, 0xc6, 0xc6, 0xca, 
	0xca, 0xcb, 0xcc, 0xcd, 0xce, 0xce, 0xce, 0xcf, 
	0xd1, 0xd2, 0xd3, 0xd2, 0xd1, 0xcf, 0xcf, 0xd0, 
	0xd1, 0xd1, 0xd1, 0xd6, 0xda, 0xdb, 0xdb, 0xe0, 
	0xe0, 0xdd, 0xde, 0xe2, 0xe1, 0xdf, 0xe0, 0xe4, 
	0xe9, 0xe6, 0xe2, 0xe0, 0xe1, 0xe0, 0xdf, 0xde, 
	0xde, 0xdc, 0xda, 0xd9, 0xda, 0xda, 0xd8, 0xd7, 
	0xd4, 0xd0, 0xce, 0xcc, 0xcb, 0xc7, 0xc4, 0xc3, 
	0xc3, 0xc4, 0xc3, 0xc5, 0xc5, 0xc7, 0xc7, 0xc8, 
	0xc8, 0xcb, 0xcc, 0xcc, 0xce, 0xce, 0xce, 0xcf, 
	0xd1, 0xd3, 0xd4, 0xd2, 0xd0, 0xcf, 0xcf, 0xd0, 
	0xd1, 0xd3, 0xd5, 0xd7, 0xdb, 0xdd, 0xdb, 0xe0, 
	0xe2, 0xe0, 0xdf, 0xe2, 0xe2, 0xe0, 0xe0, 0xe3, 
	0xe6, 0xe4, 0xe0, 0xdf, 0xe1, 0xe1, 0xde, 0xde, 
	0xde, 0xdd, 0xdb, 0xda, 0xdb, 0xda, 0xda, 0xd8, 
	0xd5, 0xd0, 0xce, 0xcd, 0xca, 0xc6, 0xc4, 0xc3, 
	0xc3, 0xc4, 0xc4, 0xc5, 0xc5, 0xc6, 0xc6, 0xc7, 
	0xc8, 0xca, 0xca, 0xcc, 0xcc, 0xcd, 0xce, 0xcf, 
	0xd1, 0xd3, 0xd3, 0xd2, 0xd1, 0xcf, 0xcf, 0xd0, 
	0xd2, 0xd5, 0xd7, 0xd9, 0xdd, 0xde, 0xde, 0xde, 
	0xe3, 0xe2, 0xdd, 0xde, 0xdf, 0xde, 0xdc, 0xe3, 
	
};

Gfx wf_dl__2EB6628BD0351A22F3163295E64E9B63_ci4_ci4_aligner[] = {gsSPEndDisplayList()};
u8 wf_dl__2EB6628BD0351A22F3163295E64E9B63_ci4_ci4[] = {
	0x00, 0x12, 0x22, 0x22, 0x13, 0x23, 0x13, 0x14, 
	0x45, 0x51, 0x61, 0x12, 0x22, 0x32, 0x22, 0x25, 
	0x05, 0x41, 0x77, 0x88, 0x88, 0x34, 0x33, 0x10, 
	0x05, 0x55, 0x00, 0x06, 0x39, 0x88, 0x21, 0x00, 
	0x09, 0x98, 0x82, 0x21, 0x27, 0x78, 0x27, 0x21, 
	0x45, 0x18, 0x76, 0x28, 0x88, 0x78, 0x82, 0x61, 
	0x15, 0x41, 0x87, 0x88, 0x87, 0x73, 0x77, 0x78, 
	0x65, 0x68, 0xa0, 0x18, 0x78, 0x88, 0x78, 0x21, 
	0x07, 0x98, 0x78, 0x73, 0x28, 0x88, 0x97, 0x36, 
	0x15, 0x67, 0x89, 0x88, 0x88, 0x88, 0x87, 0x77, 
	0x25, 0x22, 0x87, 0x78, 0x87, 0x92, 0x88, 0x77, 
	0x30, 0x97, 0xa1, 0x28, 0x88, 0x77, 0x88, 0x86, 
	0x58, 0x98, 0x88, 0x88, 0x98, 0x89, 0x98, 0x66, 
	0x65, 0x68, 0x88, 0x88, 0x88, 0x88, 0x88, 0x88, 
	0x95, 0x18, 0x87, 0x78, 0x87, 0x98, 0x87, 0x77, 
	0x30, 0x88, 0x73, 0x18, 0x88, 0x77, 0x78, 0x83, 
	0x57, 0x98, 0x88, 0x88, 0x88, 0x88, 0x88, 0x66, 
	0x65, 0x67, 0x88, 0x89, 0x88, 0x88, 0x88, 0x88, 
	0x95, 0x12, 0x87, 0x88, 0x88, 0x28, 0x87, 0x78, 
	0x35, 0x88, 0x73, 0x68, 0x88, 0x77, 0x77, 0x83, 
	0x57, 0x88, 0x88, 0x88, 0x87, 0x78, 0x89, 0x66, 
	0x65, 0x37, 0x88, 0x89, 0x88, 0x78, 0x88, 0x88, 
	0x90, 0x12, 0x77, 0x88, 0x89, 0x98, 0x87, 0x78, 
	0x35, 0x88, 0x73, 0x37, 0x88, 0x77, 0x77, 0x83, 
	0x47, 0x88, 0x88, 0x88, 0x87, 0x78, 0x89, 0x66, 
	0x65, 0x37, 0x88, 0x89, 0x88, 0x79, 0x88, 0x88, 
	0x20, 0x66, 0x77, 0x88, 0x88, 0x98, 0x87, 0x88, 
	0x34, 0x88, 0x78, 0x98, 0x88, 0x77, 0x77, 0x83, 
	0x68, 0x88, 0x87, 0x88, 0x88, 0x77, 0x99, 0x66, 
	0x65, 0x37, 0x88, 0x89, 0x77, 0x79, 0x87, 0x78, 
	0x36, 0x63, 0x77, 0x88, 0x77, 0xba, 0x87, 0x78, 
	0x36, 0x87, 0x7c, 0xad, 0xaa, 0xed, 0x7a, 0x83, 
	0x68, 0x88, 0x88, 0x88, 0x88, 0x87, 0x98, 0x36, 
	0x65, 0x67, 0x88, 0x87, 0xee, 0xee, 0xaa, 0xaa, 
	0xdd, 0xda, 0xaa, 0xaa, 0xae, 0xaa, 0xaa, 0xaa, 
	0xaa, 0xba, 0xdc, 0xa6, 0xde, 0xcd, 0xce, 0xde, 
	0xdb, 0xee, 0xa7, 0x97, 0xaa, 0xbe, 0xea, 0xb3, 
	0x61, 0xbe, 0xee, 0xee, 0xab, 0xba, 0xab, 0xba, 
	0xaa, 0xad, 0xd3, 0xdb, 0xba, 0xdd, 0x6d, 0xdd, 
	0xda, 0xa3, 0x6d, 0xd6, 0x1b, 0xed, 0xbd, 0xde, 
	0xbc, 0xbb, 0xeb, 0xaa, 0xee, 0xee, 0xd3, 0xda, 
	0xd3, 0xed, 0xdb, 0xbd, 0xdd, 0x66, 0x61, 0x11, 
	0x3d, 0x36, 0x66, 0x66, 0x33, 0x61, 0x66, 0x66, 
	0x3b, 0x36, 0x66, 0x63, 0x26, 0x66, 0x66, 0x63, 
	0x6a, 0xd6, 0x66, 0xdb, 0xed, 0xd6, 0x16, 0x16, 
	0xbd, 0xe6, 0x16, 0x11, 0x11, 0x63, 0x63, 0x31, 
	0x16, 0x99, 0x22, 0x33, 0x66, 0x63, 0x82, 0x66, 
	0x3d, 0x62, 0x23, 0x28, 0x86, 0x63, 0x23, 0x31, 
	0xb6, 0x11, 0x66, 0x66, 0xd1, 0x16, 0x32, 0x31, 
	0x3d, 0x63, 0x33, 0x33, 0x63, 0x27, 0x99, 0x82, 
	0x10, 0x28, 0x87, 0x88, 0x22, 0x28, 0x77, 0x99, 
	0x34, 0x28, 0x78, 0x88, 0x88, 0x78, 0x88, 0x96, 
	0xb3, 0x23, 0x99, 0x36, 0x11, 0x38, 0x88, 0x21, 
	0x6d, 0x39, 0x78, 0x29, 0x98, 0x87, 0x98, 0x87, 
	0x30, 0x99, 0x98, 0x77, 0x88, 0x78, 0x78, 0x98, 
	0x34, 0x28, 0x88, 0x78, 0x89, 0x88, 0x88, 0x96, 
	0xb3, 0x78, 0x87, 0x82, 0x32, 0x87, 0x88, 0x26, 
	0x10, 0x28, 0x78, 0x29, 0x87, 0x77, 0x98, 0x87, 
	0x25, 0x99, 0x98, 0x87, 0x89, 0x78, 0x78, 0x98, 
	0x35, 0x28, 0x88, 0x78, 0x99, 0x88, 0x88, 0x96, 
	0xb2, 0x78, 0x87, 0x89, 0x88, 0x87, 0x88, 0x26, 
	0x60, 0x28, 0x78, 0x29, 0x88, 0x88, 0x98, 0x88, 
	0x35, 0x99, 0x87, 0x88, 0x89, 0x78, 0x79, 0x98, 
	0x35, 0x28, 0x88, 0x78, 0x99, 0x78, 0x88, 0x96, 
	0x03, 0x78, 0x87, 0x89, 0x88, 0x87, 0x88, 0x26, 
	0x60, 0x28, 0x78, 0x29, 0x88, 0x88, 0x98, 0x88, 
	0x30, 0x99, 0x87, 0x87, 0x89, 0x88, 0x79, 0x98, 
	0x33, 0x27, 0x88, 0x88, 0x99, 0x78, 0x88, 0x96, 
	0x03, 0x78, 0x87, 0x89, 0x98, 0x88, 0x88, 0x26, 
	0x60, 0x27, 0x79, 0x29, 0x88, 0x88, 0x88, 0x88, 
	0x36, 0x29, 0x87, 0x87, 0x88, 0x88, 0x89, 0x98, 
	0x33, 0x88, 0x88, 0x88, 0x99, 0x78, 0x88, 0x26, 
	0x53, 0x78, 0x87, 0x79, 0x98, 0x88, 0x88, 0x26, 
	0x61, 0x37, 0x79, 0x99, 0x88, 0x78, 0x88, 0x88, 
	0x36, 0x99, 0x87, 0x88, 0x88, 0x88, 0x89, 0x98, 
	0x32, 0x88, 0x88, 0x78, 0x99, 0x78, 0x88, 0x96, 
	0x53, 0x78, 0x87, 0x79, 0x98, 0x88, 0x88, 0x26, 
	0x61, 0x37, 0x79, 0x99, 0x88, 0x88, 0x88, 0x88, 
	0x36, 0x99, 0x87, 0x88, 0x88, 0x78, 0x89, 0x89, 
	0x32, 0x88, 0x88, 0x88, 0x99, 0x78, 0x88, 0x96, 
	0x56, 0x78, 0x87, 0x79, 0x98, 0x88, 0x88, 0x96, 
	0x66, 0x37, 0x79, 0x99, 0x87, 0x88, 0x88, 0x78, 
	0x36, 0x98, 0x87, 0x88, 0x88, 0x88, 0x89, 0x83, 
	0x32, 0x88, 0x88, 0x88, 0x89, 0x88, 0x88, 0x86, 
	0x56, 0x87, 0x87, 0x78, 0x98, 0x88, 0x88, 0x96, 
	0x66, 0x67, 0x79, 0x99, 0x87, 0x88, 0x88, 0x78, 
	0x36, 0x98, 0x77, 0x88, 0x88, 0x88, 0x99, 0x73, 
	0x32, 0x88, 0x88, 0x88, 0x89, 0x88, 0x88, 0x83, 
	0x56, 0x88, 0x87, 0x78, 0x98, 0x88, 0x88, 0x83, 
	0x66, 0x37, 0x89, 0x89, 0x87, 0x88, 0x88, 0x88, 
	0x36, 0x98, 0x77, 0x88, 0x88, 0x88, 0x98, 0x83, 
	0x32, 0x88, 0x88, 0x88, 0x78, 0x88, 0x88, 0x83, 
	0x56, 0x78, 0x87, 0x77, 0x98, 0x88, 0x98, 0x82, 
	0x66, 0x37, 0x89, 0x89, 0x87, 0x89, 0x98, 0x88, 
	0x36, 0x98, 0x78, 0x88, 0x88, 0x88, 0x98, 0x93, 
	0x32, 0x88, 0x88, 0x88, 0x88, 0x88, 0x88, 0x83, 
	0x56, 0x88, 0x87, 0x77, 0x88, 0x88, 0x98, 0x89, 
	0x66, 0x38, 0x98, 0x89, 0x87, 0x89, 0x98, 0x88, 
	0x36, 0x28, 0x78, 0x88, 0x88, 0x88, 0x98, 0x93, 
	0x38, 0x88, 0x88, 0x88, 0x88, 0x88, 0x88, 0x83, 
	0x51, 0x88, 0x87, 0x77, 0x98, 0x88, 0x99, 0x88, 
	0x66, 0x38, 0x98, 0x99, 0x87, 0x89, 0x98, 0x88, 
	0x36, 0x28, 0x79, 0x98, 0x88, 0x88, 0x98, 0x83, 
	0x38, 0x88, 0x88, 0x88, 0x88, 0x88, 0x88, 0x83, 
	0x51, 0x88, 0x87, 0x78, 0x98, 0x88, 0x99, 0x88, 
	0x36, 0x38, 0x88, 0x99, 0x87, 0x89, 0x98, 0x88, 
	0x36, 0x28, 0x79, 0x88, 0x88, 0x88, 0x98, 0x83, 
	0x38, 0x88, 0x88, 0x88, 0x88, 0x88, 0x88, 0x83, 
	0x51, 0x88, 0x88, 0x78, 0x98, 0x88, 0x99, 0x88, 
	0x36, 0x38, 0x88, 0x99, 0x87, 0x89, 0x98, 0x88, 
	0x36, 0x27, 0x78, 0x98, 0x77, 0x88, 0x98, 0x73, 
	0x38, 0x88, 0x88, 0x88, 0x88, 0x88, 0x88, 0x86, 
	0x41, 0x88, 0x88, 0x78, 0x98, 0x88, 0x99, 0x87, 
	0x36, 0x38, 0x88, 0x99, 0x87, 0x89, 0x98, 0x78, 
	0x66, 0x97, 0x78, 0x99, 0x87, 0x88, 0x98, 0x73, 
	0x38, 0x88, 0x88, 0x87, 0x88, 0x88, 0x88, 0x83, 
	0x44, 0x88, 0x88, 0x78, 0x88, 0x88, 0x99, 0x87, 
	0x36, 0x38, 0x88, 0x99, 0x87, 0x89, 0x98, 0x88, 
	0x66, 0x97, 0x78, 0x99, 0x88, 0x98, 0x98, 0x73, 
	0x38, 0x88, 0x88, 0x88, 0x88, 0x88, 0x78, 0x83, 
	0x44, 0x88, 0x88, 0x88, 0x88, 0x88, 0x89, 0x88, 
	0x36, 0x38, 0x88, 0x99, 0x87, 0x89, 0x98, 0x88, 
	0x66, 0x97, 0x78, 0x99, 0x88, 0x88, 0x98, 0x73, 
	0x38, 0x88, 0x88, 0x87, 0x88, 0x88, 0x78, 0x83, 
	0x44, 0x98, 0x88, 0x78, 0x98, 0x88, 0x89, 0x88, 
	0x36, 0x68, 0x88, 0x89, 0x88, 0x89, 0x99, 0x88, 
	0x66, 0x87, 0x79, 0x99, 0x98, 0x88, 0x98, 0x73, 
	0x38, 0x88, 0x89, 0x87, 0x88, 0x88, 0x79, 0x83, 
	0x54, 0x27, 0x88, 0x87, 0x98, 0x88, 0x89, 0x88, 
	0x36, 0x68, 0x88, 0x89, 0x88, 0x88, 0x99, 0x88, 
	0x66, 0x87, 0x79, 0x89, 0x98, 0x88, 0x88, 0x73, 
	0x38, 0x88, 0x89, 0x77, 0x88, 0x88, 0x79, 0x83, 
	0x05, 0x27, 0x88, 0x87, 0x98, 0x88, 0x88, 0x88, 
	0x36, 0x69, 0x88, 0x88, 0x88, 0x88, 0x99, 0x88, 
	0x66, 0x87, 0x78, 0x89, 0x98, 0x98, 0x88, 0x83, 
	0x38, 0x88, 0x89, 0x77, 0x88, 0x88, 0x79, 0x83, 
	0x05, 0x37, 0x88, 0x87, 0x89, 0x88, 0x88, 0x87, 
	0x36, 0x69, 0x88, 0x88, 0x88, 0x89, 0x99, 0x88, 
	0x66, 0x87, 0x78, 0x89, 0x98, 0x88, 0x98, 0x83, 
	0x38, 0x88, 0x89, 0x77, 0x88, 0x88, 0x79, 0x83, 
	0x05, 0x37, 0x88, 0x87, 0x89, 0x88, 0x88, 0x88, 
	0x36, 0x69, 0x88, 0x88, 0x88, 0x89, 0x29, 0x88, 
	0x66, 0x77, 0x79, 0x89, 0x98, 0x88, 0x98, 0x83, 
	0x38, 0x87, 0x89, 0x77, 0x88, 0x88, 0x89, 0x83, 
	0x05, 0x67, 0x88, 0x88, 0x89, 0x88, 0x88, 0x88, 
	0x36, 0x69, 0x78, 0x88, 0x88, 0x88, 0x29, 0x88, 
	0x66, 0x77, 0x78, 0x89, 0x98, 0x88, 0x98, 0x83, 
	0x38, 0x77, 0x89, 0x77, 0x98, 0x88, 0x89, 0x82, 
	0x00, 0x67, 0x78, 0x88, 0x82, 0x88, 0x88, 0x88, 
	0x36, 0x69, 0x78, 0x88, 0x88, 0x88, 0x29, 0x88, 
	0x66, 0x77, 0x78, 0x88, 0x98, 0x88, 0x99, 0x93, 
	0x38, 0x87, 0x89, 0x77, 0x99, 0x88, 0x89, 0x82, 
	0x00, 0x67, 0x78, 0x88, 0x82, 0x88, 0x88, 0x88, 
	0x36, 0x69, 0x78, 0x88, 0x88, 0x88, 0x29, 0x88, 
	0x66, 0x77, 0x79, 0x78, 0x98, 0x88, 0x99, 0x83, 
	0x38, 0x87, 0x89, 0x77, 0x99, 0x78, 0x88, 0x83, 
	0xbb, 0x17, 0x88, 0x89, 0x82, 0x88, 0x98, 0x88, 
	0x26, 0x69, 0x78, 0x88, 0x88, 0x88, 0x29, 0x88, 
	0x66, 0x77, 0x89, 0x78, 0x98, 0x88, 0x89, 0x83, 
	0x38, 0x87, 0x89, 0x87, 0x99, 0x78, 0x88, 0x83, 
	0xbb, 0x18, 0x88, 0x89, 0x89, 0x98, 0x98, 0x88, 
	0x96, 0x68, 0x78, 0x78, 0x88, 0x88, 0x29, 0x88, 
	0x36, 0x77, 0x89, 0x78, 0x98, 0x88, 0x89, 0x83, 
	0x68, 0x87, 0x89, 0x87, 0x82, 0x88, 0x78, 0x83, 
	0xbb, 0x18, 0x78, 0x89, 0x88, 0x98, 0x98, 0x88, 
	0x96, 0x68, 0x78, 0x78, 0x88, 0x78, 0x29, 0x88, 
	0x36, 0x87, 0x89, 0x88, 0x98, 0x88, 0x89, 0x83, 
	0x38, 0x87, 0x89, 0x87, 0x82, 0x88, 0x78, 0x83, 
	0x00, 0xb8, 0x78, 0x89, 0x88, 0x98, 0x98, 0x88, 
	0x86, 0x68, 0x88, 0x78, 0x88, 0x89, 0x29, 0x88, 
	0x36, 0x77, 0x88, 0x88, 0x98, 0x88, 0x88, 0x83, 
	0x68, 0x87, 0x89, 0x87, 0x82, 0x88, 0x78, 0x83, 
	0x00, 0xb9, 0x77, 0x89, 0x88, 0x98, 0x99, 0x88, 
	0x86, 0x68, 0x88, 0x78, 0x88, 0x89, 0x29, 0x98, 
	0x36, 0x77, 0x88, 0x88, 0x98, 0x88, 0x78, 0x83, 
	0x68, 0x87, 0x89, 0x87, 0x82, 0x88, 0x88, 0x83, 
	0x00, 0x02, 0x77, 0x89, 0x88, 0x98, 0x99, 0x88, 
	0x73, 0x67, 0x88, 0x88, 0x88, 0x88, 0x99, 0x98, 
	0x36, 0x77, 0x89, 0x88, 0x98, 0x88, 0x78, 0x83, 
	0x68, 0x87, 0x89, 0x87, 0x82, 0x78, 0x88, 0x83, 
	0x00, 0x03, 0x77, 0x89, 0x88, 0x88, 0x99, 0x88, 
	0x83, 0x67, 0x88, 0x89, 0x88, 0x88, 0x98, 0x98, 
	0x36, 0x87, 0x78, 0x88, 0x98, 0x88, 0x78, 0x83, 
	0x68, 0x87, 0x89, 0x87, 0x83, 0x78, 0x88, 0x83, 
	0x00, 0x03, 0x78, 0x89, 0x88, 0x88, 0x99, 0x88, 
	0x83, 0x67, 0x88, 0x89, 0x88, 0x88, 0x98, 0x88, 
	0x36, 0x87, 0x78, 0x88, 0x98, 0x88, 0x87, 0x73, 
	0x69, 0x88, 0x89, 0x87, 0x83, 0x77, 0x88, 0x83, 
	0x00, 0x06, 0x78, 0x88, 0x89, 0x88, 0x99, 0x88, 
	0x83, 0x67, 0x88, 0x89, 0x88, 0x88, 0x88, 0x88, 
	0x36, 0x87, 0x78, 0x88, 0x97, 0x88, 0x87, 0x73, 
	0x69, 0x88, 0x89, 0x87, 0x93, 0x87, 0x87, 0x83, 
	0x00, 0x06, 0x78, 0x88, 0x89, 0x87, 0x99, 0x88, 
	0x83, 0x67, 0x88, 0x99, 0x88, 0x88, 0x88, 0x88, 
	0x36, 0x87, 0x78, 0x88, 0x97, 0x88, 0x87, 0x83, 
	0x69, 0x88, 0x88, 0x87, 0x93, 0x87, 0x88, 0x83, 
	0x00, 0x06, 0x78, 0x78, 0x89, 0x87, 0x99, 0x88, 
	0x83, 0x67, 0x88, 0x89, 0x88, 0x88, 0x88, 0x88, 
	0x36, 0x77, 0x78, 0x88, 0x97, 0x88, 0x87, 0x83, 
	0x69, 0x88, 0x88, 0x97, 0x93, 0x88, 0x87, 0x83, 
	0x00, 0x06, 0x78, 0x78, 0x88, 0x87, 0x99, 0x88, 
	0x72, 0x68, 0x88, 0x89, 0x98, 0x89, 0x88, 0x88, 
	0x36, 0x77, 0x78, 0x78, 0x97, 0x88, 0x87, 0x93, 
	0x69, 0x88, 0x78, 0x87, 0x29, 0x88, 0x88, 0x83, 
	0x55, 0x06, 0x78, 0x78, 0x88, 0x87, 0x89, 0x88, 
	0x72, 0x68, 0x88, 0x89, 0x98, 0x89, 0x88, 0x88, 
	0x36, 0x77, 0x78, 0x78, 0x97, 0x88, 0x87, 0x93, 
	0xb9, 0x78, 0x88, 0x87, 0x88, 0x88, 0x88, 0x86, 
	0x55, 0x51, 0x78, 0x78, 0x88, 0x87, 0x89, 0x88, 
	0x82, 0x68, 0x88, 0x89, 0x99, 0x89, 0x88, 0x88, 
	0x36, 0x87, 0x78, 0x88, 0x97, 0x88, 0x87, 0x93, 
	0x09, 0x78, 0x88, 0x87, 0x78, 0x88, 0x88, 0x96, 
	0x55, 0x50, 0x38, 0x78, 0x88, 0x87, 0x88, 0x88, 
	0x82, 0x69, 0x88, 0x89, 0x99, 0x89, 0x88, 0x88, 
	0x25, 0x87, 0x78, 0x88, 0x97, 0x88, 0x87, 0x93, 
	0x02, 0x78, 0x78, 0x87, 0x78, 0x88, 0x88, 0x86, 
	0x00, 0x00, 0x66, 0x78, 0x98, 0x87, 0x88, 0x88, 
	0x82, 0x59, 0x88, 0x79, 0x98, 0x89, 0x88, 0x88, 
	0x35, 0x87, 0x78, 0x88, 0x97, 0x88, 0x77, 0x96, 
	0x09, 0x77, 0x78, 0x87, 0x78, 0x88, 0x88, 0x86, 
	0x00, 0x13, 0xd6, 0x36, 0x63, 0x22, 0x33, 0x22, 
	0x22, 0x09, 0x87, 0x79, 0x92, 0x32, 0x88, 0x88, 
	0x25, 0x77, 0x89, 0x26, 0x63, 0x98, 0x79, 0x36, 
	0x13, 0x92, 0x99, 0x92, 0x78, 0x88, 0x88, 0x21, 
	0x11, 0xdd, 0xb6, 0x66, 0x66, 0x66, 0x66, 0x66, 
	0x66, 0x13, 0x22, 0x82, 0x36, 0x16, 0x28, 0x87, 
	0x21, 0x23, 0x66, 0x61, 0x16, 0x63, 0x36, 0x13, 
	0x66, 0x66, 0x66, 0x66, 0x23, 0x22, 0x26, 0x61, 
	0xdd, 0xd1, 0xbb, 0x63, 0xd3, 0x16, 0x66, 0x66, 
	0x63, 0x66, 0x66, 0x36, 0x16, 0x61, 0x63, 0x28, 
	0x31, 0x66, 0x66, 0x63, 0x36, 0x66, 0x66, 0x6b, 
	0xe6, 0x16, 0x11, 0x66, 0x66, 0x66, 0x61, 0x13, 
	0x8d, 0x88, 0x8b, 0xbb, 0xcd, 0x3d, 0xab, 0xdb, 
	0xdb, 0xb6, 0x11, 0x11, 0x3d, 0xb6, 0x11, 0x66, 
	0x13, 0xbb, 0xbb, 0xbb, 0xbd, 0x33, 0xdd, 0xdb, 
	0xcc, 0xbb, 0xbd, 0xdd, 0x33, 0x36, 0x11, 0x3d, 
	0x00, 0xbb, 0x97, 0x7a, 0xce, 0xea, 0xca, 0xac, 
	0xab, 0xee, 0xd3, 0xdd, 0xab, 0xeb, 0xb3, 0x66, 
	0x6a, 0xcc, 0xca, 0xaa, 0xaa, 0xaa, 0xbb, 0xb3, 
	0xbc, 0xcc, 0xcc, 0xab, 0xaa, 0xad, 0x3b, 0xd3, 
	0x00, 0x0b, 0x27, 0x88, 0x88, 0x87, 0xeb, 0x8a, 
	0xb9, 0xae, 0xba, 0xec, 0xca, 0xee, 0xee, 0xea, 
	0xab, 0x77, 0x78, 0x78, 0x87, 0x87, 0x77, 0x25, 
	0x38, 0x88, 0x2d, 0xee, 0xea, 0xaa, 0xbb, 0x76, 
	0x00, 0x00, 0x28, 0x88, 0x87, 0x88, 0x87, 0x77, 
	0x81, 0x03, 0x77, 0x78, 0x91, 0xdb, 0x87, 0xba, 
	0x24, 0x87, 0x88, 0x88, 0x77, 0x88, 0x78, 0x25, 
	0x28, 0x87, 0x36, 0x77, 0x72, 0x87, 0x88, 0x83, 
	0x55, 0x00, 0x37, 0x88, 0x77, 0x89, 0x36, 0x63, 
	0x10, 0x01, 0x77, 0x77, 0x90, 0x59, 0x87, 0x78, 
	0x64, 0x87, 0x77, 0x77, 0x29, 0x77, 0x78, 0x65, 
	0x67, 0x77, 0x31, 0x88, 0x73, 0x97, 0x88, 0x83, 
	0x55, 0x00, 0x18, 0x88, 0x26, 0x15, 0x55, 0x55, 
	0x00, 0x00, 0x33, 0x23, 0x10, 0x56, 0x39, 0x23, 
	0x64, 0x11, 0x66, 0x33, 0x11, 0x93, 0x31, 0x55, 
	0x53, 0x27, 0x30, 0x87, 0x76, 0x62, 0x29, 0x91, 
	
};

Gfx wf_dl__2EB6628BD0351A22F3163295E64E9B63_ci4_pal_rgba16_aligner[] = {gsSPEndDisplayList()};
u8 wf_dl__2EB6628BD0351A22F3163295E64E9B63_ci4_pal_rgba16[] = {
	0x6a, 0x8d, 0x20, 0x83, 0x51, 0x45, 0x41, 0x05, 
	0x83, 0x0f, 0x72, 0xcd, 0x30, 0xc3, 0x6a, 0x09, 
	0x61, 0xc7, 0x59, 0x85, 0x6a, 0xcf, 0x5a, 0x4d, 
	0x83, 0xd7, 0x4a, 0x09, 0x73, 0x53, 
};

Gfx wf_dl_door_birch_lower_ci4_ci4_aligner[] = {gsSPEndDisplayList()};
u8 wf_dl_door_birch_lower_ci4_ci4[] = {
	0x01, 0x21, 0x31, 0x44, 0x11, 0x14, 0x25, 0x13, 
	0x15, 0x61, 0x15, 0x66, 0x14, 0x75, 0x83, 0x21, 
	0x11, 0x11, 0x01, 0x44, 0x49, 0x12, 0x47, 0x13, 
	0x17, 0x43, 0x32, 0x61, 0x29, 0x76, 0x03, 0x41, 
	0x11, 0x11, 0x01, 0x44, 0x41, 0x12, 0x44, 0x13, 
	0x17, 0x43, 0x3a, 0x61, 0x41, 0x76, 0x03, 0x41, 
	0x11, 0x21, 0x01, 0x42, 0x13, 0x14, 0x17, 0x13, 
	0x17, 0x59, 0x37, 0x64, 0x11, 0x45, 0x03, 0x21, 
	0x13, 0x11, 0x33, 0x24, 0x11, 0x3a, 0x17, 0x13, 
	0x17, 0x63, 0x37, 0x64, 0x11, 0x45, 0x03, 0x21, 
	0x11, 0x11, 0x91, 0x44, 0x49, 0x12, 0x42, 0x13, 
	0x17, 0x23, 0x34, 0x64, 0x41, 0x56, 0x03, 0x41, 
	0x11, 0x11, 0x31, 0x44, 0x19, 0x11, 0x44, 0x13, 
	0x17, 0x53, 0x97, 0x66, 0x42, 0x75, 0x83, 0x41, 
	0x11, 0x11, 0x31, 0x44, 0x11, 0x11, 0x17, 0x13, 
	0x24, 0x63, 0x37, 0x66, 0x11, 0x55, 0x89, 0x41, 
	0x00, 0x11, 0x01, 0x44, 0x11, 0x31, 0x14, 0x13, 
	0x14, 0x59, 0x37, 0x65, 0x11, 0x57, 0x83, 0x41, 
	0x11, 0x11, 0x11, 0x24, 0x41, 0x12, 0x12, 0x13, 
	0x24, 0x11, 0x02, 0xb2, 0xa1, 0x5b, 0x83, 0x41, 
	0x11, 0x11, 0x11, 0x44, 0x49, 0x3a, 0x12, 0x13, 
	0x24, 0x13, 0x02, 0x51, 0xa1, 0x56, 0x03, 0x41, 
	0x13, 0x11, 0x31, 0x44, 0x19, 0x31, 0x14, 0x13, 
	0x14, 0x53, 0x34, 0x5a, 0x91, 0x47, 0x03, 0x21, 
	0x13, 0x11, 0x31, 0x42, 0x13, 0x31, 0x14, 0x10, 
	0x14, 0x79, 0x34, 0x51, 0x91, 0x47, 0x83, 0x29, 
	0x19, 0x11, 0x11, 0x22, 0x13, 0x92, 0x12, 0x13, 
	0x12, 0x43, 0x0a, 0x51, 0x21, 0x47, 0x83, 0x21, 
	0x11, 0x11, 0x13, 0x22, 0x13, 0x91, 0x11, 0x13, 
	0x12, 0x43, 0x01, 0x71, 0x41, 0x47, 0x80, 0x21, 
	0x93, 0x11, 0x33, 0x24, 0x33, 0x31, 0x34, 0x10, 
	0x9a, 0x41, 0x02, 0x41, 0x21, 0x47, 0x33, 0x29, 
	0x33, 0x11, 0x01, 0xa2, 0x03, 0x31, 0x34, 0x10, 
	0x11, 0x41, 0x32, 0x71, 0x21, 0x47, 0x33, 0xa3, 
	0x11, 0x11, 0x31, 0xaa, 0x13, 0x11, 0x12, 0x93, 
	0x11, 0x23, 0x32, 0x71, 0x13, 0x47, 0x00, 0x13, 
	0x11, 0x11, 0x33, 0x22, 0x13, 0x11, 0x14, 0x33, 
	0x11, 0x10, 0x32, 0x41, 0x13, 0x47, 0x00, 0x13, 
	0x11, 0x11, 0x01, 0x11, 0x33, 0x11, 0x34, 0x30, 
	0x32, 0x13, 0x0a, 0x41, 0x30, 0x21, 0x03, 0x13, 
	0x93, 0x11, 0x01, 0x11, 0x33, 0x31, 0x34, 0x30, 
	0x92, 0x19, 0x31, 0x41, 0x33, 0x21, 0x83, 0x13, 
	0x30, 0x11, 0x01, 0x11, 0x33, 0x31, 0x34, 0x30, 
	0x91, 0x13, 0x01, 0x21, 0x00, 0xa1, 0x00, 0x13, 
	0x10, 0x13, 0x33, 0x11, 0x33, 0x91, 0x1a, 0x33, 
	0x91, 0x30, 0x31, 0xa9, 0x10, 0x12, 0x80, 0x13, 
	0x30, 0x13, 0x33, 0x11, 0x33, 0x31, 0x3a, 0x30, 
	0x91, 0x10, 0x01, 0xa9, 0x33, 0x11, 0x80, 0x93, 
	0x30, 0x93, 0x03, 0x11, 0x00, 0x33, 0x31, 0x30, 
	0x31, 0x30, 0x01, 0x13, 0x30, 0x11, 0xc0, 0x90, 
	0x33, 0x93, 0x03, 0x91, 0x00, 0x33, 0x11, 0x33, 
	0x11, 0x38, 0x01, 0x13, 0x30, 0x11, 0xc0, 0x30, 
	0x33, 0x33, 0x33, 0x91, 0x30, 0x31, 0x11, 0x33, 
	0x11, 0x30, 0x03, 0x13, 0x30, 0x11, 0xc0, 0x90, 
	0x38, 0x33, 0x03, 0x39, 0x30, 0x31, 0x11, 0x00, 
	0x11, 0x10, 0x83, 0x13, 0x00, 0x39, 0x88, 0x30, 
	0x30, 0x33, 0x00, 0x93, 0x08, 0x03, 0x31, 0x00, 
	0x31, 0x18, 0x83, 0x13, 0x00, 0x39, 0xc8, 0x08, 
	0x00, 0x30, 0x11, 0x44, 0x44, 0x44, 0xa2, 0x21, 
	0x11, 0x11, 0x11, 0xa1, 0x93, 0x1a, 0x10, 0x08, 
	0x00, 0x00, 0x1a, 0x11, 0x1a, 0x12, 0x22, 0x21, 
	0x13, 0x31, 0x11, 0x22, 0x22, 0x22, 0x40, 0x08, 
	0xc0, 0x08, 0xd1, 0x11, 0x11, 0x22, 0x2a, 0x21, 
	0xaa, 0xa2, 0x11, 0x11, 0x21, 0x11, 0x10, 0x88, 
	
};

Gfx wf_dl_door_birch_lower_ci4_pal_rgba16_aligner[] = {gsSPEndDisplayList()};
u8 wf_dl_door_birch_lower_ci4_pal_rgba16[] = {
	0xa4, 0xe5, 0xb5, 0x27, 0xbd, 0x67, 0xac, 0xe5, 
	0xbd, 0x69, 0xc5, 0xa9, 0xcd, 0xab, 0xc5, 0x69, 
	0xa4, 0xa5, 0xad, 0x27, 0xbd, 0x27, 0xcd, 0xa9, 
	0x9c, 0xa3, 0xa4, 0xa3, 
};

Gfx wf_dl__7_ci8_ci8_aligner[] = {gsSPEndDisplayList()};
u8 wf_dl__7_ci8_ci8[] = {
	0x00, 0x01, 0x02, 0x02, 0x00, 0x03, 0x04, 0x04, 
	0x05, 0x05, 0x02, 0x06, 0x07, 0x07, 0x07, 0x07, 
	0x06, 0x06, 0x08, 0x09, 0x09, 0x09, 0x0a, 0x0b, 
	0x0c, 0x0c, 0x0c, 0x0d, 0x0a, 0x09, 0x0e, 0x0a, 
	0x00, 0x01, 0x00, 0x02, 0x00, 0x00, 0x00, 0x00, 
	0x06, 0x06, 0x06, 0x06, 0x08, 0x06, 0x08, 0x08, 
	0x08, 0x08, 0x08, 0x09, 0x09, 0x0a, 0x0b, 0x0f, 
	0x0c, 0x0d, 0x0d, 0x0d, 0x09, 0x0e, 0x0e, 0x09, 
	0x01, 0x00, 0x02, 0x02, 0x00, 0x03, 0x00, 0x00, 
	0x06, 0x06, 0x06, 0x06, 0x08, 0x08, 0x08, 0x08, 
	0x09, 0x09, 0x08, 0x08, 0x0a, 0x0a, 0x0b, 0x0f, 
	0x0c, 0x0e, 0x0e, 0x0d, 0x0e, 0x10, 0x0e, 0x09, 
	0x11, 0x01, 0x02, 0x00, 0x00, 0x04, 0x00, 0x00, 
	0x06, 0x06, 0x06, 0x06, 0x08, 0x08, 0x08, 0x08, 
	0x09, 0x10, 0x10, 0x09, 0x0a, 0x0b, 0x0f, 0x0f, 
	0x0c, 0x0d, 0x0e, 0x0e, 0x0e, 0x0e, 0x0e, 0x09, 
	0x12, 0x12, 0x12, 0x12, 0x13, 0x13, 0x14, 0x15, 
	0x16, 0x17, 0x17, 0x16, 0x18, 0x19, 0x1a, 0x1a, 
	0x10, 0x10, 0x10, 0x10, 0x1b, 0x1b, 0x1b, 0x1b, 
	0x0e, 0x0e, 0x0e, 0x0e, 0x0e, 0x0e, 0x0e, 0x0e, 
	0x12, 0x12, 0x12, 0x12, 0x14, 0x14, 0x15, 0x15, 
	0x17, 0x17, 0x16, 0x16, 0x1c, 0x1c, 0x1c, 0x19, 
	0x10, 0x10, 0x10, 0x10, 0x1b, 0x1b, 0x1b, 0x1b, 
	0x0e, 0x0e, 0x0e, 0x0e, 0x0e, 0x0e, 0x0e, 0x1d, 
	0x1e, 0x1f, 0x12, 0x12, 0x20, 0x20, 0x20, 0x20, 
	0x16, 0x17, 0x16, 0x16, 0x1c, 0x1c, 0x1c, 0x1c, 
	0x21, 0x22, 0x22, 0x22, 0x23, 0x24, 0x23, 0x23, 
	0x25, 0x25, 0x25, 0x1d, 0x0e, 0x1d, 0x25, 0x25, 
	0x1e, 0x1e, 0x1f, 0x12, 0x20, 0x20, 0x20, 0x20, 
	0x26, 0x27, 0x27, 0x17, 0x1c, 0x1c, 0x1c, 0x1c, 
	0x21, 0x21, 0x21, 0x21, 0x28, 0x28, 0x28, 0x24, 
	0x29, 0x29, 0x29, 0x29, 0x25, 0x29, 0x29, 0x29, 
	0x2a, 0x2a, 0x2b, 0x2c, 0x2c, 0x2c, 0x2c, 0x2d, 
	0x27, 0x27, 0x27, 0x27, 0x2e, 0x2f, 0x2f, 0x2f, 
	0x1c, 0x1c, 0x1c, 0x1c, 0x30, 0x31, 0x32, 0x32, 
	0x33, 0x34, 0x35, 0x35, 0x36, 0x36, 0x36, 0x37, 
	0x2c, 0x2c, 0x2a, 0x2b, 0x38, 0x38, 0x38, 0x38, 
	0x39, 0x30, 0x39, 0x39, 0x3a, 0x3a, 0x2f, 0x2f, 
	0x1c, 0x1c, 0x1c, 0x3b, 0x31, 0x32, 0x32, 0x31, 
	0x3c, 0x3c, 0x33, 0x34, 0x36, 0x3d, 0x37, 0x37, 
	0x3e, 0x2c, 0x2c, 0x2a, 0x38, 0x38, 0x38, 0x38, 
	0x30, 0x39, 0x30, 0x3f, 0x40, 0x3a, 0x3a, 0x40, 
	0x3b, 0x3b, 0x41, 0x42, 0x31, 0x30, 0x31, 0x31, 
	0x33, 0x3c, 0x3c, 0x3c, 0x37, 0x37, 0x37, 0x43, 
	0x3e, 0x2c, 0x3e, 0x3e, 0x2c, 0x3e, 0x3e, 0x3e, 
	0x3f, 0x3f, 0x3f, 0x30, 0x3a, 0x40, 0x3a, 0x3a, 
	0x42, 0x42, 0x42, 0x41, 0x31, 0x30, 0x44, 0x44, 
	0x33, 0x33, 0x33, 0x3c, 0x37, 0x37, 0x43, 0x43, 
	0x3e, 0x3e, 0x3e, 0x3e, 0x45, 0x45, 0x3f, 0x3f, 
	0x46, 0x3f, 0x3f, 0x3f, 0x3e, 0x3e, 0x3e, 0x47, 
	0x2c, 0x2c, 0x2c, 0x2c, 0x45, 0x45, 0x45, 0x45, 
	0x48, 0x48, 0x48, 0x48, 0x48, 0x48, 0x48, 0x48, 
	0x49, 0x49, 0x3e, 0x4a, 0x4b, 0x45, 0x4b, 0x4b, 
	0x4c, 0x4c, 0x4c, 0x46, 0x3e, 0x47, 0x47, 0x47, 
	0x4b, 0x4b, 0x4b, 0x2c, 0x2a, 0x2a, 0x2a, 0x2a, 
	0x47, 0x47, 0x47, 0x4d, 0x4e, 0x4c, 0x48, 0x48, 
	0x3e, 0x3e, 0x3e, 0x4f, 0x4f, 0x4f, 0x4f, 0x4f, 
	0x50, 0x50, 0x50, 0x50, 0x3e, 0x3e, 0x3e, 0x2a, 
	0x51, 0x51, 0x51, 0x51, 0x52, 0x52, 0x52, 0x52, 
	0x53, 0x53, 0x53, 0x53, 0x4e, 0x4e, 0x48, 0x54, 
	0x49, 0x3e, 0x4f, 0x4f, 0x4f, 0x4f, 0x4f, 0x4f, 
	0x50, 0x50, 0x50, 0x50, 0x47, 0x3e, 0x47, 0x2b, 
	0x51, 0x51, 0x55, 0x55, 0x56, 0x56, 0x56, 0x56, 
	0x4d, 0x4d, 0x53, 0x4d, 0x4e, 0x4e, 0x4e, 0x54, 
	0x3e, 0x57, 0x58, 0x58, 0x59, 0x5a, 0x5b, 0x5b, 
	0x5c, 0x5c, 0x5c, 0x5c, 0x2a, 0x5d, 0x5d, 0x2b, 
	0x52, 0x50, 0x50, 0x4c, 0x5e, 0x5f, 0x5e, 0x5e, 
	0x60, 0x60, 0x61, 0x61, 0x5a, 0x5a, 0x5a, 0x62, 
	0x3e, 0x57, 0x58, 0x58, 0x59, 0x5a, 0x63, 0x63, 
	0x63, 0x64, 0x64, 0x63, 0x2a, 0x5d, 0x5d, 0x2b, 
	0x52, 0x50, 0x4c, 0x65, 0x66, 0x65, 0x65, 0x65, 
	0x63, 0x67, 0x67, 0x67, 0x62, 0x62, 0x5a, 0x64, 
	0x3e, 0x57, 0x58, 0x57, 0x5b, 0x5b, 0x63, 0x63, 
	0x63, 0x62, 0x64, 0x64, 0x2a, 0x45, 0x5d, 0x2b, 
	0x52, 0x50, 0x4c, 0x65, 0x5e, 0x5e, 0x5f, 0x5e, 
	0x67, 0x67, 0x67, 0x67, 0x64, 0x64, 0x68, 0x64, 
	0x47, 0x57, 0x58, 0x57, 0x5b, 0x63, 0x63, 0x63, 
	0x63, 0x63, 0x64, 0x64, 0x45, 0x5d, 0x5d, 0x2a, 
	0x52, 0x50, 0x4c, 0x65, 0x65, 0x66, 0x66, 0x66, 
	0x63, 0x67, 0x67, 0x67, 0x64, 0x64, 0x68, 0x62, 
	0x69, 0x6a, 0x6b, 0x6a, 0x60, 0x61, 0x61, 0x67, 
	0x62, 0x62, 0x64, 0x64, 0x30, 0x30, 0x30, 0x3a, 
	0x58, 0x4e, 0x6c, 0x65, 0x5e, 0x5e, 0x6d, 0x5e, 
	0x63, 0x6d, 0x6d, 0x6d, 0x66, 0x66, 0x6e, 0x5b, 
	0x69, 0x6b, 0x58, 0x6a, 0x60, 0x60, 0x63, 0x61, 
	0x63, 0x63, 0x62, 0x64, 0x30, 0x6f, 0x70, 0x30, 
	0x58, 0x4e, 0x65, 0x65, 0x6d, 0x6d, 0x6d, 0x6d, 
	0x6d, 0x67, 0x6d, 0x67, 0x66, 0x66, 0x6e, 0x6e, 
	0x69, 0x6b, 0x58, 0x6b, 0x61, 0x61, 0x63, 0x61, 
	0x5c, 0x63, 0x64, 0x64, 0x30, 0x30, 0x6f, 0x6f, 
	0x58, 0x4e, 0x6c, 0x65, 0x6d, 0x5e, 0x5e, 0x6d, 
	0x67, 0x67, 0x67, 0x67, 0x6e, 0x66, 0x66, 0x71, 
	0x69, 0x6b, 0x58, 0x6b, 0x60, 0x61, 0x61, 0x63, 
	0x5c, 0x62, 0x62, 0x64, 0x6f, 0x30, 0x30, 0x30, 
	0x58, 0x4e, 0x6c, 0x65, 0x5e, 0x6d, 0x5e, 0x5f, 
	0x63, 0x67, 0x6d, 0x6d, 0x66, 0x66, 0x66, 0x6e, 
	0x69, 0x4f, 0x4f, 0x4d, 0x5a, 0x5c, 0x63, 0x5c, 
	0x5e, 0x5e, 0x61, 0x65, 0x72, 0x46, 0x73, 0x72, 
	0x4f, 0x4f, 0x74, 0x5e, 0x65, 0x66, 0x66, 0x66, 
	0x67, 0x67, 0x67, 0x67, 0x64, 0x64, 0x62, 0x75, 
	0x69, 0x4d, 0x4f, 0x4d, 0x5a, 0x5c, 0x5c, 0x5b, 
	0x5e, 0x5e, 0x5e, 0x65, 0x72, 0x4c, 0x73, 0x73, 
	0x74, 0x74, 0x5a, 0x5e, 0x63, 0x65, 0x63, 0x65, 
	0x63, 0x63, 0x65, 0x67, 0x62, 0x62, 0x62, 0x76, 
	0x69, 0x4f, 0x4f, 0x4d, 0x5b, 0x5b, 0x5b, 0x5c, 
	0x5e, 0x5e, 0x5e, 0x65, 0x72, 0x4c, 0x46, 0x46, 
	0x74, 0x4f, 0x5a, 0x5e, 0x65, 0x66, 0x63, 0x61, 
	0x66, 0x66, 0x67, 0x66, 0x64, 0x64, 0x62, 0x75, 
	0x69, 0x4d, 0x4f, 0x4d, 0x5a, 0x5c, 0x63, 0x63, 
	0x61, 0x5f, 0x61, 0x65, 0x72, 0x4c, 0x72, 0x46, 
	0x5a, 0x4f, 0x74, 0x5a, 0x63, 0x65, 0x66, 0x66, 
	0x67, 0x63, 0x65, 0x67, 0x64, 0x64, 0x62, 0x76, 
	0x69, 0x6b, 0x58, 0x6b, 0x5c, 0x5c, 0x5c, 0x5c, 
	0x61, 0x5e, 0x61, 0x65, 0x77, 0x61, 0x61, 0x78, 
	0x79, 0x7a, 0x37, 0x79, 0x6d, 0x6d, 0x6d, 0x5e, 
	0x5e, 0x6d, 0x6d, 0x6d, 0x66, 0x66, 0x66, 0x65, 
	0x69, 0x6b, 0x58, 0x6b, 0x71, 0x5c, 0x5c, 0x5c, 
	0x5f, 0x61, 0x5e, 0x65, 0x77, 0x61, 0x61, 0x77, 
	0x79, 0x7a, 0x37, 0x79, 0x61, 0x5e, 0x6d, 0x6d, 
	0x6d, 0x6d, 0x6d, 0x6d, 0x66, 0x66, 0x65, 0x76, 
	0x69, 0x6b, 0x58, 0x6b, 0x71, 0x5c, 0x5c, 0x5c, 
	0x5f, 0x5f, 0x61, 0x65, 0x77, 0x61, 0x61, 0x54, 
	0x7b, 0x7a, 0x7a, 0x37, 0x5e, 0x6d, 0x6d, 0x6d, 
	0x6d, 0x65, 0x6d, 0x6d, 0x66, 0x66, 0x65, 0x75, 
	0x69, 0x6b, 0x58, 0x58, 0x50, 0x7c, 0x5c, 0x5c, 
	0x5f, 0x61, 0x61, 0x61, 0x61, 0x61, 0x61, 0x77, 
	0x7b, 0x7a, 0x7a, 0x37, 0x60, 0x61, 0x6d, 0x6d, 
	0x6d, 0x65, 0x65, 0x6d, 0x66, 0x66, 0x75, 0x75, 
	0x7d, 0x7e, 0x7f, 0x7f, 0x53, 0x74, 0x74, 0x5b, 
	0x7c, 0x7c, 0x7c, 0x7c, 0x76, 0x76, 0x50, 0x76, 
	0x47, 0x7f, 0x7f, 0x7f, 0x80, 0x80, 0x5c, 0x5c, 
	0x5c, 0x5c, 0x5c, 0x5c, 0x46, 0x46, 0x81, 0x46, 
	0x7d, 0x45, 0x7f, 0x7f, 0x58, 0x53, 0x74, 0x53, 
	0x82, 0x82, 0x82, 0x82, 0x50, 0x50, 0x50, 0x7d, 
	0x3f, 0x57, 0x7f, 0x7f, 0x83, 0x80, 0x80, 0x80, 
	0x6c, 0x6c, 0x6c, 0x5c, 0x4c, 0x81, 0x81, 0x46, 
	0x45, 0x45, 0x7f, 0x7f, 0x58, 0x58, 0x58, 0x58, 
	0x4f, 0x4f, 0x4f, 0x4f, 0x50, 0x50, 0x76, 0x72, 
	0x47, 0x47, 0x7f, 0x7f, 0x84, 0x83, 0x83, 0x83, 
	0x4d, 0x4d, 0x4d, 0x3a, 0x74, 0x74, 0x74, 0x4c, 
	0x7d, 0x7d, 0x45, 0x7e, 0x53, 0x53, 0x53, 0x53, 
	0x4f, 0x4f, 0x85, 0x85, 0x50, 0x76, 0x72, 0x72, 
	0x3f, 0x3f, 0x3f, 0x57, 0x83, 0x83, 0x84, 0x83, 
	0x3a, 0x3a, 0x3a, 0x3a, 0x74, 0x74, 0x81, 0x46, 
	0x45, 0x48, 0x3f, 0x48, 0x3f, 0x3f, 0x3f, 0x3f, 
	0x86, 0x3e, 0x87, 0x3e, 0x3f, 0x3f, 0x48, 0x3f, 
	0x69, 0x3f, 0x69, 0x3f, 0x7d, 0x7d, 0x7d, 0x7d, 
	0x48, 0x3f, 0x48, 0x3f, 0x88, 0x88, 0x7d, 0x7d, 
	0x3f, 0x3f, 0x3f, 0x3f, 0x3f, 0x3f, 0x3f, 0x3f, 
	0x3e, 0x3e, 0x3e, 0x3e, 0x3f, 0x48, 0x45, 0x45, 
	0x69, 0x3f, 0x3f, 0x69, 0x45, 0x45, 0x72, 0x45, 
	0x48, 0x48, 0x3f, 0x3f, 0x88, 0x89, 0x88, 0x89, 
	0x48, 0x3f, 0x3f, 0x3f, 0x3f, 0x3f, 0x3f, 0x3f, 
	0x3e, 0x87, 0x3e, 0x87, 0x48, 0x48, 0x48, 0x45, 
	0x69, 0x46, 0x46, 0x46, 0x45, 0x72, 0x45, 0x72, 
	0x48, 0x48, 0x76, 0x48, 0x88, 0x88, 0x88, 0x88, 
	0x3f, 0x3f, 0x48, 0x2a, 0x7a, 0x7a, 0x57, 0x57, 
	0x4b, 0x4b, 0x4b, 0x4b, 0x2a, 0x2a, 0x45, 0x45, 
	0x8a, 0x8a, 0x8a, 0x8a, 0x45, 0x4b, 0x4b, 0x4b, 
	0x4d, 0x4d, 0x76, 0x76, 0x76, 0x88, 0x7d, 0x7d, 
	0x45, 0x45, 0x2a, 0x2b, 0x3a, 0x6a, 0x6a, 0x75, 
	0x46, 0x46, 0x46, 0x72, 0x6e, 0x77, 0x6e, 0x6e, 
	0x72, 0x5d, 0x72, 0x72, 0x72, 0x72, 0x72, 0x72, 
	0x72, 0x5d, 0x5d, 0x54, 0x8b, 0x45, 0x45, 0x8b, 
	0x3f, 0x45, 0x2b, 0x2b, 0x3a, 0x75, 0x77, 0x77, 
	0x5d, 0x72, 0x5d, 0x5d, 0x8c, 0x8c, 0x8c, 0x8c, 
	0x54, 0x54, 0x54, 0x54, 0x8d, 0x8d, 0x8d, 0x8d, 
	0x54, 0x8e, 0x54, 0x54, 0x54, 0x8b, 0x45, 0x54, 
	0x3f, 0x2a, 0x2b, 0x2b, 0x6a, 0x77, 0x77, 0x77, 
	0x54, 0x54, 0x5d, 0x5d, 0x8c, 0x8c, 0x8c, 0x8c, 
	0x54, 0x54, 0x54, 0x54, 0x8d, 0x8f, 0x8f, 0x8f, 
	0x54, 0x8e, 0x8e, 0x8e, 0x54, 0x54, 0x45, 0x45, 
	0x45, 0x2a, 0x2b, 0x2b, 0x75, 0x77, 0x77, 0x77, 
	0x54, 0x54, 0x5d, 0x5d, 0x8c, 0x8c, 0x8c, 0x8c, 
	0x5d, 0x54, 0x54, 0x54, 0x8d, 0x8f, 0x8f, 0x8f, 
	0x8e, 0x8e, 0x8e, 0x8e, 0x90, 0x54, 0x45, 0x45, 
	0x3e, 0x47, 0x7f, 0x37, 0x46, 0x77, 0x77, 0x77, 
	0x77, 0x8c, 0x77, 0x88, 0x8d, 0x54, 0x5d, 0x8d, 
	0x5d, 0x8c, 0x54, 0x54, 0x91, 0x91, 0x91, 0x91, 
	0x8e, 0x8f, 0x54, 0x8e, 0x8e, 0x5d, 0x48, 0x8e, 
	0x3e, 0x3e, 0x7f, 0x37, 0x76, 0x77, 0x8c, 0x8c, 
	0x8c, 0x8c, 0x8c, 0x8c, 0x5d, 0x5d, 0x5d, 0x5d, 
	0x88, 0x8c, 0x54, 0x54, 0x92, 0x91, 0x91, 0x91, 
	0x8e, 0x8e, 0x8e, 0x8e, 0x8e, 0x5d, 0x8a, 0x48, 
	0x3e, 0x47, 0x7f, 0x37, 0x76, 0x8c, 0x77, 0x8c, 
	0x88, 0x8c, 0x8c, 0x8c, 0x5d, 0x5d, 0x8d, 0x54, 
	0x5d, 0x88, 0x5d, 0x8c, 0x92, 0x92, 0x91, 0x91, 
	0x8d, 0x54, 0x54, 0x8e, 0x8e, 0x48, 0x48, 0x5d, 
	0x3e, 0x3e, 0x7f, 0x37, 0x76, 0x8c, 0x8c, 0x8c, 
	0x8c, 0x8c, 0x8c, 0x8c, 0x54, 0x54, 0x54, 0x8d, 
	0x54, 0x54, 0x54, 0x54, 0x54, 0x92, 0x5d, 0x54, 
	0x8f, 0x54, 0x54, 0x8e, 0x8e, 0x5d, 0x8a, 0x48, 
	0x30, 0x30, 0x42, 0x42, 0x6a, 0x77, 0x77, 0x77, 
	0x8c, 0x8c, 0x8c, 0x8c, 0x8c, 0x54, 0x77, 0x8c, 
	0x54, 0x54, 0x54, 0x54, 0x54, 0x54, 0x8d, 0x54, 
	0x54, 0x8f, 0x8e, 0x8e, 0x93, 0x5d, 0x45, 0x5d, 
	0x7d, 0x30, 0x42, 0x42, 0x6a, 0x6e, 0x77, 0x77, 
	0x88, 0x8c, 0x88, 0x8c, 0x5d, 0x5d, 0x54, 0x8c, 
	0x5d, 0x8d, 0x8d, 0x54, 0x54, 0x8d, 0x54, 0x54, 
	0x8e, 0x54, 0x8e, 0x8e, 0x93, 0x5d, 0x72, 0x93, 
	0x7d, 0x30, 0x42, 0x42, 0x6a, 0x77, 0x77, 0x77, 
	0x88, 0x8c, 0x8c, 0x8c, 0x8c, 0x8c, 0x8c, 0x8c, 
	0x54, 0x8d, 0x5d, 0x5d, 0x5d, 0x54, 0x54, 0x8d, 
	0x54, 0x8f, 0x8f, 0x8e, 0x93, 0x5d, 0x45, 0x5d, 
	0x30, 0x30, 0x42, 0x42, 0x6a, 0x6e, 0x77, 0x77, 
	0x94, 0x94, 0x8c, 0x88, 0x8c, 0x54, 0x54, 0x54, 
	0x5d, 0x8d, 0x54, 0x5d, 0x5d, 0x54, 0x8d, 0x54, 
	0x8f, 0x54, 0x8f, 0x8e, 0x93, 0x72, 0x45, 0x72, 
	0x3f, 0x3f, 0x7e, 0x32, 0x6a, 0x75, 0x77, 0x77, 
	0x88, 0x8c, 0x88, 0x8c, 0x8c, 0x8c, 0x8c, 0x8c, 
	0x54, 0x54, 0x8c, 0x54, 0x3f, 0x72, 0x54, 0x54, 
	0x54, 0x54, 0x54, 0x8e, 0x54, 0x72, 0x8a, 0x54, 
	0x47, 0x3f, 0x7e, 0x32, 0x6a, 0x77, 0x77, 0x77, 
	0x8c, 0x8c, 0x88, 0x8c, 0x8c, 0x8c, 0x88, 0x8c, 
	0x54, 0x93, 0x54, 0x54, 0x54, 0x54, 0x3f, 0x3f, 
	0x54, 0x54, 0x8e, 0x8e, 0x54, 0x72, 0x46, 0x54, 
	0x3f, 0x3f, 0x7e, 0x32, 0x6b, 0x75, 0x77, 0x77, 
	0x88, 0x8c, 0x88, 0x77, 0x8c, 0x8c, 0x8c, 0x8c, 
	0x5d, 0x8c, 0x8c, 0x5d, 0x3f, 0x3f, 0x3f, 0x3f, 
	0x54, 0x54, 0x54, 0x54, 0x54, 0x72, 0x8a, 0x46, 
	0x3f, 0x3f, 0x7e, 0x32, 0x6b, 0x75, 0x75, 0x77, 
	0x77, 0x88, 0x88, 0x8c, 0x8c, 0x8c, 0x8c, 0x8c, 
	0x8c, 0x93, 0x93, 0x93, 0x54, 0x5d, 0x3f, 0x3f, 
	0x54, 0x54, 0x5d, 0x54, 0x54, 0x46, 0x8a, 0x54, 
	0x3e, 0x3e, 0x95, 0x96, 0x97, 0x47, 0x72, 0x72, 
	0x94, 0x94, 0x94, 0x94, 0x72, 0x72, 0x72, 0x72, 
	0x72, 0x72, 0x72, 0x72, 0x8c, 0x8c, 0x8c, 0x8c, 
	0x88, 0x88, 0x88, 0x88, 0x48, 0x79, 0x79, 0x48, 
	0x3e, 0x79, 0x79, 0x96, 0x97, 0x57, 0x47, 0x72, 
	0x94, 0x94, 0x94, 0x94, 0x72, 0x72, 0x72, 0x72, 
	0x72, 0x72, 0x72, 0x72, 0x87, 0x87, 0x8c, 0x8c, 
	0x88, 0x88, 0x88, 0x46, 0x79, 0x37, 0x79, 0x48, 
	0x3e, 0x3e, 0x79, 0x96, 0x97, 0x97, 0x97, 0x57, 
	0x57, 0x57, 0x57, 0x57, 0x57, 0x57, 0x57, 0x4a, 
	0x47, 0x47, 0x47, 0x47, 0x6a, 0x6a, 0x6a, 0x6a, 
	0x6a, 0x6a, 0x6a, 0x6a, 0x37, 0x37, 0x79, 0x48, 
	0x3e, 0x3e, 0x3e, 0x96, 0x97, 0x97, 0x97, 0x97, 
	0x42, 0x42, 0x42, 0x42, 0x97, 0x97, 0x97, 0x97, 
	0x2b, 0x2b, 0x2b, 0x2b, 0x3a, 0x3a, 0x3a, 0x3a, 
	0x3a, 0x3a, 0x3a, 0x3a, 0x97, 0x37, 0x48, 0x48, 
	0x69, 0x69, 0x69, 0x98, 0x99, 0x99, 0x99, 0x32, 
	0x9a, 0x9a, 0x9a, 0x9a, 0x9b, 0x9a, 0x9a, 0x9a, 
	0x9a, 0x9a, 0x9a, 0x9a, 0x7f, 0x7f, 0x7f, 0x7f, 
	0x9c, 0x9c, 0x9c, 0x9c, 0x9d, 0x86, 0x86, 0x86, 
	0x69, 0x69, 0x9e, 0x69, 0x9f, 0x9f, 0x9f, 0xa0, 
	0xa1, 0xa0, 0xa1, 0xa1, 0xa2, 0xa3, 0xa3, 0xa3, 
	0xa4, 0xa5, 0xa5, 0xa5, 0xa6, 0xa6, 0xa7, 0xa7, 
	0x31, 0x31, 0x31, 0x45, 0x9d, 0x9d, 0x9d, 0x9d, 
	0x98, 0x98, 0x98, 0x9e, 0x9f, 0x9f, 0x9f, 0x9f, 
	0xa1, 0xa0, 0xa0, 0xa0, 0xa2, 0xa2, 0xa3, 0xa3, 
	0xa4, 0xa4, 0xa4, 0xa4, 0xa6, 0xa6, 0xa6, 0xa7, 
	0x31, 0x31, 0x31, 0x31, 0xa8, 0xa8, 0xa8, 0xa8, 
	0xa9, 0xa9, 0xa9, 0xa9, 0xa0, 0xa0, 0xa0, 0xa0, 
	0xa0, 0x9b, 0x9b, 0xa0, 0xa2, 0xa2, 0xa2, 0xa2, 
	0x42, 0x42, 0x42, 0x42, 0xaa, 0xaa, 0xaa, 0xaa, 
	0xab, 0x9c, 0x9c, 0x9c, 0xa8, 0xa8, 0xa8, 0xa8, 
	
};

Gfx wf_dl__7_ci8_pal_rgba16_aligner[] = {gsSPEndDisplayList()};
u8 wf_dl__7_ci8_pal_rgba16[] = {
	0x13, 0xc9, 0x14, 0x0b, 0x0b, 0xc9, 0x0b, 0xc7, 
	0x0b, 0x87, 0x0b, 0x89, 0x14, 0x07, 0x13, 0xc7, 
	0x14, 0x45, 0x0c, 0x43, 0x0c, 0x03, 0x0b, 0xc1, 
	0x0b, 0xc3, 0x0c, 0x01, 0x0c, 0x41, 0x0b, 0x81, 
	0x0c, 0x81, 0x1c, 0x0b, 0x2c, 0x47, 0x0c, 0x05, 
	0x24, 0x05, 0x34, 0x03, 0x44, 0x05, 0x4b, 0x87, 
	0x3c, 0x83, 0x2c, 0x81, 0x1c, 0x81, 0x13, 0xc3, 
	0x54, 0x83, 0x24, 0x41, 0x52, 0x89, 0x3b, 0x87, 
	0x4c, 0x03, 0x4c, 0x83, 0x24, 0x81, 0x2b, 0xc3, 
	0x3c, 0x05, 0x3c, 0x43, 0x53, 0x09, 0x5a, 0x8d, 
	0x54, 0x45, 0x54, 0x43, 0x7b, 0x4f, 0x62, 0x8b, 
	0x83, 0xd1, 0x73, 0x8f, 0x5b, 0xc7, 0x54, 0x85, 
	0x8b, 0xd3, 0x73, 0x51, 0x52, 0x4b, 0x5b, 0x89, 
	0x5c, 0x05, 0x54, 0xc3, 0x5d, 0x03, 0x6b, 0x0d, 
	0x5b, 0x0b, 0x73, 0x4f, 0x6a, 0xcd, 0x53, 0xc5, 
	0x62, 0xcb, 0x64, 0x47, 0x9c, 0x55, 0xa4, 0x95, 
	0x63, 0x89, 0x5b, 0x49, 0x5a, 0x8b, 0x63, 0xc9, 
	0xac, 0xd9, 0x8b, 0xd1, 0x93, 0xd1, 0x83, 0x91, 
	0x94, 0x13, 0xbd, 0x5b, 0x83, 0x51, 0x7b, 0x0f, 
	0x8b, 0x4f, 0x7b, 0x0d, 0x72, 0xcb, 0x62, 0x4b, 
	0x7a, 0xcb, 0x62, 0x09, 0x62, 0x49, 0x6a, 0x8b, 
	0xac, 0x97, 0x6a, 0xcb, 0x73, 0x0b, 0x73, 0x0d, 
	0x5a, 0x09, 0x7a, 0x8b, 0x8b, 0x0d, 0x93, 0x4f, 
	0x9b, 0x4f, 0xa4, 0x55, 0xa3, 0x8f, 0x9b, 0x4d, 
	0x93, 0x4d, 0x9b, 0x8f, 0xa3, 0xd3, 0xa3, 0x91, 
	0xac, 0x15, 0xa3, 0xd1, 0xac, 0x13, 0xab, 0xd3, 
	0x93, 0x8f, 0x9c, 0x53, 0x83, 0x4f, 0x72, 0xcd, 
	0x8b, 0x0f, 0xab, 0xd1, 0x9b, 0xd1, 0x9c, 0x97, 
	0xbd, 0x5d, 0x83, 0x0d, 0x9c, 0x13, 0xa4, 0x97, 
	0x7a, 0xcd, 0x93, 0x91, 0x8b, 0x8f, 0xa4, 0x13, 
	0xb5, 0x1b, 0x7b, 0x91, 0x5a, 0x49, 0x94, 0x15, 
	0x93, 0x0d, 0xac, 0xd7, 0x73, 0x0f, 0x52, 0x09, 
	0x82, 0xcb, 0x83, 0x0f, 0x82, 0xcd, 0x6a, 0x89, 
	0x52, 0x07, 0x72, 0x8b, 0xb5, 0x19, 0x93, 0xd3, 
	0xa4, 0x53, 0x94, 0x11, 0x83, 0x8f, 0x9c, 0x15, 
	0xac, 0x55, 0xac, 0x57, 0xb4, 0xd9, 0xb4, 0x99, 
	0xbc, 0xdb, 0xac, 0x99, 0xa4, 0x57, 0xb4, 0x97, 
	0x9c, 0x11, 0x6b, 0x0f, 0x4a, 0x0b, 0x5a, 0x4b, 
	0x73, 0x13, 0x41, 0xc7, 0x4a, 0x09, 0x52, 0x4d, 
	0x52, 0x51, 0x94, 0x57, 0x83, 0x93, 0x73, 0x55, 
	0x62, 0xcf, 0x6b, 0x13, 0x5a, 0x8f, 0x62, 0xd3, 
	0x6a, 0xcf, 0x7b, 0x51, 0x6a, 0xd1, 0x7b, 0x55, 
	0x62, 0xd1, 0x5a, 0x93, 0x62, 0x8d, 0x6b, 0x11, 
	
};

Gfx wf_dl_leaf_half_rgba16_ci8_aligner[] = {gsSPEndDisplayList()};
u8 wf_dl_leaf_half_rgba16_ci8[] = {
	0x00, 0x00, 0x00, 0x00, 0x00, 0x00, 0x00, 0x00, 
	0x00, 0x00, 0x00, 0x00, 0x00, 0x00, 0x00, 0x00, 
	0x00, 0x00, 0x00, 0x00, 0x00, 0x00, 0x00, 0x00, 
	0x00, 0x00, 0x00, 0x00, 0x00, 0x01, 0x02, 0x03, 
	0x00, 0x00, 0x00, 0x00, 0x00, 0x00, 0x00, 0x00, 
	0x00, 0x00, 0x00, 0x00, 0x04, 0x04, 0x00, 0x00, 
	0x00, 0x00, 0x00, 0x00, 0x00, 0x00, 0x00, 0x00, 
	0x00, 0x00, 0x00, 0x00, 0x00, 0x01, 0x02, 0x03, 
	0x00, 0x00, 0x00, 0x00, 0x00, 0x00, 0x05, 0x06, 
	0x07, 0x07, 0x08, 0x09, 0x0a, 0x0b, 0x0a, 0x0a, 
	0x0c, 0x04, 0x04, 0x00, 0x00, 0x00, 0x00, 0x00, 
	0x00, 0x00, 0x00, 0x00, 0x00, 0x0d, 0x0e, 0x0f, 
	0x00, 0x00, 0x00, 0x00, 0x06, 0x10, 0x10, 0x10, 
	0x11, 0x11, 0x08, 0x08, 0x08, 0x12, 0x13, 0x13, 
	0x14, 0x15, 0x15, 0x0c, 0x04, 0x00, 0x00, 0x00, 
	0x00, 0x00, 0x00, 0x00, 0x00, 0x0d, 0x16, 0x0f, 
	0x00, 0x00, 0x00, 0x06, 0x10, 0x10, 0x08, 0x17, 
	0x12, 0x12, 0x18, 0x18, 0x19, 0x12, 0x19, 0x19, 
	0x19, 0x12, 0x1a, 0x1b, 0x0c, 0x0c, 0x04, 0x00, 
	0x00, 0x00, 0x00, 0x00, 0x00, 0x01, 0x1c, 0x0f, 
	0x00, 0x00, 0x06, 0x1d, 0x10, 0x10, 0x17, 0x1e, 
	0x18, 0x18, 0x1f, 0x20, 0x20, 0x20, 0x20, 0x20, 
	0x21, 0x19, 0x19, 0x19, 0x1a, 0x14, 0x15, 0x0c, 
	0x04, 0x00, 0x00, 0x00, 0x00, 0x11, 0x22, 0x0f, 
	0x00, 0x06, 0x23, 0x1d, 0x10, 0x17, 0x18, 0x1f, 
	0x20, 0x20, 0x20, 0x20, 0x20, 0x20, 0x24, 0x24, 
	0x24, 0x24, 0x24, 0x25, 0x25, 0x19, 0x14, 0x14, 
	0x1b, 0x1b, 0x04, 0x00, 0x26, 0x27, 0x28, 0x29, 
	0x00, 0x1d, 0x1d, 0x2a, 0x17, 0x17, 0x20, 0x20, 
	0x2b, 0x2b, 0x2c, 0x2c, 0x2d, 0x24, 0x2c, 0x2d, 
	0x2c, 0x24, 0x24, 0x24, 0x21, 0x21, 0x25, 0x25, 
	0x19, 0x1a, 0x14, 0x14, 0x1a, 0x2e, 0x28, 0x0f, 
	0x2f, 0x30, 0x10, 0x2a, 0x08, 0x1f, 0x20, 0x20, 
	0x2c, 0x2c, 0x2c, 0x31, 0x31, 0x31, 0x31, 0x31, 
	0x31, 0x31, 0x32, 0x24, 0x24, 0x24, 0x24, 0x24, 
	0x19, 0x19, 0x1a, 0x19, 0x21, 0x2c, 0x28, 0x29, 
	0x33, 0x30, 0x10, 0x10, 0x18, 0x20, 0x20, 0x2c, 
	0x2c, 0x31, 0x31, 0x31, 0x31, 0x31, 0x31, 0x31, 
	0x34, 0x31, 0x31, 0x31, 0x2c, 0x24, 0x24, 0x24, 
	0x24, 0x24, 0x24, 0x35, 0x21, 0x2c, 0x28, 0x0f, 
	0x36, 0x30, 0x17, 0x17, 0x1f, 0x2c, 0x24, 0x2c, 
	0x2c, 0x31, 0x37, 0x37, 0x34, 0x31, 0x37, 0x34, 
	0x37, 0x38, 0x39, 0x31, 0x31, 0x31, 0x2c, 0x2d, 
	0x24, 0x24, 0x24, 0x24, 0x2c, 0x31, 0x28, 0x0f, 
	0x3a, 0x3b, 0x12, 0x12, 0x1f, 0x20, 0x2c, 0x2c, 
	0x31, 0x31, 0x37, 0x38, 0x38, 0x38, 0x38, 0x38, 
	0x38, 0x38, 0x38, 0x39, 0x31, 0x31, 0x31, 0x31, 
	0x31, 0x31, 0x24, 0x24, 0x32, 0x37, 0x28, 0x0f, 
	0x3a, 0x3b, 0x12, 0x12, 0x3c, 0x20, 0x24, 0x24, 
	0x31, 0x31, 0x31, 0x38, 0x38, 0x38, 0x38, 0x3d, 
	0x38, 0x38, 0x34, 0x34, 0x3e, 0x3e, 0x34, 0x34, 
	0x3e, 0x3e, 0x3f, 0x3f, 0x2d, 0x34, 0x28, 0x0f, 
	0x00, 0x40, 0x41, 0x41, 0x3c, 0x3c, 0x3f, 0x3f, 
	0x31, 0x31, 0x37, 0x38, 0x38, 0x3d, 0x38, 0x42, 
	0x43, 0x43, 0x3d, 0x34, 0x34, 0x34, 0x3e, 0x34, 
	0x3e, 0x3e, 0x3e, 0x3e, 0x37, 0x34, 0x28, 0x0f, 
	0x00, 0x3b, 0x41, 0x44, 0x45, 0x44, 0x3c, 0x46, 
	0x3f, 0x31, 0x3e, 0x38, 0x38, 0x43, 0x3d, 0x3d, 
	0x42, 0x42, 0x3d, 0x3d, 0x47, 0x47, 0x48, 0x48, 
	0x48, 0x48, 0x3e, 0x3e, 0x47, 0x47, 0x49, 0x4a, 
	0x00, 0x00, 0x41, 0x44, 0x44, 0x44, 0x3c, 0x46, 
	0x3f, 0x31, 0x34, 0x38, 0x38, 0x43, 0x4b, 0x4b, 
	0x4c, 0x4c, 0x4c, 0x4c, 0x4c, 0x4d, 0x4c, 0x4c, 
	0x4e, 0x4e, 0x4e, 0x47, 0x47, 0x4c, 0x49, 0x4f, 
	0x00, 0x00, 0x50, 0x51, 0x52, 0x52, 0x44, 0x53, 
	0x54, 0x54, 0x55, 0x3e, 0x47, 0x3d, 0x4c, 0x4c, 
	0x56, 0x56, 0x57, 0x57, 0x57, 0x57, 0x57, 0x4e, 
	0x4e, 0x58, 0x4c, 0x4e, 0x4e, 0x4c, 0x59, 0x5a, 
	0x00, 0x00, 0x00, 0x00, 0x45, 0x5b, 0x45, 0x45, 
	0x5c, 0x3c, 0x3f, 0x5d, 0x3e, 0x3d, 0x4c, 0x56, 
	0x56, 0x57, 0x57, 0x57, 0x5e, 0x5e, 0x5f, 0x5f, 
	0x57, 0x57, 0x57, 0x57, 0x4e, 0x4c, 0x60, 0x61, 
	0x00, 0x00, 0x00, 0x00, 0x00, 0x50, 0x44, 0x45, 
	0x62, 0x62, 0x19, 0x35, 0x3f, 0x63, 0x48, 0x58, 
	0x57, 0x57, 0x5f, 0x5f, 0x5f, 0x5f, 0x64, 0x5f, 
	0x65, 0x5f, 0x57, 0x57, 0x57, 0x57, 0x60, 0x5a, 
	0x00, 0x00, 0x00, 0x00, 0x00, 0x00, 0x00, 0x50, 
	0x66, 0x45, 0x19, 0x19, 0x35, 0x3f, 0x63, 0x58, 
	0x4c, 0x57, 0x5e, 0x64, 0x64, 0x64, 0x64, 0x64, 
	0x67, 0x67, 0x67, 0x5e, 0x57, 0x68, 0x60, 0x61, 
	0x00, 0x00, 0x00, 0x00, 0x00, 0x00, 0x00, 0x00, 
	0x00, 0x00, 0x50, 0x69, 0x6a, 0x24, 0x63, 0x6b, 
	0x6c, 0x6d, 0x5f, 0x64, 0x67, 0x6e, 0x67, 0x6f, 
	0x70, 0x71, 0x67, 0x67, 0x72, 0x72, 0x73, 0x74, 
	0x00, 0x00, 0x00, 0x00, 0x00, 0x00, 0x00, 0x00, 
	0x00, 0x00, 0x00, 0x00, 0x00, 0x00, 0x75, 0x6b, 
	0x6c, 0x5f, 0x5f, 0x64, 0x67, 0x76, 0x6f, 0x6f, 
	0x70, 0x70, 0x71, 0x71, 0x71, 0x72, 0x73, 0x74, 
	0x00, 0x00, 0x00, 0x00, 0x00, 0x00, 0x00, 0x00, 
	0x00, 0x00, 0x00, 0x00, 0x00, 0x00, 0x77, 0x6b, 
	0x6c, 0x57, 0x67, 0x67, 0x76, 0x76, 0x6f, 0x6f, 
	0x70, 0x70, 0x70, 0x70, 0x71, 0x71, 0x73, 0x78, 
	0x00, 0x00, 0x00, 0x00, 0x00, 0x00, 0x00, 0x00, 
	0x00, 0x00, 0x00, 0x00, 0x50, 0x77, 0x79, 0x6b, 
	0x6c, 0x57, 0x64, 0x67, 0x76, 0x70, 0x7a, 0x6f, 
	0x70, 0x70, 0x7a, 0x7a, 0x7b, 0x7b, 0x73, 0x78, 
	0x00, 0x00, 0x00, 0x00, 0x00, 0x00, 0x00, 0x00, 
	0x00, 0x00, 0x7c, 0x19, 0x46, 0x63, 0x7d, 0x7e, 
	0x6d, 0x5e, 0x64, 0x67, 0x6f, 0x7a, 0x7a, 0x7a, 
	0x7a, 0x7a, 0x7f, 0x7f, 0x7b, 0x71, 0x80, 0x81, 
	0x00, 0x00, 0x00, 0x00, 0x00, 0x00, 0x00, 0x00, 
	0x69, 0x5c, 0x3c, 0x54, 0x6b, 0x82, 0x83, 0x6d, 
	0x5e, 0x5e, 0x67, 0x76, 0x6f, 0x6f, 0x7a, 0x7a, 
	0x7a, 0x7a, 0x7f, 0x7f, 0x7f, 0x7f, 0x80, 0x81, 
	0x00, 0x00, 0x00, 0x00, 0x00, 0x00, 0x50, 0x44, 
	0x5c, 0x53, 0x84, 0x85, 0x7e, 0x6d, 0x86, 0x5e, 
	0x64, 0x64, 0x67, 0x6f, 0x70, 0x87, 0x88, 0x88, 
	0x88, 0x89, 0x89, 0x89, 0x8a, 0x8a, 0x8b, 0x8c, 
	0x00, 0x00, 0x00, 0x00, 0x00, 0x45, 0x44, 0x8d, 
	0x8e, 0x8f, 0x90, 0x91, 0x86, 0x86, 0x64, 0x64, 
	0x76, 0x76, 0x6f, 0x6f, 0x87, 0x88, 0x89, 0x89, 
	0x88, 0x89, 0x89, 0x89, 0x92, 0x8a, 0x8b, 0x93, 
	0x00, 0x00, 0x00, 0x00, 0x94, 0x95, 0x8e, 0x96, 
	0x96, 0x97, 0x98, 0x98, 0x86, 0x65, 0x64, 0x6e, 
	0x76, 0x76, 0x88, 0x88, 0x88, 0x88, 0x88, 0x99, 
	0x99, 0x99, 0x9a, 0x99, 0x92, 0x92, 0x9b, 0x93, 
	0x00, 0x00, 0x00, 0x00, 0x95, 0x8e, 0x96, 0x9c, 
	0x97, 0x98, 0x98, 0x9d, 0x65, 0x9e, 0x6e, 0x6e, 
	0x76, 0x76, 0x88, 0x88, 0x88, 0x88, 0x88, 0x99, 
	0x99, 0x99, 0x9a, 0x9a, 0x92, 0x92, 0x9b, 0x8c, 
	0x00, 0x00, 0x00, 0x9f, 0xa0, 0x9c, 0x9c, 0x97, 
	0x97, 0x98, 0x98, 0x9d, 0x64, 0x9e, 0x6e, 0x6e, 
	0x6e, 0xa1, 0x6e, 0xa2, 0xa2, 0xa3, 0xa4, 0x99, 
	0x9a, 0x9a, 0x9a, 0x9a, 0x92, 0xa5, 0xa6, 0xa7, 
	0x00, 0x00, 0x00, 0x96, 0x96, 0x9c, 0x97, 0x97, 
	0xa8, 0x98, 0xa9, 0x65, 0x9e, 0x9e, 0x6e, 0x6e, 
	0xa1, 0xa1, 0xa2, 0xa2, 0xa2, 0xa2, 0xa4, 0x99, 
	0x89, 0x89, 0x9a, 0xa5, 0xa5, 0xa5, 0xa6, 0xa7, 
	0x00, 0x00, 0x94, 0x96, 0x9c, 0xaa, 0x97, 0x98, 
	0xab, 0xa9, 0x9d, 0x9e, 0x9e, 0x9e, 0x6e, 0x6e, 
	0xa2, 0xa2, 0xa2, 0xa2, 0xa2, 0xa3, 0x88, 0x9a, 
	0x99, 0x99, 0x92, 0xa5, 0xac, 0xad, 0xae, 0xaf, 
	0x00, 0x00, 0xb0, 0x96, 0x9c, 0x97, 0x98, 0x98, 
	0xa9, 0xb1, 0x9e, 0x9e, 0x6e, 0x6e, 0x6e, 0xa2, 
	0xa2, 0xa2, 0xa1, 0xa2, 0xa3, 0xa3, 0x99, 0x9a, 
	0xa5, 0xa5, 0x92, 0xa5, 0xad, 0xad, 0xae, 0xaf, 
	0x00, 0x00, 0xb2, 0x9c, 0x9c, 0x97, 0x98, 0xab, 
	0x9d, 0xb1, 0x9e, 0x9e, 0xa1, 0xa1, 0xa1, 0xa2, 
	0xa2, 0xa2, 0xa3, 0xa2, 0xa4, 0x9a, 0x99, 0x99, 
	0x92, 0xa5, 0xa5, 0xa5, 0xad, 0xb3, 0xb4, 0xaf, 
	0x00, 0x00, 0xb5, 0xb6, 0x97, 0xb7, 0xa9, 0x9d, 
	0x6e, 0x6e, 0x9e, 0xa1, 0xa1, 0xa1, 0xa2, 0x88, 
	0xa3, 0xa2, 0xa3, 0xa3, 0x9a, 0x9a, 0x9a, 0x99, 
	0xa5, 0xa5, 0xad, 0xad, 0xad, 0xb3, 0xb4, 0xaf, 
	0x00, 0x00, 0xb8, 0xb9, 0x98, 0x98, 0xba, 0x9e, 
	0xa1, 0xa1, 0xa1, 0xa1, 0xa1, 0x88, 0x88, 0x88, 
	0xa4, 0xa4, 0x9a, 0x9a, 0x9a, 0x9a, 0xa5, 0xbb, 
	0xbb, 0xbb, 0xbb, 0xb3, 0xbc, 0xbc, 0xbd, 0xaf, 
	0x00, 0x00, 0xbe, 0xbf, 0xab, 0xa9, 0xb1, 0x9e, 
	0x9e, 0xa1, 0xa1, 0x88, 0x88, 0x88, 0x99, 0x99, 
	0x99, 0x99, 0x9a, 0x9a, 0x92, 0x92, 0xbb, 0xbb, 
	0xc0, 0xc0, 0xb3, 0xc1, 0xbc, 0xbc, 0xbd, 0xaf, 
	0x00, 0x00, 0x00, 0xc2, 0xb1, 0xb1, 0xa2, 0x9e, 
	0xa1, 0xa1, 0xa1, 0x88, 0x99, 0x99, 0x99, 0x99, 
	0x9a, 0x9a, 0x92, 0x92, 0xbb, 0xbb, 0xbb, 0xbb, 
	0xc0, 0xc0, 0xb3, 0xb3, 0xc3, 0xbc, 0xbd, 0xc4, 
	0x00, 0x00, 0x00, 0xc5, 0xc6, 0xc6, 0x9e, 0xa2, 
	0xa1, 0xa1, 0x99, 0x99, 0x99, 0x99, 0x89, 0x99, 
	0x89, 0x89, 0xa5, 0xa5, 0xbb, 0xc0, 0xc0, 0xc0, 
	0xc0, 0xc0, 0xb3, 0xbd, 0xc3, 0xc7, 0xbd, 0xc4, 
	0x00, 0x00, 0x00, 0xc8, 0xa3, 0xa3, 0xc6, 0xa2, 
	0xa1, 0xa1, 0x99, 0x9a, 0x89, 0x89, 0x89, 0x89, 
	0xbb, 0xc9, 0xbb, 0xbb, 0xc0, 0xc0, 0xb3, 0xb3, 
	0xb3, 0xb3, 0xc7, 0xc7, 0xc3, 0xc7, 0xca, 0xcb, 
	0x00, 0x00, 0x00, 0x00, 0xcc, 0xcd, 0x9a, 0xa3, 
	0x9a, 0xa4, 0x99, 0x9a, 0x89, 0xce, 0xce, 0xce, 
	0xcf, 0xbb, 0xc0, 0xbb, 0xc0, 0xc0, 0xb3, 0xc1, 
	0xbd, 0xbd, 0xc7, 0xc7, 0xc7, 0xc3, 0xd0, 0xcb, 
	0x00, 0x00, 0x00, 0x00, 0x00, 0xcc, 0xa5, 0xa5, 
	0x9a, 0x9a, 0x92, 0x92, 0x92, 0xa5, 0xbb, 0xc0, 
	0xd1, 0xd1, 0xc0, 0xd2, 0xd3, 0x00, 0x00, 0xc3, 
	0xbc, 0xbc, 0xd4, 0xd4, 0xd4, 0xd4, 0xd5, 0xcb, 
	0x00, 0x00, 0x00, 0x00, 0x00, 0x00, 0xd6, 0xcf, 
	0xcf, 0xa5, 0xa5, 0xa5, 0xbb, 0xbb, 0xbb, 0xc0, 
	0xd1, 0xd7, 0xd8, 0x00, 0x00, 0x00, 0x00, 0xd9, 
	0xc7, 0xbc, 0xd4, 0xd4, 0xd4, 0xd4, 0xc7, 0xda, 
	0x00, 0x00, 0x00, 0x00, 0x00, 0x00, 0x00, 0xd3, 
	0xdb, 0xdb, 0xdb, 0xcf, 0xd1, 0xd1, 0xd1, 0xb4, 
	0xd8, 0xdc, 0x00, 0x00, 0x00, 0x00, 0x00, 0xdd, 
	0xde, 0xdf, 0xde, 0xde, 0xdf, 0xde, 0xc7, 0xda, 
	0x00, 0x00, 0x00, 0x00, 0x00, 0x00, 0x00, 0x00, 
	0x00, 0xd3, 0xe0, 0xe0, 0xe0, 0xe0, 0xe1, 0x00, 
	0x00, 0x00, 0x00, 0x00, 0x00, 0x00, 0x00, 0xe2, 
	0xc7, 0xde, 0xde, 0xde, 0xde, 0xde, 0xc7, 0xda, 
	0x00, 0x00, 0x00, 0x00, 0x00, 0x00, 0x00, 0x00, 
	0x00, 0x00, 0x00, 0x00, 0x00, 0x00, 0x00, 0x00, 
	0x00, 0x00, 0x00, 0x00, 0x00, 0x00, 0x00, 0xe3, 
	0xe4, 0xde, 0xde, 0xde, 0xde, 0xde, 0xe5, 0xe6, 
	0x00, 0x00, 0x00, 0x00, 0x00, 0x00, 0x00, 0x00, 
	0x00, 0x00, 0x00, 0x00, 0x00, 0x00, 0x00, 0x00, 
	0x00, 0x00, 0x00, 0x00, 0x00, 0x00, 0x00, 0xe3, 
	0xe7, 0xe4, 0xde, 0xde, 0xde, 0xde, 0xe5, 0xe6, 
	0x00, 0x00, 0x00, 0x00, 0x00, 0x00, 0x00, 0x00, 
	0x00, 0x00, 0x00, 0x00, 0x00, 0x00, 0x00, 0x00, 
	0x00, 0x00, 0x00, 0x00, 0x00, 0x00, 0x00, 0xe8, 
	0xe9, 0xe5, 0xde, 0xde, 0xde, 0xde, 0xd5, 0xe6, 
	0x00, 0x00, 0x00, 0x00, 0x00, 0x00, 0x00, 0x00, 
	0x00, 0x00, 0x00, 0x00, 0x00, 0x00, 0x00, 0x00, 
	0x00, 0x00, 0x00, 0x00, 0x00, 0x00, 0x00, 0xe8, 
	0xe9, 0xe5, 0xde, 0xde, 0xe5, 0xe5, 0xd5, 0xe6, 
	0x00, 0x00, 0x00, 0x00, 0x00, 0x00, 0x00, 0x00, 
	0x00, 0x00, 0x00, 0x00, 0x00, 0x00, 0x00, 0x00, 
	0x00, 0x00, 0x00, 0x00, 0x00, 0x00, 0x00, 0xe3, 
	0xe9, 0xde, 0xde, 0xde, 0xe5, 0xe5, 0xe5, 0xe6, 
	0x00, 0x00, 0x00, 0x00, 0x00, 0x00, 0x00, 0x00, 
	0x00, 0x00, 0x00, 0x00, 0x00, 0x00, 0x00, 0x00, 
	0x00, 0x00, 0x00, 0x00, 0x00, 0x00, 0x00, 0xe8, 
	0xe9, 0xde, 0xe5, 0xde, 0xe5, 0xe5, 0xd5, 0xe6, 
	0x00, 0x00, 0x00, 0x00, 0x00, 0x00, 0x00, 0x00, 
	0x00, 0x00, 0x00, 0x00, 0x00, 0x00, 0x00, 0x00, 
	0x00, 0x00, 0x00, 0x00, 0x00, 0x00, 0x00, 0xea, 
	0xe9, 0xe5, 0xde, 0xe5, 0xe5, 0xe5, 0xd5, 0xe6, 
	0x00, 0x00, 0x00, 0x00, 0x00, 0x00, 0x00, 0x00, 
	0x00, 0x00, 0x00, 0x00, 0x00, 0x00, 0x00, 0x00, 
	0x00, 0x00, 0x00, 0x00, 0x00, 0x00, 0x00, 0xeb, 
	0xe9, 0xe5, 0xe5, 0xe5, 0xe5, 0xec, 0xe5, 0xe6, 
	0x00, 0x00, 0x00, 0x00, 0x00, 0x00, 0x00, 0x00, 
	0x00, 0x00, 0x00, 0x00, 0x00, 0x00, 0x00, 0x00, 
	0x00, 0x00, 0x00, 0x00, 0x00, 0x00, 0x00, 0x00, 
	0xe9, 0xe4, 0xe5, 0xe5, 0xec, 0xec, 0xe7, 0xed, 
	0x00, 0x00, 0x00, 0x00, 0x00, 0x00, 0x00, 0x00, 
	0x00, 0x00, 0x00, 0x00, 0x00, 0x00, 0x00, 0x00, 
	0x00, 0x00, 0x00, 0x00, 0x00, 0x00, 0x00, 0x00, 
	0xe3, 0xe4, 0xe5, 0xe5, 0xec, 0xec, 0xe5, 0xe6, 
	0x00, 0x00, 0x00, 0x00, 0x00, 0x00, 0x00, 0x00, 
	0x00, 0x00, 0x00, 0x00, 0x00, 0x00, 0x00, 0x00, 
	0x00, 0x00, 0x00, 0x00, 0x00, 0x00, 0x00, 0x00, 
	0xeb, 0xe4, 0xe5, 0xe5, 0xd5, 0xd5, 0xee, 0xe6, 
	0x00, 0x00, 0x00, 0x00, 0x00, 0x00, 0x00, 0x00, 
	0x00, 0x00, 0x00, 0x00, 0x00, 0x00, 0x00, 0x00, 
	0x00, 0x00, 0x00, 0x00, 0x00, 0x00, 0x00, 0x00, 
	0x00, 0xef, 0xe4, 0xe5, 0xd5, 0xd5, 0xe5, 0xed, 
	0x00, 0x00, 0x00, 0x00, 0x00, 0x00, 0x00, 0x00, 
	0x00, 0x00, 0x00, 0x00, 0x00, 0x00, 0x00, 0x00, 
	0x00, 0x00, 0x00, 0x00, 0x00, 0x00, 0x00, 0x00, 
	0x00, 0x00, 0xe9, 0xe9, 0xe4, 0xe5, 0xe5, 0xf0, 
	0x00, 0x00, 0x00, 0x00, 0x00, 0x00, 0x00, 0x00, 
	0x00, 0x00, 0x00, 0x00, 0x00, 0x00, 0x00, 0x00, 
	0x00, 0x00, 0x00, 0x00, 0x00, 0x00, 0x00, 0x00, 
	0x00, 0x00, 0xeb, 0xf1, 0xe7, 0xe4, 0xe5, 0xf2, 
	0x00, 0x00, 0x00, 0x00, 0x00, 0x00, 0x00, 0x00, 
	0x00, 0x00, 0x00, 0x00, 0x00, 0x00, 0x00, 0x00, 
	0x00, 0x00, 0x00, 0x00, 0x00, 0x00, 0x00, 0x00, 
	0x00, 0x00, 0x00, 0xf3, 0xf4, 0xe9, 0xe4, 0xe7, 
	0x00, 0x00, 0x00, 0x00, 0x00, 0x00, 0x00, 0x00, 
	0x00, 0x00, 0x00, 0x00, 0x00, 0x00, 0x00, 0x00, 
	0x00, 0x00, 0x00, 0x00, 0x00, 0x00, 0x00, 0x00, 
	0x00, 0x00, 0x00, 0x00, 0xe8, 0xf4, 0xe7, 0xf5, 
	0x00, 0x00, 0x00, 0x00, 0x00, 0x00, 0x00, 0x00, 
	0x00, 0x00, 0x00, 0x00, 0x00, 0x00, 0x00, 0x00, 
	0x00, 0x00, 0x00, 0x00, 0x00, 0x00, 0x00, 0x00, 
	0x00, 0x00, 0x00, 0x00, 0x00, 0xeb, 0xf6, 0xf7, 
	0x00, 0x00, 0x00, 0x00, 0x00, 0x00, 0x00, 0x00, 
	0x00, 0x00, 0x00, 0x00, 0x00, 0x00, 0x00, 0x00, 
	0x00, 0x00, 0x00, 0x00, 0x00, 0x00, 0x00, 0x00, 
	0x00, 0x00, 0x00, 0x00, 0x00, 0x00, 0x00, 0xeb, 
	
};

Gfx wf_dl_leaf_half_rgba16_pal_rgba16_aligner[] = {gsSPEndDisplayList()};
u8 wf_dl_leaf_half_rgba16_pal_rgba16[] = {
	0x2a, 0xca, 0x3b, 0x0c, 0x8d, 0x17, 0xb5, 0xdd, 
	0x2a, 0xcc, 0x32, 0xca, 0x33, 0x0a, 0x32, 0xcb, 
	0x33, 0x0d, 0x32, 0xcd, 0x2a, 0xcd, 0x2b, 0x0d, 
	0x2a, 0xcf, 0x3b, 0x0e, 0x8c, 0xd7, 0xb5, 0xdf, 
	0x33, 0x0b, 0x3b, 0x0d, 0x33, 0x4f, 0x33, 0x0f, 
	0x2b, 0x11, 0x2a, 0xd1, 0x84, 0xd5, 0x33, 0x4d, 
	0x3b, 0x4f, 0x33, 0x51, 0x33, 0x11, 0x2b, 0x0f, 
	0x7c, 0x97, 0x33, 0x4b, 0x3b, 0x8f, 0x3b, 0x51, 
	0x3b, 0x91, 0x3b, 0x53, 0x84, 0xd7, 0x33, 0x89, 
	0x3b, 0x93, 0x33, 0x53, 0x32, 0xcc, 0x3b, 0x11, 
	0x84, 0xd9, 0xad, 0x9d, 0x2b, 0x0b, 0x43, 0x91, 
	0x43, 0x93, 0x43, 0xd3, 0x4b, 0x53, 0x33, 0x4a, 
	0x3b, 0x8d, 0x43, 0xd5, 0x43, 0x95, 0x3b, 0x8a, 
	0x4c, 0x15, 0x33, 0x93, 0x3b, 0x8c, 0x4b, 0xd5, 
	0x4c, 0x17, 0x4b, 0xd7, 0x33, 0x4c, 0x33, 0x8d, 
	0x33, 0x91, 0x4c, 0x57, 0x44, 0x15, 0x3b, 0xd3, 
	0x33, 0xcd, 0x2b, 0x8d, 0x4c, 0x59, 0x54, 0x59, 
	0x2b, 0x8f, 0x2b, 0x4f, 0x33, 0xd1, 0x4c, 0x55, 
	0x44, 0x55, 0x8d, 0x1b, 0xb6, 0x1f, 0x54, 0x99, 
	0x4c, 0x97, 0x44, 0x97, 0x4c, 0x95, 0xbe, 0x61, 
	0x2b, 0x0c, 0x23, 0x8d, 0x23, 0x4f, 0x2b, 0xd1, 
	0x33, 0xd3, 0x3b, 0xd5, 0x4c, 0x99, 0x4c, 0xd7, 
	0x44, 0x95, 0x8d, 0x9d, 0xb6, 0x63, 0x23, 0x8f, 
	0x2b, 0x91, 0x3c, 0x15, 0x4d, 0x19, 0x4d, 0x17, 
	0x85, 0x5b, 0xbe, 0x63, 0x2b, 0x51, 0x3c, 0x13, 
	0x4d, 0x59, 0x4d, 0x57, 0x2b, 0x0e, 0x55, 0x59, 
	0x55, 0x17, 0x2b, 0x4e, 0x33, 0x0e, 0x3c, 0x53, 
	0x3c, 0x95, 0x44, 0xd7, 0x4d, 0x99, 0x55, 0x9b, 
	0x5d, 0x9b, 0x5d, 0x99, 0x55, 0x57, 0x7d, 0xdb, 
	0xb6, 0x61, 0x33, 0x8e, 0x55, 0x99, 0x33, 0x4e, 
	0xae, 0xa1, 0x34, 0x13, 0x5d, 0xdb, 0x65, 0xd9, 
	0x33, 0x0c, 0x3c, 0x55, 0x3c, 0xd5, 0x5d, 0xd9, 
	0x76, 0x1b, 0xae, 0xe3, 0x3c, 0x93, 0x44, 0xd5, 
	0x34, 0x11, 0x34, 0x53, 0x45, 0x17, 0x55, 0xdb, 
	0x55, 0xd9, 0x5e, 0x19, 0x66, 0x19, 0x76, 0x19, 
	0x9e, 0xe1, 0x2b, 0xcf, 0x2c, 0x11, 0x34, 0x51, 
	0x34, 0x93, 0x3c, 0xd7, 0x5e, 0x17, 0xa7, 0x23, 
	0x2b, 0x4c, 0x23, 0xcf, 0x2c, 0x51, 0x34, 0xd3, 
	0x3d, 0x15, 0x56, 0x19, 0x56, 0x17, 0x76, 0x59, 
	0x2c, 0x91, 0x45, 0x57, 0x4d, 0x97, 0x2b, 0x8c, 
	0x2c, 0x0f, 0x4d, 0xd9, 0x4d, 0xd7, 0x4e, 0x17, 
	0x55, 0xd7, 0x5e, 0x57, 0x76, 0x9b, 0x9f, 0x21, 
	0x3d, 0x13, 0x45, 0x55, 0x2c, 0x93, 0x3d, 0x55, 
	0x5e, 0x55, 0x66, 0x55, 0x76, 0xd9, 0xa7, 0x21, 
	0x2b, 0x8e, 0x45, 0x97, 0x2b, 0xce, 0x6e, 0x55, 
	0x76, 0x97, 0x2c, 0x0e, 0x2c, 0xd1, 0x3c, 0xd3, 
	0x34, 0x0e, 0x35, 0x13, 0x3d, 0x57, 0x66, 0x57, 
	0x6e, 0x53, 0x76, 0x95, 0x34, 0x90, 0x3d, 0x53, 
	0x6e, 0x57, 0x6e, 0x95, 0x45, 0xd5, 0x6e, 0x93, 
	0x9f, 0x5f, 0x45, 0x93, 0x45, 0xd7, 0x76, 0x93, 
	0x3c, 0x0e, 0x66, 0x59, 0x7e, 0xd3, 0x97, 0x5d, 
	0x4d, 0xd5, 0x4e, 0x57, 0x5e, 0x59, 0x66, 0x97, 
	0x7e, 0xd5, 0x6e, 0x97, 0x65, 0xd5, 0x44, 0x4e, 
	0x6e, 0x91, 0x7e, 0x93, 0x5e, 0x15, 0x76, 0xd7, 
	0x6e, 0x15, 0x55, 0x10, 0x97, 0x1d, 0x6e, 0xd7, 
	0x4c, 0x4e, 0x5d, 0x0e, 0x76, 0x91, 0x6e, 0x51, 
	0x55, 0x52, 0x5d, 0x52, 0x5d, 0x4e, 0x65, 0x8e, 
	0x7e, 0xd1, 0x7e, 0x91, 0x97, 0x1b, 0x86, 0xd3, 
	0x6d, 0x8e, 0x86, 0xd1, 0x65, 0x4e, 0x54, 0x4c, 
	0x86, 0x93, 0x97, 0x19, 0x86, 0xd5, 0x76, 0x51, 
	0x8e, 0xd7, 0x87, 0x11, 0x8e, 0xd5, 0x7e, 0x51, 
	0x8e, 0xd1, 0x8f, 0x13, 0x86, 0xcf, 0x96, 0xd3, 
	
};

Vtx wf_dl_bob_area_1_collision_mesh_layer_1_vtx_cull[8] = {
	{{ {-3451, -3236, 10215}, 0, {0, 0}, {0, 0, 0, 0} }},
	{{ {-3451, 232, 10215}, 0, {0, 0}, {0, 0, 0, 0} }},
	{{ {-3451, 232, -4576}, 0, {0, 0}, {0, 0, 0, 0} }},
	{{ {-3451, -3236, -4576}, 0, {0, 0}, {0, 0, 0, 0} }},
	{{ {5917, -3236, 10215}, 0, {0, 0}, {0, 0, 0, 0} }},
	{{ {5917, 232, 10215}, 0, {0, 0}, {0, 0, 0, 0} }},
	{{ {5917, 232, -4576}, 0, {0, 0}, {0, 0, 0, 0} }},
	{{ {5917, -3236, -4576}, 0, {0, 0}, {0, 0, 0, 0} }},
};

Vtx wf_dl_bob_area_1_collision_mesh_layer_1_vtx_0[168] = {
	{{ {371, -958, 8239}, 0, {-1377, 217}, {183, 252, 10, 255} }},
	{{ {1538, -958, 8089}, 0, {791, 217}, {157, 157, 157, 255} }},
	{{ {1538, -1363, 8089}, 0, {791, 969}, {253, 255, 252, 255} }},
	{{ {-2669, -548, -1358}, 0, {7986, -545}, {152, 153, 151, 255} }},
	{{ {-3451, -549, 529}, 0, {4480, -543}, {161, 162, 160, 255} }},
	{{ {-3451, -826, 529}, 0, {4480, -29}, {152, 153, 151, 255} }},
	{{ {-1439, -833, 618}, 0, {-4739, -3082}, {253, 255, 252, 255} }},
	{{ {-1927, -839, 1332}, 0, {-5646, -1757}, {253, 255, 252, 255} }},
	{{ {-2286, -831, 1198}, 0, {-6313, -2005}, {253, 255, 252, 255} }},
	{{ {-2286, -831, 1198}, 0, {-6313, -2005}, {253, 255, 252, 255} }},
	{{ {-2462, -836, 1222}, 0, {-6640, -1961}, {0, 0, 0, 255} }},
	{{ {-2821, -828, 1088}, 0, {-7307, -2209}, {0, 0, 0, 255} }},
	{{ {-2286, -831, 1198}, 0, {-6313, -2005}, {253, 255, 252, 255} }},
	{{ {-1927, -839, 1332}, 0, {-5646, -1757}, {253, 255, 252, 255} }},
	{{ {-1927, -839, 1332}, 0, {-5646, -1757}, {253, 255, 252, 255} }},
	{{ {-2103, -844, 1355}, 0, {-5973, -1713}, {252, 126, 0, 255} }},
	{{ {3533, -2176, 3905}, 0, {4498, 3025}, {253, 255, 252, 255} }},
	{{ {2673, -2176, 3606}, 0, {2900, 2469}, {253, 255, 252, 255} }},
	{{ {2673, -2176, 2025}, 0, {2900, -468}, {253, 255, 252, 255} }},
	{{ {4504, -2176, 3606}, 0, {6302, 2469}, {157, 157, 157, 255} }},
	{{ {4815, -2176, 1874}, 0, {6880, -749}, {159, 173, 154, 255} }},
	{{ {2673, -2008, 521}, 0, {2900, -3262}, {253, 255, 252, 255} }},
	{{ {3029, -1932, 90}, 0, {3562, -4063}, {253, 255, 252, 255} }},
	{{ {4815, -1932, 142}, 0, {6880, -3966}, {183, 252, 10, 255} }},
	{{ {4392, -1816, -1009}, 0, {6094, -6105}, {157, 157, 157, 255} }},
	{{ {2988, -1816, -1348}, 0, {3485, -6735}, {253, 255, 252, 255} }},
	{{ {3021, -1598, -2094}, 0, {3547, -8121}, {253, 255, 252, 255} }},
	{{ {4392, -1816, -2161}, 0, {6094, -8245}, {157, 157, 157, 255} }},
	{{ {4392, -1598, -3875}, 0, {6094, -11430}, {157, 157, 157, 255} }},
	{{ {3208, -1135, -4576}, 0, {3894, -12732}, {157, 157, 157, 255} }},
	{{ {-2791, -372, 1100}, 0, {-7251, -872}, {0, 0, 0, 255} }},
	{{ {-2462, -836, 1222}, 0, {-6640, -10}, {0, 0, 0, 255} }},
	{{ {-2103, -844, 1355}, 0, {-5973, 5}, {252, 126, 0, 255} }},
	{{ {-2821, -828, 1088}, 0, {-7307, -25}, {0, 0, 0, 255} }},
	{{ {-3009, -594, 1019}, 0, {-7656, -460}, {0, 0, 0, 255} }},
	{{ {-3015, -372, 1705}, 0, {-7667, -872}, {0, 0, 0, 255} }},
	{{ {-3046, -828, 1694}, 0, {-7725, -25}, {0, 0, 0, 255} }},
	{{ {-3234, -594, 1624}, 0, {-8074, -460}, {0, 0, 0, 255} }},
	{{ {-2687, -835, 1827}, 0, {-7058, -11}, {0, 0, 0, 255} }},
	{{ {-2327, -843, 1961}, 0, {-6389, 3}, {252, 126, 0, 255} }},
	{{ {-1976, -547, -2367}, 0, {-5737, -8628}, {152, 153, 151, 255} }},
	{{ {-1279, -539, -2366}, 0, {-4442, -8626}, {253, 255, 252, 255} }},
	{{ {-1007, -540, -1337}, 0, {-3937, -6714}, {183, 252, 10, 255} }},
	{{ {-2669, -548, -1358}, 0, {-7025, -6753}, {152, 153, 151, 255} }},
	{{ {-1699, -549, -685}, 0, {-5222, -5503}, {253, 255, 252, 255} }},
	{{ {-3451, -549, 529}, 0, {-8477, -3247}, {161, 162, 160, 255} }},
	{{ {-1439, -255, 618}, 0, {-4739, -3082}, {253, 255, 252, 255} }},
	{{ {-370, -3, -583}, 0, {-2753, -5313}, {253, 255, 252, 255} }},
	{{ {-1007, -3, -1337}, 0, {-3937, -6714}, {253, 255, 252, 255} }},
	{{ {1604, -3, -1336}, 0, {914, -6712}, {253, 255, 252, 255} }},
	{{ {434, -3, -1492}, 0, {-1260, -7002}, {253, 255, 252, 255} }},
	{{ {-212, -3, -1563}, 0, {-2459, -7134}, {253, 255, 252, 255} }},
	{{ {-600, -3, -1950}, 0, {-3181, -7853}, {253, 255, 252, 255} }},
	{{ {-1279, -3, -2366}, 0, {-4442, -8626}, {253, 255, 252, 255} }},
	{{ {-504, -3, -2427}, 0, {-3003, -8739}, {253, 255, 252, 255} }},
	{{ {20, -3, -2714}, 0, {-2029, -9272}, {253, 255, 252, 255} }},
	{{ {1601, -3, -3394}, 0, {909, -10536}, {152, 153, 151, 255} }},
	{{ {998, -3, -4538}, 0, {-212, -12661}, {152, 153, 151, 255} }},
	{{ {-58, -3, -4380}, 0, {-2173, -12368}, {152, 153, 151, 255} }},
	{{ {-1113, -3, -4222}, 0, {-4134, -12074}, {251, 253, 250, 255} }},
	{{ {-1976, 0, -2367}, 0, {-5737, -8628}, {152, 153, 151, 255} }},
	{{ {665, -3, -2643}, 0, {-830, -9141}, {253, 255, 252, 255} }},
	{{ {1054, -3, -2256}, 0, {-108, -8421}, {183, 252, 10, 255} }},
	{{ {665, -3, -2643}, 0, {-830, -9141}, {253, 255, 252, 255} }},
	{{ {1601, -3, -3394}, 0, {909, -10536}, {152, 153, 151, 255} }},
	{{ {1604, -3, -1336}, 0, {914, -6712}, {253, 255, 252, 255} }},
	{{ {958, -3, -1779}, 0, {-286, -7535}, {253, 255, 252, 255} }},
	{{ {434, -3, -1492}, 0, {-1260, -7002}, {253, 255, 252, 255} }},
	{{ {-1550, -1053, -1476}, 0, {-4946, -6973}, {253, 255, 252, 255} }},
	{{ {-1417, -1053, -1599}, 0, {-4699, -7201}, {253, 255, 252, 255} }},
	{{ {-1295, -969, -1454}, 0, {-4472, -6932}, {253, 255, 252, 255} }},
	{{ {-1428, -969, -1331}, 0, {-4719, -6703}, {253, 255, 252, 255} }},
	{{ {-1164, -908, -1300}, 0, {-4229, -6646}, {183, 252, 10, 255} }},
	{{ {-1297, -908, -1176}, 0, {-4476, -6415}, {183, 252, 10, 255} }},
	{{ {-1024, -869, -1135}, 0, {-3968, -6339}, {183, 252, 10, 255} }},
	{{ {-1157, -869, -1012}, 0, {-4216, -6110}, {183, 252, 10, 255} }},
	{{ {-854, -849, -938}, 0, {-3653, -5973}, {253, 255, 252, 255} }},
	{{ {-987, -849, -815}, 0, {-3900, -5744}, {253, 255, 252, 255} }},
	{{ {998, -1135, -4538}, 0, {-212, -12661}, {253, 254, 251, 255} }},
	{{ {3208, -1135, -4576}, 0, {3894, -12732}, {157, 157, 157, 255} }},
	{{ {1601, -1135, -3394}, 0, {909, -10536}, {253, 255, 252, 255} }},
	{{ {3021, -1135, -2094}, 0, {3547, -8121}, {253, 255, 252, 255} }},
	{{ {1604, -1135, -2088}, 0, {914, -8110}, {253, 255, 252, 255} }},
	{{ {2988, -741, -1348}, 0, {3485, -6735}, {104, 105, 104, 255} }},
	{{ {1604, -711, -1336}, 0, {914, -6712}, {209, 253, 183, 255} }},
	{{ {2331, -614, 359}, 0, {2265, -3563}, {163, 164, 162, 255} }},
	{{ {3029, -620, 90}, 0, {3562, -4063}, {104, 105, 104, 255} }},
	{{ {1237, -712, -582}, 0, {232, -5312}, {253, 255, 252, 255} }},
	{{ {1373, -489, 958}, 0, {485, -2450}, {253, 255, 252, 255} }},
	{{ {1969, -490, 2931}, 0, {1592, 1215}, {104, 105, 104, 255} }},
	{{ {-75, -488, 2950}, 0, {-2205, 1178}, {253, 255, 252, 255} }},
	{{ {-103, -489, 1072}, 0, {-2257, -2239}, {183, 252, 10, 255} }},
	{{ {-1477, -831, 2950}, 0, {-4810, 1431}, {253, 255, 252, 255} }},
	{{ {-1439, -833, 618}, 0, {-4739, -3082}, {253, 255, 252, 255} }},
	{{ {-1477, -831, 2950}, 0, {-4810, 1431}, {253, 255, 252, 255} }},
	{{ {-1927, -839, 1332}, 0, {-5646, -1756}, {253, 255, 252, 255} }},
	{{ {-1439, -833, 618}, 0, {-4739, -3082}, {253, 255, 252, 255} }},
	{{ {-2103, -844, 1355}, 0, {-5973, -1713}, {252, 126, 0, 255} }},
	{{ {-2327, -843, 1961}, 0, {-6389, -587}, {252, 126, 0, 255} }},
	{{ {-3293, -830, 2428}, 0, {-8184, 281}, {253, 255, 252, 255} }},
	{{ {-2687, -835, 1827}, 0, {-7058, -835}, {0, 0, 0, 255} }},
	{{ {-3046, -828, 1694}, 0, {-7725, -1083}, {0, 0, 0, 255} }},
	{{ {-3451, -826, 529}, 0, {-8477, -3247}, {152, 153, 151, 255} }},
	{{ {-2821, -828, 1088}, 0, {-7307, -2209}, {0, 0, 0, 255} }},
	{{ {-2286, -831, 1198}, 0, {-6313, -2004}, {253, 255, 252, 255} }},
	{{ {-3015, -372, 1705}, 0, {-7667, -1063}, {0, 0, 0, 255} }},
	{{ {-2791, -372, 1100}, 0, {-7251, -2187}, {0, 0, 0, 255} }},
	{{ {-3009, -594, 1019}, 0, {-7656, -2337}, {0, 0, 0, 255} }},
	{{ {-3234, -594, 1624}, 0, {-8074, -1213}, {0, 0, 0, 255} }},
	{{ {1237, -3, -582}, 0, {232, -5312}, {253, 255, 252, 255} }},
	{{ {1373, -489, 958}, 0, {485, -2450}, {253, 255, 252, 255} }},
	{{ {-103, -489, 1072}, 0, {-2257, -2239}, {183, 252, 10, 255} }},
	{{ {-370, -3, -583}, 0, {-2753, -5313}, {253, 255, 252, 255} }},
	{{ {-1439, -255, 618}, 0, {-4739, -3082}, {253, 255, 252, 255} }},
	{{ {1604, -3, -1336}, 0, {914, -6712}, {253, 255, 252, 255} }},
	{{ {1542, -958, 6867}, 0, {799, 8528}, {157, 157, 157, 255} }},
	{{ {1538, -958, 8089}, 0, {791, 10798}, {157, 157, 157, 255} }},
	{{ {371, -958, 8239}, 0, {-1377, 11077}, {183, 252, 10, 255} }},
	{{ {-283, -958, 6933}, 0, {-2592, 8650}, {104, 105, 104, 255} }},
	{{ {-783, -958, 6933}, 0, {-3521, 8650}, {104, 105, 104, 255} }},
	{{ {-1475, -958, 9016}, 0, {-4806, 12520}, {152, 153, 151, 255} }},
	{{ {647, -958, 10215}, 0, {-864, 14748}, {157, 157, 157, 255} }},
	{{ {1538, -1363, 8089}, 0, {791, 10798}, {253, 255, 252, 255} }},
	{{ {1928, -1363, 10207}, 0, {1516, 14733}, {157, 157, 157, 255} }},
	{{ {3286, -1363, 8363}, 0, {4039, 11307}, {157, 157, 157, 255} }},
	{{ {2828, -973, 7722}, 0, {3188, 10116}, {157, 157, 157, 255} }},
	{{ {3324, -973, 7496}, 0, {4110, 9696}, {127, 252, 122, 255} }},
	{{ {3286, -1363, 8363}, 0, {4039, 11307}, {157, 157, 157, 255} }},
	{{ {2828, -973, 7722}, 0, {3188, 10116}, {157, 157, 157, 255} }},
	{{ {2697, -973, 7155}, 0, {2945, 9063}, {157, 157, 157, 255} }},
	{{ {3217, -973, 7028}, 0, {3911, 8827}, {127, 252, 122, 255} }},
	{{ {3414, -1363, 6383}, 0, {4277, 7629}, {127, 252, 122, 255} }},
	{{ {4267, -1363, 7001}, 0, {5862, 8777}, {127, 252, 122, 255} }},
	{{ {3764, -1363, 5509}, 0, {4927, 6005}, {183, 252, 10, 255} }},
	{{ {2578, -1363, 5645}, 0, {2724, 6257}, {253, 255, 252, 255} }},
	{{ {2697, -1594, 7155}, 0, {2945, 9063}, {253, 255, 252, 255} }},
	{{ {1542, -1594, 6867}, 0, {799, 8528}, {253, 255, 252, 255} }},
	{{ {1538, -1594, 8089}, 0, {791, 10798}, {251, 253, 249, 255} }},
	{{ {2828, -1594, 7722}, 0, {3188, 10116}, {253, 255, 252, 255} }},
	{{ {1836, -1594, 8657}, 0, {1345, 11853}, {152, 153, 151, 255} }},
	{{ {3288, -1363, 8366}, 0, {4043, 11313}, {157, 157, 157, 255} }},
	{{ {2408, -1363, 9304}, 0, {2408, 13055}, {152, 153, 151, 255} }},
	{{ {5438, -1363, 5257}, 0, {8037, 5537}, {127, 252, 122, 255} }},
	{{ {5917, -1363, 7484}, 0, {8927, 9674}, {157, 157, 157, 255} }},
	{{ {4035, -1363, 8145}, 0, {5431, 10902}, {127, 252, 122, 255} }},
	{{ {4844, -1363, 9193}, 0, {6934, 12849}, {157, 157, 157, 255} }},
	{{ {1928, -1363, 10207}, 0, {1516, 14733}, {157, 157, 157, 255} }},
	{{ {4653, -1271, 4183}, 0, {6579, 3541}, {183, 252, 11, 255} }},
	{{ {3666, -1317, 4412}, 0, {4745, 3967}, {183, 252, 10, 255} }},
	{{ {2578, -713, 5645}, 0, {2724, 6257}, {157, 157, 157, 255} }},
	{{ {2460, -713, 4412}, 0, {2504, 3967}, {253, 255, 252, 255} }},
	{{ {1949, -713, 4943}, 0, {1555, 4870}, {253, 255, 252, 255} }},
	{{ {-283, -713, 6034}, 0, {-2592, 6980}, {104, 105, 104, 255} }},
	{{ {1542, -958, 6867}, 0, {799, 8528}, {157, 157, 157, 255} }},
	{{ {-283, -958, 6933}, 0, {-2592, 8650}, {104, 105, 104, 255} }},
	{{ {-533, -713, 5892}, 0, {-3056, 6716}, {104, 105, 104, 255} }},
	{{ {-1273, -713, 4943}, 0, {-4431, 4972}, {225, 227, 224, 255} }},
	{{ {-783, -713, 6034}, 0, {-3521, 6980}, {104, 105, 104, 255} }},
	{{ {-783, -713, 6034}, 0, {-3521, 6980}, {104, 105, 104, 255} }},
	{{ {-1487, -713, 5937}, 0, {-4829, 6800}, {152, 153, 151, 255} }},
	{{ {-1273, -713, 4943}, 0, {-4431, 4972}, {225, 227, 224, 255} }},
	{{ {-783, -958, 6933}, 0, {-3521, 8650}, {104, 105, 104, 255} }},
	{{ {-1700, -958, 6921}, 0, {-5224, 8628}, {152, 153, 151, 255} }},
	{{ {-1475, -958, 9016}, 0, {-4806, 12520}, {152, 153, 151, 255} }},
	{{ {-3009, -594, 1019}, 0, {3570, -460}, {0, 0, 0, 255} }},
	{{ {-3234, -594, 1624}, 0, {2446, -460}, {0, 0, 0, 255} }},
	{{ {-3046, -828, 1694}, 0, {2316, -25}, {0, 0, 0, 255} }},
	{{ {-2821, -828, 1088}, 0, {3442, -25}, {0, 0, 0, 255} }},
};

Gfx wf_dl_bob_area_1_collision_mesh_layer_1_tri_0[] = {
	gsSPVertex(wf_dl_bob_area_1_collision_mesh_layer_1_vtx_0 + 0, 30, 0),
	gsSP2Triangles(0, 1, 2, 0, 3, 4, 5, 0),
	gsSP2Triangles(6, 7, 8, 0, 9, 10, 11, 0),
	gsSP2Triangles(12, 13, 10, 0, 14, 15, 10, 0),
	gsSP2Triangles(16, 17, 18, 0, 19, 16, 18, 0),
	gsSP2Triangles(19, 18, 20, 0, 20, 18, 21, 0),
	gsSP2Triangles(20, 21, 22, 0, 20, 22, 23, 0),
	gsSP2Triangles(22, 24, 23, 0, 22, 25, 24, 0),
	gsSP2Triangles(24, 25, 26, 0, 24, 26, 27, 0),
	gsSP2Triangles(28, 27, 26, 0, 28, 26, 29, 0),
	gsSPVertex(wf_dl_bob_area_1_collision_mesh_layer_1_vtx_0 + 30, 32, 0),
	gsSP2Triangles(0, 1, 2, 0, 0, 3, 1, 0),
	gsSP2Triangles(0, 4, 3, 0, 5, 6, 7, 0),
	gsSP2Triangles(5, 8, 6, 0, 5, 9, 8, 0),
	gsSP2Triangles(10, 11, 12, 0, 13, 10, 12, 0),
	gsSP2Triangles(13, 12, 14, 0, 14, 15, 13, 0),
	gsSP2Triangles(16, 15, 14, 0, 17, 16, 14, 0),
	gsSP2Triangles(17, 14, 18, 0, 17, 18, 19, 0),
	gsSP2Triangles(20, 19, 18, 0, 18, 21, 20, 0),
	gsSP2Triangles(22, 21, 18, 0, 22, 18, 23, 0),
	gsSP2Triangles(23, 24, 22, 0, 25, 24, 23, 0),
	gsSP2Triangles(25, 23, 26, 0, 27, 26, 23, 0),
	gsSP2Triangles(23, 28, 27, 0, 23, 29, 28, 0),
	gsSP2Triangles(23, 30, 29, 0, 26, 31, 25, 0),
	gsSPVertex(wf_dl_bob_area_1_collision_mesh_layer_1_vtx_0 + 62, 32, 0),
	gsSP2Triangles(0, 1, 2, 0, 0, 2, 3, 0),
	gsSP2Triangles(3, 4, 0, 0, 5, 4, 3, 0),
	gsSP2Triangles(6, 7, 8, 0, 6, 8, 9, 0),
	gsSP2Triangles(9, 8, 10, 0, 9, 10, 11, 0),
	gsSP2Triangles(11, 10, 12, 0, 11, 12, 13, 0),
	gsSP2Triangles(13, 12, 14, 0, 13, 14, 15, 0),
	gsSP2Triangles(16, 17, 18, 0, 17, 19, 18, 0),
	gsSP2Triangles(19, 20, 18, 0, 20, 19, 21, 0),
	gsSP2Triangles(20, 21, 22, 0, 21, 23, 22, 0),
	gsSP2Triangles(21, 24, 23, 0, 23, 25, 22, 0),
	gsSP2Triangles(25, 23, 26, 0, 26, 23, 27, 0),
	gsSP2Triangles(26, 27, 28, 0, 26, 28, 29, 0),
	gsSP2Triangles(29, 28, 30, 0, 29, 30, 31, 0),
	gsSPVertex(wf_dl_bob_area_1_collision_mesh_layer_1_vtx_0 + 94, 32, 0),
	gsSP2Triangles(0, 1, 2, 0, 0, 3, 1, 0),
	gsSP2Triangles(0, 4, 3, 0, 4, 0, 5, 0),
	gsSP2Triangles(6, 4, 5, 0, 7, 6, 5, 0),
	gsSP2Triangles(7, 5, 8, 0, 8, 9, 7, 0),
	gsSP2Triangles(8, 10, 9, 0, 8, 2, 10, 0),
	gsSP2Triangles(3, 4, 11, 0, 3, 11, 12, 0),
	gsSP2Triangles(13, 12, 11, 0, 13, 11, 14, 0),
	gsSP2Triangles(15, 16, 17, 0, 15, 17, 18, 0),
	gsSP2Triangles(17, 19, 18, 0, 20, 15, 18, 0),
	gsSP2Triangles(21, 22, 23, 0, 21, 23, 24, 0),
	gsSP2Triangles(25, 24, 23, 0, 25, 23, 26, 0),
	gsSP2Triangles(23, 27, 26, 0, 28, 27, 23, 0),
	gsSP2Triangles(28, 29, 27, 0, 29, 28, 30, 0),
	gsSP1Triangle(30, 28, 31, 0),
	gsSPVertex(wf_dl_bob_area_1_collision_mesh_layer_1_vtx_0 + 126, 32, 0),
	gsSP2Triangles(0, 1, 2, 0, 3, 0, 2, 0),
	gsSP2Triangles(3, 4, 0, 0, 3, 5, 4, 0),
	gsSP2Triangles(5, 6, 4, 0, 6, 5, 7, 0),
	gsSP2Triangles(5, 8, 7, 0, 8, 5, 9, 0),
	gsSP2Triangles(8, 9, 10, 0, 11, 10, 9, 0),
	gsSP2Triangles(11, 9, 12, 0, 12, 13, 11, 0),
	gsSP2Triangles(13, 12, 14, 0, 13, 14, 15, 0),
	gsSP2Triangles(16, 6, 7, 0, 16, 17, 6, 0),
	gsSP2Triangles(18, 6, 17, 0, 17, 19, 18, 0),
	gsSP2Triangles(18, 19, 1, 0, 19, 20, 1, 0),
	gsSP2Triangles(0, 18, 1, 0, 6, 18, 0, 0),
	gsSP2Triangles(6, 0, 4, 0, 21, 16, 7, 0),
	gsSP2Triangles(21, 7, 22, 0, 22, 7, 23, 0),
	gsSP2Triangles(22, 23, 24, 0, 25, 24, 23, 0),
	gsSP2Triangles(26, 25, 23, 0, 26, 23, 27, 0),
	gsSP2Triangles(27, 28, 26, 0, 26, 29, 25, 0),
	gsSP2Triangles(30, 25, 29, 0, 29, 31, 30, 0),
	gsSPVertex(wf_dl_bob_area_1_collision_mesh_layer_1_vtx_0 + 158, 10, 0),
	gsSP2Triangles(0, 1, 2, 0, 1, 0, 3, 0),
	gsSP2Triangles(1, 3, 4, 0, 5, 4, 3, 0),
	gsSP2Triangles(6, 7, 8, 0, 6, 8, 9, 0),
	gsSPEndDisplayList(),
};

Vtx wf_dl_bob_area_1_collision_mesh_layer_1_vtx_1[86] = {
	{{ {-283, -958, 6933}, 0, {-3717, 100}, {104, 105, 104, 255} }},
	{{ {-283, -486, 6444}, 0, {-3263, -338}, {104, 105, 104, 255} }},
	{{ {-283, -713, 6034}, 0, {-2882, -127}, {104, 105, 104, 255} }},
	{{ {-182, -377, 5800}, 0, {-2664, -439}, {104, 105, 104, 255} }},
	{{ {-283, 24, 5968}, 0, {-2820, -812}, {104, 105, 104, 255} }},
	{{ {-205, -183, 5366}, 0, {-2261, -620}, {104, 105, 104, 255} }},
	{{ {-283, 231, 5471}, 0, {-2359, -1004}, {104, 105, 104, 255} }},
	{{ {-283, 231, 4943}, 0, {-1883, -1004}, {104, 105, 104, 255} }},
	{{ {-141, -151, 4943}, 0, {-1883, -649}, {104, 105, 104, 255} }},
	{{ {-783, -486, 6444}, 0, {-3263, -338}, {104, 105, 104, 255} }},
	{{ {-783, -958, 6933}, 0, {-3717, 100}, {104, 105, 104, 255} }},
	{{ {-783, -713, 6034}, 0, {-2882, -127}, {104, 105, 104, 255} }},
	{{ {-880, -377, 5800}, 0, {-2664, -439}, {104, 105, 104, 255} }},
	{{ {-783, 24, 5968}, 0, {-2820, -812}, {104, 105, 104, 255} }},
	{{ {-872, -158, 5366}, 0, {-2261, -643}, {104, 105, 104, 255} }},
	{{ {-783, 231, 5471}, 0, {-2359, -1004}, {104, 105, 104, 255} }},
	{{ {-783, 231, 4943}, 0, {-1880, -1004}, {104, 105, 104, 255} }},
	{{ {-871, -172, 4943}, 0, {-1880, -630}, {104, 105, 104, 255} }},
	{{ {1431, 231, 2950}, 0, {-452, -2396}, {104, 105, 104, 255} }},
	{{ {1406, -142, 2950}, 0, {-452, -1728}, {104, 105, 104, 255} }},
	{{ {1413, -141, 2597}, 0, {110, -1729}, {104, 105, 104, 255} }},
	{{ {1438, 232, 2578}, 0, {144, -2397}, {97, 97, 96, 255} }},
	{{ {1917, -26, 2597}, 0, {110, -1935}, {104, 105, 104, 255} }},
	{{ {1817, 230, 2911}, 0, {-452, -2394}, {104, 105, 104, 255} }},
	{{ {1824, 231, 2587}, 0, {128, -2396}, {104, 105, 103, 255} }},
	{{ {1910, -27, 2911}, 0, {-452, -1934}, {104, 105, 104, 255} }},
	{{ {1736, -274, 2597}, 0, {110, -1491}, {104, 105, 104, 255} }},
	{{ {1728, -277, 2911}, 0, {-452, -1486}, {104, 105, 104, 255} }},
	{{ {-872, -158, 5366}, 0, {-1851, 2862}, {104, 105, 104, 255} }},
	{{ {-880, -377, 5800}, 0, {-1858, 3265}, {104, 105, 104, 255} }},
	{{ {-533, -493, 5666}, 0, {-1536, 3140}, {104, 105, 104, 255} }},
	{{ {-533, -296, 5348}, 0, {-1536, 2845}, {104, 105, 104, 255} }},
	{{ {-533, -493, 5666}, 0, {-1536, 3140}, {104, 105, 104, 255} }},
	{{ {-205, -183, 5366}, 0, {-1231, 2862}, {104, 105, 104, 255} }},
	{{ {-533, -296, 5348}, 0, {-1536, 2845}, {104, 105, 104, 255} }},
	{{ {-182, -377, 5800}, 0, {-1210, 3265}, {104, 105, 104, 255} }},
	{{ {-533, -348, 4943}, 0, {-1536, 2482}, {104, 105, 104, 255} }},
	{{ {-871, -172, 4943}, 0, {-1850, 2481}, {104, 105, 104, 255} }},
	{{ {-872, -158, 5366}, 0, {-1851, 2862}, {104, 105, 104, 255} }},
	{{ {-141, -151, 4943}, 0, {-1172, 2483}, {104, 105, 104, 255} }},
	{{ {2214, 229, 2425}, 0, {2221, -891}, {219, 219, 219, 255} }},
	{{ {-1610, 231, 5378}, 0, {-1370, 1883}, {104, 105, 104, 255} }},
	{{ {-1705, 231, 2805}, 0, {-1460, -534}, {242, 242, 242, 255} }},
	{{ {-783, 231, 4943}, 0, {-594, 1486}, {104, 105, 104, 255} }},
	{{ {-283, 231, 4943}, 0, {-124, 1489}, {104, 105, 104, 255} }},
	{{ {1949, 231, 4943}, 0, {1972, 1432}, {104, 105, 104, 255} }},
	{{ {-783, 24, 5968}, 0, {-1768, 3421}, {104, 105, 104, 255} }},
	{{ {-283, 231, 5471}, 0, {-1304, 2959}, {104, 105, 104, 255} }},
	{{ {-283, 24, 5968}, 0, {-1304, 3421}, {104, 105, 104, 255} }},
	{{ {-783, 231, 5471}, 0, {-1768, 2959}, {104, 105, 104, 255} }},
	{{ {-283, 231, 4943}, 0, {-1304, 2483}, {104, 105, 104, 255} }},
	{{ {-783, 231, 4943}, 0, {-1768, 2481}, {104, 105, 104, 255} }},
	{{ {-283, 24, 5968}, 0, {-1304, -812}, {104, 105, 104, 255} }},
	{{ {-283, -486, 6444}, 0, {-1304, -338}, {104, 105, 104, 255} }},
	{{ {-783, -486, 6444}, 0, {-1768, -338}, {104, 105, 104, 255} }},
	{{ {-783, 24, 5968}, 0, {-1768, -812}, {104, 105, 104, 255} }},
	{{ {1413, -141, 2597}, 0, {34, 98}, {104, 105, 104, 255} }},
	{{ {1406, -142, 2950}, 0, {22, 660}, {104, 105, 104, 255} }},
	{{ {1728, -277, 2911}, 0, {598, 660}, {104, 105, 104, 255} }},
	{{ {1736, -274, 2597}, 0, {613, 98}, {104, 105, 104, 255} }},
	{{ {-533, -713, 5892}, 0, {-1536, -127}, {104, 105, 104, 255} }},
	{{ {-283, -713, 6034}, 0, {-1304, -127}, {104, 105, 104, 255} }},
	{{ {-182, -377, 5800}, 0, {-1210, -439}, {104, 105, 104, 255} }},
	{{ {-533, -493, 5666}, 0, {-1536, -332}, {104, 105, 104, 255} }},
	{{ {-880, -377, 5800}, 0, {-1858, -439}, {104, 105, 104, 255} }},
	{{ {-533, -713, 5892}, 0, {-1536, -127}, {104, 105, 104, 255} }},
	{{ {-533, -493, 5666}, 0, {-1536, -332}, {104, 105, 104, 255} }},
	{{ {-783, -713, 6034}, 0, {-1768, -127}, {104, 105, 104, 255} }},
	{{ {1824, 231, 2587}, 0, {770, -2396}, {104, 105, 103, 255} }},
	{{ {1438, 232, 2578}, 0, {79, -2397}, {97, 97, 96, 255} }},
	{{ {1413, -141, 2597}, 0, {34, -1729}, {104, 105, 104, 255} }},
	{{ {1917, -26, 2597}, 0, {937, -1935}, {104, 105, 104, 255} }},
	{{ {1736, -274, 2597}, 0, {613, -1491}, {104, 105, 104, 255} }},
	{{ {-783, -958, 6933}, 0, {-1768, 4317}, {104, 105, 104, 255} }},
	{{ {-783, -486, 6444}, 0, {-1768, 3863}, {104, 105, 104, 255} }},
	{{ {-283, -486, 6444}, 0, {-1304, 3863}, {104, 105, 104, 255} }},
	{{ {-283, -958, 6933}, 0, {-1304, 4317}, {104, 105, 104, 255} }},
	{{ {227, -3, -2103}, 0, {-2089, -8317}, {249, 249, 249, 255} }},
	{{ {-504, -3, -2427}, 0, {-3398, -8897}, {253, 255, 252, 255} }},
	{{ {20, -3, -2714}, 0, {-2460, -9411}, {253, 255, 252, 255} }},
	{{ {-600, -3, -1950}, 0, {-3570, -8043}, {253, 255, 252, 255} }},
	{{ {-212, -3, -1563}, 0, {-2875, -7350}, {253, 255, 252, 255} }},
	{{ {434, -3, -1492}, 0, {-1719, -7223}, {253, 255, 252, 255} }},
	{{ {958, -3, -1779}, 0, {-781, -7737}, {253, 255, 252, 255} }},
	{{ {1054, -3, -2256}, 0, {-609, -8591}, {183, 252, 10, 255} }},
	{{ {665, -3, -2643}, 0, {-1304, -9284}, {253, 255, 252, 255} }},
};

Gfx wf_dl_bob_area_1_collision_mesh_layer_1_tri_1[] = {
	gsSPVertex(wf_dl_bob_area_1_collision_mesh_layer_1_vtx_1 + 0, 32, 0),
	gsSP2Triangles(0, 1, 2, 0, 3, 2, 1, 0),
	gsSP2Triangles(3, 1, 4, 0, 4, 5, 3, 0),
	gsSP2Triangles(4, 6, 5, 0, 7, 5, 6, 0),
	gsSP2Triangles(7, 8, 5, 0, 9, 10, 11, 0),
	gsSP2Triangles(9, 11, 12, 0, 9, 12, 13, 0),
	gsSP2Triangles(13, 12, 14, 0, 13, 14, 15, 0),
	gsSP2Triangles(16, 15, 14, 0, 16, 14, 17, 0),
	gsSP2Triangles(18, 19, 20, 0, 18, 20, 21, 0),
	gsSP2Triangles(22, 23, 24, 0, 22, 25, 23, 0),
	gsSP2Triangles(26, 25, 22, 0, 26, 27, 25, 0),
	gsSP2Triangles(28, 29, 30, 0, 28, 30, 31, 0),
	gsSPVertex(wf_dl_bob_area_1_collision_mesh_layer_1_vtx_1 + 32, 32, 0),
	gsSP2Triangles(0, 1, 2, 0, 0, 3, 1, 0),
	gsSP2Triangles(4, 2, 1, 0, 5, 2, 4, 0),
	gsSP2Triangles(5, 6, 2, 0, 4, 1, 7, 0),
	gsSP2Triangles(8, 9, 10, 0, 8, 11, 9, 0),
	gsSP2Triangles(8, 12, 11, 0, 8, 13, 12, 0),
	gsSP2Triangles(14, 15, 16, 0, 14, 17, 15, 0),
	gsSP2Triangles(18, 15, 17, 0, 18, 17, 19, 0),
	gsSP2Triangles(20, 21, 22, 0, 20, 22, 23, 0),
	gsSP2Triangles(24, 25, 26, 0, 24, 26, 27, 0),
	gsSP2Triangles(28, 29, 30, 0, 28, 30, 31, 0),
	gsSPVertex(wf_dl_bob_area_1_collision_mesh_layer_1_vtx_1 + 64, 22, 0),
	gsSP2Triangles(0, 1, 2, 0, 0, 3, 1, 0),
	gsSP2Triangles(4, 5, 6, 0, 4, 6, 7, 0),
	gsSP2Triangles(6, 8, 7, 0, 9, 10, 11, 0),
	gsSP2Triangles(9, 11, 12, 0, 13, 14, 15, 0),
	gsSP2Triangles(13, 16, 14, 0, 17, 16, 13, 0),
	gsSP2Triangles(17, 13, 18, 0, 19, 18, 13, 0),
	gsSP2Triangles(19, 13, 20, 0, 13, 21, 20, 0),
	gsSP1Triangle(13, 15, 21, 0),
	gsSPEndDisplayList(),
};

Vtx wf_dl_bob_area_1_collision_mesh_layer_1_vtx_2[435] = {
	{{ {-1662, -546, -2172}, 0, {-5154, -549}, {253, 255, 252, 255} }},
	{{ {-1447, -1041, -2039}, 0, {-4754, 371}, {249, 249, 249, 255} }},
	{{ {-1892, -991, -2068}, 0, {-5581, 278}, {246, 246, 246, 255} }},
	{{ {2856, -1981, -3595}, 0, {14675, 2109}, {249, 249, 249, 255} }},
	{{ {2755, -1135, -3959}, 0, {15548, 79}, {249, 249, 249, 255} }},
	{{ {2852, -1135, -3219}, 0, {13772, 79}, {249, 249, 249, 255} }},
	{{ {4193, -2053, -727}, 0, {5370, 6055}, {249, 249, 249, 255} }},
	{{ {4402, -1846, -641}, 0, {6042, 5389}, {249, 249, 249, 255} }},
	{{ {3782, -1857, -530}, 0, {4047, 5424}, {249, 249, 249, 255} }},
	{{ {3838, -2053, -766}, 0, {4227, -9798}, {249, 249, 249, 255} }},
	{{ {4193, -2053, -727}, 0, {5370, -9673}, {249, 249, 249, 255} }},
	{{ {3782, -1857, -530}, 0, {4047, -9039}, {249, 249, 249, 255} }},
	{{ {835, -970, 5505}, 0, {-5474, 2570}, {249, 249, 249, 255} }},
	{{ {857, -713, 5220}, 0, {-4557, 1743}, {249, 249, 249, 255} }},
	{{ {874, -713, 5803}, 0, {-6433, 1743}, {249, 249, 249, 255} }},
	{{ {579, -975, 5776}, 0, {-6260, 11253}, {249, 249, 249, 255} }},
	{{ {835, -970, 5505}, 0, {-5436, 10381}, {249, 249, 249, 255} }},
	{{ {874, -713, 5803}, 0, {-5310, 11340}, {249, 249, 249, 255} }},
	{{ {579, -975, 5776}, 0, {-6260, 2586}, {249, 249, 249, 255} }},
	{{ {874, -713, 5803}, 0, {-5310, 1743}, {249, 249, 249, 255} }},
	{{ {291, -713, 5819}, 0, {-7186, 1743}, {249, 249, 249, 255} }},
	{{ {308, -965, 5520}, 0, {-7132, 10429}, {249, 249, 249, 255} }},
	{{ {291, -713, 5819}, 0, {-7186, 11392}, {249, 249, 249, 255} }},
	{{ {308, -965, 5520}, 0, {-5523, 2554}, {249, 249, 249, 255} }},
	{{ {291, -713, 5819}, 0, {-6485, 1743}, {249, 249, 249, 255} }},
	{{ {274, -713, 5237}, 0, {-4612, 1743}, {249, 249, 249, 255} }},
	{{ {564, -960, 5249}, 0, {-6308, 9557}, {249, 249, 249, 255} }},
	{{ {274, -713, 5237}, 0, {-7241, 9519}, {249, 249, 249, 255} }},
	{{ {564, -960, 5249}, 0, {-6308, 2538}, {249, 249, 249, 255} }},
	{{ {274, -713, 5237}, 0, {-7241, 1743}, {249, 249, 249, 255} }},
	{{ {857, -713, 5220}, 0, {-5365, 1743}, {249, 249, 249, 255} }},
	{{ {857, -713, 5220}, 0, {-5365, 9464}, {249, 249, 249, 255} }},
	{{ {4186, -2176, 2406}, 0, {271, 2577}, {249, 249, 249, 255} }},
	{{ {3802, -2558, 2209}, 0, {744, 3494}, {249, 249, 249, 255} }},
	{{ {4003, -2176, 1779}, 0, {1776, 2577}, {249, 249, 249, 255} }},
	{{ {4103, -2176, 3241}, 0, {5225, 2613}, {249, 249, 249, 255} }},
	{{ {4174, -2584, 2783}, 0, {5396, 1514}, {249, 249, 249, 255} }},
	{{ {4643, -2176, 2873}, 0, {6521, 1730}, {249, 249, 249, 255} }},
	{{ {3417, -2176, 2068}, 0, {3579, 2577}, {249, 249, 249, 255} }},
	{{ {3117, -2613, 2365}, 0, {2859, 3626}, {249, 249, 249, 255} }},
	{{ {2684, -2176, 2067}, 0, {1819, 2577}, {249, 249, 249, 255} }},
	{{ {2859, -2176, 2695}, 0, {-423, 2577}, {249, 249, 249, 255} }},
	{{ {3038, -2633, 3056}, 0, {-1289, 3674}, {249, 249, 249, 255} }},
	{{ {2639, -2176, 3310}, 0, {-1899, 2577}, {249, 249, 249, 255} }},
	{{ {3283, -2176, 3420}, 0, {3257, 2577}, {249, 249, 249, 255} }},
	{{ {3670, -2641, 3363}, 0, {4186, 3693}, {249, 249, 249, 255} }},
	{{ {3800, -2176, 3819}, 0, {4498, 2577}, {249, 249, 249, 255} }},
	{{ {3117, -2613, 2365}, 0, {370, 3626}, {249, 249, 249, 255} }},
	{{ {2684, -2176, 2067}, 0, {1085, 2577}, {249, 249, 249, 255} }},
	{{ {3038, -2633, 3056}, 0, {2669, 3674}, {249, 249, 249, 255} }},
	{{ {2639, -2176, 3310}, 0, {1711, 2577}, {249, 249, 249, 255} }},
	{{ {3670, -2641, 3363}, 0, {-2026, 3693}, {249, 249, 249, 255} }},
	{{ {4103, -2176, 3241}, 0, {-1733, 2577}, {249, 249, 249, 255} }},
	{{ {3800, -2176, 3819}, 0, {-3120, 2577}, {249, 249, 249, 255} }},
	{{ {4174, -2584, 2783}, 0, {-634, 3557}, {249, 249, 249, 255} }},
	{{ {4643, -2176, 2873}, 0, {-850, 2577}, {249, 249, 249, 255} }},
	{{ {3802, -2558, 2209}, 0, {4503, 3494}, {249, 249, 249, 255} }},
	{{ {4003, -2176, 1779}, 0, {4985, 2577}, {249, 249, 249, 255} }},
	{{ {2852, -1135, -3219}, 0, {2223, -12892}, {249, 249, 249, 255} }},
	{{ {2821, -1494, -3630}, 0, {2148, -13878}, {249, 249, 249, 255} }},
	{{ {3245, -1135, -3646}, 0, {3166, -13917}, {249, 249, 249, 255} }},
	{{ {2502, -1545, -3025}, 0, {13307, 1063}, {249, 249, 249, 255} }},
	{{ {2852, -1135, -3219}, 0, {13772, 79}, {249, 249, 249, 255} }},
	{{ {2706, -1135, -2657}, 0, {12423, 79}, {249, 249, 249, 255} }},
	{{ {1892, -1538, -3164}, 0, {-82, 1046}, {249, 249, 249, 255} }},
	{{ {2178, -1135, -2898}, 0, {605, 79}, {183, 252, 10, 255} }},
	{{ {1599, -1135, -2863}, 0, {-785, 79}, {145, 146, 144, 255} }},
	{{ {2502, -1545, -3025}, 0, {1382, 1063}, {249, 249, 249, 255} }},
	{{ {2706, -1135, -2657}, 0, {1872, 79}, {249, 249, 249, 255} }},
	{{ {1665, -1135, -3439}, 0, {14300, 79}, {249, 249, 249, 255} }},
	{{ {1892, -1538, -3164}, 0, {13640, 1046}, {249, 249, 249, 255} }},
	{{ {1599, -1135, -2863}, 0, {12918, 79}, {145, 146, 144, 255} }},
	{{ {1821, -1520, -3778}, 0, {15114, 1003}, {249, 249, 249, 255} }},
	{{ {1386, -1135, -3948}, 0, {15522, 79}, {249, 249, 249, 255} }},
	{{ {2383, -1472, -4052}, 0, {1097, -14891}, {249, 249, 249, 255} }},
	{{ {2021, -1135, -4095}, 0, {228, -14995}, {249, 249, 249, 255} }},
	{{ {2470, -1135, -4464}, 0, {1306, -15880}, {249, 249, 249, 255} }},
	{{ {2021, -1135, -4095}, 0, {228, 79}, {249, 249, 249, 255} }},
	{{ {1821, -1520, -3778}, 0, {-252, 1003}, {249, 249, 249, 255} }},
	{{ {1386, -1135, -3948}, 0, {-1296, 79}, {249, 249, 249, 255} }},
	{{ {2755, -1135, -3959}, 0, {15548, 79}, {249, 249, 249, 255} }},
	{{ {2383, -1472, -4052}, 0, {15772, 888}, {249, 249, 249, 255} }},
	{{ {2470, -1135, -4464}, 0, {16761, 79}, {249, 249, 249, 255} }},
	{{ {2821, -1494, -3630}, 0, {2148, 940}, {249, 249, 249, 255} }},
	{{ {2755, -1135, -3959}, 0, {1990, 79}, {249, 249, 249, 255} }},
	{{ {3245, -1135, -3646}, 0, {3166, 79}, {249, 249, 249, 255} }},
	{{ {-338, -2, -3368}, 0, {-5434, -13250}, {152, 153, 151, 255} }},
	{{ {-495, -273, -3756}, 0, {-5811, -14181}, {249, 249, 249, 255} }},
	{{ {-134, -2, -3928}, 0, {-4945, -14594}, {152, 153, 151, 255} }},
	{{ {-546, -336, -3046}, 0, {13357, -1839}, {249, 249, 249, 255} }},
	{{ {-338, -2, -3368}, 0, {14130, -2641}, {152, 153, 151, 255} }},
	{{ {-245, -2, -2794}, 0, {12752, -2641}, {152, 153, 151, 255} }},
	{{ {-1104, -298, -2943}, 0, {-7273, -1930}, {249, 249, 249, 255} }},
	{{ {-773, -2, -2804}, 0, {-6478, -2641}, {152, 153, 151, 255} }},
	{{ {-1212, -2, -2626}, 0, {-7532, -2641}, {152, 153, 151, 255} }},
	{{ {-773, -2, -2804}, 0, {-6478, -2641}, {152, 153, 151, 255} }},
	{{ {-546, -336, -3046}, 0, {-5933, -1839}, {249, 249, 249, 255} }},
	{{ {-245, -2, -2794}, 0, {-5211, -2641}, {152, 153, 151, 255} }},
	{{ {-1366, -2, -3131}, 0, {13561, -2641}, {152, 153, 151, 255} }},
	{{ {-1104, -298, -2943}, 0, {13110, -1930}, {249, 249, 249, 255} }},
	{{ {-1212, -2, -2626}, 0, {12349, -2641}, {152, 153, 151, 255} }},
	{{ {-1421, -370, -3565}, 0, {-8034, -13722}, {249, 249, 249, 255} }},
	{{ {-1366, -2, -3131}, 0, {-7902, -12681}, {152, 153, 151, 255} }},
	{{ {-1856, -2, -3511}, 0, {-9078, -13593}, {249, 249, 249, 255} }},
	{{ {-495, -273, -3756}, 0, {-5811, -1990}, {249, 249, 249, 255} }},
	{{ {-655, -2, -4012}, 0, {-6195, -2641}, {152, 153, 151, 255} }},
	{{ {-134, -2, -3928}, 0, {-4945, -2641}, {152, 153, 151, 255} }},
	{{ {-655, -2, -4012}, 0, {-6195, -14795}, {152, 153, 151, 255} }},
	{{ {-1224, -382, -3992}, 0, {-7561, -14747}, {249, 249, 249, 255} }},
	{{ {-1139, -2, -4333}, 0, {-7357, -15566}, {249, 249, 249, 255} }},
	{{ {-1276, -546, -1853}, 0, {8906, -549}, {253, 255, 252, 255} }},
	{{ {-1479, -756, -2040}, 0, {9253, -159}, {253, 255, 252, 255} }},
	{{ {-1279, -546, -2242}, 0, {9628, -549}, {253, 255, 252, 255} }},
	{{ {-1360, -786, -1598}, 0, {8432, -103}, {253, 255, 252, 255} }},
	{{ {-1092, -546, -1511}, 0, {8270, -549}, {183, 252, 10, 255} }},
	{{ {-1461, -546, -1388}, 0, {-4780, -549}, {196, 252, 152, 255} }},
	{{ {-1360, -786, -1598}, 0, {-4593, -103}, {253, 255, 252, 255} }},
	{{ {-1092, -546, -1511}, 0, {-4095, -549}, {183, 252, 10, 255} }},
	{{ {-1722, -781, -1388}, 0, {-5265, -6809}, {253, 255, 252, 255} }},
	{{ {-1461, -546, -1388}, 0, {-4780, -6809}, {196, 252, 152, 255} }},
	{{ {-1729, -546, -1107}, 0, {-5278, -6287}, {183, 252, 10, 255} }},
	{{ {-1960, -546, -1420}, 0, {8101, -549}, {253, 255, 252, 255} }},
	{{ {-1722, -781, -1388}, 0, {8042, -112}, {253, 255, 252, 255} }},
	{{ {-1729, -546, -1107}, 0, {7520, -549}, {183, 252, 10, 255} }},
	{{ {-1887, -743, -2048}, 0, {9268, -183}, {253, 255, 252, 255} }},
	{{ {-2084, -546, -1904}, 0, {9000, -549}, {253, 255, 252, 255} }},
	{{ {-2032, -546, -2289}, 0, {9716, -549}, {152, 153, 151, 255} }},
	{{ {-1662, -546, -2172}, 0, {-5154, -549}, {253, 255, 252, 255} }},
	{{ {-1887, -743, -2048}, 0, {-5572, -183}, {253, 255, 252, 255} }},
	{{ {-2032, -546, -2289}, 0, {-5841, -549}, {152, 153, 151, 255} }},
	{{ {-1479, -756, -2040}, 0, {-4814, -159}, {253, 255, 252, 255} }},
	{{ {-1279, -546, -2242}, 0, {-4442, -549}, {253, 255, 252, 255} }},
	{{ {3706, -3197, 3388}, 0, {4272, 5028}, {249, 249, 249, 255} }},
	{{ {3283, -2176, 3420}, 0, {3257, 2577}, {249, 249, 249, 255} }},
	{{ {3020, -3146, 3088}, 0, {2626, 4906}, {249, 249, 249, 255} }},
	{{ {4103, -2176, 3241}, 0, {5225, 2577}, {249, 249, 249, 255} }},
	{{ {4203, -3137, 2829}, 0, {5465, 4884}, {249, 249, 249, 255} }},
	{{ {-440, -674, -3745}, 0, {15035, -1028}, {249, 249, 249, 255} }},
	{{ {-655, -2, -4012}, 0, {15676, -2641}, {152, 153, 151, 255} }},
	{{ {-338, -2, -3368}, 0, {14130, -2641}, {152, 153, 151, 255} }},
	{{ {-514, -716, -3028}, 0, {13314, -927}, {249, 249, 249, 255} }},
	{{ {-773, -2, -2804}, 0, {12776, -2641}, {152, 153, 151, 255} }},
	{{ {-514, -2, -3028}, 0, {13314, -2641}, {249, 249, 249, 255} }},
	{{ {-440, 40, -3745}, 0, {15035, -2741}, {249, 249, 249, 255} }},
	{{ {2755, -1135, -3959}, 0, {1990, 79}, {249, 249, 249, 255} }},
	{{ {2856, -1981, -3595}, 0, {2232, 2109}, {249, 249, 249, 255} }},
	{{ {2398, -1895, -4079}, 0, {1133, 1903}, {249, 249, 249, 255} }},
	{{ {2021, -1135, -4095}, 0, {228, 79}, {249, 249, 249, 255} }},
	{{ {1797, -1958, -3792}, 0, {-310, 2054}, {249, 249, 249, 255} }},
	{{ {3094, -3110, 2343}, 0, {422, 4819}, {249, 249, 249, 255} }},
	{{ {2859, -2176, 2695}, 0, {-423, 2577}, {249, 249, 249, 255} }},
	{{ {3417, -2176, 2068}, 0, {1082, 2577}, {249, 249, 249, 255} }},
	{{ {3020, -3146, 3088}, 0, {-1366, 4906}, {249, 249, 249, 255} }},
	{{ {3283, -2176, 3420}, 0, {-2163, 2577}, {249, 249, 249, 255} }},
	{{ {-1189, -605, -4059}, 0, {-7477, -1193}, {249, 249, 249, 255} }},
	{{ {-1380, -2, -3863}, 0, {-7935, -2641}, {249, 249, 249, 255} }},
	{{ {-655, -2, -4012}, 0, {-6195, -2641}, {152, 153, 151, 255} }},
	{{ {-440, -674, -3745}, 0, {-5679, -1028}, {249, 249, 249, 255} }},
	{{ {-440, 40, -3745}, 0, {-5679, -2741}, {249, 249, 249, 255} }},
	{{ {-1189, -605, -4059}, 0, {-7477, -1193}, {249, 249, 249, 255} }},
	{{ {-1189, 109, -4059}, 0, {-7477, -2907}, {249, 249, 249, 255} }},
	{{ {-440, 40, -3745}, 0, {-5679, -2741}, {249, 249, 249, 255} }},
	{{ {-1183, -680, -2930}, 0, {-7462, -1013}, {249, 249, 249, 255} }},
	{{ {-773, -2, -2804}, 0, {-6478, -2641}, {152, 153, 151, 255} }},
	{{ {-1366, -2, -3131}, 0, {-7902, -2641}, {152, 153, 151, 255} }},
	{{ {-514, -716, -3028}, 0, {-5857, -927}, {249, 249, 249, 255} }},
	{{ {-514, -2, -3028}, 0, {-5857, -2641}, {249, 249, 249, 255} }},
	{{ {-1183, 34, -2930}, 0, {-7462, -2727}, {249, 249, 249, 255} }},
	{{ {1797, -1958, -3792}, 0, {15148, 2054}, {249, 249, 249, 255} }},
	{{ {1665, -1135, -3439}, 0, {14300, 79}, {249, 249, 249, 255} }},
	{{ {2021, -1135, -4095}, 0, {15875, 79}, {249, 249, 249, 255} }},
	{{ {1883, -1990, -3133}, 0, {13566, 2131}, {249, 249, 249, 255} }},
	{{ {2178, -1135, -2898}, 0, {13002, 79}, {183, 252, 10, 255} }},
	{{ {-1623, -1012, -1429}, 0, {8118, 317}, {249, 249, 249, 255} }},
	{{ {-1398, -516, -1564}, 0, {8369, -605}, {249, 249, 249, 255} }},
	{{ {-1494, -997, -1797}, 0, {8802, 289}, {249, 249, 249, 255} }},
	{{ {-1522, -516, -2048}, 0, {9268, -605}, {249, 249, 249, 255} }},
	{{ {-1770, -1012, -2024}, 0, {9223, 317}, {249, 249, 249, 255} }},
	{{ {-1623, -1012, -1429}, 0, {-5081, 317}, {249, 249, 249, 255} }},
	{{ {-1657, -531, -1409}, 0, {-5144, -577}, {249, 249, 249, 255} }},
	{{ {-1398, -516, -1564}, 0, {-4663, -605}, {249, 249, 249, 255} }},
	{{ {-1960, -546, -1420}, 0, {-5707, -549}, {253, 255, 252, 255} }},
	{{ {-2056, -1028, -1653}, 0, {-5886, 347}, {249, 249, 249, 255} }},
	{{ {-1712, -1046, -1369}, 0, {-5247, 380}, {249, 249, 249, 255} }},
	{{ {-1461, -546, -1388}, 0, {-4780, -549}, {196, 252, 152, 255} }},
	{{ {-1336, -1072, -1607}, 0, {-4548, 428}, {249, 249, 249, 255} }},
	{{ {-1770, -1012, -2024}, 0, {-5354, 317}, {249, 249, 249, 255} }},
	{{ {-1522, -516, -2048}, 0, {-4894, -605}, {249, 249, 249, 255} }},
	{{ {-1824, -531, -2059}, 0, {-5455, -577}, {249, 249, 249, 255} }},
	{{ {-2084, -546, -1904}, 0, {-5938, -549}, {253, 255, 252, 255} }},
	{{ {2178, -1135, -2898}, 0, {605, 79}, {183, 252, 10, 255} }},
	{{ {1883, -1990, -3133}, 0, {-103, 2131}, {249, 249, 249, 255} }},
	{{ {2538, -2034, -3011}, 0, {1469, 2237}, {249, 249, 249, 255} }},
	{{ {2852, -1135, -3219}, 0, {2223, 79}, {249, 249, 249, 255} }},
	{{ {2856, -1981, -3595}, 0, {2232, 2109}, {249, 249, 249, 255} }},
	{{ {3838, -2053, -766}, 0, {14705, 6055}, {249, 249, 249, 255} }},
	{{ {3782, -1857, -530}, 0, {13945, 5424}, {249, 249, 249, 255} }},
	{{ {3708, -1810, -1109}, 0, {15809, 5273}, {249, 249, 249, 255} }},
	{{ {3892, -2053, -1067}, 0, {15673, 6055}, {249, 249, 249, 255} }},
	{{ {4203, -3137, 2829}, 0, {-744, 4884}, {249, 249, 249, 255} }},
	{{ {4186, -2176, 2406}, 0, {271, 2577}, {249, 249, 249, 255} }},
	{{ {4103, -2176, 3241}, 0, {-1733, 2577}, {249, 249, 249, 255} }},
	{{ {3825, -3039, 2183}, 0, {806, 4649}, {249, 249, 249, 255} }},
	{{ {5211, -1620, 7978}, 0, {8646, 4661}, {249, 249, 249, 255} }},
	{{ {5401, -1363, 7805}, 0, {9257, 3834}, {249, 249, 249, 255} }},
	{{ {5015, -1363, 8164}, 0, {8015, 3834}, {249, 249, 249, 255} }},
	{{ {4839, -1624, 7964}, 0, {7449, 4674}, {249, 249, 249, 255} }},
	{{ {4839, -1624, 7964}, 0, {-13387, 4674}, {249, 249, 249, 255} }},
	{{ {5015, -1363, 8164}, 0, {-14031, 3834}, {249, 249, 249, 255} }},
	{{ {4656, -1363, 7777}, 0, {-12785, 3834}, {249, 249, 249, 255} }},
	{{ {4852, -1614, 7591}, 0, {-12187, 4642}, {249, 249, 249, 255} }},
	{{ {4852, -1614, 7591}, 0, {7490, 4642}, {249, 249, 249, 255} }},
	{{ {4656, -1363, 7777}, 0, {6860, 3834}, {249, 249, 249, 255} }},
	{{ {5042, -1363, 7419}, 0, {8102, 3834}, {249, 249, 249, 255} }},
	{{ {5225, -1610, 7605}, 0, {8691, 4629}, {249, 249, 249, 255} }},
	{{ {5225, -1610, 7605}, 0, {-12232, 4629}, {249, 249, 249, 255} }},
	{{ {5042, -1363, 7419}, 0, {-11633, 3834}, {249, 249, 249, 255} }},
	{{ {5401, -1363, 7805}, 0, {-12876, 3834}, {249, 249, 249, 255} }},
	{{ {5211, -1620, 7978}, 0, {-13432, 4661}, {249, 249, 249, 255} }},
	{{ {2170, -1851, 7727}, 0, {-1140, 5405}, {249, 249, 249, 255} }},
	{{ {2428, -1594, 7698}, 0, {-310, 4578}, {249, 249, 249, 255} }},
	{{ {1885, -1594, 7809}, 0, {-2057, 4578}, {249, 249, 249, 255} }},
	{{ {1853, -1855, 7531}, 0, {-2160, 5418}, {249, 249, 249, 255} }},
	{{ {2170, -1851, 7727}, 0, {-1140, 5405}, {249, 249, 249, 255} }},
	{{ {1885, -1594, 7809}, 0, {-2057, 4578}, {249, 249, 249, 255} }},
	{{ {1853, -1855, 7531}, 0, {-11994, 5418}, {249, 249, 249, 255} }},
	{{ {1885, -1594, 7809}, 0, {-12888, 4578}, {249, 249, 249, 255} }},
	{{ {1764, -1594, 7296}, 0, {-11238, 4578}, {249, 249, 249, 255} }},
	{{ {2049, -1845, 7214}, 0, {-10974, 5385}, {249, 249, 249, 255} }},
	{{ {2049, -1845, 7214}, 0, {-1529, 5385}, {249, 249, 249, 255} }},
	{{ {1764, -1594, 7296}, 0, {-2446, 4578}, {249, 249, 249, 255} }},
	{{ {2317, -1594, 7155}, 0, {-667, 4578}, {249, 249, 249, 255} }},
	{{ {2365, -1841, 7410}, 0, {-512, 5373}, {249, 249, 249, 255} }},
	{{ {2365, -1841, 7410}, 0, {-11604, 5373}, {249, 249, 249, 255} }},
	{{ {2317, -1594, 7155}, 0, {-10784, 4578}, {249, 249, 249, 255} }},
	{{ {2428, -1594, 7698}, 0, {-12531, 4578}, {249, 249, 249, 255} }},
	{{ {2170, -1851, 7727}, 0, {-12625, 5405}, {249, 249, 249, 255} }},
	{{ {407, 228, 3014}, 0, {-1256, -4764}, {249, 249, 249, 255} }},
	{{ {407, -246, 3014}, 0, {-1256, -3067}, {249, 249, 249, 255} }},
	{{ {153, -246, 2714}, 0, {-182, -3067}, {249, 249, 249, 255} }},
	{{ {200, -246, 3348}, 0, {-2452, -3067}, {249, 249, 249, 255} }},
	{{ {200, 228, 3348}, 0, {-2452, -4764}, {249, 249, 249, 255} }},
	{{ {134, 228, 4849}, 0, {-7827, -4764}, {249, 249, 249, 255} }},
	{{ {134, -246, 4849}, 0, {-7827, -3067}, {249, 249, 249, 255} }},
	{{ {361, -246, 5148}, 0, {-8898, -3067}, {249, 249, 249, 255} }},
	{{ {319, -246, 4514}, 0, {-6628, -3067}, {249, 249, 249, 255} }},
	{{ {319, 228, 4514}, 0, {-6628, -4764}, {104, 105, 104, 255} }},
	{{ {-1336, -1072, -1607}, 0, {8449, 428}, {249, 249, 249, 255} }},
	{{ {-1276, -546, -1853}, 0, {8906, -549}, {253, 255, 252, 255} }},
	{{ {-1461, -546, -1388}, 0, {8042, -549}, {196, 252, 152, 255} }},
	{{ {-1447, -1041, -2039}, 0, {9251, 371}, {249, 249, 249, 255} }},
	{{ {-1662, -546, -2172}, 0, {9498, -549}, {253, 255, 252, 255} }},
	{{ {2435, -607, 316}, 0, {1222, -1189}, {104, 105, 104, 255} }},
	{{ {2427, -707, 374}, 0, {1202, -949}, {104, 105, 104, 255} }},
	{{ {1412, -730, 194}, 0, {-1234, -893}, {249, 249, 249, 255} }},
	{{ {1426, -558, 94}, 0, {-1200, -1306}, {249, 249, 249, 255} }},
	{{ {3004, -763, -1394}, 0, {2587, -814}, {104, 105, 104, 255} }},
	{{ {3006, -839, -1349}, 0, {2592, -632}, {104, 105, 104, 255} }},
	{{ {1708, -880, -1344}, 0, {-523, -533}, {183, 252, 10, 255} }},
	{{ {1708, -715, -1441}, 0, {-523, -929}, {183, 252, 10, 255} }},
	{{ {-252, 228, 4608}, 0, {-5877, -4764}, {104, 105, 104, 255} }},
	{{ {30, -34, 4374}, 0, {-4868, -3826}, {145, 146, 144, 255} }},
	{{ {-252, -34, 4608}, 0, {-5877, -3826}, {104, 105, 104, 255} }},
	{{ {30, 228, 4374}, 0, {-4868, -4764}, {104, 105, 104, 255} }},
	{{ {317, -34, 4602}, 0, {-3840, -3826}, {249, 249, 249, 255} }},
	{{ {317, 228, 4602}, 0, {-3840, -4764}, {104, 105, 104, 255} }},
	{{ {-1457, -655, -3529}, 0, {14516, -1073}, {249, 249, 249, 255} }},
	{{ {-1183, 34, -2930}, 0, {13079, -2727}, {249, 249, 249, 255} }},
	{{ {-1457, 59, -3529}, 0, {14516, -2787}, {249, 249, 249, 255} }},
	{{ {-1183, -680, -2930}, 0, {13079, -1013}, {249, 249, 249, 255} }},
	{{ {-1366, -2, -3131}, 0, {13561, -2641}, {152, 153, 151, 255} }},
	{{ {-1380, -2, -3863}, 0, {15318, -2641}, {249, 249, 249, 255} }},
	{{ {-140, 228, 4981}, 0, {-8300, -4764}, {104, 105, 104, 255} }},
	{{ {-252, 228, 4608}, 0, {-6964, -4764}, {104, 105, 104, 255} }},
	{{ {-252, -34, 4608}, 0, {-6964, -3826}, {104, 105, 104, 255} }},
	{{ {-140, -34, 4981}, 0, {-8300, -3826}, {170, 170, 170, 255} }},
	{{ {-793, 228, 3122}, 0, {-1643, -4764}, {249, 249, 249, 255} }},
	{{ {-580, 228, 2792}, 0, {-462, -4764}, {249, 249, 249, 255} }},
	{{ {-580, -386, 2792}, 0, {-462, -2566}, {249, 249, 249, 255} }},
	{{ {-793, -386, 3122}, 0, {-1643, -2566}, {249, 249, 249, 255} }},
	{{ {-544, 228, 3427}, 0, {-2735, -4764}, {249, 249, 249, 255} }},
	{{ {-544, -386, 3427}, 0, {-2735, -2566}, {249, 249, 249, 255} }},
	{{ {985, 228, 4436}, 0, {-6348, -4764}, {249, 249, 249, 255} }},
	{{ {1208, -386, 4740}, 0, {-7437, -2566}, {249, 249, 249, 255} }},
	{{ {985, -386, 4436}, 0, {-6348, -2566}, {249, 249, 249, 255} }},
	{{ {1208, 228, 4740}, 0, {-7437, -4764}, {238, 239, 238, 255} }},
	{{ {1083, -386, 4957}, 0, {-8214, -2566}, {249, 249, 249, 255} }},
	{{ {1083, 228, 4957}, 0, {-8214, -4764}, {249, 249, 249, 255} }},
	{{ {657, 228, 4578}, 0, {-2623, -4764}, {104, 105, 104, 255} }},
	{{ {985, 228, 4436}, 0, {-1448, -4764}, {249, 249, 249, 255} }},
	{{ {985, -386, 4436}, 0, {-1448, -2566}, {249, 249, 249, 255} }},
	{{ {657, -386, 4578}, 0, {-2623, -2566}, {249, 249, 249, 255} }},
	{{ {838, 228, 3254}, 0, {-1974, -4764}, {128, 129, 128, 255} }},
	{{ {523, -34, 3489}, 0, {-3102, -3826}, {249, 249, 249, 255} }},
	{{ {838, -34, 3254}, 0, {-1974, -3826}, {171, 172, 171, 255} }},
	{{ {523, 228, 3489}, 0, {-3102, -4764}, {249, 249, 249, 255} }},
	{{ {202, -34, 3261}, 0, {-4252, -3826}, {249, 249, 249, 255} }},
	{{ {202, 228, 3261}, 0, {-4252, -4764}, {249, 249, 249, 255} }},
	{{ {200, 228, 3348}, 0, {-4259, -4764}, {249, 249, 249, 255} }},
	{{ {-182, 228, 3255}, 0, {-5627, -4764}, {249, 249, 249, 255} }},
	{{ {-182, -246, 3255}, 0, {-5627, -3067}, {249, 249, 249, 255} }},
	{{ {200, -246, 3348}, 0, {-4259, -3067}, {249, 249, 249, 255} }},
	{{ {3007, -837, -1149}, 0, {2595, -637}, {104, 105, 104, 255} }},
	{{ {3002, -664, -1050}, 0, {2583, -1052}, {104, 105, 104, 255} }},
	{{ {1708, -705, -1046}, 0, {-523, -953}, {249, 249, 249, 255} }},
	{{ {1708, -878, -1144}, 0, {-523, -538}, {249, 249, 249, 255} }},
	{{ {-1039, -953, 8558}, 0, {-14495, -358}, {152, 153, 151, 255} }},
	{{ {-1139, -1091, 8568}, 0, {-14519, -27}, {152, 153, 151, 255} }},
	{{ {-1271, -1091, 7194}, 0, {-11221, -27}, {152, 153, 151, 255} }},
	{{ {-1172, -953, 7184}, 0, {-11197, -358}, {152, 153, 151, 255} }},
	{{ {1606, 9, -1522}, 0, {9699, -2667}, {249, 249, 249, 255} }},
	{{ {1506, -129, -1521}, 0, {9697, -2336}, {249, 249, 249, 255} }},
	{{ {1492, -129, -2901}, 0, {13009, -2336}, {249, 249, 249, 255} }},
	{{ {1592, 9, -2903}, 0, {13014, -2667}, {249, 249, 249, 255} }},
	{{ {319, 228, 4514}, 0, {-3833, -4764}, {104, 105, 104, 255} }},
	{{ {661, 228, 4607}, 0, {-2608, -4764}, {104, 105, 104, 255} }},
	{{ {661, -246, 4607}, 0, {-2608, -3067}, {249, 249, 249, 255} }},
	{{ {319, -246, 4514}, 0, {-3833, -3067}, {249, 249, 249, 255} }},
	{{ {2332, -707, 560}, 0, {974, -3822}, {243, 243, 243, 255} }},
	{{ {1377, -729, 391}, 0, {-1318, -4227}, {249, 249, 249, 255} }},
	{{ {1412, -730, 194}, 0, {-1234, -4700}, {249, 249, 249, 255} }},
	{{ {2427, -707, 374}, 0, {1202, -4268}, {104, 105, 104, 255} }},
	{{ {3825, -3039, 2183}, 0, {4558, 4649}, {249, 249, 249, 255} }},
	{{ {3094, -3110, 2343}, 0, {2803, 4819}, {249, 249, 249, 255} }},
	{{ {3417, -2176, 2068}, 0, {3579, 2577}, {249, 249, 249, 255} }},
	{{ {4186, -2176, 2406}, 0, {5424, 2577}, {249, 249, 249, 255} }},
	{{ {713, 228, 2882}, 0, {-784, -4764}, {249, 249, 249, 255} }},
	{{ {838, 228, 3254}, 0, {-2116, -4764}, {128, 129, 128, 255} }},
	{{ {838, -34, 3254}, 0, {-2116, -3826}, {171, 172, 171, 255} }},
	{{ {713, -34, 2882}, 0, {-784, -3826}, {249, 249, 249, 255} }},
	{{ {2277, -534, 651}, 0, {842, -1364}, {249, 249, 249, 255} }},
	{{ {1356, -555, 488}, 0, {-1368, -1313}, {249, 249, 249, 255} }},
	{{ {1377, -729, 391}, 0, {-1318, -896}, {249, 249, 249, 255} }},
	{{ {2332, -707, 560}, 0, {974, -949}, {243, 243, 243, 255} }},
	{{ {-1892, -991, -2068}, 0, {9305, 278}, {246, 246, 246, 255} }},
	{{ {-2056, -1028, -1653}, 0, {8534, 347}, {249, 249, 249, 255} }},
	{{ {-2084, -546, -1904}, 0, {9000, -549}, {253, 255, 252, 255} }},
	{{ {-1662, -546, -2172}, 0, {9498, -549}, {253, 255, 252, 255} }},
	{{ {4402, -1846, -641}, 0, {14303, 5389}, {249, 249, 249, 255} }},
	{{ {4193, -2053, -727}, 0, {14579, 6055}, {249, 249, 249, 255} }},
	{{ {4219, -2053, -1094}, 0, {15760, 6055}, {157, 157, 157, 255} }},
	{{ {4297, -1802, -1183}, 0, {16047, 5247}, {249, 249, 249, 255} }},
	{{ {5221, -1501, 6852}, 0, {7909, 11281}, {249, 249, 249, 255} }},
	{{ {5088, -1501, 5478}, 0, {7589, 7983}, {249, 249, 249, 255} }},
	{{ {5287, -1501, 5459}, 0, {8067, 7937}, {146, 147, 145, 255} }},
	{{ {5420, -1501, 6833}, 0, {8386, 11235}, {249, 249, 249, 255} }},
	{{ {1207, 9, -1518}, 0, {9690, -2667}, {249, 249, 249, 255} }},
	{{ {1192, 9, -2898}, 0, {13002, -2667}, {249, 249, 249, 255} }},
	{{ {1292, -129, -2899}, 0, {13004, -2336}, {249, 249, 249, 255} }},
	{{ {1307, -129, -1519}, 0, {9692, -2336}, {249, 249, 249, 255} }},
	{{ {4297, -1802, -1183}, 0, {5704, 5247}, {249, 249, 249, 255} }},
	{{ {4219, -2053, -1094}, 0, {5453, 6055}, {157, 157, 157, 255} }},
	{{ {3892, -2053, -1067}, 0, {4401, 6055}, {249, 249, 249, 255} }},
	{{ {3708, -1810, -1109}, 0, {3809, 5273}, {249, 249, 249, 255} }},
	{{ {-440, 9, -1191}, 0, {8905, -2667}, {249, 249, 249, 255} }},
	{{ {-537, -129, -1165}, 0, {8842, -2336}, {249, 249, 249, 255} }},
	{{ {-888, -129, -2500}, 0, {12047, -2336}, {145, 146, 144, 255} }},
	{{ {-792, 9, -2526}, 0, {12109, -2667}, {145, 146, 144, 255} }},
	{{ {5519, -1363, 6823}, 0, {8624, 626}, {249, 249, 249, 255} }},
	{{ {5121, -1363, 6861}, 0, {7669, 626}, {249, 249, 249, 255} }},
	{{ {5221, -1501, 6852}, 0, {7909, 957}, {249, 249, 249, 255} }},
	{{ {5420, -1501, 6833}, 0, {8386, 957}, {249, 249, 249, 255} }},
	{{ {5519, -1363, 6823}, 0, {-10331, 626}, {249, 249, 249, 255} }},
	{{ {5420, -1501, 6833}, 0, {-10355, 957}, {249, 249, 249, 255} }},
	{{ {5287, -1501, 5459}, 0, {-7057, 957}, {146, 147, 145, 255} }},
	{{ {5387, -1363, 5449}, 0, {-7033, 626}, {127, 252, 122, 255} }},
	{{ {3007, -837, -1149}, 0, {2595, -7924}, {104, 105, 104, 255} }},
	{{ {1708, -878, -1144}, 0, {-523, -7912}, {249, 249, 249, 255} }},
	{{ {1708, -880, -1344}, 0, {-523, -8392}, {183, 252, 10, 255} }},
	{{ {3006, -839, -1349}, 0, {2592, -8404}, {104, 105, 104, 255} }},
	{{ {5121, -1363, 6861}, 0, {-10422, 626}, {249, 249, 249, 255} }},
	{{ {4989, -1363, 5487}, 0, {-7124, 626}, {249, 249, 249, 255} }},
	{{ {5088, -1501, 5478}, 0, {-7102, 957}, {249, 249, 249, 255} }},
	{{ {5221, -1501, 6852}, 0, {-10400, 957}, {249, 249, 249, 255} }},
	{{ {-537, -129, -1165}, 0, {-5912, -7962}, {249, 249, 249, 255} }},
	{{ {-730, -129, -1114}, 0, {-6375, -7840}, {249, 249, 249, 255} }},
	{{ {-1082, -129, -2449}, 0, {-7220, -11044}, {145, 146, 144, 255} }},
	{{ {-888, -129, -2500}, 0, {-6754, -11166}, {145, 146, 144, 255} }},
	{{ {1307, -129, -1519}, 0, {-1486, -8812}, {249, 249, 249, 255} }},
	{{ {1292, -129, -2899}, 0, {-1522, -12124}, {249, 249, 249, 255} }},
	{{ {1492, -129, -2901}, 0, {-1042, -12129}, {249, 249, 249, 255} }},
	{{ {1506, -129, -1521}, 0, {-1008, -8816}, {249, 249, 249, 255} }},
	{{ {3168, -1501, 9425}, 0, {2981, 17456}, {249, 249, 249, 255} }},
	{{ {4393, -1501, 8789}, 0, {5921, 15930}, {249, 249, 249, 255} }},
	{{ {4485, -1501, 8967}, 0, {6142, 16357}, {249, 249, 249, 255} }},
	{{ {3260, -1501, 9603}, 0, {3202, 17884}, {249, 249, 249, 255} }},
	{{ {5287, -1501, 5459}, 0, {8067, 957}, {146, 147, 145, 255} }},
	{{ {5088, -1501, 5478}, 0, {7589, 957}, {249, 249, 249, 255} }},
	{{ {4989, -1363, 5487}, 0, {7352, 626}, {249, 249, 249, 255} }},
	{{ {5387, -1363, 5449}, 0, {8307, 626}, {127, 252, 122, 255} }},
	{{ {677, 228, 4970}, 0, {-8261, -4764}, {249, 249, 249, 255} }},
	{{ {657, 228, 4578}, 0, {-6857, -4764}, {104, 105, 104, 255} }},
	{{ {657, -386, 4578}, 0, {-6857, -2566}, {249, 249, 249, 255} }},
	{{ {677, -386, 4970}, 0, {-8261, -2566}, {249, 249, 249, 255} }},
	{{ {-182, 228, 3255}, 0, {-2119, -4764}, {249, 249, 249, 255} }},
	{{ {-211, 228, 2863}, 0, {-716, -4764}, {249, 249, 249, 255} }},
	{{ {-211, -246, 2863}, 0, {-716, -3067}, {249, 249, 249, 255} }},
	{{ {-182, -246, 3255}, 0, {-2119, -3067}, {249, 249, 249, 255} }},
	{{ {-178, 228, 3285}, 0, {-5613, -4764}, {249, 249, 249, 255} }},
	{{ {-544, 228, 3427}, 0, {-6923, -4764}, {249, 249, 249, 255} }},
	{{ {-544, -386, 3427}, 0, {-6923, -2566}, {249, 249, 249, 255} }},
	{{ {-178, -386, 3285}, 0, {-5613, -2566}, {249, 249, 249, 255} }},
	{{ {3168, -1501, 9425}, 0, {2981, 957}, {249, 249, 249, 255} }},
	{{ {3122, -1363, 9336}, 0, {2871, 626}, {249, 249, 249, 255} }},
	{{ {4347, -1363, 8701}, 0, {5811, 626}, {249, 249, 249, 255} }},
	{{ {4393, -1501, 8789}, 0, {5921, 957}, {249, 249, 249, 255} }},
	{{ {-1437, -953, 8596}, 0, {-14586, -358}, {152, 153, 151, 255} }},
	{{ {-1570, -953, 7222}, 0, {-11288, -358}, {152, 153, 151, 255} }},
	{{ {-1470, -1091, 7213}, 0, {-11267, -27}, {152, 153, 151, 255} }},
	{{ {-1338, -1091, 8587}, 0, {-14565, -27}, {152, 153, 151, 255} }},
	{{ {-827, 9, -1089}, 0, {8660, -2667}, {249, 249, 249, 255} }},
	{{ {-1179, 9, -2424}, 0, {11864, -2667}, {145, 146, 144, 255} }},
	{{ {-1082, -129, -2449}, 0, {11924, -2336}, {145, 146, 144, 255} }},
	{{ {-730, -129, -1114}, 0, {8720, -2336}, {249, 249, 249, 255} }},
	{{ {-1338, -1091, 8587}, 0, {-7834, 15445}, {152, 153, 151, 255} }},
	{{ {-1470, -1091, 7213}, 0, {-8151, 12147}, {152, 153, 151, 255} }},
	{{ {-1271, -1091, 7194}, 0, {-7674, 12101}, {152, 153, 151, 255} }},
	{{ {-1139, -1091, 8568}, 0, {-7357, 15399}, {152, 153, 151, 255} }},
	{{ {-200, 228, 2892}, 0, {-820, -4764}, {249, 249, 249, 255} }},
	{{ {-178, 228, 3285}, 0, {-2227, -4764}, {249, 249, 249, 255} }},
	{{ {-178, -386, 3285}, 0, {-2227, -2566}, {249, 249, 249, 255} }},
	{{ {-200, -386, 2892}, 0, {-820, -2566}, {249, 249, 249, 255} }},
	{{ {3306, -1363, 9691}, 0, {3312, 626}, {249, 249, 249, 255} }},
	{{ {3260, -1501, 9603}, 0, {3202, 957}, {249, 249, 249, 255} }},
	{{ {4485, -1501, 8967}, 0, {6142, 957}, {249, 249, 249, 255} }},
	{{ {4531, -1363, 9056}, 0, {6252, 626}, {236, 236, 236, 255} }},
	{{ {661, 228, 4607}, 0, {-6961, -4764}, {104, 105, 104, 255} }},
	{{ {687, 228, 4999}, 0, {-8364, -4764}, {249, 249, 249, 255} }},
	{{ {687, -246, 4999}, 0, {-8364, -3067}, {249, 249, 249, 255} }},
	{{ {661, -246, 4607}, 0, {-6961, -3067}, {249, 249, 249, 255} }},
	{{ {-1623, -1012, -1429}, 0, {-5081, -6885}, {249, 249, 249, 255} }},
	{{ {-1775, -1090, -1725}, 0, {-5364, -7435}, {249, 249, 249, 255} }},
	{{ {-2056, -1028, -1653}, 0, {-5886, -7301}, {249, 249, 249, 255} }},
	{{ {-1494, -997, -1797}, 0, {-4842, -7569}, {249, 249, 249, 255} }},
	{{ {-1770, -1012, -2024}, 0, {-5354, -7991}, {249, 249, 249, 255} }},
};

Gfx wf_dl_bob_area_1_collision_mesh_layer_1_tri_2[] = {
	gsSPVertex(wf_dl_bob_area_1_collision_mesh_layer_1_vtx_2 + 0, 32, 0),
	gsSP2Triangles(0, 1, 2, 0, 3, 4, 5, 0),
	gsSP2Triangles(6, 7, 8, 0, 9, 10, 11, 0),
	gsSP2Triangles(12, 13, 14, 0, 15, 16, 17, 0),
	gsSP2Triangles(18, 19, 20, 0, 21, 15, 22, 0),
	gsSP2Triangles(23, 24, 25, 0, 26, 21, 27, 0),
	gsSP2Triangles(28, 29, 30, 0, 16, 26, 31, 0),
	gsSPVertex(wf_dl_bob_area_1_collision_mesh_layer_1_vtx_2 + 32, 32, 0),
	gsSP2Triangles(0, 1, 2, 0, 3, 4, 5, 0),
	gsSP2Triangles(6, 7, 8, 0, 9, 10, 11, 0),
	gsSP2Triangles(12, 13, 14, 0, 15, 9, 16, 0),
	gsSP2Triangles(17, 12, 18, 0, 19, 20, 21, 0),
	gsSP2Triangles(22, 0, 23, 0, 24, 6, 25, 0),
	gsSP2Triangles(26, 27, 28, 0, 29, 30, 31, 0),
	gsSPVertex(wf_dl_bob_area_1_collision_mesh_layer_1_vtx_2 + 64, 31, 0),
	gsSP2Triangles(0, 1, 2, 0, 1, 3, 4, 0),
	gsSP2Triangles(5, 6, 7, 0, 8, 5, 9, 0),
	gsSP2Triangles(10, 11, 12, 0, 13, 14, 15, 0),
	gsSP2Triangles(16, 17, 18, 0, 19, 20, 21, 0),
	gsSP2Triangles(22, 23, 24, 0, 25, 26, 27, 0),
	gsSP1Triangle(28, 29, 30, 0),
	gsSPVertex(wf_dl_bob_area_1_collision_mesh_layer_1_vtx_2 + 95, 32, 0),
	gsSP2Triangles(0, 1, 2, 0, 3, 4, 5, 0),
	gsSP2Triangles(6, 7, 8, 0, 9, 10, 11, 0),
	gsSP2Triangles(12, 13, 14, 0, 15, 16, 17, 0),
	gsSP2Triangles(18, 15, 19, 0, 20, 21, 22, 0),
	gsSP2Triangles(23, 24, 25, 0, 26, 27, 28, 0),
	gsSP1Triangle(29, 30, 31, 0),
	gsSPVertex(wf_dl_bob_area_1_collision_mesh_layer_1_vtx_2 + 127, 32, 0),
	gsSP2Triangles(0, 1, 2, 0, 3, 0, 4, 0),
	gsSP2Triangles(5, 6, 7, 0, 8, 6, 5, 0),
	gsSP2Triangles(8, 5, 9, 0, 10, 11, 12, 0),
	gsSP2Triangles(13, 10, 12, 0, 13, 12, 14, 0),
	gsSP2Triangles(10, 15, 13, 0, 10, 16, 15, 0),
	gsSP2Triangles(17, 18, 19, 0, 19, 20, 17, 0),
	gsSP2Triangles(19, 21, 20, 0, 22, 23, 24, 0),
	gsSP2Triangles(23, 22, 25, 0, 23, 25, 26, 0),
	gsSP2Triangles(27, 28, 29, 0, 27, 29, 30, 0),
	gsSP1Triangle(27, 31, 30, 0),
	gsSPVertex(wf_dl_bob_area_1_collision_mesh_layer_1_vtx_2 + 159, 31, 0),
	gsSP2Triangles(0, 1, 2, 0, 3, 4, 5, 0),
	gsSP2Triangles(6, 4, 3, 0, 3, 6, 7, 0),
	gsSP2Triangles(3, 7, 8, 0, 9, 10, 11, 0),
	gsSP2Triangles(12, 10, 9, 0, 12, 13, 10, 0),
	gsSP2Triangles(14, 15, 16, 0, 17, 16, 15, 0),
	gsSP2Triangles(17, 18, 16, 0, 19, 20, 21, 0),
	gsSP2Triangles(22, 20, 19, 0, 22, 19, 23, 0),
	gsSP2Triangles(24, 22, 23, 0, 25, 22, 24, 0),
	gsSP2Triangles(25, 24, 26, 0, 27, 28, 29, 0),
	gsSP2Triangles(27, 29, 30, 0, 27, 30, 23, 0),
	gsSPVertex(wf_dl_bob_area_1_collision_mesh_layer_1_vtx_2 + 190, 32, 0),
	gsSP2Triangles(0, 1, 2, 0, 2, 3, 0, 0),
	gsSP2Triangles(2, 4, 3, 0, 5, 6, 7, 0),
	gsSP2Triangles(8, 5, 7, 0, 9, 10, 11, 0),
	gsSP2Triangles(10, 9, 12, 0, 13, 14, 15, 0),
	gsSP2Triangles(16, 13, 15, 0, 17, 18, 19, 0),
	gsSP2Triangles(20, 17, 19, 0, 21, 22, 23, 0),
	gsSP2Triangles(24, 21, 23, 0, 25, 26, 27, 0),
	gsSP2Triangles(28, 25, 27, 0, 29, 30, 31, 0),
	gsSPVertex(wf_dl_bob_area_1_collision_mesh_layer_1_vtx_2 + 222, 30, 0),
	gsSP2Triangles(0, 1, 2, 0, 3, 4, 5, 0),
	gsSP2Triangles(6, 3, 5, 0, 7, 8, 9, 0),
	gsSP2Triangles(10, 7, 9, 0, 11, 12, 13, 0),
	gsSP2Triangles(14, 11, 13, 0, 15, 16, 17, 0),
	gsSP2Triangles(15, 18, 16, 0, 15, 19, 18, 0),
	gsSP2Triangles(20, 21, 22, 0, 20, 23, 21, 0),
	gsSP2Triangles(20, 24, 23, 0, 25, 26, 27, 0),
	gsSP2Triangles(26, 25, 28, 0, 26, 28, 29, 0),
	gsSPVertex(wf_dl_bob_area_1_collision_mesh_layer_1_vtx_2 + 252, 30, 0),
	gsSP2Triangles(0, 1, 2, 0, 0, 2, 3, 0),
	gsSP2Triangles(4, 5, 6, 0, 4, 6, 7, 0),
	gsSP2Triangles(8, 9, 10, 0, 8, 11, 9, 0),
	gsSP2Triangles(11, 12, 9, 0, 11, 13, 12, 0),
	gsSP2Triangles(14, 15, 16, 0, 14, 17, 15, 0),
	gsSP2Triangles(14, 17, 18, 0, 14, 18, 19, 0),
	gsSP2Triangles(20, 21, 22, 0, 20, 22, 23, 0),
	gsSP2Triangles(24, 25, 26, 0, 24, 26, 27, 0),
	gsSP2Triangles(28, 24, 27, 0, 28, 27, 29, 0),
	gsSPVertex(wf_dl_bob_area_1_collision_mesh_layer_1_vtx_2 + 282, 32, 0),
	gsSP2Triangles(0, 1, 2, 0, 0, 3, 1, 0),
	gsSP2Triangles(3, 4, 1, 0, 3, 5, 4, 0),
	gsSP2Triangles(6, 7, 8, 0, 6, 8, 9, 0),
	gsSP2Triangles(10, 11, 12, 0, 10, 13, 11, 0),
	gsSP2Triangles(13, 14, 11, 0, 13, 15, 14, 0),
	gsSP2Triangles(16, 17, 18, 0, 16, 18, 19, 0),
	gsSP2Triangles(20, 21, 22, 0, 20, 22, 23, 0),
	gsSP2Triangles(24, 25, 26, 0, 24, 26, 27, 0),
	gsSP2Triangles(28, 29, 30, 0, 28, 30, 31, 0),
	gsSPVertex(wf_dl_bob_area_1_collision_mesh_layer_1_vtx_2 + 314, 32, 0),
	gsSP2Triangles(0, 1, 2, 0, 0, 2, 3, 0),
	gsSP2Triangles(4, 5, 6, 0, 4, 6, 7, 0),
	gsSP2Triangles(8, 9, 10, 0, 8, 10, 11, 0),
	gsSP2Triangles(12, 13, 14, 0, 12, 14, 15, 0),
	gsSP2Triangles(16, 17, 18, 0, 16, 18, 19, 0),
	gsSP2Triangles(20, 21, 22, 0, 20, 22, 23, 0),
	gsSP2Triangles(24, 25, 26, 0, 24, 26, 27, 0),
	gsSP2Triangles(28, 29, 30, 0, 28, 30, 31, 0),
	gsSPVertex(wf_dl_bob_area_1_collision_mesh_layer_1_vtx_2 + 346, 32, 0),
	gsSP2Triangles(0, 1, 2, 0, 0, 2, 3, 0),
	gsSP2Triangles(4, 5, 6, 0, 4, 6, 7, 0),
	gsSP2Triangles(8, 9, 10, 0, 8, 10, 11, 0),
	gsSP2Triangles(12, 13, 14, 0, 12, 14, 15, 0),
	gsSP2Triangles(16, 17, 18, 0, 16, 18, 19, 0),
	gsSP2Triangles(20, 21, 22, 0, 20, 22, 23, 0),
	gsSP2Triangles(24, 25, 26, 0, 24, 26, 27, 0),
	gsSP2Triangles(28, 29, 30, 0, 28, 30, 31, 0),
	gsSPVertex(wf_dl_bob_area_1_collision_mesh_layer_1_vtx_2 + 378, 32, 0),
	gsSP2Triangles(0, 1, 2, 0, 0, 2, 3, 0),
	gsSP2Triangles(4, 5, 6, 0, 4, 6, 7, 0),
	gsSP2Triangles(8, 9, 10, 0, 8, 10, 11, 0),
	gsSP2Triangles(12, 13, 14, 0, 12, 14, 15, 0),
	gsSP2Triangles(16, 17, 18, 0, 16, 18, 19, 0),
	gsSP2Triangles(20, 21, 22, 0, 20, 22, 23, 0),
	gsSP2Triangles(24, 25, 26, 0, 24, 26, 27, 0),
	gsSP2Triangles(28, 29, 30, 0, 28, 30, 31, 0),
	gsSPVertex(wf_dl_bob_area_1_collision_mesh_layer_1_vtx_2 + 410, 25, 0),
	gsSP2Triangles(0, 1, 2, 0, 0, 2, 3, 0),
	gsSP2Triangles(4, 5, 6, 0, 4, 6, 7, 0),
	gsSP2Triangles(8, 9, 10, 0, 8, 10, 11, 0),
	gsSP2Triangles(12, 13, 14, 0, 12, 14, 15, 0),
	gsSP2Triangles(16, 17, 18, 0, 16, 18, 19, 0),
	gsSP2Triangles(20, 21, 22, 0, 20, 23, 21, 0),
	gsSP2Triangles(24, 21, 23, 0, 24, 22, 21, 0),
	gsSPEndDisplayList(),
};

Vtx wf_dl_bob_area_1_collision_mesh_layer_1_vtx_3[110] = {
	{{ {-544, -386, 3427}, 0, {310, 2105}, {249, 249, 249, 255} }},
	{{ {-793, -386, 3122}, 0, {-136, 1013}, {249, 249, 249, 255} }},
	{{ {-580, -386, 2792}, 0, {246, -169}, {249, 249, 249, 255} }},
	{{ {-178, -386, 3285}, 0, {966, 1596}, {249, 249, 249, 255} }},
	{{ {-200, -386, 2892}, 0, {926, 189}, {249, 249, 249, 255} }},
	{{ {134, -246, 4849}, 0, {-88, 1242}, {249, 249, 249, 255} }},
	{{ {319, -246, 4514}, 0, {274, -70}, {249, 249, 249, 255} }},
	{{ {661, -246, 4607}, 0, {944, 294}, {249, 249, 249, 255} }},
	{{ {687, -246, 4999}, 0, {995, 1830}, {249, 249, 249, 255} }},
	{{ {361, -246, 5148}, 0, {356, 2413}, {249, 249, 249, 255} }},
	{{ {-252, -34, 4608}, 0, {-1070, 697}, {104, 105, 104, 255} }},
	{{ {30, -34, 4374}, 0, {-517, -220}, {145, 146, 144, 255} }},
	{{ {317, -34, 4602}, 0, {45, 673}, {249, 249, 249, 255} }},
	{{ {212, -34, 4977}, 0, {-161, 2142}, {249, 249, 249, 255} }},
	{{ {-140, -34, 4981}, 0, {-850, 2158}, {170, 170, 170, 255} }},
	{{ {657, -386, 4578}, 0, {15, 398}, {249, 249, 249, 255} }},
	{{ {1083, -386, 4957}, 0, {849, 1882}, {249, 249, 249, 255} }},
	{{ {677, -386, 4970}, 0, {54, 1933}, {249, 249, 249, 255} }},
	{{ {985, -386, 4436}, 0, {657, -158}, {249, 249, 249, 255} }},
	{{ {1208, -386, 4740}, 0, {1094, 1032}, {249, 249, 249, 255} }},
	{{ {202, -34, 3261}, 0, {900, 1400}, {249, 249, 249, 255} }},
	{{ {838, -34, 3254}, 0, {2039, 1374}, {171, 172, 171, 255} }},
	{{ {523, -34, 3489}, 0, {1475, 2216}, {249, 249, 249, 255} }},
	{{ {320, -34, 2886}, 0, {1111, 57}, {249, 249, 249, 255} }},
	{{ {713, -34, 2882}, 0, {1815, 42}, {249, 249, 249, 255} }},
	{{ {-211, -246, 2863}, 0, {-21, 347}, {249, 249, 249, 255} }},
	{{ {200, -246, 3348}, 0, {715, 2084}, {249, 249, 249, 255} }},
	{{ {-182, -246, 3255}, 0, {31, 1751}, {249, 249, 249, 255} }},
	{{ {153, -246, 2714}, 0, {631, -186}, {249, 249, 249, 255} }},
	{{ {407, -246, 3014}, 0, {1086, 888}, {249, 249, 249, 255} }},
	{{ {835, -970, 5505}, 0, {1092, 1006}, {249, 249, 249, 255} }},
	{{ {579, -975, 5776}, 0, {486, 2288}, {249, 249, 249, 255} }},
	{{ {308, -965, 5520}, 0, {-155, 1077}, {249, 249, 249, 255} }},
	{{ {564, -960, 5249}, 0, {451, -205}, {249, 249, 249, 255} }},
	{{ {2365, -1841, 7410}, 0, {1107, 733}, {249, 249, 249, 255} }},
	{{ {2170, -1851, 7727}, 0, {613, 2338}, {249, 249, 249, 255} }},
	{{ {1853, -1855, 7531}, 0, {-190, 1346}, {249, 249, 249, 255} }},
	{{ {2049, -1845, 7214}, 0, {306, -260}, {249, 249, 249, 255} }},
	{{ {1708, -878, -1144}, 0, {-1888, 6004}, {249, 249, 249, 255} }},
	{{ {1708, -705, -1046}, 0, {-2236, 4776}, {249, 249, 249, 255} }},
	{{ {1708, -715, -1441}, 0, {-834, 4847}, {183, 252, 10, 255} }},
	{{ {1708, -880, -1344}, 0, {-1178, 6018}, {183, 252, 10, 255} }},
	{{ {5225, -1610, 7605}, 0, {965, 121}, {249, 249, 249, 255} }},
	{{ {5211, -1620, 7978}, 0, {930, 2011}, {249, 249, 249, 255} }},
	{{ {4839, -1624, 7964}, 0, {-13, 1940}, {249, 249, 249, 255} }},
	{{ {4852, -1614, 7591}, 0, {20, 50}, {249, 249, 249, 255} }},
	{{ {-1139, -1091, 8568}, 0, {791, 1873}, {152, 153, 151, 255} }},
	{{ {-1039, -953, 8558}, 0, {1104, 1007}, {152, 153, 151, 255} }},
	{{ {-1437, -953, 8596}, 0, {-143, 1007}, {152, 153, 151, 255} }},
	{{ {-1338, -1091, 8587}, 0, {167, 1873}, {152, 153, 151, 255} }},
	{{ {-1082, -129, -2449}, 0, {-4199, -111}, {145, 146, 144, 255} }},
	{{ {-1179, 9, -2424}, 0, {-4543, -1090}, {145, 146, 144, 255} }},
	{{ {-792, 9, -2526}, 0, {-3170, -1090}, {145, 146, 144, 255} }},
	{{ {-888, -129, -2500}, 0, {-3510, -111}, {145, 146, 144, 255} }},
	{{ {-537, -129, -1165}, 0, {-2265, -111}, {249, 249, 249, 255} }},
	{{ {-440, 9, -1191}, 0, {-1921, -1090}, {249, 249, 249, 255} }},
	{{ {-827, 9, -1089}, 0, {-3294, -1090}, {249, 249, 249, 255} }},
	{{ {-730, -129, -1114}, 0, {-2950, -111}, {249, 249, 249, 255} }},
	{{ {1492, -129, -2901}, 0, {4934, -111}, {249, 249, 249, 255} }},
	{{ {1292, -129, -2899}, 0, {4225, -111}, {249, 249, 249, 255} }},
	{{ {1192, 9, -2898}, 0, {3870, -1090}, {249, 249, 249, 255} }},
	{{ {1592, 9, -2903}, 0, {5289, -1090}, {249, 249, 249, 255} }},
	{{ {-1470, -1091, 7213}, 0, {333, 1473}, {152, 153, 151, 255} }},
	{{ {-1570, -953, 7222}, 0, {171, 1024}, {152, 153, 151, 255} }},
	{{ {-1172, -953, 7184}, 0, {818, 1024}, {152, 153, 151, 255} }},
	{{ {-1271, -1091, 7194}, 0, {657, 1473}, {152, 153, 151, 255} }},
	{{ {1606, 9, -1522}, 0, {5339, -1090}, {249, 249, 249, 255} }},
	{{ {1207, 9, -1518}, 0, {3923, -1090}, {249, 249, 249, 255} }},
	{{ {1307, -129, -1519}, 0, {4278, -111}, {249, 249, 249, 255} }},
	{{ {1506, -129, -1521}, 0, {4984, -111}, {249, 249, 249, 255} }},
	{{ {4485, -1501, 8967}, 0, {947, 1519}, {249, 249, 249, 255} }},
	{{ {4393, -1501, 8789}, 0, {947, 493}, {249, 249, 249, 255} }},
	{{ {4347, -1363, 8701}, 0, {594, -16}, {249, 249, 249, 255} }},
	{{ {4531, -1363, 9056}, 0, {594, 2032}, {236, 236, 236, 255} }},
	{{ {3306, -1363, 9691}, 0, {576, -16}, {249, 249, 249, 255} }},
	{{ {3122, -1363, 9336}, 0, {576, 2032}, {249, 249, 249, 255} }},
	{{ {3168, -1501, 9425}, 0, {929, 1519}, {249, 249, 249, 255} }},
	{{ {3260, -1501, 9603}, 0, {929, 493}, {249, 249, 249, 255} }},
	{{ {1356, -555, 488}, 0, {-166, 680}, {249, 249, 249, 255} }},
	{{ {1426, -558, 94}, 0, {1222, 701}, {249, 249, 249, 255} }},
	{{ {1412, -730, 194}, 0, {870, 1912}, {249, 249, 249, 255} }},
	{{ {1377, -729, 391}, 0, {176, 1905}, {249, 249, 249, 255} }},
	{{ {4193, -2053, -727}, 0, {904, 1982}, {249, 249, 249, 255} }},
	{{ {3838, -2053, -766}, 0, {5, 1784}, {249, 249, 249, 255} }},
	{{ {3892, -2053, -1067}, 0, {142, 260}, {249, 249, 249, 255} }},
	{{ {4219, -2053, -1094}, 0, {970, 123}, {157, 157, 157, 255} }},
	{{ {3706, -3197, 3388}, 0, {576, 2286}, {249, 249, 249, 255} }},
	{{ {3020, -3146, 3088}, 0, {-101, 1694}, {249, 249, 249, 255} }},
	{{ {3570, -3236, 2766}, 0, {442, 1058}, {249, 249, 249, 255} }},
	{{ {3094, -3110, 2343}, 0, {-28, 223}, {249, 249, 249, 255} }},
	{{ {3825, -3039, 2183}, 0, {693, -93}, {249, 249, 249, 255} }},
	{{ {4203, -3137, 2829}, 0, {1067, 1183}, {249, 249, 249, 255} }},
	{{ {2398, -1895, -4079}, 0, {602, -230}, {249, 249, 249, 255} }},
	{{ {2856, -1981, -3595}, 0, {1108, 839}, {249, 249, 249, 255} }},
	{{ {2294, -2065, -3522}, 0, {488, 1001}, {249, 249, 249, 255} }},
	{{ {2538, -2034, -3011}, 0, {757, 2129}, {249, 249, 249, 255} }},
	{{ {1883, -1990, -3133}, 0, {34, 1860}, {249, 249, 249, 255} }},
	{{ {1797, -1958, -3792}, 0, {-61, 404}, {249, 249, 249, 255} }},
	{{ {-440, -674, -3745}, 0, {981, 422}, {249, 249, 249, 255} }},
	{{ {-514, -716, -3028}, 0, {906, 1893}, {249, 249, 249, 255} }},
	{{ {-871, -838, -3428}, 0, {539, 1072}, {249, 249, 249, 255} }},
	{{ {-1183, -680, -2930}, 0, {219, 2094}, {249, 249, 249, 255} }},
	{{ {-1457, -655, -3529}, 0, {-62, 865}, {249, 249, 249, 255} }},
	{{ {-1189, -605, -4059}, 0, {213, -223}, {249, 249, 249, 255} }},
	{{ {-1447, -1041, -2039}, 0, {932, -30}, {249, 249, 249, 255} }},
	{{ {-1336, -1072, -1607}, 0, {1121, 1444}, {249, 249, 249, 255} }},
	{{ {-1688, -1162, -1747}, 0, {521, 966}, {249, 249, 249, 255} }},
	{{ {-1712, -1046, -1369}, 0, {480, 2256}, {249, 249, 249, 255} }},
	{{ {-2056, -1028, -1653}, 0, {-107, 1287}, {249, 249, 249, 255} }},
	{{ {-1892, -991, -2068}, 0, {173, -129}, {246, 246, 246, 255} }},
};

Gfx wf_dl_bob_area_1_collision_mesh_layer_1_tri_3[] = {
	gsSPVertex(wf_dl_bob_area_1_collision_mesh_layer_1_vtx_3 + 0, 30, 0),
	gsSP2Triangles(0, 1, 2, 0, 3, 0, 2, 0),
	gsSP2Triangles(3, 2, 4, 0, 5, 6, 7, 0),
	gsSP2Triangles(5, 7, 8, 0, 8, 9, 5, 0),
	gsSP2Triangles(10, 11, 12, 0, 10, 12, 13, 0),
	gsSP2Triangles(10, 13, 14, 0, 15, 16, 17, 0),
	gsSP2Triangles(15, 18, 16, 0, 19, 16, 18, 0),
	gsSP2Triangles(20, 21, 22, 0, 20, 23, 21, 0),
	gsSP2Triangles(23, 24, 21, 0, 25, 26, 27, 0),
	gsSP2Triangles(25, 28, 26, 0, 28, 29, 26, 0),
	gsSPVertex(wf_dl_bob_area_1_collision_mesh_layer_1_vtx_3 + 30, 32, 0),
	gsSP2Triangles(0, 1, 2, 0, 0, 2, 3, 0),
	gsSP2Triangles(4, 5, 6, 0, 4, 6, 7, 0),
	gsSP2Triangles(8, 9, 10, 0, 8, 10, 11, 0),
	gsSP2Triangles(12, 13, 14, 0, 12, 14, 15, 0),
	gsSP2Triangles(16, 17, 18, 0, 16, 18, 19, 0),
	gsSP2Triangles(20, 21, 22, 0, 20, 22, 23, 0),
	gsSP2Triangles(24, 25, 26, 0, 24, 26, 27, 0),
	gsSP2Triangles(28, 29, 30, 0, 28, 30, 31, 0),
	gsSPVertex(wf_dl_bob_area_1_collision_mesh_layer_1_vtx_3 + 62, 30, 0),
	gsSP2Triangles(0, 1, 2, 0, 0, 2, 3, 0),
	gsSP2Triangles(4, 5, 6, 0, 4, 6, 7, 0),
	gsSP2Triangles(8, 9, 10, 0, 8, 10, 11, 0),
	gsSP2Triangles(12, 13, 14, 0, 12, 14, 15, 0),
	gsSP2Triangles(16, 17, 18, 0, 16, 18, 19, 0),
	gsSP2Triangles(20, 21, 22, 0, 20, 22, 23, 0),
	gsSP2Triangles(24, 25, 26, 0, 25, 27, 26, 0),
	gsSP2Triangles(27, 28, 26, 0, 28, 29, 26, 0),
	gsSP1Triangle(29, 24, 26, 0),
	gsSPVertex(wf_dl_bob_area_1_collision_mesh_layer_1_vtx_3 + 92, 18, 0),
	gsSP2Triangles(0, 1, 2, 0, 1, 3, 2, 0),
	gsSP2Triangles(3, 4, 2, 0, 4, 5, 2, 0),
	gsSP2Triangles(5, 0, 2, 0, 6, 7, 8, 0),
	gsSP2Triangles(7, 9, 8, 0, 9, 10, 8, 0),
	gsSP2Triangles(8, 10, 11, 0, 8, 11, 6, 0),
	gsSP2Triangles(12, 13, 14, 0, 13, 15, 14, 0),
	gsSP2Triangles(15, 16, 14, 0, 14, 16, 17, 0),
	gsSP1Triangle(14, 17, 12, 0),
	gsSPEndDisplayList(),
};

Vtx wf_dl_bob_area_1_collision_mesh_layer_1_vtx_4[102] = {
	{{ {2758, -2363, -1369}, 0, {5259, 3437}, {252, 0, 13, 255} }},
	{{ {3270, -2548, -1272}, 0, {7098, 4102}, {249, 249, 249, 255} }},
	{{ {3775, -2363, -1148}, 0, {8913, 3437}, {252, 0, 13, 255} }},
	{{ {3775, -2363, -1148}, 0, {14128, 3437}, {252, 0, 13, 255} }},
	{{ {3995, -2548, -1591}, 0, {15720, 4102}, {249, 249, 249, 255} }},
	{{ {4300, -2363, -2047}, 0, {17358, 3437}, {252, 0, 13, 255} }},
	{{ {3915, -2548, -2380}, 0, {18555, 4102}, {249, 249, 249, 255} }},
	{{ {3607, -2363, -2824}, 0, {20150, 3437}, {252, 0, 13, 255} }},
	{{ {2654, -2363, -2405}, 0, {18645, 3437}, {252, 0, 13, 255} }},
	{{ {2742, -2548, -1863}, 0, {16697, 4102}, {249, 249, 249, 255} }},
	{{ {2758, -2363, -1369}, 0, {14922, 3437}, {252, 0, 13, 255} }},
	{{ {3607, -2363, -2824}, 0, {8309, 3437}, {252, 0, 13, 255} }},
	{{ {3141, -2548, -2548}, 0, {6635, 4102}, {249, 249, 249, 255} }},
	{{ {2654, -2363, -2405}, 0, {4885, 3437}, {252, 0, 13, 255} }},
	{{ {604, -1826, 7648}, 0, {-2481, 1507}, {252, 0, 13, 255} }},
	{{ {1116, -2080, 7744}, 0, {-641, 2420}, {249, 249, 249, 255} }},
	{{ {1534, -1826, 7831}, 0, {861, 1507}, {252, 0, 13, 255} }},
	{{ {2016, -1826, 6934}, 0, {-14911, 1507}, {252, 0, 13, 255} }},
	{{ {1761, -2080, 6637}, 0, {-13844, 2420}, {249, 249, 249, 255} }},
	{{ {1453, -1826, 6192}, 0, {-12245, 1507}, {252, 0, 13, 255} }},
	{{ {500, -1826, 6612}, 0, {-13754, 1507}, {252, 0, 13, 255} }},
	{{ {588, -2080, 7153}, 0, {-15698, 2420}, {249, 249, 249, 255} }},
	{{ {604, -1826, 7648}, 0, {-17477, 1507}, {252, 0, 13, 255} }},
	{{ {1453, -1826, 6192}, 0, {570, 1507}, {252, 0, 13, 255} }},
	{{ {987, -2080, 6469}, 0, {-1105, 2420}, {249, 249, 249, 255} }},
	{{ {500, -1826, 6612}, 0, {-2855, 1507}, {252, 0, 13, 255} }},
	{{ {-1046, -722, -1}, 0, {-8409, -2459}, {252, 0, 13, 255} }},
	{{ {-534, -908, 96}, 0, {-6570, -1791}, {249, 249, 249, 255} }},
	{{ {-29, -722, 220}, 0, {-4755, -2459}, {252, 0, 13, 255} }},
	{{ {-29, -722, 220}, 0, {9213, -2459}, {252, 0, 13, 255} }},
	{{ {191, -908, -223}, 0, {10805, -1791}, {249, 249, 249, 255} }},
	{{ {496, -722, -679}, 0, {12443, -2459}, {252, 0, 13, 255} }},
	{{ {496, -722, -679}, 0, {12443, -2459}, {252, 0, 13, 255} }},
	{{ {112, -908, -1012}, 0, {13639, -1791}, {249, 248, 248, 255} }},
	{{ {-197, -722, -1456}, 0, {15235, -2459}, {252, 0, 13, 255} }},
	{{ {-1150, -722, -1037}, 0, {13729, -2459}, {252, 0, 13, 255} }},
	{{ {-1062, -908, -495}, 0, {11782, -1791}, {249, 249, 249, 255} }},
	{{ {-1046, -722, -1}, 0, {10007, -2459}, {252, 0, 13, 255} }},
	{{ {-197, -722, -1456}, 0, {-5359, -2459}, {252, 0, 13, 255} }},
	{{ {-663, -908, -1180}, 0, {-7033, -1791}, {249, 249, 249, 255} }},
	{{ {-1150, -722, -1037}, 0, {-8783, -2459}, {252, 0, 13, 255} }},
	{{ {1534, -1826, 7831}, 0, {-920, -1192}, {252, 0, 13, 255} }},
	{{ {1619, -2080, 7256}, 0, {166, 552}, {249, 243, 243, 255} }},
	{{ {2016, -1826, 6934}, 0, {2002, 338}, {252, 0, 13, 255} }},
	{{ {1761, -2080, 6637}, 0, {1776, 1832}, {249, 249, 249, 255} }},
	{{ {1265, -2222, 7058}, 0, {-381, 1832}, {252, 0, 13, 255} }},
	{{ {-1062, -908, -495}, 0, {1708, -16}, {249, 249, 249, 255} }},
	{{ {-1150, -722, -1037}, 0, {-16, -16}, {252, 0, 13, 255} }},
	{{ {-663, -908, -1180}, 0, {-16, 1592}, {249, 249, 249, 255} }},
	{{ {-385, -1012, -591}, 0, {1895, 2032}, {252, 0, 13, 255} }},
	{{ {-534, -908, 96}, 0, {203, 2032}, {249, 249, 249, 255} }},
	{{ {-1046, -722, -1}, 0, {1807, 2032}, {252, 0, 13, 255} }},
	{{ {-1062, -908, -495}, 0, {1919, 506}, {249, 249, 249, 255} }},
	{{ {-385, -1012, -591}, 0, {-16, -16}, {252, 0, 13, 255} }},
	{{ {191, -908, -223}, 0, {-16, 504}, {249, 249, 249, 255} }},
	{{ {-29, -722, 220}, 0, {97, 2032}, {252, 0, 13, 255} }},
	{{ {-534, -908, 96}, 0, {1698, 2032}, {249, 249, 249, 255} }},
	{{ {-385, -1012, -591}, 0, {1919, -16}, {252, 0, 13, 255} }},
	{{ {112, -908, -1012}, 0, {1896, 1594}, {249, 248, 248, 255} }},
	{{ {496, -722, -679}, 0, {1896, -16}, {252, 0, 13, 255} }},
	{{ {191, -908, -223}, 0, {173, -16}, {249, 249, 249, 255} }},
	{{ {-385, -1012, -591}, 0, {-16, 2032}, {252, 0, 13, 255} }},
	{{ {588, -2080, 7153}, 0, {1627, 129}, {249, 249, 249, 255} }},
	{{ {500, -1826, 6612}, 0, {-16, -16}, {252, 0, 13, 255} }},
	{{ {987, -2080, 6469}, 0, {-16, 1534}, {249, 249, 249, 255} }},
	{{ {1265, -2222, 7058}, 0, {1735, 2032}, {252, 0, 13, 255} }},
	{{ {1619, -2080, 7256}, 0, {256, 273}, {249, 243, 243, 255} }},
	{{ {1534, -1826, 7831}, 0, {-67, 2555}, {252, 0, 13, 255} }},
	{{ {1116, -2080, 7744}, 0, {1728, 2352}, {249, 249, 249, 255} }},
	{{ {1265, -2222, 7058}, 0, {1728, -251}, {252, 0, 13, 255} }},
	{{ {987, -2080, 6469}, 0, {1632, 190}, {249, 249, 249, 255} }},
	{{ {1453, -1826, 6192}, 0, {-16, -16}, {252, 0, 13, 255} }},
	{{ {1761, -2080, 6637}, 0, {-16, 1642}, {249, 249, 249, 255} }},
	{{ {1265, -2222, 7058}, 0, {1790, 2032}, {252, 0, 13, 255} }},
	{{ {-663, -908, -1180}, 0, {1713, 54}, {249, 249, 249, 255} }},
	{{ {-197, -722, -1456}, 0, {-16, -16}, {252, 0, 13, 255} }},
	{{ {112, -908, -1012}, 0, {-16, 1712}, {249, 248, 248, 255} }},
	{{ {-385, -1012, -591}, 0, {1951, 2032}, {252, 0, 13, 255} }},
	{{ {3995, -2548, -1591}, 0, {1919, 1510}, {249, 249, 249, 255} }},
	{{ {3775, -2363, -1148}, 0, {1804, -16}, {252, 0, 13, 255} }},
	{{ {3270, -2548, -1272}, 0, {204, -16}, {249, 249, 249, 255} }},
	{{ {3419, -2652, -1959}, 0, {-16, 2032}, {252, 0, 13, 255} }},
	{{ {1116, -2080, 7744}, 0, {1620, 29}, {249, 249, 249, 255} }},
	{{ {604, -1826, 7648}, 0, {-16, -16}, {252, 0, 13, 255} }},
	{{ {588, -2080, 7153}, 0, {-16, 1556}, {249, 249, 249, 255} }},
	{{ {1265, -2222, 7058}, 0, {1897, 2032}, {252, 0, 13, 255} }},
	{{ {3270, -2548, -1272}, 0, {202, 2032}, {249, 249, 249, 255} }},
	{{ {2758, -2363, -1369}, 0, {1804, 2032}, {252, 0, 13, 255} }},
	{{ {2742, -2548, -1863}, 0, {1919, 507}, {249, 249, 249, 255} }},
	{{ {3419, -2652, -1959}, 0, {-16, -16}, {252, 0, 13, 255} }},
	{{ {2742, -2548, -1863}, 0, {1707, -16}, {249, 249, 249, 255} }},
	{{ {2654, -2363, -2405}, 0, {-16, -13}, {252, 0, 13, 255} }},
	{{ {3141, -2548, -2548}, 0, {-16, 1593}, {249, 249, 249, 255} }},
	{{ {3419, -2652, -1959}, 0, {1895, 2032}, {252, 0, 13, 255} }},
	{{ {3141, -2548, -2548}, 0, {1711, 54}, {249, 249, 249, 255} }},
	{{ {3607, -2363, -2824}, 0, {-16, -16}, {252, 0, 13, 255} }},
	{{ {3915, -2548, -2380}, 0, {-16, 1709}, {249, 249, 249, 255} }},
	{{ {3419, -2652, -1959}, 0, {1947, 2032}, {252, 0, 13, 255} }},
	{{ {3915, -2548, -2380}, 0, {1894, 1595}, {249, 249, 249, 255} }},
	{{ {4300, -2363, -2047}, 0, {1893, -16}, {252, 0, 13, 255} }},
	{{ {3995, -2548, -1591}, 0, {171, -16}, {249, 249, 249, 255} }},
	{{ {3419, -2652, -1959}, 0, {-16, 2032}, {252, 0, 13, 255} }},
};

Gfx wf_dl_bob_area_1_collision_mesh_layer_1_tri_4[] = {
	gsSPVertex(wf_dl_bob_area_1_collision_mesh_layer_1_vtx_4 + 0, 32, 0),
	gsSP2Triangles(0, 1, 2, 0, 3, 4, 5, 0),
	gsSP2Triangles(5, 6, 7, 0, 8, 9, 10, 0),
	gsSP2Triangles(11, 12, 13, 0, 14, 15, 16, 0),
	gsSP2Triangles(17, 18, 19, 0, 20, 21, 22, 0),
	gsSP2Triangles(23, 24, 25, 0, 26, 27, 28, 0),
	gsSP1Triangle(29, 30, 31, 0),
	gsSPVertex(wf_dl_bob_area_1_collision_mesh_layer_1_vtx_4 + 32, 30, 0),
	gsSP2Triangles(0, 1, 2, 0, 3, 4, 5, 0),
	gsSP2Triangles(6, 7, 8, 0, 9, 10, 11, 0),
	gsSP2Triangles(12, 11, 10, 0, 12, 10, 13, 0),
	gsSP2Triangles(14, 15, 16, 0, 14, 16, 17, 0),
	gsSP2Triangles(18, 19, 20, 0, 18, 20, 21, 0),
	gsSP2Triangles(22, 23, 24, 0, 22, 24, 25, 0),
	gsSP2Triangles(26, 27, 28, 0, 26, 28, 29, 0),
	gsSPVertex(wf_dl_bob_area_1_collision_mesh_layer_1_vtx_4 + 62, 32, 0),
	gsSP2Triangles(0, 1, 2, 0, 0, 2, 3, 0),
	gsSP2Triangles(4, 5, 6, 0, 4, 6, 7, 0),
	gsSP2Triangles(8, 9, 10, 0, 8, 10, 11, 0),
	gsSP2Triangles(12, 13, 14, 0, 12, 14, 15, 0),
	gsSP2Triangles(16, 17, 18, 0, 16, 18, 19, 0),
	gsSP2Triangles(20, 21, 22, 0, 20, 22, 23, 0),
	gsSP2Triangles(24, 25, 26, 0, 24, 26, 27, 0),
	gsSP2Triangles(28, 29, 30, 0, 28, 30, 31, 0),
	gsSPVertex(wf_dl_bob_area_1_collision_mesh_layer_1_vtx_4 + 94, 8, 0),
	gsSP2Triangles(0, 1, 2, 0, 0, 2, 3, 0),
	gsSP2Triangles(4, 5, 6, 0, 4, 6, 7, 0),
	gsSPEndDisplayList(),
};

Vtx wf_dl_bob_area_1_collision_mesh_layer_1_vtx_5[96] = {
	{{ {-1976, -1135, -2367}, 0, {885, -35}, {152, 153, 151, 255} }},
	{{ {-1976, -547, -2367}, 0, {885, 1046}, {152, 153, 151, 255} }},
	{{ {-2669, -548, -1358}, 0, {1812, -35}, {152, 153, 151, 255} }},
	{{ {2578, -1363, 5645}, 0, {-6750, 7}, {253, 255, 252, 255} }},
	{{ {2578, -713, 5645}, 0, {-6750, 1983}, {157, 157, 157, 255} }},
	{{ {3764, -1363, 5509}, 0, {-8554, 7}, {183, 252, 10, 255} }},
	{{ {-1007, -3, -1337}, 0, {7363, 13}, {253, 255, 252, 255} }},
	{{ {-1699, -549, -685}, 0, {8723, -2132}, {253, 255, 252, 255} }},
	{{ {-1007, -540, -1337}, 0, {7363, -2096}, {183, 252, 10, 255} }},
	{{ {1373, -489, 958}, 0, {2996, 95}, {253, 255, 252, 255} }},
	{{ {1237, -3, -582}, 0, {1595, 2038}, {253, 255, 252, 255} }},
	{{ {1237, -712, -582}, 0, {1595, 95}, {253, 255, 252, 255} }},
	{{ {-1439, -255, 618}, 0, {-3194, 11}, {253, 255, 252, 255} }},
	{{ {-103, -489, 1072}, 0, {-5180, -2096}, {183, 252, 10, 255} }},
	{{ {-1439, -833, 618}, 0, {-3194, -2092}, {253, 255, 252, 255} }},
	{{ {1604, -1135, -2088}, 0, {225, -4}, {253, 255, 252, 255} }},
	{{ {1604, -711, -1336}, 0, {909, -4}, {209, 253, 183, 255} }},
	{{ {1604, -3, -1336}, 0, {909, 2038}, {253, 255, 252, 255} }},
	{{ {3021, -1135, -2094}, 0, {1771, 732}, {253, 255, 252, 255} }},
	{{ {3208, -1135, -4576}, 0, {502, 1116}, {157, 157, 157, 255} }},
	{{ {3021, -1598, -2094}, 0, {1771, 258}, {253, 255, 252, 255} }},
	{{ {2828, -1594, 7722}, 0, {-3601, 3}, {253, 255, 252, 255} }},
	{{ {2828, -973, 7722}, 0, {-3601, 1882}, {157, 157, 157, 255} }},
	{{ {3288, -1363, 8366}, 0, {-2627, 16}, {157, 157, 157, 255} }},
	{{ {2697, -973, 7155}, 0, {-4459, 1882}, {157, 157, 157, 255} }},
	{{ {2697, -1594, 7155}, 0, {-4459, 3}, {253, 255, 252, 255} }},
	{{ {3414, -1363, 6383}, 0, {-5627, 97}, {127, 252, 122, 255} }},
	{{ {1836, -1594, 8657}, 0, {4331, -2067}, {152, 153, 151, 255} }},
	{{ {2408, -1363, 9304}, 0, {5315, -1364}, {152, 153, 151, 255} }},
	{{ {1836, -1363, 8657}, 0, {4331, -1364}, {152, 153, 151, 255} }},
	{{ {1538, -1594, 8089}, 0, {3468, -2067}, {251, 253, 249, 255} }},
	{{ {1538, -1363, 8089}, 0, {3468, -1364}, {253, 255, 252, 255} }},
	{{ {1542, -1594, 6867}, 0, {-379, 97}, {253, 255, 252, 255} }},
	{{ {1538, -1594, 8089}, 0, {1371, 97}, {251, 253, 249, 255} }},
	{{ {1538, -1363, 8089}, 0, {1371, 759}, {253, 255, 252, 255} }},
	{{ {1542, -958, 6867}, 0, {-379, 1919}, {157, 157, 157, 255} }},
	{{ {1538, -958, 8089}, 0, {1371, 1919}, {157, 157, 157, 255} }},
	{{ {2331, -614, 359}, 0, {3722, 1648}, {163, 164, 162, 255} }},
	{{ {3029, -620, 90}, 0, {3365, 1642}, {104, 105, 104, 255} }},
	{{ {3029, -1932, 90}, 0, {3365, 301}, {253, 255, 252, 255} }},
	{{ {2673, -2008, 521}, 0, {3547, 223}, {253, 255, 252, 255} }},
	{{ {3666, -1317, 4412}, 0, {3039, 930}, {183, 252, 10, 255} }},
	{{ {4504, -2176, 3606}, 0, {2611, 51}, {157, 157, 157, 255} }},
	{{ {4653, -1271, 4183}, 0, {2535, 977}, {183, 252, 11, 255} }},
	{{ {3533, -2176, 3905}, 0, {3107, 51}, {253, 255, 252, 255} }},
	{{ {2673, -2176, 3606}, 0, {3547, 51}, {253, 255, 252, 255} }},
	{{ {2460, -713, 4412}, 0, {3656, 1547}, {253, 255, 252, 255} }},
	{{ {2578, -1363, 5645}, 0, {-409, 7}, {253, 255, 252, 255} }},
	{{ {1542, -1594, 6867}, 0, {1449, 70}, {253, 255, 252, 255} }},
	{{ {1542, -958, 6867}, 0, {1449, 2004}, {157, 157, 157, 255} }},
	{{ {2578, -713, 5645}, 0, {-409, 1983}, {157, 157, 157, 255} }},
	{{ {-58, -1135, -4380}, 0, {496, -38}, {153, 153, 153, 255} }},
	{{ {998, -1135, -4538}, 0, {-479, -38}, {253, 254, 251, 255} }},
	{{ {998, -569, -4538}, 0, {-479, 1008}, {249, 249, 249, 255} }},
	{{ {-58, -3, -4380}, 0, {496, 2054}, {152, 153, 151, 255} }},
	{{ {998, -3, -4538}, 0, {-479, 2054}, {152, 153, 151, 255} }},
	{{ {-1113, -1135, -4222}, 0, {1471, -38}, {249, 249, 249, 255} }},
	{{ {-1113, -3, -4222}, 0, {1471, 2054}, {251, 253, 250, 255} }},
	{{ {-1007, -3, -1337}, 0, {-5201, 13}, {253, 255, 252, 255} }},
	{{ {-1007, -540, -1337}, 0, {-5201, -2096}, {183, 252, 10, 255} }},
	{{ {-1279, -539, -2366}, 0, {-7222, -2092}, {253, 255, 252, 255} }},
	{{ {-1279, -3, -2366}, 0, {-7222, 13}, {253, 255, 252, 255} }},
	{{ {-3451, -549, 529}, 0, {-203, -863}, {161, 162, 160, 255} }},
	{{ {-1439, -255, 618}, 0, {-3194, 11}, {253, 255, 252, 255} }},
	{{ {-1439, -833, 618}, 0, {-3194, -1708}, {253, 255, 252, 255} }},
	{{ {-3451, -826, 529}, 0, {-203, -1687}, {152, 153, 151, 255} }},
	{{ {1604, -1135, -2088}, 0, {225, -22}, {253, 255, 252, 255} }},
	{{ {1604, -3, -1336}, 0, {909, 2038}, {253, 255, 252, 255} }},
	{{ {1601, -3, -3394}, 0, {-964, 2038}, {152, 153, 151, 255} }},
	{{ {1601, -1135, -3394}, 0, {-964, -22}, {253, 255, 252, 255} }},
	{{ {998, -569, -4538}, 0, {-2004, 1008}, {249, 249, 249, 255} }},
	{{ {998, -3, -4538}, 0, {-2004, 2038}, {152, 153, 151, 255} }},
	{{ {998, -1135, -4538}, 0, {-2004, -22}, {253, 254, 251, 255} }},
	{{ {2988, -741, -1348}, 0, {2152, 1519}, {104, 105, 104, 255} }},
	{{ {3029, -1932, 90}, 0, {2888, 301}, {253, 255, 252, 255} }},
	{{ {3029, -620, 90}, 0, {2888, 1642}, {104, 105, 104, 255} }},
	{{ {2988, -1816, -1348}, 0, {2152, 419}, {253, 255, 252, 255} }},
	{{ {3021, -1135, -2094}, 0, {1763, 1508}, {253, 255, 252, 255} }},
	{{ {3021, -1598, -2094}, 0, {1763, 250}, {253, 255, 252, 255} }},
	{{ {-1976, 0, -2367}, 0, {9267, 25}, {152, 153, 151, 255} }},
	{{ {-1279, -3, -2366}, 0, {7898, 13}, {253, 255, 252, 255} }},
	{{ {-1279, -539, -2366}, 0, {7898, -2092}, {253, 255, 252, 255} }},
	{{ {-1976, -547, -2367}, 0, {9267, -2124}, {152, 153, 151, 255} }},
	{{ {1604, -711, -1336}, 0, {909, 22}, {209, 253, 183, 255} }},
	{{ {1237, -712, -582}, 0, {1595, 20}, {253, 255, 252, 255} }},
	{{ {1237, -3, -582}, 0, {1595, 2038}, {253, 255, 252, 255} }},
	{{ {1969, -490, 2931}, 0, {4340, 1775}, {104, 105, 104, 255} }},
	{{ {2673, -2176, 3606}, 0, {4685, 51}, {253, 255, 252, 255} }},
	{{ {2460, -713, 4412}, 0, {5097, 1547}, {253, 255, 252, 255} }},
	{{ {2673, -2176, 2025}, 0, {3877, 51}, {253, 255, 252, 255} }},
	{{ {2331, -614, 359}, 0, {3025, 1648}, {163, 164, 162, 255} }},
	{{ {2673, -2008, 521}, 0, {3108, 223}, {253, 255, 252, 255} }},
	{{ {-1113, -1135, -4222}, 0, {-820, -35}, {249, 249, 249, 255} }},
	{{ {-1113, -3, -4222}, 0, {-820, 2045}, {251, 253, 250, 255} }},
	{{ {-1976, -1135, -2367}, 0, {885, -35}, {152, 153, 151, 255} }},
	{{ {-1976, 0, -2367}, 0, {885, 2051}, {152, 153, 151, 255} }},
};

Gfx wf_dl_bob_area_1_collision_mesh_layer_1_tri_5[] = {
	gsSPVertex(wf_dl_bob_area_1_collision_mesh_layer_1_vtx_5 + 0, 32, 0),
	gsSP2Triangles(0, 1, 2, 0, 3, 4, 5, 0),
	gsSP2Triangles(6, 7, 8, 0, 9, 10, 11, 0),
	gsSP2Triangles(12, 13, 14, 0, 15, 16, 17, 0),
	gsSP2Triangles(18, 19, 20, 0, 21, 22, 23, 0),
	gsSP2Triangles(24, 22, 21, 0, 24, 21, 25, 0),
	gsSP2Triangles(26, 24, 25, 0, 27, 28, 29, 0),
	gsSP2Triangles(29, 30, 27, 0, 29, 31, 30, 0),
	gsSPVertex(wf_dl_bob_area_1_collision_mesh_layer_1_vtx_5 + 32, 30, 0),
	gsSP2Triangles(0, 1, 2, 0, 3, 0, 2, 0),
	gsSP2Triangles(3, 2, 4, 0, 5, 6, 7, 0),
	gsSP2Triangles(5, 7, 8, 0, 9, 10, 11, 0),
	gsSP2Triangles(9, 12, 10, 0, 13, 12, 9, 0),
	gsSP2Triangles(13, 9, 14, 0, 15, 16, 17, 0),
	gsSP2Triangles(15, 17, 18, 0, 19, 20, 21, 0),
	gsSP2Triangles(19, 21, 22, 0, 21, 23, 22, 0),
	gsSP2Triangles(22, 24, 19, 0, 22, 25, 24, 0),
	gsSP2Triangles(26, 27, 28, 0, 26, 28, 29, 0),
	gsSPVertex(wf_dl_bob_area_1_collision_mesh_layer_1_vtx_5 + 62, 30, 0),
	gsSP2Triangles(0, 1, 2, 0, 0, 2, 3, 0),
	gsSP2Triangles(4, 5, 6, 0, 4, 6, 7, 0),
	gsSP2Triangles(8, 7, 6, 0, 6, 9, 8, 0),
	gsSP2Triangles(8, 10, 7, 0, 11, 12, 13, 0),
	gsSP2Triangles(11, 14, 12, 0, 14, 11, 15, 0),
	gsSP2Triangles(14, 15, 16, 0, 17, 18, 19, 0),
	gsSP2Triangles(17, 19, 20, 0, 21, 22, 23, 0),
	gsSP2Triangles(21, 23, 5, 0, 24, 25, 26, 0),
	gsSP2Triangles(24, 27, 25, 0, 28, 27, 24, 0),
	gsSP1Triangle(28, 29, 27, 0),
	gsSPVertex(wf_dl_bob_area_1_collision_mesh_layer_1_vtx_5 + 92, 4, 0),
	gsSP2Triangles(0, 1, 2, 0, 1, 3, 2, 0),
	gsSPEndDisplayList(),
};

Vtx wf_dl_bob_area_1_collision_mesh_layer_1_vtx_6[46] = {
	{{ {-2462, -836, 1222}, 0, {-2046, 1502}, {0, 0, 0, 255} }},
	{{ {-2844, -824, 1178}, 0, {-2130, 833}, {0, 0, 0, 255} }},
	{{ {-2957, -1295, 1057}, 0, {1172, 634}, {0, 0, 0, 255} }},
	{{ {-2292, -1287, 1000}, 0, {1116, 1800}, {0, 0, 0, 255} }},
	{{ {-2784, -1489, 1245}, 0, {2532, 938}, {0, 0, 0, 255} }},
	{{ {-2908, -1489, 1628}, 0, {2532, 720}, {0, 0, 0, 255} }},
	{{ {-3162, -1295, 1689}, 0, {1172, 275}, {0, 0, 0, 255} }},
	{{ {-2844, -824, 1178}, 0, {-2130, 833}, {0, 0, 0, 255} }},
	{{ {-3008, -824, 1683}, 0, {-2130, 545}, {0, 0, 0, 255} }},
	{{ {-2687, -835, 1827}, 0, {-2050, 1108}, {0, 0, 0, 255} }},
	{{ {-2649, -1287, 2098}, 0, {1116, 1174}, {0, 0, 0, 255} }},
	{{ {-2327, -843, 1961}, 0, {-1997, 1739}, {252, 126, 0, 255} }},
	{{ {-2046, -1279, 2040}, 0, {1060, 2231}, {252, 126, 0, 255} }},
	{{ {-2556, -1567, 1811}, 0, {3079, 1337}, {0, 0, 0, 255} }},
	{{ {-1992, -1476, 1875}, 0, {2441, 2326}, {252, 126, 0, 255} }},
	{{ {-2162, -1476, 2154}, 0, {2441, 2028}, {252, 126, 0, 255} }},
	{{ {-2162, -606, 2154}, 0, {-3659, 2028}, {252, 126, 0, 255} }},
	{{ {-2327, -843, 1961}, 0, {-1997, 1739}, {252, 126, 0, 255} }},
	{{ {-3114, -1476, 2154}, 0, {2441, 359}, {252, 126, 0, 255} }},
	{{ {-3114, -606, 2154}, 0, {-3659, 359}, {252, 126, 0, 255} }},
	{{ {-3408, -1476, 1248}, 0, {2441, -156}, {252, 126, 0, 255} }},
	{{ {-3408, -606, 1248}, 0, {-3659, -156}, {252, 126, 0, 255} }},
	{{ {-3023, -606, 968}, 0, {-3659, 519}, {252, 126, 0, 255} }},
	{{ {-2638, -1476, 689}, 0, {2441, 1194}, {252, 126, 0, 255} }},
	{{ {-2252, -606, 968}, 0, {-3659, 1870}, {252, 126, 0, 255} }},
	{{ {-1867, -1476, 1248}, 0, {2441, 2545}, {252, 126, 0, 255} }},
	{{ {-1867, -606, 1248}, 0, {-3659, 2545}, {252, 126, 0, 255} }},
	{{ {-1840, -1279, 1408}, 0, {1060, 2592}, {252, 126, 0, 255} }},
	{{ {-2103, -844, 1355}, 0, {-1990, 2131}, {252, 126, 0, 255} }},
	{{ {-2462, -836, 1222}, 0, {-2046, 1502}, {0, 0, 0, 255} }},
	{{ {-2385, -1567, 1287}, 0, {3079, 1637}, {0, 0, 0, 255} }},
	{{ {-1894, -1476, 1573}, 0, {2441, 2498}, {252, 126, 0, 255} }},
	{{ {-2104, -1751, 1694}, 0, {4370, 2130}, {252, 126, 0, 255} }},
	{{ {-1867, -1476, 1248}, 0, {2441, 2545}, {252, 126, 0, 255} }},
	{{ {-1894, -1476, 1573}, 0, {2441, 2498}, {252, 126, 0, 255} }},
	{{ {-1992, -1476, 1875}, 0, {2441, 2326}, {252, 126, 0, 255} }},
	{{ {-2556, -1567, 1811}, 0, {3079, 1337}, {0, 0, 0, 255} }},
	{{ {-2162, -1476, 2154}, 0, {2441, 2028}, {252, 126, 0, 255} }},
	{{ {-2643, -1751, 2085}, 0, {4370, 1185}, {252, 126, 0, 255} }},
	{{ {-3114, -1476, 2154}, 0, {2441, 359}, {252, 126, 0, 255} }},
	{{ {-3183, -1751, 1694}, 0, {4370, 238}, {252, 126, 0, 255} }},
	{{ {-3408, -1476, 1248}, 0, {2441, -156}, {252, 126, 0, 255} }},
	{{ {-2977, -1751, 1060}, 0, {4370, 599}, {252, 126, 0, 255} }},
	{{ {-2638, -1476, 689}, 0, {2441, 1194}, {252, 126, 0, 255} }},
	{{ {-2310, -1751, 1060}, 0, {4370, 1768}, {252, 126, 0, 255} }},
	{{ {-2577, -1911, 1641}, 0, {5492, 1300}, {252, 126, 0, 255} }},
};

Gfx wf_dl_bob_area_1_collision_mesh_layer_1_tri_6[] = {
	gsSPVertex(wf_dl_bob_area_1_collision_mesh_layer_1_vtx_6 + 0, 32, 0),
	gsSP2Triangles(0, 1, 2, 0, 0, 2, 3, 0),
	gsSP2Triangles(4, 3, 2, 0, 2, 5, 4, 0),
	gsSP2Triangles(2, 6, 5, 0, 7, 6, 2, 0),
	gsSP2Triangles(7, 8, 6, 0, 9, 6, 8, 0),
	gsSP2Triangles(9, 10, 6, 0, 11, 10, 9, 0),
	gsSP2Triangles(11, 12, 10, 0, 12, 13, 10, 0),
	gsSP2Triangles(12, 14, 13, 0, 15, 14, 12, 0),
	gsSP2Triangles(12, 16, 15, 0, 12, 17, 16, 0),
	gsSP2Triangles(16, 18, 15, 0, 16, 19, 18, 0),
	gsSP2Triangles(19, 20, 18, 0, 19, 21, 20, 0),
	gsSP2Triangles(22, 20, 21, 0, 22, 23, 20, 0),
	gsSP2Triangles(24, 23, 22, 0, 24, 25, 23, 0),
	gsSP2Triangles(24, 26, 25, 0, 27, 25, 26, 0),
	gsSP2Triangles(27, 26, 28, 0, 28, 3, 27, 0),
	gsSP2Triangles(28, 29, 3, 0, 27, 3, 30, 0),
	gsSP2Triangles(4, 30, 3, 0, 13, 30, 4, 0),
	gsSP2Triangles(13, 4, 5, 0, 5, 10, 13, 0),
	gsSP2Triangles(5, 6, 10, 0, 31, 30, 13, 0),
	gsSP2Triangles(27, 30, 31, 0, 27, 31, 25, 0),
	gsSPVertex(wf_dl_bob_area_1_collision_mesh_layer_1_vtx_6 + 32, 14, 0),
	gsSP2Triangles(0, 1, 2, 0, 0, 2, 3, 0),
	gsSP2Triangles(2, 4, 3, 0, 3, 5, 0, 0),
	gsSP2Triangles(6, 0, 5, 0, 6, 5, 7, 0),
	gsSP2Triangles(6, 7, 8, 0, 8, 7, 9, 0),
	gsSP2Triangles(8, 9, 10, 0, 10, 9, 11, 0),
	gsSP2Triangles(10, 11, 12, 0, 12, 11, 1, 0),
	gsSP2Triangles(12, 1, 0, 0, 12, 0, 13, 0),
	gsSP2Triangles(6, 13, 0, 0, 6, 8, 13, 0),
	gsSP2Triangles(13, 8, 10, 0, 13, 10, 12, 0),
	gsSPEndDisplayList(),
};

Vtx wf_dl_bob_area_1_collision_mesh_layer_1_vtx_7[40] = {
	{{ {1138, -657, 3294}, 0, {-3188, 4183}, {248, 248, 248, 255} }},
	{{ {1938, -480, 2881}, 0, {-2028, 6429}, {104, 105, 104, 255} }},
	{{ {1138, -480, 2881}, 0, {-2028, 4183}, {131, 131, 130, 255} }},
	{{ {1938, -657, 3294}, 0, {-3188, 6429}, {104, 105, 104, 255} }},
	{{ {1138, -725, 3890}, 0, {-4861, 4183}, {249, 249, 249, 255} }},
	{{ {1938, -725, 3890}, 0, {-4861, 6429}, {249, 249, 249, 255} }},
	{{ {1138, -691, 4470}, 0, {-6489, 4183}, {249, 249, 249, 255} }},
	{{ {1938, -691, 4470}, 0, {-6489, 6429}, {247, 247, 247, 255} }},
	{{ {1138, -614, 4945}, 0, {-7823, 4183}, {249, 249, 249, 255} }},
	{{ {1938, -614, 4945}, 0, {-7823, 6429}, {249, 249, 249, 255} }},
	{{ {1938, -736, 3294}, 0, {-36, 3117}, {104, 105, 104, 255} }},
	{{ {1938, -478, 2664}, 0, {688, 4886}, {104, 105, 104, 255} }},
	{{ {1938, -480, 2881}, 0, {682, 4277}, {104, 105, 104, 255} }},
	{{ {1938, -657, 3294}, 0, {185, 3117}, {104, 105, 104, 255} }},
	{{ {1938, -725, 3890}, 0, {-5, 1444}, {249, 249, 249, 255} }},
	{{ {1938, -804, 3890}, 0, {-227, 1444}, {249, 249, 249, 255} }},
	{{ {1938, -691, 4470}, 0, {90, -184}, {247, 247, 247, 255} }},
	{{ {1938, -770, 4470}, 0, {-132, -184}, {249, 249, 249, 255} }},
	{{ {1938, -614, 4945}, 0, {306, -1518}, {249, 249, 249, 255} }},
	{{ {1938, -693, 4945}, 0, {84, -1518}, {249, 249, 249, 255} }},
	{{ {1138, -480, 2881}, 0, {682, 4277}, {131, 131, 130, 255} }},
	{{ {1138, -478, 2664}, 0, {688, 4886}, {125, 126, 125, 255} }},
	{{ {1138, -736, 3294}, 0, {-36, 3117}, {249, 249, 249, 255} }},
	{{ {1138, -657, 3294}, 0, {185, 3117}, {248, 248, 248, 255} }},
	{{ {1138, -725, 3890}, 0, {-5, 1444}, {249, 249, 249, 255} }},
	{{ {1138, -804, 3890}, 0, {-227, 1444}, {249, 249, 249, 255} }},
	{{ {1138, -770, 4470}, 0, {-132, -184}, {249, 249, 249, 255} }},
	{{ {1138, -691, 4470}, 0, {90, -184}, {249, 249, 249, 255} }},
	{{ {1138, -693, 4945}, 0, {84, -1518}, {249, 249, 249, 255} }},
	{{ {1138, -614, 4945}, 0, {306, -1518}, {249, 249, 249, 255} }},
	{{ {1938, -770, 4470}, 0, {-6489, 6429}, {249, 249, 249, 255} }},
	{{ {1938, -693, 4945}, 0, {-7823, 6429}, {249, 249, 249, 255} }},
	{{ {1138, -693, 4945}, 0, {-7823, 4183}, {249, 249, 249, 255} }},
	{{ {1138, -770, 4470}, 0, {-6489, 4183}, {249, 249, 249, 255} }},
	{{ {1938, -804, 3890}, 0, {-4861, 6429}, {249, 249, 249, 255} }},
	{{ {1138, -804, 3890}, 0, {-4861, 4183}, {249, 249, 249, 255} }},
	{{ {1938, -736, 3294}, 0, {-3188, 6429}, {104, 105, 104, 255} }},
	{{ {1138, -736, 3294}, 0, {-3188, 4183}, {249, 249, 249, 255} }},
	{{ {1938, -478, 2664}, 0, {-1419, 6429}, {104, 105, 104, 255} }},
	{{ {1138, -478, 2664}, 0, {-1419, 4183}, {125, 126, 125, 255} }},
};

Gfx wf_dl_bob_area_1_collision_mesh_layer_1_tri_7[] = {
	gsSPVertex(wf_dl_bob_area_1_collision_mesh_layer_1_vtx_7 + 0, 30, 0),
	gsSP2Triangles(0, 1, 2, 0, 0, 3, 1, 0),
	gsSP2Triangles(4, 3, 0, 0, 4, 5, 3, 0),
	gsSP2Triangles(5, 4, 6, 0, 5, 6, 7, 0),
	gsSP2Triangles(8, 7, 6, 0, 8, 9, 7, 0),
	gsSP2Triangles(10, 11, 12, 0, 10, 12, 13, 0),
	gsSP2Triangles(10, 13, 14, 0, 10, 14, 15, 0),
	gsSP2Triangles(16, 15, 14, 0, 16, 17, 15, 0),
	gsSP2Triangles(18, 17, 16, 0, 18, 19, 17, 0),
	gsSP2Triangles(20, 21, 22, 0, 23, 20, 22, 0),
	gsSP2Triangles(24, 23, 22, 0, 24, 22, 25, 0),
	gsSP2Triangles(26, 24, 25, 0, 26, 27, 24, 0),
	gsSP2Triangles(28, 27, 26, 0, 28, 29, 27, 0),
	gsSPVertex(wf_dl_bob_area_1_collision_mesh_layer_1_vtx_7 + 30, 10, 0),
	gsSP2Triangles(0, 1, 2, 0, 0, 2, 3, 0),
	gsSP2Triangles(3, 4, 0, 0, 3, 5, 4, 0),
	gsSP2Triangles(6, 4, 5, 0, 6, 5, 7, 0),
	gsSP2Triangles(8, 6, 7, 0, 8, 7, 9, 0),
	gsSPEndDisplayList(),
};

Vtx wf_dl_bob_area_1_collision_mesh_layer_1_vtx_8[104] = {
	{{ {3519, -2453, -1913}, 0, {8831, -251}, {219, 193, 179, 255} }},
	{{ {3501, -1624, -1795}, 0, {8755, 262}, {158, 255, 234, 255} }},
	{{ {3397, -2453, -1859}, 0, {8319, -251}, {219, 193, 179, 255} }},
	{{ {3464, -1607, -2166}, 0, {20183, 273}, {135, 249, 219, 255} }},
	{{ {3617, -1607, -1994}, 0, {19462, 273}, {232, 255, 255, 255} }},
	{{ {3506, -2453, -2046}, 0, {19680, -251}, {229, 198, 191, 255} }},
	{{ {1365, -2078, 7104}, 0, {-203, -19}, {252, 0, 13, 255} }},
	{{ {1347, -921, 7222}, 0, {-278, 698}, {120, 227, 191, 255} }},
	{{ {1243, -2078, 7158}, 0, {-714, -19}, {252, 0, 13, 255} }},
	{{ {1310, -913, 6850}, 0, {-17621, 703}, {120, 227, 191, 255} }},
	{{ {1463, -921, 7023}, 0, {-18346, 698}, {120, 227, 191, 255} }},
	{{ {1352, -2078, 6971}, 0, {-18128, -18}, {252, 0, 13, 255} }},
	{{ {-340, 34, -798}, 0, {14447, 1290}, {157, 255, 232, 255} }},
	{{ {-187, 34, -626}, 0, {13726, 1290}, {157, 255, 232, 255} }},
	{{ {-298, -813, -678}, 0, {13944, 765}, {252, 0, 13, 255} }},
	{{ {-407, -813, -491}, 0, {13141, 765}, {252, 0, 13, 255} }},
	{{ {-528, 16, -475}, 0, {13074, 1278}, {158, 255, 234, 255} }},
	{{ {-496, -813, -590}, 0, {13557, 765}, {252, 0, 13, 255} }},
	{{ {-259, 16, -531}, 0, {-7018, 1279}, {160, 255, 236, 255} }},
	{{ {-411, 16, -464}, 0, {-7655, 1279}, {160, 255, 236, 255} }},
	{{ {-411, -813, -464}, 0, {-7655, 765}, {252, 0, 13, 255} }},
	{{ {-259, -813, -531}, 0, {-7018, 765}, {252, 0, 13, 255} }},
	{{ {-407, -813, -491}, 0, {-7639, 766}, {252, 0, 13, 255} }},
	{{ {-285, -813, -544}, 0, {-7125, 764}, {252, 0, 13, 255} }},
	{{ {-303, 16, -427}, 0, {-7204, 1280}, {228, 255, 255, 255} }},
	{{ {-528, 16, -475}, 0, {-8143, 1277}, {161, 255, 236, 255} }},
	{{ {-496, -813, -590}, 0, {13560, 766}, {252, 0, 13, 255} }},
	{{ {-528, 16, -475}, 0, {13106, 1277}, {159, 255, 233, 255} }},
	{{ {-551, 34, -705}, 0, {14033, 1292}, {156, 255, 232, 255} }},
	{{ {-429, -813, -706}, 0, {14069, 764}, {252, 0, 13, 255} }},
	{{ {-411, 16, -464}, 0, {13041, 1279}, {191, 255, 255, 255} }},
	{{ {-522, 16, -588}, 0, {13561, 1279}, {228, 255, 255, 255} }},
	{{ {-522, -813, -588}, 0, {13561, 765}, {252, 0, 13, 255} }},
	{{ {-411, -813, -464}, 0, {13041, 765}, {252, 0, 13, 255} }},
	{{ {-438, 16, -732}, 0, {-7768, 1279}, {228, 255, 255, 255} }},
	{{ {-275, 16, -697}, 0, {-7085, 1279}, {191, 255, 255, 255} }},
	{{ {-275, -813, -697}, 0, {-7085, 765}, {252, 0, 13, 255} }},
	{{ {-438, -813, -732}, 0, {-7768, 765}, {252, 0, 13, 255} }},
	{{ {1154, -2078, 7058}, 0, {-18508, -18}, {252, 0, 13, 255} }},
	{{ {1122, -921, 7173}, 0, {-18967, 697}, {120, 227, 191, 255} }},
	{{ {1099, -921, 6943}, 0, {-18030, 699}, {120, 227, 191, 255} }},
	{{ {1221, -2078, 6943}, 0, {-18001, -19}, {252, 0, 13, 255} }},
	{{ {3519, -2453, -1913}, 0, {19138, -250}, {221, 194, 181, 255} }},
	{{ {3506, -2453, -2046}, 0, {19644, -252}, {239, 205, 203, 255} }},
	{{ {3617, -1607, -1994}, 0, {19498, 275}, {204, 255, 255, 255} }},
	{{ {3501, -1624, -1795}, 0, {18580, 261}, {161, 255, 235, 255} }},
	{{ {3397, -2453, -1859}, 0, {8343, -250}, {219, 194, 180, 255} }},
	{{ {3501, -1624, -1795}, 0, {8688, 261}, {160, 255, 235, 255} }},
	{{ {3276, -1624, -1844}, 0, {7868, 265}, {159, 255, 235, 255} }},
	{{ {3308, -2453, -1958}, 0, {7896, -252}, {219, 193, 179, 255} }},
	{{ {3375, -2453, -2074}, 0, {8233, -250}, {219, 192, 177, 255} }},
	{{ {3253, -1607, -2073}, 0, {7682, 272}, {157, 255, 232, 255} }},
	{{ {3464, -1607, -2166}, 0, {8620, 275}, {156, 255, 231, 255} }},
	{{ {3506, -2453, -2046}, 0, {8749, -252}, {219, 191, 176, 255} }},
	{{ {-429, -813, -706}, 0, {-7716, 766}, {252, 0, 13, 255} }},
	{{ {-551, 34, -705}, 0, {-8268, 1288}, {157, 255, 232, 255} }},
	{{ {-340, 34, -798}, 0, {-7330, 1292}, {155, 255, 231, 255} }},
	{{ {-298, -813, -678}, 0, {-7200, 764}, {252, 0, 13, 255} }},
	{{ {-285, -813, -544}, 0, {13398, 766}, {252, 0, 13, 255} }},
	{{ {-298, -813, -678}, 0, {13909, 764}, {252, 0, 13, 255} }},
	{{ {-187, 34, -626}, 0, {13762, 1292}, {187, 255, 252, 255} }},
	{{ {-303, 16, -427}, 0, {12844, 1277}, {247, 255, 255, 255} }},
	{{ {-522, 16, -588}, 0, {13561, 1279}, {249, 255, 255, 255} }},
	{{ {-438, 16, -732}, 0, {14165, 1279}, {249, 255, 255, 255} }},
	{{ {-438, -813, -732}, 0, {14165, 765}, {252, 0, 13, 255} }},
	{{ {-522, -813, -588}, 0, {13561, 765}, {252, 0, 13, 255} }},
	{{ {1221, -2078, 6943}, 0, {-797, -18}, {252, 0, 13, 255} }},
	{{ {1099, -921, 6943}, 0, {-1342, 697}, {120, 227, 191, 255} }},
	{{ {1310, -913, 6850}, 0, {-418, 704}, {119, 227, 190, 255} }},
	{{ {1352, -2078, 6971}, 0, {-284, -20}, {252, 0, 13, 255} }},
	{{ {3308, -2453, -1958}, 0, {19296, -250}, {219, 193, 179, 255} }},
	{{ {3276, -1624, -1844}, 0, {18846, 261}, {159, 255, 233, 255} }},
	{{ {3253, -1607, -2073}, 0, {19768, 275}, {156, 255, 232, 255} }},
	{{ {3375, -2453, -2074}, 0, {19805, -252}, {219, 191, 176, 255} }},
	{{ {-275, 16, -697}, 0, {14018, 1279}, {160, 255, 236, 255} }},
	{{ {-259, 16, -531}, 0, {13322, 1279}, {160, 255, 236, 255} }},
	{{ {-259, -813, -531}, 0, {13322, 765}, {252, 0, 13, 255} }},
	{{ {-275, -813, -697}, 0, {14018, 765}, {252, 0, 13, 255} }},
	{{ {1365, -2078, 7104}, 0, {-18665, -18}, {252, 0, 13, 255} }},
	{{ {1352, -2078, 6971}, 0, {-18166, -19}, {252, 0, 13, 255} }},
	{{ {1463, -921, 7023}, 0, {-18316, 699}, {120, 227, 191, 255} }},
	{{ {1347, -921, 7222}, 0, {-19215, 697}, {120, 227, 191, 255} }},
	{{ {1243, -2078, 7158}, 0, {-683, -18}, {252, 0, 13, 255} }},
	{{ {1347, -921, 7222}, 0, {-327, 697}, {120, 228, 191, 255} }},
	{{ {1122, -921, 7173}, 0, {-1176, 699}, {120, 227, 191, 255} }},
	{{ {1154, -2078, 7058}, 0, {-1142, -19}, {252, 0, 13, 255} }},
	{{ {2758, -2363, -1369}, 0, {-953, 5108}, {252, 0, 13, 255} }},
	{{ {3775, -2363, -1148}, 0, {-2171, 4843}, {252, 0, 13, 255} }},
	{{ {3419, -2479, -1959}, 0, {-1745, 5814}, {250, 238, 238, 255} }},
	{{ {4300, -2363, -2047}, 0, {-2800, 5920}, {252, 0, 13, 255} }},
	{{ {3607, -2363, -2824}, 0, {-1970, 6850}, {252, 0, 13, 255} }},
	{{ {2654, -2363, -2405}, 0, {-828, 6349}, {252, 0, 13, 255} }},
	{{ {604, -1826, 7648}, 0, {1627, -5692}, {252, 0, 13, 255} }},
	{{ {1534, -1826, 7831}, 0, {513, -5912}, {252, 0, 13, 255} }},
	{{ {1265, -1985, 7058}, 0, {835, -4986}, {252, 0, 13, 255} }},
	{{ {2016, -1826, 6934}, 0, {-64, -4837}, {252, 0, 13, 255} }},
	{{ {1453, -1826, 6192}, 0, {610, -3948}, {252, 0, 13, 255} }},
	{{ {500, -1826, 6612}, 0, {1751, -4452}, {252, 0, 13, 255} }},
	{{ {-1046, -722, -1}, 0, {3603, 3469}, {252, 0, 13, 255} }},
	{{ {-29, -722, 220}, 0, {2385, 3205}, {252, 0, 13, 255} }},
	{{ {-385, -838, -591}, 0, {2812, 4176}, {252, 0, 13, 255} }},
	{{ {496, -722, -679}, 0, {1756, 4281}, {252, 0, 13, 255} }},
	{{ {-197, -722, -1456}, 0, {2586, 5212}, {252, 0, 13, 255} }},
	{{ {-1150, -722, -1037}, 0, {3728, 4710}, {252, 0, 13, 255} }},
};

Gfx wf_dl_bob_area_1_collision_mesh_layer_1_tri_8[] = {
	gsSPVertex(wf_dl_bob_area_1_collision_mesh_layer_1_vtx_8 + 0, 30, 0),
	gsSP2Triangles(0, 1, 2, 0, 3, 4, 5, 0),
	gsSP2Triangles(6, 7, 8, 0, 9, 10, 11, 0),
	gsSP2Triangles(12, 13, 14, 0, 15, 16, 17, 0),
	gsSP2Triangles(18, 19, 20, 0, 18, 20, 21, 0),
	gsSP2Triangles(22, 23, 24, 0, 22, 24, 25, 0),
	gsSP2Triangles(26, 27, 28, 0, 26, 28, 29, 0),
	gsSPVertex(wf_dl_bob_area_1_collision_mesh_layer_1_vtx_8 + 30, 32, 0),
	gsSP2Triangles(0, 1, 2, 0, 0, 2, 3, 0),
	gsSP2Triangles(4, 5, 6, 0, 4, 6, 7, 0),
	gsSP2Triangles(8, 9, 10, 0, 8, 10, 11, 0),
	gsSP2Triangles(12, 13, 14, 0, 12, 14, 15, 0),
	gsSP2Triangles(16, 17, 18, 0, 16, 18, 19, 0),
	gsSP2Triangles(20, 21, 22, 0, 20, 22, 23, 0),
	gsSP2Triangles(24, 25, 26, 0, 24, 26, 27, 0),
	gsSP2Triangles(28, 29, 30, 0, 28, 30, 31, 0),
	gsSPVertex(wf_dl_bob_area_1_collision_mesh_layer_1_vtx_8 + 62, 30, 0),
	gsSP2Triangles(0, 1, 2, 0, 0, 2, 3, 0),
	gsSP2Triangles(4, 5, 6, 0, 4, 6, 7, 0),
	gsSP2Triangles(8, 9, 10, 0, 8, 10, 11, 0),
	gsSP2Triangles(12, 13, 14, 0, 12, 14, 15, 0),
	gsSP2Triangles(16, 17, 18, 0, 16, 18, 19, 0),
	gsSP2Triangles(20, 21, 22, 0, 20, 22, 23, 0),
	gsSP2Triangles(24, 25, 26, 0, 25, 27, 26, 0),
	gsSP2Triangles(27, 28, 26, 0, 28, 29, 26, 0),
	gsSP1Triangle(29, 24, 26, 0),
	gsSPVertex(wf_dl_bob_area_1_collision_mesh_layer_1_vtx_8 + 92, 12, 0),
	gsSP2Triangles(0, 1, 2, 0, 1, 3, 2, 0),
	gsSP2Triangles(3, 4, 2, 0, 4, 5, 2, 0),
	gsSP2Triangles(5, 0, 2, 0, 6, 7, 8, 0),
	gsSP2Triangles(7, 9, 8, 0, 9, 10, 8, 0),
	gsSP2Triangles(10, 11, 8, 0, 11, 6, 8, 0),
	gsSPEndDisplayList(),
};

Vtx wf_dl_bob_area_1_collision_mesh_layer_1_vtx_9[36] = {
	{{ {2214, 229, 2425}, 0, {2221, -1765}, {219, 219, 219, 255} }},
	{{ {2460, 231, 4412}, 0, {2452, 1967}, {104, 105, 104, 255} }},
	{{ {1949, 231, 4943}, 0, {1972, 2880}, {104, 105, 104, 255} }},
	{{ {-1575, 231, 4024}, 0, {645, 2038}, {104, 105, 104, 255} }},
	{{ {-1273, 231, 4943}, 0, {2420, 2038}, {105, 106, 104, 255} }},
	{{ {-1273, -713, 4943}, 0, {2420, 207}, {225, 227, 224, 255} }},
	{{ {-1477, -831, 2950}, 0, {-1428, -22}, {253, 255, 252, 255} }},
	{{ {-1477, 231, 2950}, 0, {-1428, 2038}, {104, 105, 104, 255} }},
	{{ {-1477, 231, 2950}, 0, {5886, 4008}, {104, 105, 104, 255} }},
	{{ {-1477, -831, 2950}, 0, {5886, 2058}, {253, 255, 252, 255} }},
	{{ {-75, -488, 2950}, 0, {2045, 2038}, {253, 255, 252, 255} }},
	{{ {-75, 231, 2950}, 0, {2045, 4008}, {153, 153, 153, 255} }},
	{{ {1406, -142, 2950}, 0, {-2013, 2986}, {104, 105, 104, 255} }},
	{{ {1969, -490, 2950}, 0, {-3556, 2032}, {104, 105, 104, 255} }},
	{{ {1728, -277, 2911}, 0, {-2896, 2616}, {104, 105, 104, 255} }},
	{{ {1910, -27, 2911}, 0, {-3395, 3301}, {104, 105, 104, 255} }},
	{{ {1969, 230, 2911}, 0, {-3556, 4005}, {104, 105, 104, 255} }},
	{{ {1817, 230, 2911}, 0, {-3140, 4005}, {104, 105, 104, 255} }},
	{{ {1431, 231, 2950}, 0, {-2082, 4008}, {104, 105, 104, 255} }},
	{{ {2460, 231, 4412}, 0, {2136, 2032}, {104, 105, 104, 255} }},
	{{ {1969, 230, 2911}, 0, {-1144, 1614}, {104, 105, 104, 255} }},
	{{ {1969, -490, 2950}, 0, {-1144, 52}, {104, 105, 104, 255} }},
	{{ {2460, -713, 4412}, 0, {2136, -16}, {253, 255, 252, 255} }},
	{{ {-141, -151, 4943}, 0, {1773, 3164}, {249, 249, 249, 255} }},
	{{ {-283, 231, 4943}, 0, {2029, 3850}, {104, 105, 104, 255} }},
	{{ {1949, 231, 4943}, 0, {-1981, 3850}, {104, 105, 104, 255} }},
	{{ {1949, -713, 4943}, 0, {-1981, 2155}, {253, 255, 252, 255} }},
	{{ {2460, 231, 4412}, 0, {-3266, 4042}, {104, 105, 104, 255} }},
	{{ {2460, -713, 4412}, 0, {-3185, 2023}, {253, 255, 252, 255} }},
	{{ {-533, -348, 4943}, 0, {2478, 2810}, {104, 105, 104, 255} }},
	{{ {-1273, -713, 4943}, 0, {3807, 2155}, {225, 227, 224, 255} }},
	{{ {-871, -172, 4943}, 0, {3085, 3127}, {104, 105, 104, 255} }},
	{{ {-1273, -713, 4943}, 0, {3807, 2155}, {225, 227, 224, 255} }},
	{{ {-1273, 231, 4943}, 0, {3807, 3850}, {105, 106, 104, 255} }},
	{{ {-871, -172, 4943}, 0, {3085, 3127}, {104, 105, 104, 255} }},
	{{ {-783, 231, 4943}, 0, {2927, 3850}, {104, 105, 104, 255} }},
};

Gfx wf_dl_bob_area_1_collision_mesh_layer_1_tri_9[] = {
	gsSPVertex(wf_dl_bob_area_1_collision_mesh_layer_1_vtx_9 + 0, 32, 0),
	gsSP2Triangles(0, 1, 2, 0, 3, 4, 5, 0),
	gsSP2Triangles(5, 6, 3, 0, 6, 7, 3, 0),
	gsSP2Triangles(8, 9, 10, 0, 8, 10, 11, 0),
	gsSP2Triangles(11, 10, 12, 0, 10, 13, 12, 0),
	gsSP2Triangles(12, 13, 14, 0, 13, 15, 14, 0),
	gsSP2Triangles(13, 16, 15, 0, 16, 17, 15, 0),
	gsSP2Triangles(11, 12, 18, 0, 19, 20, 21, 0),
	gsSP2Triangles(19, 21, 22, 0, 23, 24, 25, 0),
	gsSP2Triangles(23, 25, 26, 0, 27, 26, 25, 0),
	gsSP2Triangles(27, 28, 26, 0, 29, 23, 26, 0),
	gsSP2Triangles(26, 30, 29, 0, 30, 31, 29, 0),
	gsSPVertex(wf_dl_bob_area_1_collision_mesh_layer_1_vtx_9 + 32, 4, 0),
	gsSP2Triangles(0, 1, 2, 0, 1, 3, 2, 0),
	gsSPEndDisplayList(),
};

Vtx wf_dl_bob_area_1_collision_mesh_layer_4_vtx_cull[8] = {
	{{ {-3451, -3236, 10215}, 0, {0, 0}, {0, 0, 0, 0} }},
	{{ {-3451, 232, 10215}, 0, {0, 0}, {0, 0, 0, 0} }},
	{{ {-3451, 232, -4576}, 0, {0, 0}, {0, 0, 0, 0} }},
	{{ {-3451, -3236, -4576}, 0, {0, 0}, {0, 0, 0, 0} }},
	{{ {5917, -3236, 10215}, 0, {0, 0}, {0, 0, 0, 0} }},
	{{ {5917, 232, 10215}, 0, {0, 0}, {0, 0, 0, 0} }},
	{{ {5917, 232, -4576}, 0, {0, 0}, {0, 0, 0, 0} }},
	{{ {5917, -3236, -4576}, 0, {0, 0}, {0, 0, 0, 0} }},
};

Vtx wf_dl_bob_area_1_collision_mesh_layer_4_vtx_0[54] = {
	{{ {984, -604, -151}, 0, {1922, 3729}, {9, 131, 20, 255} }},
	{{ {1320, -612, -262}, 0, {72, 6798}, {3, 131, 19, 255} }},
	{{ {1288, -586, -85}, 0, {1910, 6884}, {3, 131, 19, 255} }},
	{{ {1015, -631, -327}, 0, {95, 3635}, {9, 131, 20, 255} }},
	{{ {729, -643, -204}, 0, {1920, 1063}, {20, 133, 22, 255} }},
	{{ {760, -669, -381}, 0, {84, 969}, {20, 133, 22, 255} }},
	{{ {487, -703, -252}, 0, {1909, -1508}, {32, 135, 24, 255} }},
	{{ {518, -730, -428}, 0, {82, -1603}, {32, 136, 24, 255} }},
	{{ {257, -786, -294}, 0, {1900, -4019}, {38, 137, 25, 255} }},
	{{ {288, -813, -470}, 0, {72, -4114}, {38, 137, 25, 255} }},
	{{ {1840, -1854, -3676}, 0, {2170, -6197}, {171, 161, 0, 255} }},
	{{ {1841, -1854, -3442}, 0, {-198, -6248}, {171, 161, 0, 255} }},
	{{ {1360, -1423, -3454}, 0, {-197, 292}, {179, 155, 0, 255} }},
	{{ {1359, -1423, -3688}, 0, {2172, 343}, {179, 155, 0, 255} }},
	{{ {829, -1084, -3466}, 0, {-190, 6671}, {197, 144, 0, 255} }},
	{{ {828, -1084, -3699}, 0, {2169, 6722}, {197, 144, 0, 255} }},
	{{ {250, -838, -3478}, 0, {-181, 13041}, {216, 135, 0, 255} }},
	{{ {249, -838, -3711}, 0, {2178, 13092}, {216, 135, 0, 255} }},
	{{ {-462, -665, -3489}, 0, {-198, 20460}, {226, 133, 0, 255} }},
	{{ {-463, -665, -3723}, 0, {2170, 20511}, {226, 133, 0, 255} }},
	{{ {-1619, -1022, -1404}, 0, {-162, -7628}, {5, 130, 243, 255} }},
	{{ {-2191, -1141, -480}, 0, {2193, 3189}, {9, 131, 234, 255} }},
	{{ {-1836, -1022, -1492}, 0, {2206, -7738}, {5, 130, 243, 255} }},
	{{ {-1975, -1141, -392}, 0, {-165, 3302}, {9, 131, 234, 255} }},
	{{ {-2547, -1432, 533}, 0, {2203, 14461}, {16, 136, 217, 255} }},
	{{ {-2331, -1432, 621}, 0, {-155, 14574}, {16, 136, 216, 255} }},
	{{ {-2725, -1669, 1039}, 0, {2225, 20398}, {19, 140, 208, 255} }},
	{{ {-2509, -1669, 1127}, 0, {-134, 20511}, {19, 140, 208, 255} }},
	{{ {3183, -2417, -1429}, 0, {-117, 20434}, {248, 130, 243, 255} }},
	{{ {3369, -2427, -1443}, 0, {1773, 20511}, {248, 130, 243, 255} }},
	{{ {3457, -2637, 615}, 0, {2066, -461}, {247, 131, 234, 255} }},
	{{ {3225, -2624, 633}, 0, {-291, -562}, {247, 131, 234, 255} }},
	{{ {3225, -2624, 633}, 0, {-291, -562}, {247, 131, 234, 255} }},
	{{ {3457, -2637, 615}, 0, {2066, -461}, {247, 131, 234, 255} }},
	{{ {3488, -3077, 2330}, 0, {2054, -18404}, {247, 133, 225, 255} }},
	{{ {3256, -3064, 2347}, 0, {-303, -18495}, {247, 133, 225, 255} }},
	{{ {3353, -2164, 3259}, 0, {2165, -17844}, {250, 130, 17, 255} }},
	{{ {3560, -2160, 3367}, 0, {-197, -17952}, {250, 130, 17, 255} }},
	{{ {3134, -2041, 4079}, 0, {-115, -9467}, {252, 130, 12, 255} }},
	{{ {2927, -2045, 3972}, 0, {2241, -9350}, {252, 130, 12, 255} }},
	{{ {2216, -1946, 5653}, 0, {-108, 9008}, {1, 129, 2, 255} }},
	{{ {2009, -1949, 5546}, 0, {2248, 9126}, {1, 129, 1, 255} }},
	{{ {1659, -1990, 6629}, 0, {-197, 20394}, {4, 129, 252, 255} }},
	{{ {1452, -1993, 6522}, 0, {2160, 20511}, {4, 129, 252, 255} }},
	{{ {-1091, -629, -2675}, 0, {-149, -1746}, {9, 131, 233, 255} }},
	{{ {-1169, -589, -3069}, 0, {2230, -5069}, {6, 130, 242, 255} }},
	{{ {-953, -589, -2981}, 0, {-129, -5169}, {6, 130, 242, 255} }},
	{{ {-1307, -629, -2764}, 0, {2214, -1656}, {10, 132, 233, 255} }},
	{{ {-1208, -709, -2422}, 0, {-142, 1189}, {17, 137, 215, 255} }},
	{{ {-1424, -709, -2511}, 0, {2221, 1280}, {17, 137, 214, 255} }},
	{{ {-1318, -834, -2185}, 0, {-139, 4122}, {24, 146, 197, 255} }},
	{{ {-1534, -834, -2274}, 0, {2224, 4213}, {25, 146, 197, 255} }},
	{{ {-1422, -1005, -1964}, 0, {-134, 7140}, {28, 152, 189, 255} }},
	{{ {-1638, -1005, -2053}, 0, {2230, 7231}, {28, 152, 189, 255} }},
};

Gfx wf_dl_bob_area_1_collision_mesh_layer_4_tri_0[] = {
	gsSPVertex(wf_dl_bob_area_1_collision_mesh_layer_4_vtx_0 + 0, 32, 0),
	gsSP2Triangles(0, 1, 2, 0, 0, 3, 1, 0),
	gsSP2Triangles(4, 3, 0, 0, 4, 5, 3, 0),
	gsSP2Triangles(6, 5, 4, 0, 6, 7, 5, 0),
	gsSP2Triangles(8, 7, 6, 0, 8, 9, 7, 0),
	gsSP2Triangles(10, 11, 12, 0, 10, 12, 13, 0),
	gsSP2Triangles(13, 12, 14, 0, 13, 14, 15, 0),
	gsSP2Triangles(15, 14, 16, 0, 15, 16, 17, 0),
	gsSP2Triangles(17, 16, 18, 0, 17, 18, 19, 0),
	gsSP2Triangles(20, 21, 22, 0, 20, 23, 21, 0),
	gsSP2Triangles(23, 24, 21, 0, 23, 25, 24, 0),
	gsSP2Triangles(25, 26, 24, 0, 25, 27, 26, 0),
	gsSP2Triangles(28, 29, 30, 0, 28, 30, 31, 0),
	gsSPVertex(wf_dl_bob_area_1_collision_mesh_layer_4_vtx_0 + 32, 22, 0),
	gsSP2Triangles(0, 1, 2, 0, 0, 2, 3, 0),
	gsSP2Triangles(4, 5, 6, 0, 4, 6, 7, 0),
	gsSP2Triangles(8, 7, 6, 0, 8, 9, 7, 0),
	gsSP2Triangles(9, 8, 10, 0, 9, 10, 11, 0),
	gsSP2Triangles(12, 13, 14, 0, 12, 15, 13, 0),
	gsSP2Triangles(16, 15, 12, 0, 16, 17, 15, 0),
	gsSP2Triangles(18, 17, 16, 0, 18, 19, 17, 0),
	gsSP2Triangles(20, 19, 18, 0, 20, 21, 19, 0),
	gsSPEndDisplayList(),
};

Vtx wf_dl_bob_area_1_collision_mesh_layer_4_vtx_1[67] = {
	{{ {-1273, -713, 4943}, 0, {9435, 984}, {113, 217, 213, 255} }},
	{{ {-1487, -1537, 5937}, 0, {8307, 6}, {124, 0, 27, 255} }},
	{{ {-1273, -1537, 4953}, 0, {9435, 6}, {127, 0, 7, 255} }},
	{{ {-1487, -713, 5937}, 0, {8307, 984}, {86, 163, 6, 255} }},
	{{ {-1700, -958, 6921}, 0, {7185, 984}, {98, 175, 252, 255} }},
	{{ {-1700, -1782, 6921}, 0, {7185, 6}, {127, 0, 5, 255} }},
	{{ {-1475, -1782, 9016}, 0, {4825, 6}, {106, 0, 186, 255} }},
	{{ {-1475, -958, 9016}, 0, {4825, 984}, {83, 178, 201, 255} }},
	{{ {647, -958, 10215}, 0, {2094, 984}, {8, 167, 166, 255} }},
	{{ {647, -1782, 10215}, 0, {2094, 6}, {29, 0, 132, 255} }},
	{{ {1928, -1363, 10207}, 0, {626, 984}, {228, 177, 161, 255} }},
	{{ {1928, -2187, 10207}, 0, {626, 6}, {232, 0, 131, 255} }},
	{{ {4844, -2187, 9193}, 0, {-2833, 6}, {177, 0, 157, 255} }},
	{{ {4844, -1363, 9193}, 0, {-2833, 984}, {195, 175, 180, 255} }},
	{{ {5917, -2187, 7484}, 0, {6983, 6}, {131, 0, 234, 255} }},
	{{ {5438, -1363, 5257}, 0, {4342, 984}, {169, 170, 34, 255} }},
	{{ {5438, -2187, 5257}, 0, {4342, 6}, {138, 249, 48, 255} }},
	{{ {5917, -1363, 7484}, 0, {6983, 984}, {159, 176, 239, 255} }},
	{{ {4844, -1363, 9193}, 0, {9010, 984}, {195, 175, 180, 255} }},
	{{ {4844, -2187, 9193}, 0, {9010, 6}, {177, 0, 157, 255} }},
	{{ {5438, -2187, 5257}, 0, {4342, -2}, {138, 249, 48, 255} }},
	{{ {4653, -1271, 4183}, 0, {3068, 1093}, {212, 160, 70, 255} }},
	{{ {4504, -2176, 3606}, 0, {2383, 19}, {190, 159, 49, 255} }},
	{{ {-3293, -830, 2428}, 0, {5762, 963}, {78, 178, 193, 255} }},
	{{ {-1477, -1655, 3047}, 0, {3525, -54}, {100, 251, 178, 255} }},
	{{ {-3293, -1654, 2428}, 0, {5762, -52}, {99, 252, 177, 255} }},
	{{ {-1477, -831, 2950}, 0, {3525, 961}, {103, 182, 247, 255} }},
	{{ {-1273, -1537, 4953}, 0, {1218, -55}, {127, 0, 7, 255} }},
	{{ {-1273, -713, 4943}, 0, {1218, 960}, {113, 217, 213, 255} }},
	{{ {-3293, -830, 2428}, 0, {5058, 867}, {78, 178, 193, 255} }},
	{{ {-3293, -1654, 2428}, 0, {5058, -148}, {99, 252, 177, 255} }},
	{{ {-3451, -1650, 529}, 0, {2719, -415}, {126, 0, 18, 255} }},
	{{ {-3293, -830, 2428}, 0, {5058, 867}, {78, 178, 193, 255} }},
	{{ {-3451, -1650, 529}, 0, {2719, -415}, {126, 0, 18, 255} }},
	{{ {-3451, -826, 529}, 0, {2719, 600}, {120, 218, 243, 255} }},
	{{ {-3451, -826, 529}, 0, {2719, 552}, {120, 218, 243, 255} }},
	{{ {-3451, -1650, 529}, 0, {2719, -463}, {126, 0, 18, 255} }},
	{{ {-2669, -1372, -1358}, 0, {395, -121}, {111, 0, 62, 255} }},
	{{ {-2669, -548, -1358}, 0, {395, 894}, {82, 169, 44, 255} }},
	{{ {-2669, -548, -1358}, 0, {395, 830}, {82, 169, 44, 255} }},
	{{ {-2669, -1372, -1358}, 0, {395, -185}, {111, 0, 62, 255} }},
	{{ {-1976, -1959, -2367}, 0, {-848, -108}, {111, 0, 61, 255} }},
	{{ {-1976, -1135, -2367}, 0, {-848, 907}, {110, 0, 63, 255} }},
	{{ {-1113, -1959, -4222}, 0, {-3133, -108}, {76, 0, 102, 255} }},
	{{ {-1113, -1135, -4222}, 0, {-3133, 907}, {76, 0, 102, 255} }},
	{{ {-1113, -1135, -4222}, 0, {3076, 907}, {76, 0, 102, 255} }},
	{{ {-1113, -1959, -4222}, 0, {3076, -108}, {76, 0, 102, 255} }},
	{{ {-58, -1959, -4380}, 0, {1776, -108}, {19, 0, 126, 255} }},
	{{ {-58, -1135, -4380}, 0, {1776, 907}, {19, 0, 126, 255} }},
	{{ {998, -1959, -4538}, 0, {476, -108}, {11, 0, 127, 255} }},
	{{ {998, -1135, -4538}, 0, {476, 907}, {236, 231, 123, 255} }},
	{{ {3208, -1959, -4576}, 0, {-2246, -108}, {220, 0, 122, 255} }},
	{{ {3208, -1135, -4576}, 0, {-2246, 907}, {220, 169, 85, 255} }},
	{{ {4392, -2422, -3875}, 0, {-3705, -118}, {141, 0, 54, 210} }},
	{{ {4392, -1598, -3875}, 0, {-3705, 897}, {158, 188, 43, 210} }},
	{{ {4392, -1598, -3875}, 0, {-1873, 676}, {158, 188, 43, 210} }},
	{{ {4392, -2422, -3875}, 0, {-1817, 1}, {141, 0, 54, 210} }},
	{{ {4392, -2640, -1009}, 0, {548, 19}, {131, 0, 23, 142} }},
	{{ {4392, -1816, -1009}, 0, {491, 695}, {171, 161, 4, 142} }},
	{{ {4815, -2756, 142}, 0, {1499, 3}, {131, 0, 21, 98} }},
	{{ {4815, -1932, 142}, 0, {1442, 679}, {163, 169, 7, 98} }},
	{{ {4815, -3000, 1874}, 0, {2936, -78}, {130, 0, 244, 0} }},
	{{ {4815, -2176, 1874}, 0, {2879, 598}, {163, 171, 242, 0} }},
	{{ {4504, -3000, 3606}, 0, {4355, 41}, {131, 0, 234, 0} }},
	{{ {4815, -2176, 1874}, 0, {2879, 598}, {163, 171, 242, 0} }},
	{{ {4504, -3000, 3606}, 0, {4355, 41}, {131, 0, 234, 0} }},
	{{ {4504, -2176, 3606}, 0, {4299, 717}, {190, 159, 49, 0} }},
};

Gfx wf_dl_bob_area_1_collision_mesh_layer_4_tri_1[] = {
	gsSPVertex(wf_dl_bob_area_1_collision_mesh_layer_4_vtx_1 + 0, 32, 0),
	gsSP2Triangles(0, 1, 2, 0, 0, 3, 1, 0),
	gsSP2Triangles(4, 1, 3, 0, 4, 5, 1, 0),
	gsSP2Triangles(6, 5, 4, 0, 6, 4, 7, 0),
	gsSP2Triangles(6, 7, 8, 0, 6, 8, 9, 0),
	gsSP2Triangles(10, 9, 8, 0, 10, 11, 9, 0),
	gsSP2Triangles(12, 11, 10, 0, 12, 10, 13, 0),
	gsSP2Triangles(14, 15, 16, 0, 14, 17, 15, 0),
	gsSP2Triangles(14, 18, 17, 0, 14, 19, 18, 0),
	gsSP2Triangles(20, 15, 21, 0, 20, 21, 22, 0),
	gsSP2Triangles(23, 24, 25, 0, 23, 26, 24, 0),
	gsSP2Triangles(27, 24, 26, 0, 27, 26, 28, 0),
	gsSP1Triangle(29, 30, 31, 0),
	gsSPVertex(wf_dl_bob_area_1_collision_mesh_layer_4_vtx_1 + 32, 32, 0),
	gsSP2Triangles(0, 1, 2, 0, 3, 4, 5, 0),
	gsSP2Triangles(3, 5, 6, 0, 7, 8, 9, 0),
	gsSP2Triangles(7, 9, 10, 0, 10, 9, 11, 0),
	gsSP2Triangles(10, 11, 12, 0, 13, 14, 15, 0),
	gsSP2Triangles(13, 15, 16, 0, 16, 15, 17, 0),
	gsSP2Triangles(16, 17, 18, 0, 18, 17, 19, 0),
	gsSP2Triangles(18, 19, 20, 0, 20, 19, 21, 0),
	gsSP2Triangles(20, 21, 22, 0, 23, 24, 25, 0),
	gsSP2Triangles(23, 25, 26, 0, 26, 25, 27, 0),
	gsSP2Triangles(26, 27, 28, 0, 28, 27, 29, 0),
	gsSP2Triangles(28, 29, 30, 0, 30, 29, 31, 0),
	gsSPVertex(wf_dl_bob_area_1_collision_mesh_layer_4_vtx_1 + 64, 3, 0),
	gsSP1Triangle(0, 1, 2, 0),
	gsSPEndDisplayList(),
};

Vtx wf_dl_bob_area_1_collision_mesh_layer_4_vtx_2[12] = {
	{{ {-2615, -1687, 1904}, 0, {-16, -16}, {127, 0, 2, 255} }},
	{{ {-2619, -2507, 2174}, 0, {-16, 2032}, {127, 0, 2, 255} }},
	{{ {-2612, -2687, 1627}, 0, {2032, 2032}, {127, 0, 2, 255} }},
	{{ {-2608, -1867, 1357}, 0, {2032, -16}, {127, 0, 2, 255} }},
	{{ {-2983, -1827, 1732}, 0, {-16, -16}, {109, 236, 62, 255} }},
	{{ {-3133, -2678, 1728}, 0, {-16, 2032}, {109, 236, 62, 255} }},
	{{ {-2856, -2725, 1226}, 0, {2032, 2032}, {109, 236, 62, 255} }},
	{{ {-2705, -1874, 1230}, 0, {2032, -16}, {109, 236, 62, 255} }},
	{{ {-2788, -1932, 1650}, 0, {-16, -16}, {108, 1, 67, 255} }},
	{{ {-2587, -2711, 1336}, 0, {-16, 2032}, {108, 1, 67, 255} }},
	{{ {-2314, -2463, 894}, 0, {2032, 2032}, {108, 1, 67, 255} }},
	{{ {-2515, -1684, 1208}, 0, {2032, -16}, {108, 1, 67, 255} }},
};

Gfx wf_dl_bob_area_1_collision_mesh_layer_4_tri_2[] = {
	gsSPVertex(wf_dl_bob_area_1_collision_mesh_layer_4_vtx_2 + 0, 12, 0),
	gsSP2Triangles(0, 1, 2, 0, 0, 2, 3, 0),
	gsSP2Triangles(4, 5, 6, 0, 4, 6, 7, 0),
	gsSP2Triangles(8, 9, 10, 0, 8, 10, 11, 0),
	gsSPEndDisplayList(),
};

Gfx mat_wf_dl_f3dlite_material_013[] = {
	gsSPClearGeometryMode(G_LIGHTING),
	gsDPPipeSync(),
	gsDPSetCombineLERP(TEXEL0, 0, SHADE, 0, ENVIRONMENT, 0, SHADE, 0, TEXEL0, 0, SHADE, 0, ENVIRONMENT, 0, SHADE, 0),
	gsDPSetAlphaDither(G_AD_NOISE),
	gsDPSetTextureLUT(G_TT_RGBA16),
	gsSPTexture(65535, 65535, 0, 0, 1),
	gsDPSetTextureImage(G_IM_FMT_RGBA, G_IM_SIZ_16b, 1, wf_dl_DK_grass_ci4_1__1__pal_rgba16),
	gsDPSetTile(0, 0, 0, 256, 5, 0, G_TX_WRAP | G_TX_NOMIRROR, 0, 0, G_TX_WRAP | G_TX_NOMIRROR, 0, 0),
	gsDPLoadTLUTCmd(5, 13),
	gsDPSetTextureImage(G_IM_FMT_CI, G_IM_SIZ_16b, 1, wf_dl_DK_grass_ci4_1__1__ci4),
	gsDPSetTile(G_IM_FMT_CI, G_IM_SIZ_16b, 0, 0, 7, 0, G_TX_WRAP | G_TX_NOMIRROR, 0, 0, G_TX_WRAP | G_TX_NOMIRROR, 0, 0),
	gsDPLoadBlock(7, 0, 0, 1023, 512),
	gsDPSetTile(G_IM_FMT_CI, G_IM_SIZ_4b, 4, 0, 0, 0, G_TX_WRAP | G_TX_NOMIRROR, 6, 0, G_TX_WRAP | G_TX_NOMIRROR, 6, 0),
	gsDPSetTileSize(0, 0, 0, 252, 252),
	gsSPEndDisplayList(),
};

Gfx mat_revert_wf_dl_f3dlite_material_013[] = {
	gsSPSetGeometryMode(G_LIGHTING),
	gsDPPipeSync(),
	gsDPSetAlphaDither(G_AD_DISABLE),
	gsDPSetTextureLUT(G_TT_NONE),
	gsSPEndDisplayList(),
};

Gfx mat_wf_dl_f3dlite_material_014[] = {
	gsSPClearGeometryMode(G_LIGHTING),
	gsDPPipeSync(),
	gsDPSetCombineLERP(TEXEL0, 0, SHADE, 0, ENVIRONMENT, 0, SHADE, 0, TEXEL0, 0, SHADE, 0, ENVIRONMENT, 0, SHADE, 0),
	gsDPSetAlphaDither(G_AD_NOISE),
	gsDPSetTextureLUT(G_TT_RGBA16),
	gsSPTexture(65535, 65535, 0, 0, 1),
	gsDPSetTextureImage(G_IM_FMT_RGBA, G_IM_SIZ_16b, 1, wf_dl_stone_granite_rgba16_pal_rgba16),
	gsDPSetTile(0, 0, 0, 256, 5, 0, G_TX_WRAP | G_TX_NOMIRROR, 0, 0, G_TX_WRAP | G_TX_NOMIRROR, 0, 0),
	gsDPLoadTLUTCmd(5, 33),
	gsDPSetTextureImage(G_IM_FMT_CI, G_IM_SIZ_8b_LOAD_BLOCK, 1, wf_dl_stone_granite_rgba16_ci8),
	gsDPSetTile(G_IM_FMT_CI, G_IM_SIZ_8b_LOAD_BLOCK, 0, 0, 7, 0, G_TX_WRAP | G_TX_NOMIRROR, 0, 0, G_TX_WRAP | G_TX_NOMIRROR, 0, 0),
	gsDPLoadBlock(7, 0, 0, 511, 512),
	gsDPSetTile(G_IM_FMT_CI, G_IM_SIZ_8b, 4, 0, 0, 0, G_TX_WRAP | G_TX_NOMIRROR, 5, 0, G_TX_WRAP | G_TX_NOMIRROR, 5, 0),
	gsDPSetTileSize(0, 0, 0, 124, 124),
	gsSPEndDisplayList(),
};

Gfx mat_revert_wf_dl_f3dlite_material_014[] = {
	gsSPSetGeometryMode(G_LIGHTING),
	gsDPPipeSync(),
	gsDPSetAlphaDither(G_AD_DISABLE),
	gsDPSetTextureLUT(G_TT_NONE),
	gsSPEndDisplayList(),
};

Gfx mat_wf_dl_f3dlite_material_015[] = {
	gsSPClearGeometryMode(G_LIGHTING),
	gsDPPipeSync(),
	gsDPSetCombineLERP(TEXEL0, 0, SHADE, 0, ENVIRONMENT, 0, SHADE, 0, TEXEL0, 0, SHADE, 0, ENVIRONMENT, 0, SHADE, 0),
	gsDPSetAlphaDither(G_AD_NOISE),
	gsDPSetTextureLUT(G_TT_RGBA16),
	gsSPTexture(65535, 65535, 0, 0, 1),
	gsDPSetTextureImage(G_IM_FMT_RGBA, G_IM_SIZ_16b, 1, wf_dl_YukkinaTreeBreak00_ci4_pal_rgba16),
	gsDPSetTile(0, 0, 0, 256, 5, 0, G_TX_WRAP | G_TX_NOMIRROR, 0, 0, G_TX_WRAP | G_TX_NOMIRROR, 0, 0),
	gsDPLoadTLUTCmd(5, 14),
	gsDPSetTextureImage(G_IM_FMT_CI, G_IM_SIZ_16b, 1, wf_dl_YukkinaTreeBreak00_ci4_ci4),
	gsDPSetTile(G_IM_FMT_CI, G_IM_SIZ_16b, 0, 0, 7, 0, G_TX_WRAP | G_TX_NOMIRROR, 0, 0, G_TX_WRAP | G_TX_NOMIRROR, 0, 0),
	gsDPLoadBlock(7, 0, 0, 1023, 512),
	gsDPSetTile(G_IM_FMT_CI, G_IM_SIZ_4b, 4, 0, 0, 0, G_TX_WRAP | G_TX_NOMIRROR, 6, 0, G_TX_WRAP | G_TX_NOMIRROR, 6, 0),
	gsDPSetTileSize(0, 0, 0, 252, 252),
	gsSPEndDisplayList(),
};

Gfx mat_revert_wf_dl_f3dlite_material_015[] = {
	gsSPSetGeometryMode(G_LIGHTING),
	gsDPPipeSync(),
	gsDPSetAlphaDither(G_AD_DISABLE),
	gsDPSetTextureLUT(G_TT_NONE),
	gsSPEndDisplayList(),
};

Gfx mat_wf_dl_f3dlite_material_016[] = {
	gsSPClearGeometryMode(G_LIGHTING),
	gsDPPipeSync(),
	gsDPSetCombineLERP(TEXEL0, 0, SHADE, 0, ENVIRONMENT, 0, SHADE, 0, TEXEL0, 0, SHADE, 0, ENVIRONMENT, 0, SHADE, 0),
	gsDPSetAlphaDither(G_AD_NOISE),
	gsDPSetTextureLUT(G_TT_RGBA16),
	gsSPTexture(65535, 65535, 0, 0, 1),
	gsDPSetTextureImage(G_IM_FMT_RGBA, G_IM_SIZ_16b, 1, wf_dl_BigTreeWoodC_rgba16_pal_rgba16),
	gsDPSetTile(0, 0, 0, 256, 5, 0, G_TX_WRAP | G_TX_NOMIRROR, 0, 0, G_TX_WRAP | G_TX_NOMIRROR, 0, 0),
	gsDPLoadTLUTCmd(5, 111),
	gsDPSetTextureImage(G_IM_FMT_CI, G_IM_SIZ_8b_LOAD_BLOCK, 1, wf_dl_BigTreeWoodC_rgba16_ci8),
	gsDPSetTile(G_IM_FMT_CI, G_IM_SIZ_8b_LOAD_BLOCK, 0, 0, 7, 0, G_TX_WRAP | G_TX_NOMIRROR, 0, 0, G_TX_WRAP | G_TX_NOMIRROR, 0, 0),
	gsDPLoadBlock(7, 0, 0, 1023, 512),
	gsDPSetTile(G_IM_FMT_CI, G_IM_SIZ_8b, 4, 0, 0, 0, G_TX_WRAP | G_TX_NOMIRROR, 6, 0, G_TX_WRAP | G_TX_NOMIRROR, 5, 0),
	gsDPSetTileSize(0, 0, 0, 124, 252),
	gsSPEndDisplayList(),
};

Gfx mat_revert_wf_dl_f3dlite_material_016[] = {
	gsSPSetGeometryMode(G_LIGHTING),
	gsDPPipeSync(),
	gsDPSetAlphaDither(G_AD_DISABLE),
	gsDPSetTextureLUT(G_TT_NONE),
	gsSPEndDisplayList(),
};

Gfx mat_wf_dl_f3dlite_material_017[] = {
	gsSPClearGeometryMode(G_CULL_BACK),
	gsSPLightColor(LIGHT_1, 0xFFFFFFFF),
	gsSPLightColor(LIGHT_2, 0x7F7F7FFF),
	gsDPPipeSync(),
	gsDPSetCombineLERP(TEXEL0, 0, SHADE, 0, TEXEL0, 0, ENVIRONMENT, 0, TEXEL0, 0, SHADE, 0, TEXEL0, 0, ENVIRONMENT, 0),
	gsDPSetAlphaDither(G_AD_NOISE),
	gsDPSetTextureLUT(G_TT_RGBA16),
	gsSPTexture(65535, 65535, 0, 0, 1),
	gsDPSetTextureImage(G_IM_FMT_RGBA, G_IM_SIZ_16b, 1, wf_dl__1chain_ci4_pal_rgba16),
	gsDPSetTile(0, 0, 0, 256, 5, 0, G_TX_WRAP | G_TX_NOMIRROR, 0, 0, G_TX_WRAP | G_TX_NOMIRROR, 0, 0),
	gsDPLoadTLUTCmd(5, 15),
	gsDPSetTextureImage(G_IM_FMT_CI, G_IM_SIZ_16b, 1, wf_dl__1chain_ci4_ci4),
	gsDPSetTile(G_IM_FMT_CI, G_IM_SIZ_16b, 0, 0, 7, 0, G_TX_WRAP | G_TX_NOMIRROR, 0, 0, G_TX_WRAP | G_TX_NOMIRROR, 0, 0),
	gsDPLoadBlock(7, 0, 0, 1023, 512),
	gsDPSetTile(G_IM_FMT_CI, G_IM_SIZ_4b, 4, 0, 0, 0, G_TX_WRAP | G_TX_NOMIRROR, 6, 0, G_TX_CLAMP | G_TX_NOMIRROR, 6, 0),
	gsDPSetTileSize(0, 0, 0, 252, 252),
	gsSPEndDisplayList(),
};

Gfx mat_revert_wf_dl_f3dlite_material_017[] = {
	gsSPSetGeometryMode(G_CULL_BACK),
	gsDPPipeSync(),
	gsDPSetAlphaDither(G_AD_DISABLE),
	gsDPSetTextureLUT(G_TT_NONE),
	gsSPEndDisplayList(),
};

Gfx mat_wf_dl_f3dlite_material_018[] = {
	gsSPClearGeometryMode(G_LIGHTING),
	gsDPPipeSync(),
	gsDPSetCombineLERP(TEXEL0, 0, SHADE, 0, ENVIRONMENT, 0, SHADE, 0, TEXEL0, 0, SHADE, 0, ENVIRONMENT, 0, SHADE, 0),
	gsDPSetAlphaDither(G_AD_NOISE),
	gsDPSetTextureLUT(G_TT_RGBA16),
	gsSPTexture(65535, 65535, 0, 0, 1),
	gsDPSetTextureImage(G_IM_FMT_RGBA, G_IM_SIZ_16b, 1, wf_dl__11111texKinokoRed_ci4_pal_rgba16),
	gsDPSetTile(0, 0, 0, 256, 5, 0, G_TX_WRAP | G_TX_NOMIRROR, 0, 0, G_TX_WRAP | G_TX_NOMIRROR, 0, 0),
	gsDPLoadTLUTCmd(5, 15),
	gsDPSetTextureImage(G_IM_FMT_CI, G_IM_SIZ_16b, 1, wf_dl__11111texKinokoRed_ci4_ci4),
	gsDPSetTile(G_IM_FMT_CI, G_IM_SIZ_16b, 0, 0, 7, 0, G_TX_WRAP | G_TX_NOMIRROR, 0, 0, G_TX_WRAP | G_TX_NOMIRROR, 0, 0),
	gsDPLoadBlock(7, 0, 0, 1023, 512),
	gsDPSetTile(G_IM_FMT_CI, G_IM_SIZ_4b, 4, 0, 0, 0, G_TX_WRAP | G_TX_NOMIRROR, 6, 0, G_TX_CLAMP | G_TX_NOMIRROR, 6, 0),
	gsDPSetTileSize(0, 0, 0, 252, 252),
	gsSPEndDisplayList(),
};

Gfx mat_revert_wf_dl_f3dlite_material_018[] = {
	gsSPSetGeometryMode(G_LIGHTING),
	gsDPPipeSync(),
	gsDPSetAlphaDither(G_AD_DISABLE),
	gsDPSetTextureLUT(G_TT_NONE),
	gsSPEndDisplayList(),
};

Gfx mat_wf_dl_f3dlite_material_019[] = {
	gsSPClearGeometryMode(G_LIGHTING),
	gsDPPipeSync(),
	gsDPSetCombineLERP(TEXEL0, 0, SHADE, 0, ENVIRONMENT, 0, SHADE, 0, TEXEL0, 0, SHADE, 0, ENVIRONMENT, 0, SHADE, 0),
	gsDPSetAlphaDither(G_AD_NOISE),
	gsSPTexture(65535, 65535, 0, 0, 1),
	gsDPSetTextureImage(G_IM_FMT_RGBA, G_IM_SIZ_16b_LOAD_BLOCK, 1, wf_dl__12donebpyro2ycdi_rgba16_rgba16),
	gsDPSetTile(G_IM_FMT_RGBA, G_IM_SIZ_16b_LOAD_BLOCK, 0, 0, 7, 0, G_TX_WRAP | G_TX_NOMIRROR, 0, 0, G_TX_WRAP | G_TX_NOMIRROR, 0, 0),
	gsDPLoadBlock(7, 0, 0, 2047, 256),
	gsDPSetTile(G_IM_FMT_RGBA, G_IM_SIZ_16b, 8, 0, 0, 0, G_TX_WRAP | G_TX_NOMIRROR, 6, 0, G_TX_WRAP | G_TX_NOMIRROR, 5, 0),
	gsDPSetTileSize(0, 0, 0, 124, 252),
	gsSPEndDisplayList(),
};

Gfx mat_revert_wf_dl_f3dlite_material_019[] = {
	gsSPSetGeometryMode(G_LIGHTING),
	gsDPPipeSync(),
	gsDPSetAlphaDither(G_AD_DISABLE),
	gsSPEndDisplayList(),
};

Gfx mat_wf_dl_f3dlite_material_020[] = {
	gsSPClearGeometryMode(G_CULL_BACK),
	gsDPPipeSync(),
	gsDPSetCombineLERP(0, 0, 0, TEXEL0, 0, 0, 0, TEXEL0, 0, 0, 0, TEXEL0, 0, 0, 0, TEXEL0),
	gsDPSetAlphaDither(G_AD_NOISE),
	gsSPTexture(65535, 65535, 0, 0, 1),
	gsDPSetTextureImage(G_IM_FMT_RGBA, G_IM_SIZ_16b_LOAD_BLOCK, 1, wf_dl_ng_nukirgba16_rgba16_rgba16),
	gsDPSetTile(G_IM_FMT_RGBA, G_IM_SIZ_16b_LOAD_BLOCK, 0, 0, 7, 0, G_TX_WRAP | G_TX_NOMIRROR, 0, 0, G_TX_WRAP | G_TX_NOMIRROR, 0, 0),
	gsDPLoadBlock(7, 0, 0, 2047, 128),
	gsDPSetTile(G_IM_FMT_RGBA, G_IM_SIZ_16b, 16, 0, 0, 0, G_TX_CLAMP | G_TX_NOMIRROR, 5, 0, G_TX_WRAP | G_TX_NOMIRROR, 6, 0),
	gsDPSetTileSize(0, 0, 0, 252, 124),
	gsSPEndDisplayList(),
};

Gfx mat_revert_wf_dl_f3dlite_material_020[] = {
	gsSPSetGeometryMode(G_CULL_BACK),
	gsDPPipeSync(),
	gsDPSetAlphaDither(G_AD_DISABLE),
	gsSPEndDisplayList(),
};

Gfx mat_wf_dl_f3dlite_material_021[] = {
	gsSPClearGeometryMode(G_LIGHTING),
	gsDPPipeSync(),
	gsDPSetCombineLERP(TEXEL0, 0, SHADE, 0, ENVIRONMENT, 0, SHADE, 0, TEXEL0, 0, SHADE, 0, ENVIRONMENT, 0, SHADE, 0),
	gsDPSetAlphaDither(G_AD_NOISE),
	gsSPTexture(65535, 65535, 0, 0, 1),
	gsDPSetTextureImage(G_IM_FMT_I, G_IM_SIZ_8b_LOAD_BLOCK, 1, wf_dl_Jacey_snowman_carrot_texture_i8_i8),
	gsDPSetTile(G_IM_FMT_I, G_IM_SIZ_8b_LOAD_BLOCK, 0, 0, 7, 0, G_TX_WRAP | G_TX_NOMIRROR, 0, 0, G_TX_WRAP | G_TX_NOMIRROR, 0, 0),
	gsDPLoadBlock(7, 0, 0, 2047, 256),
	gsDPSetTile(G_IM_FMT_I, G_IM_SIZ_8b, 8, 0, 0, 0, G_TX_WRAP | G_TX_NOMIRROR, 6, 0, G_TX_WRAP | G_TX_NOMIRROR, 6, 0),
	gsDPSetTileSize(0, 0, 0, 252, 252),
	gsSPEndDisplayList(),
};

Gfx mat_revert_wf_dl_f3dlite_material_021[] = {
	gsSPSetGeometryMode(G_LIGHTING),
	gsDPPipeSync(),
	gsDPSetAlphaDither(G_AD_DISABLE),
	gsSPEndDisplayList(),
};

Gfx mat_wf_dl_f3dlite_material_022[] = {
	gsSPClearGeometryMode(G_LIGHTING),
	gsDPPipeSync(),
	gsDPSetCombineLERP(TEXEL0, 0, SHADE, 0, ENVIRONMENT, 0, SHADE, 0, TEXEL0, 0, SHADE, 0, ENVIRONMENT, 0, SHADE, 0),
	gsDPSetAlphaDither(G_AD_NOISE),
	gsDPSetTextureLUT(G_TT_RGBA16),
	gsSPTexture(65535, 65535, 0, 0, 1),
	gsDPSetTextureImage(G_IM_FMT_RGBA, G_IM_SIZ_16b, 1, wf_dl__2EB6628BD0351A22F3163295E64E9B63_ci4_pal_rgba16),
	gsDPSetTile(0, 0, 0, 256, 5, 0, G_TX_WRAP | G_TX_NOMIRROR, 0, 0, G_TX_WRAP | G_TX_NOMIRROR, 0, 0),
	gsDPLoadTLUTCmd(5, 14),
	gsDPSetTextureImage(G_IM_FMT_CI, G_IM_SIZ_16b, 1, wf_dl__2EB6628BD0351A22F3163295E64E9B63_ci4_ci4),
	gsDPSetTile(G_IM_FMT_CI, G_IM_SIZ_16b, 0, 0, 7, 0, G_TX_WRAP | G_TX_NOMIRROR, 0, 0, G_TX_WRAP | G_TX_NOMIRROR, 0, 0),
	gsDPLoadBlock(7, 0, 0, 1023, 512),
	gsDPSetTile(G_IM_FMT_CI, G_IM_SIZ_4b, 4, 0, 0, 0, G_TX_WRAP | G_TX_NOMIRROR, 6, 0, G_TX_WRAP | G_TX_NOMIRROR, 6, 0),
	gsDPSetTileSize(0, 0, 0, 252, 252),
	gsSPEndDisplayList(),
};

Gfx mat_revert_wf_dl_f3dlite_material_022[] = {
	gsSPSetGeometryMode(G_LIGHTING),
	gsDPPipeSync(),
	gsDPSetAlphaDither(G_AD_DISABLE),
	gsDPSetTextureLUT(G_TT_NONE),
	gsSPEndDisplayList(),
};

Gfx mat_wf_dl_f3dlite_material_023[] = {
	gsSPClearGeometryMode(G_LIGHTING),
	gsDPPipeSync(),
	gsDPSetCombineLERP(TEXEL0, 0, SHADE, 0, ENVIRONMENT, 0, SHADE, 0, TEXEL0, 0, SHADE, 0, ENVIRONMENT, 0, SHADE, 0),
	gsDPSetAlphaDither(G_AD_NOISE),
	gsDPSetTextureLUT(G_TT_RGBA16),
	gsSPTexture(65535, 65535, 0, 0, 1),
	gsDPSetTextureImage(G_IM_FMT_RGBA, G_IM_SIZ_16b, 1, wf_dl_door_birch_lower_ci4_pal_rgba16),
	gsDPSetTile(0, 0, 0, 256, 5, 0, G_TX_WRAP | G_TX_NOMIRROR, 0, 0, G_TX_WRAP | G_TX_NOMIRROR, 0, 0),
	gsDPLoadTLUTCmd(5, 13),
	gsDPSetTextureImage(G_IM_FMT_CI, G_IM_SIZ_16b, 1, wf_dl_door_birch_lower_ci4_ci4),
	gsDPSetTile(G_IM_FMT_CI, G_IM_SIZ_16b, 0, 0, 7, 0, G_TX_WRAP | G_TX_NOMIRROR, 0, 0, G_TX_WRAP | G_TX_NOMIRROR, 0, 0),
	gsDPLoadBlock(7, 0, 0, 255, 1024),
	gsDPSetTile(G_IM_FMT_CI, G_IM_SIZ_4b, 2, 0, 0, 0, G_TX_WRAP | G_TX_NOMIRROR, 5, 0, G_TX_WRAP | G_TX_NOMIRROR, 5, 0),
	gsDPSetTileSize(0, 0, 0, 124, 124),
	gsSPEndDisplayList(),
};

Gfx mat_revert_wf_dl_f3dlite_material_023[] = {
	gsSPSetGeometryMode(G_LIGHTING),
	gsDPPipeSync(),
	gsDPSetAlphaDither(G_AD_DISABLE),
	gsDPSetTextureLUT(G_TT_NONE),
	gsSPEndDisplayList(),
};

Gfx mat_wf_dl_f3dlite_material[] = {
	gsSPClearGeometryMode(G_LIGHTING),
	gsDPPipeSync(),
	gsDPSetCombineLERP(TEXEL0, 0, SHADE, 0, ENVIRONMENT, 0, SHADE, 0, TEXEL0, 0, SHADE, 0, ENVIRONMENT, 0, SHADE, 0),
	gsDPSetAlphaDither(G_AD_NOISE),
	gsDPSetTextureLUT(G_TT_RGBA16),
	gsSPTexture(65535, 65535, 0, 0, 1),
	gsDPSetTextureImage(G_IM_FMT_RGBA, G_IM_SIZ_16b, 1, wf_dl__7_ci8_pal_rgba16),
	gsDPSetTile(0, 0, 0, 256, 5, 0, G_TX_WRAP | G_TX_NOMIRROR, 0, 0, G_TX_WRAP | G_TX_NOMIRROR, 0, 0),
	gsDPLoadTLUTCmd(5, 171),
	gsDPSetTextureImage(G_IM_FMT_CI, G_IM_SIZ_8b_LOAD_BLOCK, 1, wf_dl__7_ci8_ci8),
	gsDPSetTile(G_IM_FMT_CI, G_IM_SIZ_8b_LOAD_BLOCK, 0, 0, 7, 0, G_TX_WRAP | G_TX_NOMIRROR, 0, 0, G_TX_WRAP | G_TX_NOMIRROR, 0, 0),
	gsDPLoadBlock(7, 0, 0, 1023, 512),
	gsDPSetTile(G_IM_FMT_CI, G_IM_SIZ_8b, 4, 0, 0, 0, G_TX_WRAP | G_TX_NOMIRROR, 6, 0, G_TX_WRAP | G_TX_NOMIRROR, 5, 0),
	gsDPSetTileSize(0, 0, 0, 124, 252),
	gsSPEndDisplayList(),
};

Gfx mat_revert_wf_dl_f3dlite_material[] = {
	gsSPSetGeometryMode(G_LIGHTING),
	gsDPPipeSync(),
	gsDPSetAlphaDither(G_AD_DISABLE),
	gsDPSetTextureLUT(G_TT_NONE),
	gsSPEndDisplayList(),
};

Gfx mat_wf_dl_f3dlite_material_002[] = {
	gsSPClearGeometryMode(G_CULL_BACK),
	gsDPPipeSync(),
	gsDPSetCombineLERP(0, 0, 0, TEXEL0, 0, 0, 0, TEXEL0, 0, 0, 0, TEXEL0, 0, 0, 0, TEXEL0),
	gsDPSetAlphaDither(G_AD_NOISE),
	gsDPSetTextureLUT(G_TT_RGBA16),
	gsSPTexture(65535, 65535, 0, 0, 1),
	gsDPSetTextureImage(G_IM_FMT_RGBA, G_IM_SIZ_16b, 1, wf_dl_leaf_half_rgba16_pal_rgba16),
	gsDPSetTile(0, 0, 0, 256, 5, 0, G_TX_WRAP | G_TX_NOMIRROR, 0, 0, G_TX_WRAP | G_TX_NOMIRROR, 0, 0),
	gsDPLoadTLUTCmd(5, 247),
	gsDPSetTextureImage(G_IM_FMT_CI, G_IM_SIZ_8b_LOAD_BLOCK, 1, wf_dl_leaf_half_rgba16_ci8),
	gsDPSetTile(G_IM_FMT_CI, G_IM_SIZ_8b_LOAD_BLOCK, 0, 0, 7, 0, G_TX_WRAP | G_TX_NOMIRROR, 0, 0, G_TX_WRAP | G_TX_NOMIRROR, 0, 0),
	gsDPLoadBlock(7, 0, 0, 1023, 512),
	gsDPSetTile(G_IM_FMT_CI, G_IM_SIZ_8b, 4, 0, 0, 0, G_TX_WRAP | G_TX_NOMIRROR, 6, 0, G_TX_WRAP | G_TX_MIRROR, 5, 0),
	gsDPSetTileSize(0, 0, 0, 124, 252),
	gsSPEndDisplayList(),
};

Gfx mat_revert_wf_dl_f3dlite_material_002[] = {
	gsSPSetGeometryMode(G_CULL_BACK),
	gsDPPipeSync(),
	gsDPSetAlphaDither(G_AD_DISABLE),
	gsDPSetTextureLUT(G_TT_NONE),
	gsSPEndDisplayList(),
};

Gfx wf_dl_bob_area_1_collision_mesh_layer_1[] = {
	gsSPClearGeometryMode(G_LIGHTING),
	gsSPVertex(wf_dl_bob_area_1_collision_mesh_layer_1_vtx_cull + 0, 8, 0),
	gsSPSetGeometryMode(G_LIGHTING),
	gsSPCullDisplayList(0, 7),
	gsSPDisplayList(mat_wf_dl_f3dlite_material_013),
	gsSPDisplayList(wf_dl_bob_area_1_collision_mesh_layer_1_tri_0),
	gsSPDisplayList(mat_revert_wf_dl_f3dlite_material_013),
	gsSPDisplayList(mat_wf_dl_f3dlite_material_014),
	gsSPDisplayList(wf_dl_bob_area_1_collision_mesh_layer_1_tri_1),
	gsSPDisplayList(mat_revert_wf_dl_f3dlite_material_014),
	gsSPDisplayList(mat_wf_dl_f3dlite_material_015),
	gsSPDisplayList(wf_dl_bob_area_1_collision_mesh_layer_1_tri_2),
	gsSPDisplayList(mat_revert_wf_dl_f3dlite_material_015),
	gsSPDisplayList(mat_wf_dl_f3dlite_material_016),
	gsSPDisplayList(wf_dl_bob_area_1_collision_mesh_layer_1_tri_3),
	gsSPDisplayList(mat_revert_wf_dl_f3dlite_material_016),
	gsSPDisplayList(mat_wf_dl_f3dlite_material_018),
	gsSPDisplayList(wf_dl_bob_area_1_collision_mesh_layer_1_tri_4),
	gsSPDisplayList(mat_revert_wf_dl_f3dlite_material_018),
	gsSPDisplayList(mat_wf_dl_f3dlite_material_019),
	gsSPDisplayList(wf_dl_bob_area_1_collision_mesh_layer_1_tri_5),
	gsSPDisplayList(mat_revert_wf_dl_f3dlite_material_019),
	gsSPDisplayList(mat_wf_dl_f3dlite_material_021),
	gsSPDisplayList(wf_dl_bob_area_1_collision_mesh_layer_1_tri_6),
	gsSPDisplayList(mat_revert_wf_dl_f3dlite_material_021),
	gsSPDisplayList(mat_wf_dl_f3dlite_material_022),
	gsSPDisplayList(wf_dl_bob_area_1_collision_mesh_layer_1_tri_7),
	gsSPDisplayList(mat_revert_wf_dl_f3dlite_material_022),
	gsSPDisplayList(mat_wf_dl_f3dlite_material_023),
	gsSPDisplayList(wf_dl_bob_area_1_collision_mesh_layer_1_tri_8),
	gsSPDisplayList(mat_revert_wf_dl_f3dlite_material_023),
	gsSPDisplayList(mat_wf_dl_f3dlite_material),
	gsSPDisplayList(wf_dl_bob_area_1_collision_mesh_layer_1_tri_9),
	gsSPDisplayList(mat_revert_wf_dl_f3dlite_material),
	gsSPEndDisplayList(),
};

Gfx wf_dl_bob_area_1_collision_mesh_layer_4[] = {
	gsSPClearGeometryMode(G_LIGHTING),
	gsSPVertex(wf_dl_bob_area_1_collision_mesh_layer_4_vtx_cull + 0, 8, 0),
	gsSPSetGeometryMode(G_LIGHTING),
	gsSPCullDisplayList(0, 7),
	gsSPDisplayList(mat_wf_dl_f3dlite_material_017),
	gsSPDisplayList(wf_dl_bob_area_1_collision_mesh_layer_4_tri_0),
	gsSPDisplayList(mat_revert_wf_dl_f3dlite_material_017),
	gsSPDisplayList(mat_wf_dl_f3dlite_material_020),
	gsSPDisplayList(wf_dl_bob_area_1_collision_mesh_layer_4_tri_1),
	gsSPDisplayList(mat_revert_wf_dl_f3dlite_material_020),
	gsSPDisplayList(mat_wf_dl_f3dlite_material_002),
	gsSPDisplayList(wf_dl_bob_area_1_collision_mesh_layer_4_tri_2),
	gsSPDisplayList(mat_revert_wf_dl_f3dlite_material_002),
	gsSPEndDisplayList(),
};

Gfx wf_dl_final_revert_mesh_layer_1[] = {
	gsDPPipeSync(),
	gsSPSetGeometryMode(G_LIGHTING),
	gsSPClearGeometryMode(G_TEXTURE_GEN),
	gsDPSetCombineLERP(0, 0, 0, SHADE, 0, 0, 0, ENVIRONMENT, 0, 0, 0, SHADE, 0, 0, 0, ENVIRONMENT),
	gsSPTexture(65535, 65535, 0, 0, 0),
	gsDPSetEnvColor(255, 255, 255, 255),
	gsDPSetAlphaCompare(G_AC_NONE),
	gsSPEndDisplayList(),
};

Gfx wf_dl_final_revert_mesh_layer_4[] = {
	gsDPPipeSync(),
	gsSPSetGeometryMode(G_LIGHTING),
	gsSPClearGeometryMode(G_TEXTURE_GEN),
	gsDPSetCombineLERP(0, 0, 0, SHADE, 0, 0, 0, ENVIRONMENT, 0, 0, 0, SHADE, 0, 0, 0, ENVIRONMENT),
	gsSPTexture(65535, 65535, 0, 0, 0),
	gsDPSetEnvColor(255, 255, 255, 255),
	gsDPSetAlphaCompare(G_AC_NONE),
	gsSPEndDisplayList(),
};

